solid OpenSCAD_Model
  facet normal 0 1 -0
    outer loop
      vertex 5.35757 12.9343 0
      vertex -5.35757 12.9343 3.84
      vertex 5.35757 12.9343 3.84
    endloop
  endfacet
  facet normal 0 1 0
    outer loop
      vertex -5.35757 12.9343 3.84
      vertex 5.35757 12.9343 0
      vertex -5.35757 12.9343 0
    endloop
  endfacet
  facet normal 0.707107 0.707107 0
    outer loop
      vertex 12.9343 5.35757 3.84
      vertex 5.35757 12.9343 0
      vertex 5.35757 12.9343 3.84
    endloop
  endfacet
  facet normal 0.707107 0.707107 0
    outer loop
      vertex 5.35757 12.9343 0
      vertex 12.9343 5.35757 3.84
      vertex 12.9343 5.35757 0
    endloop
  endfacet
  facet normal 1 -0 0
    outer loop
      vertex 12.9343 -5.35757 3.84
      vertex 12.9343 5.35757 0
      vertex 12.9343 5.35757 3.84
    endloop
  endfacet
  facet normal 1 0 0
    outer loop
      vertex 12.9343 5.35757 0
      vertex 12.9343 -5.35757 3.84
      vertex 12.9343 -5.35757 0
    endloop
  endfacet
  facet normal -1 0 0
    outer loop
      vertex -12.9343 -5.35757 0
      vertex -12.9343 5.35757 3.84
      vertex -12.9343 5.35757 0
    endloop
  endfacet
  facet normal -1 -0 0
    outer loop
      vertex -12.9343 5.35757 3.84
      vertex -12.9343 -5.35757 0
      vertex -12.9343 -5.35757 3.84
    endloop
  endfacet
  facet normal -0.707107 -0.707107 0
    outer loop
      vertex -5.35757 -12.9343 0
      vertex -12.9343 -5.35757 3.84
      vertex -12.9343 -5.35757 0
    endloop
  endfacet
  facet normal -0.707107 -0.707107 0
    outer loop
      vertex -12.9343 -5.35757 3.84
      vertex -5.35757 -12.9343 0
      vertex -5.35757 -12.9343 3.84
    endloop
  endfacet
  facet normal -0.707107 0.707107 0
    outer loop
      vertex -12.9343 5.35757 0
      vertex -5.35757 12.9343 3.84
      vertex -5.35757 12.9343 0
    endloop
  endfacet
  facet normal -0.707107 0.707107 0
    outer loop
      vertex -5.35757 12.9343 3.84
      vertex -12.9343 5.35757 0
      vertex -12.9343 5.35757 3.84
    endloop
  endfacet
  facet normal 0.707107 -0.707107 0
    outer loop
      vertex 5.35757 -12.9343 3.84
      vertex 12.9343 -5.35757 0
      vertex 12.9343 -5.35757 3.84
    endloop
  endfacet
  facet normal 0.707107 -0.707107 0
    outer loop
      vertex 12.9343 -5.35757 0
      vertex 5.35757 -12.9343 3.84
      vertex 5.35757 -12.9343 0
    endloop
  endfacet
  facet normal 0 0 -1
    outer loop
      vertex 5.35757 -12.9343 0
      vertex 12.9343 5.35757 0
      vertex 12.9343 -5.35757 0
    endloop
  endfacet
  facet normal 0 0 -1
    outer loop
      vertex 5.35757 -12.9343 0
      vertex 5.35757 12.9343 0
      vertex 12.9343 5.35757 0
    endloop
  endfacet
  facet normal 0 0 -1
    outer loop
      vertex -5.35757 -12.9343 0
      vertex 5.35757 12.9343 0
      vertex 5.35757 -12.9343 0
    endloop
  endfacet
  facet normal 0 0 -1
    outer loop
      vertex -5.35757 -12.9343 0
      vertex -5.35757 12.9343 0
      vertex 5.35757 12.9343 0
    endloop
  endfacet
  facet normal 0 0 -1
    outer loop
      vertex -12.9343 -5.35757 0
      vertex -5.35757 12.9343 0
      vertex -5.35757 -12.9343 0
    endloop
  endfacet
  facet normal 0 0 -1
    outer loop
      vertex -5.35757 12.9343 0
      vertex -12.9343 -5.35757 0
      vertex -12.9343 5.35757 0
    endloop
  endfacet
  facet normal 0 -1 0
    outer loop
      vertex -5.35757 -12.9343 0
      vertex 5.35757 -12.9343 3.84
      vertex -5.35757 -12.9343 3.84
    endloop
  endfacet
  facet normal 0 -1 -0
    outer loop
      vertex 5.35757 -12.9343 3.84
      vertex -5.35757 -12.9343 0
      vertex 5.35757 -12.9343 0
    endloop
  endfacet
  facet normal 0.420093 0.420093 0.804391
    outer loop
      vertex 5.35757 12.9343 3.84
      vertex 11.3637 4.70701 5
      vertex 12.9343 5.35757 3.84
    endloop
  endfacet
  facet normal 0.420093 0.420093 0.804391
    outer loop
      vertex 11.3637 4.70701 5
      vertex 5.35757 12.9343 3.84
      vertex 4.70701 11.3637 5
    endloop
  endfacet
  facet normal -0.420093 0.420093 0.804391
    outer loop
      vertex -5.35757 12.9343 3.84
      vertex -11.3637 4.70701 5
      vertex -4.70701 11.3637 5
    endloop
  endfacet
  facet normal -0.420093 0.420093 0.804391
    outer loop
      vertex -11.3637 4.70701 5
      vertex -5.35757 12.9343 3.84
      vertex -12.9343 5.35757 3.84
    endloop
  endfacet
  facet normal -0.420093 -0.420093 0.804391
    outer loop
      vertex -11.3637 -4.70701 5
      vertex -5.35757 -12.9343 3.84
      vertex -4.70701 -11.3637 5
    endloop
  endfacet
  facet normal -0.420093 -0.420093 0.804391
    outer loop
      vertex -5.35757 -12.9343 3.84
      vertex -11.3637 -4.70701 5
      vertex -12.9343 -5.35757 3.84
    endloop
  endfacet
  facet normal 0.420093 -0.420093 0.804391
    outer loop
      vertex 11.3637 -4.70701 5
      vertex 5.35757 -12.9343 3.84
      vertex 12.9343 -5.35757 3.84
    endloop
  endfacet
  facet normal 0.420093 -0.420093 0.804391
    outer loop
      vertex 5.35757 -12.9343 3.84
      vertex 11.3637 -4.70701 5
      vertex 4.70701 -11.3637 5
    endloop
  endfacet
  facet normal 0 0.5941 0.804391
    outer loop
      vertex 5.35757 12.9343 3.84
      vertex -4.70701 11.3637 5
      vertex 4.70701 11.3637 5
    endloop
  endfacet
  facet normal 0 0.5941 0.804391
    outer loop
      vertex -4.70701 11.3637 5
      vertex 5.35757 12.9343 3.84
      vertex -5.35757 12.9343 3.84
    endloop
  endfacet
  facet normal 0 -0.5941 0.804391
    outer loop
      vertex -4.70701 -11.3637 5
      vertex 5.35757 -12.9343 3.84
      vertex 4.70701 -11.3637 5
    endloop
  endfacet
  facet normal 0 -0.5941 0.804391
    outer loop
      vertex 5.35757 -12.9343 3.84
      vertex -4.70701 -11.3637 5
      vertex -5.35757 -12.9343 3.84
    endloop
  endfacet
  facet normal -0.5941 0 0.804391
    outer loop
      vertex -12.9343 5.35757 3.84
      vertex -11.3637 -4.70701 5
      vertex -11.3637 4.70701 5
    endloop
  endfacet
  facet normal -0.5941 0 0.804391
    outer loop
      vertex -11.3637 -4.70701 5
      vertex -12.9343 5.35757 3.84
      vertex -12.9343 -5.35757 3.84
    endloop
  endfacet
  facet normal 0.5941 0 0.804391
    outer loop
      vertex 11.3637 4.70701 5
      vertex 12.9343 -5.35757 3.84
      vertex 12.9343 5.35757 3.84
    endloop
  endfacet
  facet normal 0.5941 0 0.804391
    outer loop
      vertex 12.9343 -5.35757 3.84
      vertex 11.3637 4.70701 5
      vertex 11.3637 -4.70701 5
    endloop
  endfacet
  facet normal 0.707107 0.707107 0
    outer loop
      vertex 11.3637 4.70701 5.04
      vertex 4.70701 11.3637 5
      vertex 4.70701 11.3637 5.04
    endloop
  endfacet
  facet normal 0.707107 0.707107 0
    outer loop
      vertex 4.70701 11.3637 5
      vertex 11.3637 4.70701 5.04
      vertex 11.3637 4.70701 5
    endloop
  endfacet
  facet normal 0 1 -0
    outer loop
      vertex 4.70701 11.3637 5
      vertex -4.70701 11.3637 5.04
      vertex 4.70701 11.3637 5.04
    endloop
  endfacet
  facet normal 0 1 0
    outer loop
      vertex -4.70701 11.3637 5.04
      vertex 4.70701 11.3637 5
      vertex -4.70701 11.3637 5
    endloop
  endfacet
  facet normal 0.865999 -0 0.500046
    outer loop
      vertex 8.49969 -3.52069 10
      vertex 11.3637 4.70701 5.04
      vertex 8.49969 3.52069 10
    endloop
  endfacet
  facet normal 0.865999 0 0.500046
    outer loop
      vertex 11.3637 4.70701 5.04
      vertex 8.49969 -3.52069 10
      vertex 11.3637 -4.70701 5.04
    endloop
  endfacet
  facet normal 0 -0.865999 0.500046
    outer loop
      vertex -4.70701 -11.3637 5.04
      vertex 3.52069 -8.49969 10
      vertex -3.52069 -8.49969 10
    endloop
  endfacet
  facet normal 0 -0.865999 0.500046
    outer loop
      vertex 3.52069 -8.49969 10
      vertex -4.70701 -11.3637 5.04
      vertex 4.70701 -11.3637 5.04
    endloop
  endfacet
  facet normal 0 0.865999 0.500046
    outer loop
      vertex 4.70701 11.3637 5.04
      vertex -3.52069 8.49969 10
      vertex 3.52069 8.49969 10
    endloop
  endfacet
  facet normal 0 0.865999 0.500046
    outer loop
      vertex -3.52069 8.49969 10
      vertex 4.70701 11.3637 5.04
      vertex -4.70701 11.3637 5.04
    endloop
  endfacet
  facet normal -0.707107 -0.707107 0
    outer loop
      vertex -4.70701 -11.3637 5
      vertex -11.3637 -4.70701 5.04
      vertex -11.3637 -4.70701 5
    endloop
  endfacet
  facet normal -0.707107 -0.707107 0
    outer loop
      vertex -11.3637 -4.70701 5.04
      vertex -4.70701 -11.3637 5
      vertex -4.70701 -11.3637 5.04
    endloop
  endfacet
  facet normal -0.865999 0 0.500046
    outer loop
      vertex -11.3637 4.70701 5.04
      vertex -8.49969 -3.52069 10
      vertex -8.49969 3.52069 10
    endloop
  endfacet
  facet normal -0.865999 0 0.500046
    outer loop
      vertex -8.49969 -3.52069 10
      vertex -11.3637 4.70701 5.04
      vertex -11.3637 -4.70701 5.04
    endloop
  endfacet
  facet normal -0.612353 0.612353 0.500047
    outer loop
      vertex -11.3637 4.70701 5.04
      vertex -3.52069 8.49969 10
      vertex -4.70701 11.3637 5.04
    endloop
  endfacet
  facet normal -0.612353 0.612353 0.500047
    outer loop
      vertex -3.52069 8.49969 10
      vertex -11.3637 4.70701 5.04
      vertex -8.49969 3.52069 10
    endloop
  endfacet
  facet normal 1 -0 0
    outer loop
      vertex 11.3637 -4.70701 5.04
      vertex 11.3637 4.70701 5
      vertex 11.3637 4.70701 5.04
    endloop
  endfacet
  facet normal 1 0 0
    outer loop
      vertex 11.3637 4.70701 5
      vertex 11.3637 -4.70701 5.04
      vertex 11.3637 -4.70701 5
    endloop
  endfacet
  facet normal 0.612353 0.612353 0.500047
    outer loop
      vertex 3.52069 8.49969 10
      vertex 11.3637 4.70701 5.04
      vertex 4.70701 11.3637 5.04
    endloop
  endfacet
  facet normal 0.612353 0.612353 0.500047
    outer loop
      vertex 11.3637 4.70701 5.04
      vertex 3.52069 8.49969 10
      vertex 8.49969 3.52069 10
    endloop
  endfacet
  facet normal 0.612353 -0.612353 0.500047
    outer loop
      vertex 3.52069 -8.49969 10
      vertex 11.3637 -4.70701 5.04
      vertex 8.49969 -3.52069 10
    endloop
  endfacet
  facet normal 0.612353 -0.612353 0.500047
    outer loop
      vertex 11.3637 -4.70701 5.04
      vertex 3.52069 -8.49969 10
      vertex 4.70701 -11.3637 5.04
    endloop
  endfacet
  facet normal 0 -1 0
    outer loop
      vertex -4.70701 -11.3637 5
      vertex 4.70701 -11.3637 5.04
      vertex -4.70701 -11.3637 5.04
    endloop
  endfacet
  facet normal 0 -1 -0
    outer loop
      vertex 4.70701 -11.3637 5.04
      vertex -4.70701 -11.3637 5
      vertex 4.70701 -11.3637 5
    endloop
  endfacet
  facet normal -1 0 0
    outer loop
      vertex -11.3637 -4.70701 5
      vertex -11.3637 4.70701 5.04
      vertex -11.3637 4.70701 5
    endloop
  endfacet
  facet normal -1 -0 0
    outer loop
      vertex -11.3637 4.70701 5.04
      vertex -11.3637 -4.70701 5
      vertex -11.3637 -4.70701 5.04
    endloop
  endfacet
  facet normal -0.707107 0.707107 0
    outer loop
      vertex -11.3637 4.70701 5
      vertex -4.70701 11.3637 5.04
      vertex -4.70701 11.3637 5
    endloop
  endfacet
  facet normal -0.707107 0.707107 0
    outer loop
      vertex -4.70701 11.3637 5.04
      vertex -11.3637 4.70701 5
      vertex -11.3637 4.70701 5.04
    endloop
  endfacet
  facet normal 0.707107 -0.707107 0
    outer loop
      vertex 4.70701 -11.3637 5.04
      vertex 11.3637 -4.70701 5
      vertex 11.3637 -4.70701 5.04
    endloop
  endfacet
  facet normal 0.707107 -0.707107 0
    outer loop
      vertex 11.3637 -4.70701 5
      vertex 4.70701 -11.3637 5.04
      vertex 4.70701 -11.3637 5
    endloop
  endfacet
  facet normal -0.612353 -0.612353 0.500047
    outer loop
      vertex -11.3637 -4.70701 5.04
      vertex -3.52069 -8.49969 10
      vertex -8.49969 -3.52069 10
    endloop
  endfacet
  facet normal -0.612353 -0.612353 0.500047
    outer loop
      vertex -3.52069 -8.49969 10
      vertex -11.3637 -4.70701 5.04
      vertex -4.70701 -11.3637 5.04
    endloop
  endfacet
  facet normal 0 0 1
    outer loop
      vertex 8.49969 3.52069 10
      vertex 6.78862 2.81194 10
      vertex 8.49969 -3.52069 10
    endloop
  endfacet
  facet normal 0 0 1
    outer loop
      vertex 3.52069 8.49969 10
      vertex 6.78862 2.81194 10
      vertex 8.49969 3.52069 10
    endloop
  endfacet
  facet normal 0 0 1
    outer loop
      vertex 3.52069 8.49969 10
      vertex 2.81194 6.78862 10
      vertex 6.78862 2.81194 10
    endloop
  endfacet
  facet normal 0 0 1
    outer loop
      vertex 3.52069 8.49969 10
      vertex -2.81194 6.78862 10
      vertex 2.81194 6.78862 10
    endloop
  endfacet
  facet normal -0 0 1
    outer loop
      vertex -3.52069 8.49969 10
      vertex -2.81194 6.78862 10
      vertex 3.52069 8.49969 10
    endloop
  endfacet
  facet normal 0 0 1
    outer loop
      vertex -3.52069 8.49969 10
      vertex -6.78862 2.81194 10
      vertex -2.81194 6.78862 10
    endloop
  endfacet
  facet normal 0 0 1
    outer loop
      vertex -6.78862 2.81194 10
      vertex -8.49969 3.52069 10
      vertex -6.78862 -2.81194 10
    endloop
  endfacet
  facet normal -0 0 1
    outer loop
      vertex -8.49969 3.52069 10
      vertex -6.78862 2.81194 10
      vertex -3.52069 8.49969 10
    endloop
  endfacet
  facet normal -0 0 1
    outer loop
      vertex 6.78862 -2.81194 10
      vertex 8.49969 -3.52069 10
      vertex 6.78862 2.81194 10
    endloop
  endfacet
  facet normal 0 0 1
    outer loop
      vertex 5.59193 -4.49395 10
      vertex 6.78862 -2.81194 10
      vertex 5.62012 -3.98043 10
    endloop
  endfacet
  facet normal 0 0 1
    outer loop
      vertex 6.78862 -2.81194 10
      vertex 5.59193 -4.49395 10
      vertex 8.49969 -3.52069 10
    endloop
  endfacet
  facet normal 0 0 1
    outer loop
      vertex 5.5625 -5.03 10
      vertex 8.49969 -3.52069 10
      vertex 5.59193 -4.49395 10
    endloop
  endfacet
  facet normal -0 0 1
    outer loop
      vertex 5.5625 -5.03 10
      vertex 3.52069 -8.49969 10
      vertex 8.49969 -3.52069 10
    endloop
  endfacet
  facet normal -0 0 1
    outer loop
      vertex 4.57055 -5.03 10
      vertex 3.52069 -8.49969 10
      vertex 5.5625 -5.03 10
    endloop
  endfacet
  facet normal -0 0 1
    outer loop
      vertex 2.81194 -6.78862 10
      vertex 3.52069 -8.49969 10
      vertex 4.57055 -5.03 10
    endloop
  endfacet
  facet normal -0 0 1
    outer loop
      vertex -2.81194 -6.78862 10
      vertex 3.52069 -8.49969 10
      vertex 2.81194 -6.78862 10
    endloop
  endfacet
  facet normal 0 0 1
    outer loop
      vertex -2.81194 -6.78862 10
      vertex -3.52069 -8.49969 10
      vertex 3.52069 -8.49969 10
    endloop
  endfacet
  facet normal 0 0 1
    outer loop
      vertex -4.57055 -5.03 10
      vertex -3.52069 -8.49969 10
      vertex -2.81194 -6.78862 10
    endloop
  endfacet
  facet normal -0 0 1
    outer loop
      vertex -5.5625 -5.03 10
      vertex -3.52069 -8.49969 10
      vertex -4.57055 -5.03 10
    endloop
  endfacet
  facet normal 0 0 1
    outer loop
      vertex -6.78862 -2.81194 10
      vertex -5.59193 -4.49395 10
      vertex -5.62012 -3.98043 10
    endloop
  endfacet
  facet normal -0 0 1
    outer loop
      vertex -8.49969 -3.52069 10
      vertex -5.59193 -4.49395 10
      vertex -6.78862 -2.81194 10
    endloop
  endfacet
  facet normal 0 0 1
    outer loop
      vertex -5.5625 -5.03 10
      vertex -8.49969 -3.52069 10
      vertex -3.52069 -8.49969 10
    endloop
  endfacet
  facet normal 0 0 1
    outer loop
      vertex -5.59193 -4.49395 10
      vertex -8.49969 -3.52069 10
      vertex -5.5625 -5.03 10
    endloop
  endfacet
  facet normal 0 0 1
    outer loop
      vertex -8.49969 -3.52069 10
      vertex -6.78862 -2.81194 10
      vertex -8.49969 3.52069 10
    endloop
  endfacet
  facet normal 0 0 1
    outer loop
      vertex 6.28238 2.60225 16
      vertex 4.61735 2.23 16
      vertex 6.28238 2.23 16
    endloop
  endfacet
  facet normal 0 0 1
    outer loop
      vertex 6.28238 2.60225 16
      vertex 2.74252 4.00022 16
      vertex 4.61735 2.23 16
    endloop
  endfacet
  facet normal 0 0 1
    outer loop
      vertex 2.60225 6.28238 16
      vertex 2.74252 4.00022 16
      vertex 6.28238 2.60225 16
    endloop
  endfacet
  facet normal -0 0 1
    outer loop
      vertex -2.60225 6.28238 16
      vertex 2.74252 4.00022 16
      vertex 2.60225 6.28238 16
    endloop
  endfacet
  facet normal 0 0 1
    outer loop
      vertex -2.60225 6.28238 16
      vertex -2.74252 4.00022 16
      vertex 2.74252 4.00022 16
    endloop
  endfacet
  facet normal 0 0 1
    outer loop
      vertex -6.28238 2.60225 16
      vertex -2.74252 4.00022 16
      vertex -2.60225 6.28238 16
    endloop
  endfacet
  facet normal 0 0 1
    outer loop
      vertex -2.74252 4.00022 16
      vertex -6.28238 2.60225 16
      vertex -4.61735 2.23 16
    endloop
  endfacet
  facet normal 0 0 1
    outer loop
      vertex -4.61735 2.23 16
      vertex -6.28238 2.60225 16
      vertex -6.28238 2.23 16
    endloop
  endfacet
  facet normal 0 0 1
    outer loop
      vertex 3.85463 -5.03 16
      vertex -2.60225 -6.28238 16
      vertex 2.60225 -6.28238 16
    endloop
  endfacet
  facet normal 0 -0 1
    outer loop
      vertex -2.60225 -6.28238 16
      vertex 3.85463 -5.03 16
      vertex -3.85463 -5.03 16
    endloop
  endfacet
  facet normal 0.99646 0 0.0840711
    outer loop
      vertex 6.44518 2.23 14.0704
      vertex 6.28238 2.60225 16
      vertex 6.28238 2.23 16
    endloop
  endfacet
  facet normal 0.99646 -1.53746e-05 0.0840741
    outer loop
      vertex 6.28238 2.60225 16
      vertex 6.44518 2.23 14.0704
      vertex 6.78862 2.81194 10
    endloop
  endfacet
  facet normal 0.996459 1.30579e-06 0.0840764
    outer loop
      vertex 6.61229 -1.54086 12.0899
      vertex 6.78862 2.81194 10
      vertex 6.44518 2.23 14.0704
    endloop
  endfacet
  facet normal 0.996457 -4.51447e-05 0.084101
    outer loop
      vertex 6.78862 -2.81194 10
      vertex 6.61229 -1.54086 12.0899
      vertex 6.61358 -1.57 12.0746
    endloop
  endfacet
  facet normal 0.996459 0 0.0840742
    outer loop
      vertex 6.78862 -2.81194 10
      vertex 6.61358 -1.57 12.0746
      vertex 6.61358 -1.63 12.0746
    endloop
  endfacet
  facet normal 0.996457 -4.46129e-05 0.0840994
    outer loop
      vertex 6.78862 -2.81194 10
      vertex 6.61358 -1.63 12.0746
      vertex 6.61291 -1.70265 12.0825
    endloop
  endfacet
  facet normal 0.99646 0 0.0840737
    outer loop
      vertex 6.61229 -1.54086 12.0899
      vertex 6.78862 -2.81194 10
      vertex 6.78862 2.81194 10
    endloop
  endfacet
  facet normal 0.996459 1.75174e-06 0.0840749
    outer loop
      vertex 6.78862 -2.81194 10
      vertex 6.61291 -1.70265 12.0825
      vertex 6.39068 -2.64711 14.7164
    endloop
  endfacet
  facet normal -0.99646 -1.53746e-05 0.0840741
    outer loop
      vertex -6.78862 2.81194 10
      vertex -6.44518 2.23 14.0704
      vertex -6.28238 2.60225 16
    endloop
  endfacet
  facet normal -0.996459 1.30579e-06 0.0840764
    outer loop
      vertex -6.78862 2.81194 10
      vertex -6.61229 -1.54086 12.0899
      vertex -6.44518 2.23 14.0704
    endloop
  endfacet
  facet normal -0.99646 0 0.0840737
    outer loop
      vertex -6.78862 -2.81194 10
      vertex -6.61229 -1.54086 12.0899
      vertex -6.78862 2.81194 10
    endloop
  endfacet
  facet normal -0.996457 -4.51447e-05 0.084101
    outer loop
      vertex -6.61229 -1.54086 12.0899
      vertex -6.78862 -2.81194 10
      vertex -6.61358 -1.57 12.0746
    endloop
  endfacet
  facet normal -0.996459 0 0.0840742
    outer loop
      vertex -6.61358 -1.57 12.0746
      vertex -6.78862 -2.81194 10
      vertex -6.61358 -1.63 12.0746
    endloop
  endfacet
  facet normal -0.996459 1.75174e-06 0.0840749
    outer loop
      vertex -6.61291 -1.70265 12.0825
      vertex -6.78862 -2.81194 10
      vertex -6.39068 -2.64711 14.7164
    endloop
  endfacet
  facet normal -0.996457 -4.46129e-05 0.0840994
    outer loop
      vertex -6.61358 -1.63 12.0746
      vertex -6.78862 -2.81194 10
      vertex -6.61291 -1.70265 12.0825
    endloop
  endfacet
  facet normal -0.99646 0 0.0840711
    outer loop
      vertex -6.28238 2.60225 16
      vertex -6.44518 2.23 14.0704
      vertex -6.28238 2.23 16
    endloop
  endfacet
  facet normal -0.704603 0.704603 0.0840744
    outer loop
      vertex -6.78862 2.81194 10
      vertex -2.60225 6.28238 16
      vertex -2.81194 6.78862 10
    endloop
  endfacet
  facet normal -0.704603 0.704603 0.0840744
    outer loop
      vertex -2.60225 6.28238 16
      vertex -6.78862 2.81194 10
      vertex -6.28238 2.60225 16
    endloop
  endfacet
  facet normal 0 0.996459 0.0840746
    outer loop
      vertex 2.81194 6.78862 10
      vertex -2.60225 6.28238 16
      vertex 2.60225 6.28238 16
    endloop
  endfacet
  facet normal 0 0.996459 0.0840746
    outer loop
      vertex -2.60225 6.28238 16
      vertex 2.81194 6.78862 10
      vertex -2.81194 6.78862 10
    endloop
  endfacet
  facet normal 0.704603 0.704603 0.0840744
    outer loop
      vertex 2.60225 6.28238 16
      vertex 6.78862 2.81194 10
      vertex 2.81194 6.78862 10
    endloop
  endfacet
  facet normal 0.704603 0.704603 0.0840744
    outer loop
      vertex 6.78862 2.81194 10
      vertex 2.60225 6.28238 16
      vertex 6.28238 2.60225 16
    endloop
  endfacet
  facet normal 0 -0.996459 0.0840746
    outer loop
      vertex -2.81194 -6.78862 10
      vertex 2.60225 -6.28238 16
      vertex -2.60225 -6.28238 16
    endloop
  endfacet
  facet normal 0 -0.996459 0.0840746
    outer loop
      vertex 2.60225 -6.28238 16
      vertex -2.81194 -6.78862 10
      vertex 2.81194 -6.78862 10
    endloop
  endfacet
  facet normal -0.704605 -0.704601 0.0840735
    outer loop
      vertex -2.81194 -6.78862 10
      vertex -3.85463 -5.03 16
      vertex -4.57055 -5.03 10
    endloop
  endfacet
  facet normal -0.704603 -0.704603 0.0840744
    outer loop
      vertex -3.85463 -5.03 16
      vertex -2.81194 -6.78862 10
      vertex -2.60225 -6.28238 16
    endloop
  endfacet
  facet normal -0.704593 -0.704613 0.0840741
    outer loop
      vertex -6.78862 -2.81194 10
      vertex -6.27087 -3.15628 11.4532
      vertex -6.39068 -2.64711 14.7164
    endloop
  endfacet
  facet normal -0.7046 -0.704606 0.0840783
    outer loop
      vertex -6.27087 -3.15628 11.4532
      vertex -6.78862 -2.81194 10
      vertex -5.62012 -3.98043 10
    endloop
  endfacet
  facet normal 0.704603 -0.704603 0.0840744
    outer loop
      vertex 2.81194 -6.78862 10
      vertex 3.85463 -5.03 16
      vertex 2.60225 -6.28238 16
    endloop
  endfacet
  facet normal 0.704605 -0.704601 0.0840735
    outer loop
      vertex 3.85463 -5.03 16
      vertex 2.81194 -6.78862 10
      vertex 4.57055 -5.03 10
    endloop
  endfacet
  facet normal 0.704593 -0.704613 0.0840741
    outer loop
      vertex 6.27087 -3.15628 11.4532
      vertex 6.78862 -2.81194 10
      vertex 6.39068 -2.64711 14.7164
    endloop
  endfacet
  facet normal 0.7046 -0.704606 0.0840783
    outer loop
      vertex 6.78862 -2.81194 10
      vertex 6.27087 -3.15628 11.4532
      vertex 5.62012 -3.98043 10
    endloop
  endfacet
  facet normal -0.921894 -0.0506134 -0.384122
    outer loop
      vertex -5.5625 -5.03 10
      vertex -5.83 -5.03 10.642
      vertex -5.59193 -4.49395 10
    endloop
  endfacet
  facet normal -0.293945 -0.909501 0.293945
    outer loop
      vertex -4.32 -1.63 36.03
      vertex -5.83 -5.03 24
      vertex -3.8 -5.03 26.03
    endloop
  endfacet
  facet normal 0 -0.946773 0.321902
    outer loop
      vertex -4.32 -1.63 36.03
      vertex -1.28 -4.17 28.5594
      vertex -1.17417 -1.63 36.03
    endloop
  endfacet
  facet normal 1.42827e-06 -0.946773 0.321903
    outer loop
      vertex -3.8 -5.03 26.03
      vertex -1.28 -4.17 28.5594
      vertex -4.32 -1.63 36.03
    endloop
  endfacet
  facet normal 0 -0.946771 0.321908
    outer loop
      vertex -1.28 -4.23 28.3829
      vertex -3.8 -5.03 26.03
      vertex 1.28 -4.23 28.3829
    endloop
  endfacet
  facet normal 5.53454e-05 -0.946789 0.321855
    outer loop
      vertex -1.28 -4.17 28.5594
      vertex -3.8 -5.03 26.03
      vertex -1.28 -4.23 28.3829
    endloop
  endfacet
  facet normal 0 -0.946773 0.321902
    outer loop
      vertex 1.28 -4.17 28.5594
      vertex 4.32 -1.63 36.03
      vertex 1.17417 -1.63 36.03
    endloop
  endfacet
  facet normal -5.53454e-05 -0.946789 0.321855
    outer loop
      vertex 3.8 -5.03 26.03
      vertex 1.28 -4.17 28.5594
      vertex 1.28 -4.23 28.3829
    endloop
  endfacet
  facet normal -1.42827e-06 -0.946773 0.321903
    outer loop
      vertex 1.28 -4.17 28.5594
      vertex 3.8 -5.03 26.03
      vertex 4.32 -1.63 36.03
    endloop
  endfacet
  facet normal 0 -0.946771 0.321908
    outer loop
      vertex 3.8 -5.03 26.03
      vertex 1.28 -4.23 28.3829
      vertex -3.8 -5.03 26.03
    endloop
  endfacet
  facet normal -0.293945 -0.909501 0.293945
    outer loop
      vertex -4.32 -1.63 36.03
      vertex -6.63 -1.63 33.72
      vertex -5.83 -5.03 24
    endloop
  endfacet
  facet normal 0 -1 0
    outer loop
      vertex -3.85463 -5.03 16
      vertex -3.8 -5.03 26.03
      vertex -5.83 -5.03 24
    endloop
  endfacet
  facet normal 0 -1 -0
    outer loop
      vertex -3.8 -5.03 26.03
      vertex -3.85463 -5.03 16
      vertex 3.8 -5.03 26.03
    endloop
  endfacet
  facet normal 0 -1 0
    outer loop
      vertex 3.85463 -5.03 16
      vertex 3.8 -5.03 26.03
      vertex -3.85463 -5.03 16
    endloop
  endfacet
  facet normal 0 -1 0
    outer loop
      vertex -5.83 -5.03 10.642
      vertex -3.85463 -5.03 16
      vertex -5.83 -5.03 24
    endloop
  endfacet
  facet normal 0 -1 0
    outer loop
      vertex -4.57055 -5.03 10
      vertex -5.83 -5.03 10.642
      vertex -5.5625 -5.03 10
    endloop
  endfacet
  facet normal 0 -1 0
    outer loop
      vertex -5.83 -5.03 10.642
      vertex -4.57055 -5.03 10
      vertex -3.85463 -5.03 16
    endloop
  endfacet
  facet normal 0 -1 0
    outer loop
      vertex 3.8 -5.03 26.03
      vertex 3.85463 -5.03 16
      vertex 5.83 -5.03 24
    endloop
  endfacet
  facet normal 0 -1 0
    outer loop
      vertex 3.85463 -5.03 16
      vertex 5.83 -5.03 10.642
      vertex 5.83 -5.03 24
    endloop
  endfacet
  facet normal 0 -1 0
    outer loop
      vertex 4.57055 -5.03 10
      vertex 5.83 -5.03 10.642
      vertex 3.85463 -5.03 16
    endloop
  endfacet
  facet normal 0 -1 0
    outer loop
      vertex 5.83 -5.03 10.642
      vertex 4.57055 -5.03 10
      vertex 5.5625 -5.03 10
    endloop
  endfacet
  facet normal 0.293945 -0.909501 0.293945
    outer loop
      vertex 6.63 -1.63 33.72
      vertex 4.32 -1.63 36.03
      vertex 5.83 -5.03 24
    endloop
  endfacet
  facet normal -0.921896 -0.050608 -0.384119
    outer loop
      vertex -5.83 -5.03 10.642
      vertex -5.62012 -3.98043 10
      vertex -5.59193 -4.49395 10
    endloop
  endfacet
  facet normal -0.921893 -0.0506122 -0.384125
    outer loop
      vertex -5.62012 -3.98043 10
      vertex -5.83 -5.03 10.642
      vertex -6.27087 -3.15628 11.4532
    endloop
  endfacet
  facet normal -0.921882 -0.0502795 -0.384195
    outer loop
      vertex -6.61291 -1.70265 12.0825
      vertex -6.63 -1.63 12.114
      vertex -6.61358 -1.63 12.0746
    endloop
  endfacet
  facet normal 0.921894 -0.0506134 -0.384122
    outer loop
      vertex 5.83 -5.03 10.642
      vertex 5.5625 -5.03 10
      vertex 5.59193 -4.49395 10
    endloop
  endfacet
  facet normal 0.973417 -0.229039 0
    outer loop
      vertex 6.39068 -2.64711 14.7164
      vertex 6.63 -1.63 12.114
      vertex 6.63 -1.63 33.72
    endloop
  endfacet
  facet normal 0.973428 -0.228995 1.84385e-05
    outer loop
      vertex 6.63 -1.63 12.114
      vertex 6.39068 -2.64711 14.7164
      vertex 6.61291 -1.70265 12.0825
    endloop
  endfacet
  facet normal 0.973417 -0.229039 -1.57981e-17
    outer loop
      vertex 5.83 -5.03 24
      vertex 6.39068 -2.64711 14.7164
      vertex 6.63 -1.63 33.72
    endloop
  endfacet
  facet normal 0.973417 -0.229039 0
    outer loop
      vertex 5.83 -5.03 10.642
      vertex 6.39068 -2.64711 14.7164
      vertex 5.83 -5.03 24
    endloop
  endfacet
  facet normal 0.973418 -0.229036 -2.15389e-06
    outer loop
      vertex 6.39068 -2.64711 14.7164
      vertex 5.83 -5.03 10.642
      vertex 6.27087 -3.15628 11.4532
    endloop
  endfacet
  facet normal -0.923049 0 -0.384682
    outer loop
      vertex -6.61358 -1.63 12.0746
      vertex -6.63 -1.57 12.114
      vertex -6.61358 -1.57 12.0746
    endloop
  endfacet
  facet normal -0.923049 -0 -0.384682
    outer loop
      vertex -6.63 -1.57 12.114
      vertex -6.61358 -1.63 12.0746
      vertex -6.63 -1.63 12.114
    endloop
  endfacet
  facet normal 0.293945 -0.909501 0.293945
    outer loop
      vertex 4.32 -1.63 36.03
      vertex 3.8 -5.03 26.03
      vertex 5.83 -5.03 24
    endloop
  endfacet
  facet normal -0.973428 -0.228995 1.84385e-05
    outer loop
      vertex -6.39068 -2.64711 14.7164
      vertex -6.63 -1.63 12.114
      vertex -6.61291 -1.70265 12.0825
    endloop
  endfacet
  facet normal -0.973417 -0.229039 0
    outer loop
      vertex -6.63 -1.63 12.114
      vertex -6.39068 -2.64711 14.7164
      vertex -6.63 -1.63 33.72
    endloop
  endfacet
  facet normal -0.973418 -0.229036 -2.15389e-06
    outer loop
      vertex -5.83 -5.03 10.642
      vertex -6.39068 -2.64711 14.7164
      vertex -6.27087 -3.15628 11.4532
    endloop
  endfacet
  facet normal -0.973417 -0.229039 0
    outer loop
      vertex -6.39068 -2.64711 14.7164
      vertex -5.83 -5.03 10.642
      vertex -5.83 -5.03 24
    endloop
  endfacet
  facet normal -0.973417 -0.229039 -1.38234e-17
    outer loop
      vertex -6.39068 -2.64711 14.7164
      vertex -5.83 -5.03 24
      vertex -6.63 -1.63 33.72
    endloop
  endfacet
  facet normal -1 0 0
    outer loop
      vertex -6.63 -1.63 33.72
      vertex -6.63 2.23 40.72
      vertex -6.63 2.23 14.514
    endloop
  endfacet
  facet normal -1 0 0
    outer loop
      vertex -6.63 -1.63 12.114
      vertex -6.63 2.23 14.514
      vertex -6.63 -1.57 12.114
    endloop
  endfacet
  facet normal -1 -0 0
    outer loop
      vertex -6.63 2.23 14.514
      vertex -6.63 -1.63 12.114
      vertex -6.63 -1.63 33.72
    endloop
  endfacet
  facet normal -1 -0 0
    outer loop
      vertex -6.63 2.23 40.72
      vertex -6.63 -1.63 33.72
      vertex -6.63 2.17 40.72
    endloop
  endfacet
  facet normal 1 0 0
    outer loop
      vertex 6.63 -1.63 33.72
      vertex 6.63 2.23 40.72
      vertex 6.63 2.17 40.72
    endloop
  endfacet
  facet normal 1 0 0
    outer loop
      vertex 6.63 2.23 40.72
      vertex 6.63 -1.63 33.72
      vertex 6.63 2.23 14.514
    endloop
  endfacet
  facet normal 1 0 0
    outer loop
      vertex 6.63 -1.63 12.114
      vertex 6.63 2.23 14.514
      vertex 6.63 -1.63 33.72
    endloop
  endfacet
  facet normal 1 0 0
    outer loop
      vertex 6.63 2.23 14.514
      vertex 6.63 -1.63 12.114
      vertex 6.63 -1.57 12.114
    endloop
  endfacet
  facet normal 0.923049 0 -0.384682
    outer loop
      vertex 6.63 -1.63 12.114
      vertex 6.61358 -1.57 12.0746
      vertex 6.63 -1.57 12.114
    endloop
  endfacet
  facet normal 0.923049 0 -0.384682
    outer loop
      vertex 6.61358 -1.57 12.0746
      vertex 6.63 -1.63 12.114
      vertex 6.61358 -1.63 12.0746
    endloop
  endfacet
  facet normal 0.921893 -0.0506122 -0.384125
    outer loop
      vertex 5.83 -5.03 10.642
      vertex 5.62012 -3.98043 10
      vertex 6.27087 -3.15628 11.4532
    endloop
  endfacet
  facet normal 0.921896 -0.050608 -0.384119
    outer loop
      vertex 5.62012 -3.98043 10
      vertex 5.83 -5.03 10.642
      vertex 5.59193 -4.49395 10
    endloop
  endfacet
  facet normal 0.921882 -0.0502795 -0.384195
    outer loop
      vertex 6.63 -1.63 12.114
      vertex 6.61291 -1.70265 12.0825
      vertex 6.61358 -1.63 12.0746
    endloop
  endfacet
  facet normal -0.430603 -0.793197 0.430603
    outer loop
      vertex -6.63 2.17 40.72
      vertex -6.03 1.83 40.6937
      vertex -5.945 2.17 41.405
    endloop
  endfacet
  facet normal -0.430583 -0.793167 0.430679
    outer loop
      vertex -6.63 2.17 40.72
      vertex -6.03 1.77 40.5832
      vertex -6.03 1.83 40.6937
    endloop
  endfacet
  facet normal -0.430627 -0.793198 0.430577
    outer loop
      vertex -6.63 2.17 40.72
      vertex -4.32 -1.63 36.03
      vertex -6.03 1.77 40.5832
    endloop
  endfacet
  facet normal -0.430597 -0.793204 0.430597
    outer loop
      vertex -4.32 -1.63 36.03
      vertex -6.63 2.17 40.72
      vertex -6.63 -1.63 33.72
    endloop
  endfacet
  facet normal -0.430595 -0.793206 0.430595
    outer loop
      vertex -4.32 1.77 42.2932
      vertex -6.03 1.77 40.5832
      vertex -4.32 -1.63 36.03
    endloop
  endfacet
  facet normal 0 1 0
    outer loop
      vertex -3.4635 2.23 24.97
      vertex -4.74727 2.23 23.6862
      vertex -3.865 2.23 24.97
    endloop
  endfacet
  facet normal 0 1 -0
    outer loop
      vertex -5.93 2.23 29.926
      vertex -6.63 2.23 40.72
      vertex -5.93 2.23 41.42
    endloop
  endfacet
  facet normal 0 1 -0
    outer loop
      vertex -4.74727 2.23 23.6862
      vertex -5.73167 2.23 29.45
      vertex -3.865 2.23 24.97
    endloop
  endfacet
  facet normal 0 1 -0
    outer loop
      vertex -4.76636 2.23 23.6086
      vertex -5.73167 2.23 29.45
      vertex -4.74727 2.23 23.6862
    endloop
  endfacet
  facet normal 0 1 0
    outer loop
      vertex -5.73167 2.23 29.45
      vertex -4.76636 2.23 23.6086
      vertex -5.93 2.23 29.926
    endloop
  endfacet
  facet normal 0 1 0
    outer loop
      vertex -6.28238 2.23 16
      vertex -4.76636 2.23 23.6086
      vertex -4.76636 2.23 16.3576
    endloop
  endfacet
  facet normal 0 1 0
    outer loop
      vertex -6.28238 2.23 16
      vertex -4.71227 2.23 16.2278
      vertex -4.61735 2.23 16
    endloop
  endfacet
  facet normal 0 1 0
    outer loop
      vertex -4.71227 2.23 16.2278
      vertex -6.28238 2.23 16
      vertex -4.76636 2.23 16.3576
    endloop
  endfacet
  facet normal 0 1 0
    outer loop
      vertex -4.76636 2.23 23.6086
      vertex -6.28238 2.23 16
      vertex -5.93 2.23 29.926
    endloop
  endfacet
  facet normal 0 1 0
    outer loop
      vertex -6.63 2.23 14.514
      vertex -5.93 2.23 29.926
      vertex -6.28238 2.23 16
    endloop
  endfacet
  facet normal 0 1 0
    outer loop
      vertex -5.93 2.23 29.926
      vertex -6.63 2.23 14.514
      vertex -6.63 2.23 40.72
    endloop
  endfacet
  facet normal -0 1 0
    outer loop
      vertex -6.63 2.23 14.514
      vertex -6.28238 2.23 16
      vertex -6.44518 2.23 14.0704
    endloop
  endfacet
  facet normal 0 1 0
    outer loop
      vertex 6.63 2.23 40.72
      vertex 5.93 2.23 29.926
      vertex 5.93 2.23 41.42
    endloop
  endfacet
  facet normal 0 1 0
    outer loop
      vertex 3.865 2.23 24.97
      vertex 4.74727 2.23 23.6862
      vertex 3.4635 2.23 24.97
    endloop
  endfacet
  facet normal 0 1 0
    outer loop
      vertex 5.73167 2.23 29.45
      vertex 4.74727 2.23 23.6862
      vertex 3.865 2.23 24.97
    endloop
  endfacet
  facet normal 0 1 0
    outer loop
      vertex 4.76636 2.23 23.6086
      vertex 5.73167 2.23 29.45
      vertex 5.93 2.23 29.926
    endloop
  endfacet
  facet normal 0 1 0
    outer loop
      vertex 5.73167 2.23 29.45
      vertex 4.76636 2.23 23.6086
      vertex 4.74727 2.23 23.6862
    endloop
  endfacet
  facet normal 0 1 0
    outer loop
      vertex 6.28238 2.23 16
      vertex 4.76636 2.23 23.6086
      vertex 5.93 2.23 29.926
    endloop
  endfacet
  facet normal 0 1 0
    outer loop
      vertex 4.76636 2.23 16.3576
      vertex 6.28238 2.23 16
      vertex 4.71227 2.23 16.2278
    endloop
  endfacet
  facet normal 0 1 0
    outer loop
      vertex 4.76636 2.23 23.6086
      vertex 6.28238 2.23 16
      vertex 4.76636 2.23 16.3576
    endloop
  endfacet
  facet normal 0 1 -0
    outer loop
      vertex 6.63 2.23 14.514
      vertex 5.93 2.23 29.926
      vertex 6.63 2.23 40.72
    endloop
  endfacet
  facet normal 0 1 0
    outer loop
      vertex 5.93 2.23 29.926
      vertex 6.63 2.23 14.514
      vertex 6.28238 2.23 16
    endloop
  endfacet
  facet normal 0 1 0
    outer loop
      vertex 6.28238 2.23 16
      vertex 6.63 2.23 14.514
      vertex 6.44518 2.23 14.0704
    endloop
  endfacet
  facet normal 0 1 0
    outer loop
      vertex 4.71227 2.23 16.2278
      vertex 6.28238 2.23 16
      vertex 4.61735 2.23 16
    endloop
  endfacet
  facet normal 0.430595 -0.793206 0.430595
    outer loop
      vertex 4.32 1.77 42.2932
      vertex 4.32 -1.63 36.03
      vertex 6.03 1.77 40.5832
    endloop
  endfacet
  facet normal 0.430603 -0.793197 0.430603
    outer loop
      vertex 6.03 1.83 40.6937
      vertex 6.63 2.17 40.72
      vertex 5.945 2.17 41.405
    endloop
  endfacet
  facet normal 0.430583 -0.793167 0.430679
    outer loop
      vertex 6.03 1.77 40.5832
      vertex 6.63 2.17 40.72
      vertex 6.03 1.83 40.6937
    endloop
  endfacet
  facet normal 0.430627 -0.793198 0.430577
    outer loop
      vertex 4.32 -1.63 36.03
      vertex 6.63 2.17 40.72
      vertex 6.03 1.77 40.5832
    endloop
  endfacet
  facet normal 0.430597 -0.793204 0.430597
    outer loop
      vertex 6.63 2.17 40.72
      vertex 4.32 -1.63 36.03
      vertex 6.63 -1.63 33.72
    endloop
  endfacet
  facet normal 0 -0.878853 0.477092
    outer loop
      vertex -4.32 1.77 42.2932
      vertex -1.08 0.629999 40.1932
      vertex -1.023 1.77 42.2932
    endloop
  endfacet
  facet normal -2.35007e-06 -0.878855 0.477089
    outer loop
      vertex -4.32 -1.63 36.03
      vertex -1.08 0.629999 40.1932
      vertex -4.32 1.77 42.2932
    endloop
  endfacet
  facet normal 0 -0.878856 0.477088
    outer loop
      vertex -1.08 0.629999 40.1932
      vertex -4.32 -1.63 36.03
      vertex -1.17417 -1.63 36.03
    endloop
  endfacet
  facet normal 0 -0.878853 0.477092
    outer loop
      vertex 1.08 0.629999 40.1932
      vertex 4.32 1.77 42.2932
      vertex 1.023 1.77 42.2932
    endloop
  endfacet
  facet normal 0 -0.878856 0.477088
    outer loop
      vertex 4.32 -1.63 36.03
      vertex 1.08 0.629999 40.1932
      vertex 1.17417 -1.63 36.03
    endloop
  endfacet
  facet normal 2.35007e-06 -0.878855 0.477089
    outer loop
      vertex 1.08 0.629999 40.1932
      vertex 4.32 -1.63 36.03
      vertex 4.32 1.77 42.2932
    endloop
  endfacet
  facet normal 0.897004 0.236037 -0.373725
    outer loop
      vertex 6.63 -1.57 12.114
      vertex 6.44518 2.23 14.0704
      vertex 6.63 2.23 14.514
    endloop
  endfacet
  facet normal 0.896992 0.236048 -0.373747
    outer loop
      vertex 6.44518 2.23 14.0704
      vertex 6.63 -1.57 12.114
      vertex 6.61229 -1.54086 12.0899
    endloop
  endfacet
  facet normal -0.896992 0.236048 -0.373747
    outer loop
      vertex -6.63 -1.57 12.114
      vertex -6.44518 2.23 14.0704
      vertex -6.61229 -1.54086 12.0899
    endloop
  endfacet
  facet normal -0.897004 0.236037 -0.373725
    outer loop
      vertex -6.44518 2.23 14.0704
      vertex -6.63 -1.57 12.114
      vertex -6.63 2.23 14.514
    endloop
  endfacet
  facet normal -0.707107 9.34579e-16 0.707107
    outer loop
      vertex -6.63 2.23 40.72
      vertex -5.945 2.17 41.405
      vertex -5.93 2.23 41.42
    endloop
  endfacet
  facet normal -0.707107 0 0.707107
    outer loop
      vertex -5.945 2.17 41.405
      vertex -6.63 2.23 40.72
      vertex -6.63 2.17 40.72
    endloop
  endfacet
  facet normal -0.89698 0.235982 -0.373818
    outer loop
      vertex -6.61358 -1.57 12.0746
      vertex -6.63 -1.57 12.114
      vertex -6.61229 -1.54086 12.0899
    endloop
  endfacet
  facet normal 0.89698 0.235982 -0.373818
    outer loop
      vertex 6.61358 -1.57 12.0746
      vertex 6.61229 -1.54086 12.0899
      vertex 6.63 -1.57 12.114
    endloop
  endfacet
  facet normal 0.707107 0 0.707107
    outer loop
      vertex 6.63 2.23 40.72
      vertex 5.945 2.17 41.405
      vertex 6.63 2.17 40.72
    endloop
  endfacet
  facet normal 0.707107 6.71729e-16 0.707107
    outer loop
      vertex 5.945 2.17 41.405
      vertex 6.63 2.23 40.72
      vertex 5.93 2.23 41.42
    endloop
  endfacet
  facet normal -1 0 0
    outer loop
      vertex -6.03 1.77 42.93
      vertex -6.03 1.83 40.6937
      vertex -6.03 1.77 40.5832
    endloop
  endfacet
  facet normal -1 0 0
    outer loop
      vertex -6.03 1.83 40.6937
      vertex -6.03 1.77 42.93
      vertex -6.03 1.83 42.93
    endloop
  endfacet
  facet normal -0.560534 -0.609586 0.560541
    outer loop
      vertex -5.13 5.37 47.745
      vertex -4.6 3.82977 46.6
      vertex -4.41309 5.37 48.4619
    endloop
  endfacet
  facet normal -0.560495 -0.609595 0.560571
    outer loop
      vertex -5.13 5.37 47.745
      vertex -4.6 3.3 46.0239
      vertex -4.6 3.82977 46.6
    endloop
  endfacet
  facet normal -0.560554 -0.609589 0.560519
    outer loop
      vertex -4.6 3.3 46.0239
      vertex -3.93 1.77 45.03
      vertex -4.47351 3.14433 45.9811
    endloop
  endfacet
  facet normal -0.560535 -0.609591 0.560535
    outer loop
      vertex -4.6 3.3 46.0239
      vertex -6.03 1.77 42.93
      vertex -3.93 1.77 45.03
    endloop
  endfacet
  facet normal -0.560548 -0.609579 0.560535
    outer loop
      vertex -6.03 1.77 42.93
      vertex -4.6 3.3 46.0239
      vertex -5.13 5.37 47.745
    endloop
  endfacet
  facet normal -0.560536 -0.609592 0.560533
    outer loop
      vertex -3.7176 3.0771 46.6639
      vertex -4.47351 3.14433 45.9811
      vertex -3.93 1.77 45.03
    endloop
  endfacet
  facet normal -0.970142 0.242537 0
    outer loop
      vertex -5.13 5.43 37.254
      vertex -5.62969 3.43125 40.4569
      vertex -5.13 5.43 39.1149
    endloop
  endfacet
  facet normal -0.970143 0.242534 0
    outer loop
      vertex -5.93 2.23 41.42
      vertex -5.62969 3.43125 40.4569
      vertex -5.93 2.23 29.926
    endloop
  endfacet
  facet normal -0.970142 0.242536 -3.11741e-07
    outer loop
      vertex -5.93 2.23 29.926
      vertex -5.62969 3.43125 40.4569
      vertex -5.13 5.43 37.254
    endloop
  endfacet
  facet normal -0.970143 0.242533 0
    outer loop
      vertex -5.5381 3.79758 43.2439
      vertex -5.13 5.43 47.745
      vertex -5.13 5.43 42.886
    endloop
  endfacet
  facet normal -0.970142 0.242537 7.43325e-06
    outer loop
      vertex -6.03 1.83 42.93
      vertex -5.5381 3.79758 43.2439
      vertex -5.62969 3.43125 42.3281
    endloop
  endfacet
  facet normal -0.970143 0.242534 0
    outer loop
      vertex -5.62969 3.43125 40.4569
      vertex -5.93 2.23 41.42
      vertex -5.62969 3.43125 42.3281
    endloop
  endfacet
  facet normal -0.970143 0.242534 -4.45607e-07
    outer loop
      vertex -6.03 1.83 42.93
      vertex -5.62969 3.43125 42.3281
      vertex -5.93 2.23 41.42
    endloop
  endfacet
  facet normal -0.970143 0.242536 1.88154e-15
    outer loop
      vertex -6.03 1.83 42.93
      vertex -5.93 2.23 41.42
      vertex -5.945 2.17 41.405
    endloop
  endfacet
  facet normal -0.970142 0.242538 -2.09286e-06
    outer loop
      vertex -5.5381 3.79758 43.2439
      vertex -6.03 1.83 42.93
      vertex -5.13 5.43 47.745
    endloop
  endfacet
  facet normal -0.970143 0.242536 0
    outer loop
      vertex -6.03 1.83 42.93
      vertex -5.945 2.17 41.405
      vertex -6.03 1.83 40.6937
    endloop
  endfacet
  facet normal 0 -1 0
    outer loop
      vertex 1.023 1.77 42.2932
      vertex 3.93 1.77 45.03
      vertex 1.023 1.77 45.03
    endloop
  endfacet
  facet normal 0 -1 -0
    outer loop
      vertex 3.93 1.77 45.03
      vertex 1.023 1.77 42.2932
      vertex 4.32 1.77 42.2932
    endloop
  endfacet
  facet normal 0 -1 0
    outer loop
      vertex 3.93 1.77 45.03
      vertex 4.32 1.77 42.2932
      vertex 6.03 1.77 42.93
    endloop
  endfacet
  facet normal 0 -1 -0
    outer loop
      vertex 6.03 1.77 42.93
      vertex 4.32 1.77 42.2932
      vertex 6.03 1.77 40.5832
    endloop
  endfacet
  facet normal 0 -1 0
    outer loop
      vertex -6.03 1.77 42.93
      vertex -6.03 1.77 40.5832
      vertex -4.32 1.77 42.2932
    endloop
  endfacet
  facet normal 0 -1 0
    outer loop
      vertex -4.32 1.77 42.2932
      vertex -3.93 1.77 45.03
      vertex -6.03 1.77 42.93
    endloop
  endfacet
  facet normal 0 -1 0
    outer loop
      vertex -1.023 1.77 42.2932
      vertex -3.93 1.77 45.03
      vertex -4.32 1.77 42.2932
    endloop
  endfacet
  facet normal 0 -1 0
    outer loop
      vertex -3.93 1.77 45.03
      vertex -1.023 1.77 42.2932
      vertex -1.023 1.77 45.03
    endloop
  endfacet
  facet normal -0.982976 0 0.183734
    outer loop
      vertex -6.03 1.83 42.93
      vertex -5.13 5.37 47.745
      vertex -5.13 5.43 47.745
    endloop
  endfacet
  facet normal -0.982976 0 0.183734
    outer loop
      vertex -5.13 5.37 47.745
      vertex -6.03 1.83 42.93
      vertex -6.03 1.77 42.93
    endloop
  endfacet
  facet normal 0.982976 -0 0.183734
    outer loop
      vertex 5.13 5.37 47.745
      vertex 6.03 1.83 42.93
      vertex 5.13 5.43 47.745
    endloop
  endfacet
  facet normal 0.982976 0 0.183734
    outer loop
      vertex 6.03 1.83 42.93
      vertex 5.13 5.37 47.745
      vertex 6.03 1.77 42.93
    endloop
  endfacet
  facet normal -0.617374 0.743422 -0.25724
    outer loop
      vertex -3.865 2.23 24.97
      vertex -5.73167 2.23 29.45
      vertex -3.345 5.43 32.97
    endloop
  endfacet
  facet normal 0 1 0
    outer loop
      vertex -4.56571 5.43 44.4
      vertex -5.13 5.43 42.886
      vertex -4.6 5.43 44.4
    endloop
  endfacet
  facet normal -0 1 0
    outer loop
      vertex -5.13 5.43 42.886
      vertex -4.56571 5.43 44.4
      vertex -4.56571 5.43 42.391
    endloop
  endfacet
  facet normal 0 1 -0
    outer loop
      vertex -4.6 5.43 46.6
      vertex -5.13 5.43 47.745
      vertex -4.41309 5.43 48.4619
    endloop
  endfacet
  facet normal 0 1 -0
    outer loop
      vertex -4.6 5.43 44.4
      vertex -5.13 5.43 47.745
      vertex -4.6 5.43 46.6
    endloop
  endfacet
  facet normal 0 1 0
    outer loop
      vertex -5.13 5.43 47.745
      vertex -4.6 5.43 44.4
      vertex -5.13 5.43 42.886
    endloop
  endfacet
  facet normal 0 1 -0
    outer loop
      vertex 5.13 5.43 37.254
      vertex 5.05 5.43 38.9
      vertex 5.13 5.43 39.1149
    endloop
  endfacet
  facet normal 0 1 0
    outer loop
      vertex 5.13 5.43 37.254
      vertex 4.56571 5.43 38.9
      vertex 5.05 5.43 38.9
    endloop
  endfacet
  facet normal 0 1 0
    outer loop
      vertex 5.13 5.43 37.254
      vertex 4.56571 5.43 36.1608
      vertex 4.56571 5.43 38.9
    endloop
  endfacet
  facet normal 0 1 0
    outer loop
      vertex 3.345 5.43 32.97
      vertex 4.56571 5.43 36.1608
      vertex 5.13 5.43 37.254
    endloop
  endfacet
  facet normal 0 1 0
    outer loop
      vertex 4.56571 5.43 36.1608
      vertex 3.345 5.43 32.97
      vertex 3.23621 5.43 32.97
    endloop
  endfacet
  facet normal 0 1 0
    outer loop
      vertex -4.56571 5.43 38.9
      vertex -5.13 5.43 37.254
      vertex -5.05 5.43 38.9
    endloop
  endfacet
  facet normal 0 1 -0
    outer loop
      vertex -4.56571 5.43 36.1608
      vertex -5.13 5.43 37.254
      vertex -4.56571 5.43 38.9
    endloop
  endfacet
  facet normal 0 1 -0
    outer loop
      vertex -3.345 5.43 32.97
      vertex -4.56571 5.43 36.1608
      vertex -3.23621 5.43 32.97
    endloop
  endfacet
  facet normal 0 1 0
    outer loop
      vertex -4.56571 5.43 36.1608
      vertex -3.345 5.43 32.97
      vertex -5.13 5.43 37.254
    endloop
  endfacet
  facet normal 0 1 0
    outer loop
      vertex -5.13 5.43 39.1149
      vertex -5.05 5.43 38.9
      vertex -5.13 5.43 37.254
    endloop
  endfacet
  facet normal 0 1 0
    outer loop
      vertex 5.13 5.43 47.745
      vertex 4.6 5.43 46.6
      vertex 4.41309 5.43 48.4619
    endloop
  endfacet
  facet normal 0 1 0
    outer loop
      vertex 5.13 5.43 47.745
      vertex 4.6 5.43 44.4
      vertex 4.6 5.43 46.6
    endloop
  endfacet
  facet normal 0 1 -0
    outer loop
      vertex 5.13 5.43 42.886
      vertex 4.6 5.43 44.4
      vertex 5.13 5.43 47.745
    endloop
  endfacet
  facet normal 0 1 0
    outer loop
      vertex 5.13 5.43 42.886
      vertex 4.56571 5.43 44.4
      vertex 4.6 5.43 44.4
    endloop
  endfacet
  facet normal 0 1 0
    outer loop
      vertex 4.56571 5.43 44.4
      vertex 5.13 5.43 42.886
      vertex 4.56571 5.43 42.391
    endloop
  endfacet
  facet normal 0 1 -0
    outer loop
      vertex 2.10268 5.43 47.6229
      vertex -2.29413 5.43 49.53
      vertex 2.29413 5.43 49.53
    endloop
  endfacet
  facet normal 0 1 0
    outer loop
      vertex -2.29413 5.43 49.53
      vertex 2.10268 5.43 47.6229
      vertex -2.10268 5.43 47.6229
    endloop
  endfacet
  facet normal 0 0.928477 -0.371391
    outer loop
      vertex 3.345 5.43 32.97
      vertex 3.22833 5.23 32.47
      vertex 3.23621 5.43 32.97
    endloop
  endfacet
  facet normal 0 0.928476 -0.371393
    outer loop
      vertex 3.16583 5.17 32.32
      vertex 3.0386 2.50862 25.6666
      vertex -3.16583 5.17 32.32
    endloop
  endfacet
  facet normal -1.1692e-14 0.928477 -0.371391
    outer loop
      vertex 3.865 2.23 24.97
      vertex 3.16583 5.17 32.32
      vertex 3.22833 5.23 32.47
    endloop
  endfacet
  facet normal 5.52828e-15 0.928477 -0.371391
    outer loop
      vertex 3.865 2.23 24.97
      vertex 3.22833 5.23 32.47
      vertex 3.345 5.43 32.97
    endloop
  endfacet
  facet normal -2.44292e-05 0.928476 -0.371393
    outer loop
      vertex 3.16583 5.17 32.32
      vertex 3.865 2.23 24.97
      vertex 3.0386 2.50862 25.6666
    endloop
  endfacet
  facet normal 0 0.928486 -0.371368
    outer loop
      vertex 3.0386 2.50862 25.6666
      vertex 3.865 2.23 24.97
      vertex 3.4635 2.23 24.97
    endloop
  endfacet
  facet normal 0 0.928477 -0.371391
    outer loop
      vertex -3.22833 5.23 32.47
      vertex -3.345 5.43 32.97
      vertex -3.23621 5.43 32.97
    endloop
  endfacet
  facet normal 0 0.928476 -0.371393
    outer loop
      vertex -3.0386 2.50862 25.6666
      vertex -3.16583 5.17 32.32
      vertex 3.0386 2.50862 25.6666
    endloop
  endfacet
  facet normal 2.44292e-05 0.928476 -0.371393
    outer loop
      vertex -3.865 2.23 24.97
      vertex -3.16583 5.17 32.32
      vertex -3.0386 2.50862 25.6666
    endloop
  endfacet
  facet normal 1.29708e-14 0.928477 -0.371391
    outer loop
      vertex -3.16583 5.17 32.32
      vertex -3.865 2.23 24.97
      vertex -3.22833 5.23 32.47
    endloop
  endfacet
  facet normal 0 0.928486 -0.371368
    outer loop
      vertex -3.865 2.23 24.97
      vertex -3.0386 2.50862 25.6666
      vertex -3.4635 2.23 24.97
    endloop
  endfacet
  facet normal -4.31897e-15 0.928477 -0.371391
    outer loop
      vertex -3.22833 5.23 32.47
      vertex -3.865 2.23 24.97
      vertex -3.345 5.43 32.97
    endloop
  endfacet
  facet normal -0.707102 0 0.707112
    outer loop
      vertex -5.13 5.37 47.745
      vertex -4.41309 5.43 48.4619
      vertex -5.13 5.43 47.745
    endloop
  endfacet
  facet normal -0.707102 0 0.707112
    outer loop
      vertex -4.41309 5.43 48.4619
      vertex -5.13 5.37 47.745
      vertex -4.41309 5.37 48.4619
    endloop
  endfacet
  facet normal -0 0 1
    outer loop
      vertex -2.29413 5.43 49.53
      vertex 2.29413 5.37 49.53
      vertex 2.29413 5.43 49.53
    endloop
  endfacet
  facet normal 0 0 1
    outer loop
      vertex 2.29413 5.37 49.53
      vertex -2.29413 5.43 49.53
      vertex -2.29413 5.37 49.53
    endloop
  endfacet
  facet normal -0.617375 0.743422 -0.257239
    outer loop
      vertex -3.345 5.43 32.97
      vertex -5.93 2.23 29.926
      vertex -5.13 5.43 37.254
    endloop
  endfacet
  facet normal -0.617377 0.743421 -0.257236
    outer loop
      vertex -5.93 2.23 29.926
      vertex -3.345 5.43 32.97
      vertex -5.73167 2.23 29.45
    endloop
  endfacet
  facet normal 0.617374 0.743422 -0.25724
    outer loop
      vertex 3.865 2.23 24.97
      vertex 3.345 5.43 32.97
      vertex 5.73167 2.23 29.45
    endloop
  endfacet
  facet normal 0 -0.780873 0.624689
    outer loop
      vertex -3.7176 3.0771 46.6639
      vertex -3.93 1.77 45.03
      vertex -2.18111 3.0771 46.6639
    endloop
  endfacet
  facet normal 0 -0.780869 0.624695
    outer loop
      vertex -2.29413 5.37 49.53
      vertex -0.929999 3.63 47.355
      vertex 2.29413 5.37 49.53
    endloop
  endfacet
  facet normal 1.1258e-05 -0.780865 0.624699
    outer loop
      vertex -2.02978 3.26334 46.8967
      vertex -0.929999 3.63 47.355
      vertex -2.29413 5.37 49.53
    endloop
  endfacet
  facet normal 7.03419e-06 -0.780871 0.624692
    outer loop
      vertex -1.023 1.77 45.03
      vertex -2.02978 3.26334 46.8967
      vertex -2.18111 3.0771 46.6639
    endloop
  endfacet
  facet normal 0 -0.780873 0.624689
    outer loop
      vertex -1.023 1.77 45.03
      vertex -2.18111 3.0771 46.6639
      vertex -3.93 1.77 45.03
    endloop
  endfacet
  facet normal 1.44412e-05 -0.780869 0.624695
    outer loop
      vertex -2.02978 3.26334 46.8967
      vertex -1.023 1.77 45.03
      vertex -0.929999 3.63 47.355
    endloop
  endfacet
  facet normal 0 -0.780869 0.624695
    outer loop
      vertex 0.929999 3.63 47.355
      vertex 2.29413 5.37 49.53
      vertex -0.929999 3.63 47.355
    endloop
  endfacet
  facet normal -1.1258e-05 -0.780865 0.624699
    outer loop
      vertex 0.929999 3.63 47.355
      vertex 2.02978 3.26334 46.8967
      vertex 2.29413 5.37 49.53
    endloop
  endfacet
  facet normal -1.44412e-05 -0.780869 0.624695
    outer loop
      vertex 1.023 1.77 45.03
      vertex 2.02978 3.26334 46.8967
      vertex 0.929999 3.63 47.355
    endloop
  endfacet
  facet normal -7.03419e-06 -0.780871 0.624692
    outer loop
      vertex 2.02978 3.26334 46.8967
      vertex 1.023 1.77 45.03
      vertex 2.18111 3.0771 46.6639
    endloop
  endfacet
  facet normal 0 -0.780873 0.624689
    outer loop
      vertex 3.93 1.77 45.03
      vertex 2.18111 3.0771 46.6639
      vertex 1.023 1.77 45.03
    endloop
  endfacet
  facet normal 0 -0.780873 0.624689
    outer loop
      vertex 2.18111 3.0771 46.6639
      vertex 3.93 1.77 45.03
      vertex 3.7176 3.0771 46.6639
    endloop
  endfacet
  facet normal 0.970143 0.242533 0
    outer loop
      vertex 5.13 5.43 47.745
      vertex 5.5381 3.79758 43.2439
      vertex 5.13 5.43 42.886
    endloop
  endfacet
  facet normal 0.970142 0.242538 -2.09286e-06
    outer loop
      vertex 6.03 1.83 42.93
      vertex 5.5381 3.79758 43.2439
      vertex 5.13 5.43 47.745
    endloop
  endfacet
  facet normal 0.970143 0.242534 0
    outer loop
      vertex 5.62969 3.43125 42.3281
      vertex 5.93 2.23 41.42
      vertex 5.62969 3.43125 40.4569
    endloop
  endfacet
  facet normal 0.970142 0.242537 7.43325e-06
    outer loop
      vertex 5.5381 3.79758 43.2439
      vertex 6.03 1.83 42.93
      vertex 5.62969 3.43125 42.3281
    endloop
  endfacet
  facet normal 0.970143 0.242534 -4.45607e-07
    outer loop
      vertex 5.62969 3.43125 42.3281
      vertex 6.03 1.83 42.93
      vertex 5.93 2.23 41.42
    endloop
  endfacet
  facet normal 0.970143 0.242536 1.89025e-15
    outer loop
      vertex 5.93 2.23 41.42
      vertex 6.03 1.83 42.93
      vertex 5.945 2.17 41.405
    endloop
  endfacet
  facet normal 0.970143 0.242536 0
    outer loop
      vertex 5.945 2.17 41.405
      vertex 6.03 1.83 42.93
      vertex 6.03 1.83 40.6937
    endloop
  endfacet
  facet normal 0.970142 0.242537 0
    outer loop
      vertex 5.62969 3.43125 40.4569
      vertex 5.13 5.43 37.254
      vertex 5.13 5.43 39.1149
    endloop
  endfacet
  facet normal 0.970143 0.242534 -0
    outer loop
      vertex 5.93 2.23 29.926
      vertex 5.62969 3.43125 40.4569
      vertex 5.93 2.23 41.42
    endloop
  endfacet
  facet normal 0.970142 0.242536 -3.11741e-07
    outer loop
      vertex 5.62969 3.43125 40.4569
      vertex 5.93 2.23 29.926
      vertex 5.13 5.43 37.254
    endloop
  endfacet
  facet normal 0.617375 0.743422 -0.257239
    outer loop
      vertex 5.93 2.23 29.926
      vertex 3.345 5.43 32.97
      vertex 5.13 5.43 37.254
    endloop
  endfacet
  facet normal 0.617377 0.743421 -0.257236
    outer loop
      vertex 3.345 5.43 32.97
      vertex 5.93 2.23 29.926
      vertex 5.73167 2.23 29.45
    endloop
  endfacet
  facet normal 1 -0 0
    outer loop
      vertex 6.03 1.77 42.93
      vertex 6.03 1.83 40.6937
      vertex 6.03 1.83 42.93
    endloop
  endfacet
  facet normal 1 0 0
    outer loop
      vertex 6.03 1.83 40.6937
      vertex 6.03 1.77 42.93
      vertex 6.03 1.77 40.5832
    endloop
  endfacet
  facet normal 0.560534 -0.609586 0.560541
    outer loop
      vertex 4.6 3.82977 46.6
      vertex 5.13 5.37 47.745
      vertex 4.41309 5.37 48.4619
    endloop
  endfacet
  facet normal 0.560495 -0.609595 0.560571
    outer loop
      vertex 4.6 3.3 46.0239
      vertex 5.13 5.37 47.745
      vertex 4.6 3.82977 46.6
    endloop
  endfacet
  facet normal 0.560554 -0.609589 0.560519
    outer loop
      vertex 3.93 1.77 45.03
      vertex 4.6 3.3 46.0239
      vertex 4.47351 3.14433 45.9811
    endloop
  endfacet
  facet normal 0.560548 -0.609579 0.560535
    outer loop
      vertex 4.6 3.3 46.0239
      vertex 6.03 1.77 42.93
      vertex 5.13 5.37 47.745
    endloop
  endfacet
  facet normal 0.560535 -0.609591 0.560535
    outer loop
      vertex 6.03 1.77 42.93
      vertex 4.6 3.3 46.0239
      vertex 3.93 1.77 45.03
    endloop
  endfacet
  facet normal 0.560536 -0.609592 0.560533
    outer loop
      vertex 3.7176 3.0771 46.6639
      vertex 3.93 1.77 45.03
      vertex 4.47351 3.14433 45.9811
    endloop
  endfacet
  facet normal 0.707102 -0 0.707112
    outer loop
      vertex 4.41309 5.37 48.4619
      vertex 5.13 5.43 47.745
      vertex 4.41309 5.43 48.4619
    endloop
  endfacet
  facet normal 0.707102 0 0.707112
    outer loop
      vertex 5.13 5.43 47.745
      vertex 4.41309 5.37 48.4619
      vertex 5.13 5.37 47.745
    endloop
  endfacet
  facet normal -0.699803 0.143208 0.699833
    outer loop
      vertex -2.83 10.83 46.674
      vertex -3.74917 6.7 46.6
      vertex -2.98247 6.33626 47.4411
    endloop
  endfacet
  facet normal -0.699793 0.143206 0.699844
    outer loop
      vertex -3.74917 6.7 46.6
      vertex -2.83 10.83 46.674
      vertex -4.1575 6.7 46.1917
    endloop
  endfacet
  facet normal -0.92308 0 -0.384608
    outer loop
      vertex -3.16583 5.17 32.32
      vertex -3.02 5.23 31.97
      vertex -3.02 5.17 31.97
    endloop
  endfacet
  facet normal -0.923079 -1.53847e-05 -0.38461
    outer loop
      vertex -3.02 5.23 31.97
      vertex -3.16583 5.17 32.32
      vertex -3.22833 5.23 32.47
    endloop
  endfacet
  facet normal 0 -1 0
    outer loop
      vertex -3.02 5.17 31.97
      vertex 3.16583 5.17 32.32
      vertex -3.16583 5.17 32.32
    endloop
  endfacet
  facet normal 0 -1 0
    outer loop
      vertex 3.16583 5.17 32.32
      vertex -3.02 5.17 31.97
      vertex 3.02 5.17 31.97
    endloop
  endfacet
  facet normal -0.699819 0.143206 0.699819
    outer loop
      vertex -2.98247 6.33626 47.4411
      vertex -2.074 10.83 47.43
      vertex -2.83 10.83 46.674
    endloop
  endfacet
  facet normal -0.699837 0.14321 0.699799
    outer loop
      vertex -2.074 10.83 47.43
      vertex -2.98247 6.33626 47.4411
      vertex -2.8442 6.27067 47.5928
    endloop
  endfacet
  facet normal 0 0.894427 -0.447214
    outer loop
      vertex 3.02 5.23 31.97
      vertex -2.074 10.83 43.17
      vertex 2.074 10.83 43.17
    endloop
  endfacet
  facet normal 0 0.894427 -0.447214
    outer loop
      vertex -2.074 10.83 43.17
      vertex 3.02 5.23 31.97
      vertex -3.02 5.23 31.97
    endloop
  endfacet
  facet normal -0.677575 0.679107 -0.282323
    outer loop
      vertex -2.83 10.83 44.9844
      vertex -3.23621 5.43 32.97
      vertex -4.56571 5.43 36.1608
    endloop
  endfacet
  facet normal -0.677581 0.679101 -0.28232
    outer loop
      vertex -3.02 5.23 31.97
      vertex -3.23621 5.43 32.97
      vertex -2.83 10.83 44.9844
    endloop
  endfacet
  facet normal -0.677579 0.679104 -0.28232
    outer loop
      vertex -3.23621 5.43 32.97
      vertex -3.02 5.23 31.97
      vertex -3.22833 5.23 32.47
    endloop
  endfacet
  facet normal -0.952029 0.306009 0
    outer loop
      vertex -4.1575 6.7 46.1917
      vertex -2.83 10.83 44.9844
      vertex -4.1575 6.7 44.4
    endloop
  endfacet
  facet normal -0.952028 0.306009 0
    outer loop
      vertex -4.47893 5.7 41.5
      vertex -2.83 10.83 44.9844
      vertex -4.47893 5.7 38.9
    endloop
  endfacet
  facet normal -0.952028 0.306012 -2.27855e-06
    outer loop
      vertex -4.56571 5.43 36.1608
      vertex -4.47893 5.7 38.9
      vertex -2.83 10.83 44.9844
    endloop
  endfacet
  facet normal -0.952034 0.305991 0
    outer loop
      vertex -4.47893 5.7 38.9
      vertex -4.56571 5.43 36.1608
      vertex -4.56571 5.43 38.9
    endloop
  endfacet
  facet normal -0.952029 0.306009 0
    outer loop
      vertex -2.83 10.83 44.9844
      vertex -4.1575 6.7 46.1917
      vertex -2.83 10.83 46.674
    endloop
  endfacet
  facet normal -0.952029 0.306009 4.93037e-07
    outer loop
      vertex -2.83 10.83 44.9844
      vertex -4.47893 5.7 41.5
      vertex -4.1575 6.7 44.4
    endloop
  endfacet
  facet normal -0.952033 0.305995 5.71599e-06
    outer loop
      vertex -4.50036 5.63331 42.3337
      vertex -4.1575 6.7 44.4
      vertex -4.47893 5.7 41.5
    endloop
  endfacet
  facet normal -0.952028 0.306011 0
    outer loop
      vertex -4.56571 5.43 44.4
      vertex -4.50036 5.63331 42.3337
      vertex -4.56571 5.43 42.391
    endloop
  endfacet
  facet normal -0.952029 0.306006 -4.80658e-07
    outer loop
      vertex -4.50036 5.63331 42.3337
      vertex -4.56571 5.43 44.4
      vertex -4.1575 6.7 44.4
    endloop
  endfacet
  facet normal 0 0 -1
    outer loop
      vertex -3.02 5.17 31.97
      vertex 3.02 5.23 31.97
      vertex 3.02 5.17 31.97
    endloop
  endfacet
  facet normal -0 0 -1
    outer loop
      vertex 3.02 5.23 31.97
      vertex -3.02 5.17 31.97
      vertex -3.02 5.23 31.97
    endloop
  endfacet
  facet normal 0.677575 0.679107 -0.282323
    outer loop
      vertex 3.02 5.23 31.97
      vertex 2.074 10.83 43.17
      vertex 2.83 10.83 44.9844
    endloop
  endfacet
  facet normal 0.677575 0.679107 -0.282323
    outer loop
      vertex 3.23621 5.43 32.97
      vertex 2.83 10.83 44.9844
      vertex 4.56571 5.43 36.1608
    endloop
  endfacet
  facet normal 0.677579 0.679104 -0.28232
    outer loop
      vertex 3.02 5.23 31.97
      vertex 3.23621 5.43 32.97
      vertex 3.22833 5.23 32.47
    endloop
  endfacet
  facet normal 0.677581 0.679101 -0.28232
    outer loop
      vertex 3.23621 5.43 32.97
      vertex 3.02 5.23 31.97
      vertex 2.83 10.83 44.9844
    endloop
  endfacet
  facet normal -0.677575 0.679107 -0.282323
    outer loop
      vertex -2.074 10.83 43.17
      vertex -3.02 5.23 31.97
      vertex -2.83 10.83 44.9844
    endloop
  endfacet
  facet normal 0 1 -0
    outer loop
      vertex 2.83 10.83 44.9844
      vertex 2.074 10.83 47.43
      vertex 2.83 10.83 46.674
    endloop
  endfacet
  facet normal 0 1 0
    outer loop
      vertex 2.074 10.83 47.43
      vertex 2.83 10.83 44.9844
      vertex -2.074 10.83 47.43
    endloop
  endfacet
  facet normal 0 1 0
    outer loop
      vertex -2.83 10.83 44.9844
      vertex -2.074 10.83 47.43
      vertex 2.83 10.83 44.9844
    endloop
  endfacet
  facet normal 0 1 0
    outer loop
      vertex -2.074 10.83 47.43
      vertex -2.83 10.83 44.9844
      vertex -2.83 10.83 46.674
    endloop
  endfacet
  facet normal 0 1 -0
    outer loop
      vertex 2.074 10.83 43.17
      vertex -2.83 10.83 44.9844
      vertex 2.83 10.83 44.9844
    endloop
  endfacet
  facet normal 0 1 0
    outer loop
      vertex -2.83 10.83 44.9844
      vertex 2.074 10.83 43.17
      vertex -2.074 10.83 43.17
    endloop
  endfacet
  facet normal 0 0.0356843 0.999363
    outer loop
      vertex 2.8442 6.27067 47.5928
      vertex 2.074 10.83 47.43
      vertex 2.09967 6.27067 47.5928
    endloop
  endfacet
  facet normal -0 0.0356843 0.999363
    outer loop
      vertex -2.09967 6.27067 47.5928
      vertex 2.09967 6.27067 47.5928
      vertex 2.074 10.83 47.43
    endloop
  endfacet
  facet normal 0 0.0356843 0.999363
    outer loop
      vertex -2.09967 6.27067 47.5928
      vertex 2.074 10.83 47.43
      vertex -2.074 10.83 47.43
    endloop
  endfacet
  facet normal 0 0.0357818 0.99936
    outer loop
      vertex 2.09967 6.27067 47.5928
      vertex -2.09967 6.27067 47.5928
      vertex 2.10268 5.43 47.6229
    endloop
  endfacet
  facet normal 0 0.0357818 0.99936
    outer loop
      vertex 2.10268 5.43 47.6229
      vertex -2.09967 6.27067 47.5928
      vertex -2.10268 5.43 47.6229
    endloop
  endfacet
  facet normal 0 0.0356843 0.999363
    outer loop
      vertex -2.074 10.83 47.43
      vertex -2.8442 6.27067 47.5928
      vertex -2.09967 6.27067 47.5928
    endloop
  endfacet
  facet normal 0.699819 0.143206 0.699819
    outer loop
      vertex 2.074 10.83 47.43
      vertex 2.98247 6.33626 47.4411
      vertex 2.83 10.83 46.674
    endloop
  endfacet
  facet normal 0.699837 0.14321 0.699799
    outer loop
      vertex 2.98247 6.33626 47.4411
      vertex 2.074 10.83 47.43
      vertex 2.8442 6.27067 47.5928
    endloop
  endfacet
  facet normal 0.952033 0.305995 5.71599e-06
    outer loop
      vertex 4.1575 6.7 44.4
      vertex 4.50036 5.63331 42.3337
      vertex 4.47893 5.7 41.5
    endloop
  endfacet
  facet normal 0.952029 0.306006 -4.80658e-07
    outer loop
      vertex 4.56571 5.43 44.4
      vertex 4.50036 5.63331 42.3337
      vertex 4.1575 6.7 44.4
    endloop
  endfacet
  facet normal 0.952028 0.306011 0
    outer loop
      vertex 4.50036 5.63331 42.3337
      vertex 4.56571 5.43 44.4
      vertex 4.56571 5.43 42.391
    endloop
  endfacet
  facet normal 0.952029 0.306009 0
    outer loop
      vertex 4.1575 6.7 46.1917
      vertex 2.83 10.83 44.9844
      vertex 2.83 10.83 46.674
    endloop
  endfacet
  facet normal 0.952029 0.306009 -0
    outer loop
      vertex 4.1575 6.7 44.4
      vertex 2.83 10.83 44.9844
      vertex 4.1575 6.7 46.1917
    endloop
  endfacet
  facet normal 0.952029 0.306009 4.93037e-07
    outer loop
      vertex 4.47893 5.7 41.5
      vertex 2.83 10.83 44.9844
      vertex 4.1575 6.7 44.4
    endloop
  endfacet
  facet normal 0.952028 0.306009 -0
    outer loop
      vertex 4.47893 5.7 38.9
      vertex 2.83 10.83 44.9844
      vertex 4.47893 5.7 41.5
    endloop
  endfacet
  facet normal 0.952028 0.306012 -2.27855e-06
    outer loop
      vertex 4.47893 5.7 38.9
      vertex 4.56571 5.43 36.1608
      vertex 2.83 10.83 44.9844
    endloop
  endfacet
  facet normal 0.952034 0.305991 -0
    outer loop
      vertex 4.56571 5.43 36.1608
      vertex 4.47893 5.7 38.9
      vertex 4.56571 5.43 38.9
    endloop
  endfacet
  facet normal 0.923079 -1.53847e-05 -0.38461
    outer loop
      vertex 3.16583 5.17 32.32
      vertex 3.02 5.23 31.97
      vertex 3.22833 5.23 32.47
    endloop
  endfacet
  facet normal 0.92308 0 -0.384608
    outer loop
      vertex 3.02 5.23 31.97
      vertex 3.16583 5.17 32.32
      vertex 3.02 5.17 31.97
    endloop
  endfacet
  facet normal 0.699803 0.143208 0.699833
    outer loop
      vertex 3.74917 6.7 46.6
      vertex 2.83 10.83 46.674
      vertex 2.98247 6.33626 47.4411
    endloop
  endfacet
  facet normal 0.699793 0.143206 0.699844
    outer loop
      vertex 2.83 10.83 46.674
      vertex 3.74917 6.7 46.6
      vertex 4.1575 6.7 46.1917
    endloop
  endfacet
  facet normal -0.660057 0.699062 -0.275024
    outer loop
      vertex -2.24 6.43 20.97
      vertex -4.76636 2.23 16.3576
      vertex -3.43 6.43 23.826
    endloop
  endfacet
  facet normal -0.660033 0.699074 -0.275048
    outer loop
      vertex -4.76636 2.23 16.3576
      vertex -2.24 6.43 20.97
      vertex -4.71227 2.23 16.2278
    endloop
  endfacet
  facet normal 0 0.898384 -0.43921
    outer loop
      vertex 2.74252 4.00022 16
      vertex -2.24 6.43 20.97
      vertex 2.24 6.43 20.97
    endloop
  endfacet
  facet normal 0 0.898384 -0.43921
    outer loop
      vertex -2.24 6.43 20.97
      vertex 2.74252 4.00022 16
      vertex -2.74252 4.00022 16
    endloop
  endfacet
  facet normal -0.971048 4.79982e-05 0.238883
    outer loop
      vertex -4.74727 2.23 23.6862
      vertex -3.43 6.43 29.04
      vertex -4.76636 2.23 23.6086
    endloop
  endfacet
  facet normal -0.97104 0 0.238918
    outer loop
      vertex -3.43 6.43 29.04
      vertex -4.74727 2.23 23.6862
      vertex -3.43 6.37 29.04
    endloop
  endfacet
  facet normal -0.582163 -0.567602 0.582163
    outer loop
      vertex -3.43 6.37 29.04
      vertex -3.0386 2.50862 25.6666
      vertex -2.24 6.37 30.23
    endloop
  endfacet
  facet normal -0.58218 -0.567595 0.582153
    outer loop
      vertex -4.74727 2.23 23.6862
      vertex -3.0386 2.50862 25.6666
      vertex -3.43 6.37 29.04
    endloop
  endfacet
  facet normal -0.582145 -0.567653 0.582132
    outer loop
      vertex -3.0386 2.50862 25.6666
      vertex -4.74727 2.23 23.6862
      vertex -3.4635 2.23 24.97
    endloop
  endfacet
  facet normal -0.952926 0.303203 0
    outer loop
      vertex -4.76636 2.23 23.6086
      vertex -3.43 6.43 23.826
      vertex -4.76636 2.23 16.3576
    endloop
  endfacet
  facet normal -0.952926 0.303203 0
    outer loop
      vertex -3.43 6.43 23.826
      vertex -4.76636 2.23 23.6086
      vertex -3.43 6.43 29.04
    endloop
  endfacet
  facet normal 0.660055 0.69906 -0.275032
    outer loop
      vertex 2.74252 4.00022 16
      vertex 4.71227 2.23 16.2278
      vertex 4.61735 2.23 16
    endloop
  endfacet
  facet normal 0.660056 0.699062 -0.275025
    outer loop
      vertex 4.71227 2.23 16.2278
      vertex 2.74252 4.00022 16
      vertex 2.24 6.43 20.97
    endloop
  endfacet
  facet normal -0.660056 0.699062 -0.275025
    outer loop
      vertex -2.74252 4.00022 16
      vertex -4.71227 2.23 16.2278
      vertex -2.24 6.43 20.97
    endloop
  endfacet
  facet normal -0.660055 0.69906 -0.275032
    outer loop
      vertex -4.71227 2.23 16.2278
      vertex -2.74252 4.00022 16
      vertex -4.61735 2.23 16
    endloop
  endfacet
  facet normal 0.97104 0 0.238918
    outer loop
      vertex 4.74727 2.23 23.6862
      vertex 3.43 6.43 29.04
      vertex 3.43 6.37 29.04
    endloop
  endfacet
  facet normal 0.971048 4.79982e-05 0.238883
    outer loop
      vertex 3.43 6.43 29.04
      vertex 4.74727 2.23 23.6862
      vertex 4.76636 2.23 23.6086
    endloop
  endfacet
  facet normal 0.582163 -0.567602 0.582163
    outer loop
      vertex 3.0386 2.50862 25.6666
      vertex 3.43 6.37 29.04
      vertex 2.24 6.37 30.23
    endloop
  endfacet
  facet normal 0.582145 -0.567653 0.582132
    outer loop
      vertex 4.74727 2.23 23.6862
      vertex 3.0386 2.50862 25.6666
      vertex 3.4635 2.23 24.97
    endloop
  endfacet
  facet normal 0.58218 -0.567595 0.582153
    outer loop
      vertex 3.0386 2.50862 25.6666
      vertex 4.74727 2.23 23.6862
      vertex 3.43 6.37 29.04
    endloop
  endfacet
  facet normal 0.952926 0.303203 0
    outer loop
      vertex 4.76636 2.23 23.6086
      vertex 3.43 6.43 23.826
      vertex 3.43 6.43 29.04
    endloop
  endfacet
  facet normal 0.952926 0.303203 0
    outer loop
      vertex 3.43 6.43 23.826
      vertex 4.76636 2.23 23.6086
      vertex 4.76636 2.23 16.3576
    endloop
  endfacet
  facet normal 0.660057 0.699062 -0.275024
    outer loop
      vertex 4.76636 2.23 16.3576
      vertex 2.24 6.43 20.97
      vertex 3.43 6.43 23.826
    endloop
  endfacet
  facet normal 0.660033 0.699074 -0.275048
    outer loop
      vertex 2.24 6.43 20.97
      vertex 4.76636 2.23 16.3576
      vertex 4.71227 2.23 16.2278
    endloop
  endfacet
  facet normal 0 -0.763383 0.645946
    outer loop
      vertex -3.0386 2.50862 25.6666
      vertex 2.24 6.37 30.23
      vertex -2.24 6.37 30.23
    endloop
  endfacet
  facet normal 0 -0.763383 0.645946
    outer loop
      vertex 2.24 6.37 30.23
      vertex -3.0386 2.50862 25.6666
      vertex 3.0386 2.50862 25.6666
    endloop
  endfacet
  facet normal 0 -0.903278 0.429057
    outer loop
      vertex -2.24 6.37 30.23
      vertex 1.525 10.17 38.23
      vertex -1.525 10.17 38.23
    endloop
  endfacet
  facet normal 0 -0.903278 0.429057
    outer loop
      vertex 1.525 10.17 38.23
      vertex -2.24 6.37 30.23
      vertex 2.24 6.37 30.23
    endloop
  endfacet
  facet normal -0.419765 -0.804733 0.419765
    outer loop
      vertex -2.33 10.17 37.425
      vertex -2.24 6.37 30.23
      vertex -1.525 10.17 38.23
    endloop
  endfacet
  facet normal -0.419765 -0.804733 0.419765
    outer loop
      vertex -2.24 6.37 30.23
      vertex -2.33 10.17 37.425
      vertex -3.43 6.37 29.04
    endloop
  endfacet
  facet normal 0 0.948683 -0.316228
    outer loop
      vertex 2.24 6.43 20.97
      vertex -1.525 10.23 32.37
      vertex 1.525 10.23 32.37
    endloop
  endfacet
  facet normal 0 0.948683 -0.316228
    outer loop
      vertex -1.525 10.23 32.37
      vertex 2.24 6.43 20.97
      vertex -2.24 6.43 20.97
    endloop
  endfacet
  facet normal -0.991505 0 0.130072
    outer loop
      vertex -3.43 6.43 29.04
      vertex -2.33 10.17 37.425
      vertex -2.33 10.23 37.425
    endloop
  endfacet
  facet normal -0.991505 0 0.130072
    outer loop
      vertex -2.33 10.17 37.425
      vertex -3.43 6.43 29.04
      vertex -3.43 6.37 29.04
    endloop
  endfacet
  facet normal -0.555392 0.798741 -0.231413
    outer loop
      vertex -2.24 6.43 20.97
      vertex -3.43 6.43 23.826
      vertex -2.33 10.23 34.302
    endloop
  endfacet
  facet normal -0.960564 0.278058 0
    outer loop
      vertex -3.43 6.43 29.04
      vertex -2.33 10.23 34.302
      vertex -3.43 6.43 23.826
    endloop
  endfacet
  facet normal -0.960564 0.278058 0
    outer loop
      vertex -2.33 10.23 34.302
      vertex -3.43 6.43 29.04
      vertex -2.33 10.23 37.425
    endloop
  endfacet
  facet normal -0.707107 0 0.707107
    outer loop
      vertex -2.33 10.17 37.425
      vertex -1.525 10.23 38.23
      vertex -2.33 10.23 37.425
    endloop
  endfacet
  facet normal -0.707107 0 0.707107
    outer loop
      vertex -1.525 10.23 38.23
      vertex -2.33 10.17 37.425
      vertex -1.525 10.17 38.23
    endloop
  endfacet
  facet normal -0 0 1
    outer loop
      vertex -1.525 10.23 38.23
      vertex 1.525 10.17 38.23
      vertex 1.525 10.23 38.23
    endloop
  endfacet
  facet normal 0 0 1
    outer loop
      vertex 1.525 10.17 38.23
      vertex -1.525 10.23 38.23
      vertex -1.525 10.17 38.23
    endloop
  endfacet
  facet normal -0.555392 0.798741 -0.231413
    outer loop
      vertex -2.24 6.43 20.97
      vertex -2.33 10.23 34.302
      vertex -1.525 10.23 32.37
    endloop
  endfacet
  facet normal 0 1 0
    outer loop
      vertex 2.33 10.23 37.425
      vertex -1.525 10.23 38.23
      vertex 1.525 10.23 38.23
    endloop
  endfacet
  facet normal 0 1 0
    outer loop
      vertex 2.33 10.23 37.425
      vertex -2.33 10.23 37.425
      vertex -1.525 10.23 38.23
    endloop
  endfacet
  facet normal 0 1 -0
    outer loop
      vertex 2.33 10.23 34.302
      vertex -2.33 10.23 37.425
      vertex 2.33 10.23 37.425
    endloop
  endfacet
  facet normal 0 1 0
    outer loop
      vertex 2.33 10.23 34.302
      vertex -2.33 10.23 34.302
      vertex -2.33 10.23 37.425
    endloop
  endfacet
  facet normal 0 1 -0
    outer loop
      vertex 1.525 10.23 32.37
      vertex -2.33 10.23 34.302
      vertex 2.33 10.23 34.302
    endloop
  endfacet
  facet normal 0 1 0
    outer loop
      vertex -2.33 10.23 34.302
      vertex 1.525 10.23 32.37
      vertex -1.525 10.23 32.37
    endloop
  endfacet
  facet normal 0.960564 0.278058 0
    outer loop
      vertex 3.43 6.43 29.04
      vertex 2.33 10.23 34.302
      vertex 2.33 10.23 37.425
    endloop
  endfacet
  facet normal 0.960564 0.278058 0
    outer loop
      vertex 2.33 10.23 34.302
      vertex 3.43 6.43 29.04
      vertex 3.43 6.43 23.826
    endloop
  endfacet
  facet normal 0.555392 0.798741 -0.231413
    outer loop
      vertex 3.43 6.43 23.826
      vertex 2.24 6.43 20.97
      vertex 2.33 10.23 34.302
    endloop
  endfacet
  facet normal 0.555392 0.798741 -0.231413
    outer loop
      vertex 2.24 6.43 20.97
      vertex 1.525 10.23 32.37
      vertex 2.33 10.23 34.302
    endloop
  endfacet
  facet normal 0.419765 -0.804733 0.419765
    outer loop
      vertex 2.24 6.37 30.23
      vertex 2.33 10.17 37.425
      vertex 1.525 10.17 38.23
    endloop
  endfacet
  facet normal 0.419765 -0.804733 0.419765
    outer loop
      vertex 2.33 10.17 37.425
      vertex 2.24 6.37 30.23
      vertex 3.43 6.37 29.04
    endloop
  endfacet
  facet normal 0.991505 -0 0.130072
    outer loop
      vertex 2.33 10.17 37.425
      vertex 3.43 6.43 29.04
      vertex 2.33 10.23 37.425
    endloop
  endfacet
  facet normal 0.991505 0 0.130072
    outer loop
      vertex 3.43 6.43 29.04
      vertex 2.33 10.17 37.425
      vertex 3.43 6.37 29.04
    endloop
  endfacet
  facet normal 0.707107 -0 0.707107
    outer loop
      vertex 1.525 10.17 38.23
      vertex 2.33 10.23 37.425
      vertex 1.525 10.23 38.23
    endloop
  endfacet
  facet normal 0.707107 0 0.707107
    outer loop
      vertex 2.33 10.23 37.425
      vertex 1.525 10.17 38.23
      vertex 2.33 10.17 37.425
    endloop
  endfacet
  facet normal -1 0 0
    outer loop
      vertex -1.28 -4.23 33.5925
      vertex -1.28 -4.17 28.5594
      vertex -1.28 -4.23 28.3829
    endloop
  endfacet
  facet normal -1 0 0
    outer loop
      vertex -1.28 -4.17 28.5594
      vertex -1.28 -4.23 33.5925
      vertex -1.28 -4.17 33.5925
    endloop
  endfacet
  facet normal 0 -1 0
    outer loop
      vertex -1.28 -4.23 33.5925
      vertex 0.8425 -4.23 34.03
      vertex -0.8425 -4.23 34.03
    endloop
  endfacet
  facet normal 0 -1 0
    outer loop
      vertex -1.28 -4.23 33.5925
      vertex 1.28 -4.23 33.5925
      vertex 0.8425 -4.23 34.03
    endloop
  endfacet
  facet normal 0 -1 0
    outer loop
      vertex -1.28 -4.23 28.3829
      vertex 1.28 -4.23 33.5925
      vertex -1.28 -4.23 33.5925
    endloop
  endfacet
  facet normal 0 -1 -0
    outer loop
      vertex 1.28 -4.23 33.5925
      vertex -1.28 -4.23 28.3829
      vertex 1.28 -4.23 28.3829
    endloop
  endfacet
  facet normal -0.362476 -0.858616 0.362476
    outer loop
      vertex -1.08 0.57 45.1625
      vertex -0.8425 -4.23 34.03
      vertex -0.7125 0.57 45.53
    endloop
  endfacet
  facet normal -0.362476 -0.858616 0.362476
    outer loop
      vertex -0.8425 -4.23 34.03
      vertex -1.08 0.57 45.1625
      vertex -1.28 -4.23 33.5925
    endloop
  endfacet
  facet normal -0.999851 0 0.0172835
    outer loop
      vertex -1.28 -4.17 33.5925
      vertex -1.08 0.57 45.1625
      vertex -1.08 0.629999 45.1625
    endloop
  endfacet
  facet normal -0.999851 0 0.0172835
    outer loop
      vertex -1.08 0.57 45.1625
      vertex -1.28 -4.17 33.5925
      vertex -1.28 -4.23 33.5925
    endloop
  endfacet
  facet normal -0.999133 0.041632 0
    outer loop
      vertex -1.17417 -1.63 36.03
      vertex -1.08 0.629999 45.1625
      vertex -1.08 0.629999 40.1932
    endloop
  endfacet
  facet normal -0.999133 0.0416292 0
    outer loop
      vertex -1.28 -4.17 33.5925
      vertex -1.17417 -1.63 36.03
      vertex -1.28 -4.17 28.5594
    endloop
  endfacet
  facet normal -0.999133 0.0416284 9.09772e-07
    outer loop
      vertex -1.17417 -1.63 36.03
      vertex -1.28 -4.17 33.5925
      vertex -1.08 0.629999 45.1625
    endloop
  endfacet
  facet normal 0.999851 -0 0.0172835
    outer loop
      vertex 1.08 0.57 45.1625
      vertex 1.28 -4.17 33.5925
      vertex 1.08 0.629999 45.1625
    endloop
  endfacet
  facet normal 0.999851 0 0.0172835
    outer loop
      vertex 1.28 -4.17 33.5925
      vertex 1.08 0.57 45.1625
      vertex 1.28 -4.23 33.5925
    endloop
  endfacet
  facet normal 0 -0.922839 0.385185
    outer loop
      vertex -0.8425 -4.23 34.03
      vertex 0.7125 0.57 45.53
      vertex -0.7125 0.57 45.53
    endloop
  endfacet
  facet normal 0 -0.922839 0.385185
    outer loop
      vertex 0.7125 0.57 45.53
      vertex -0.8425 -4.23 34.03
      vertex 0.8425 -4.23 34.03
    endloop
  endfacet
  facet normal 0.999133 0.041632 0
    outer loop
      vertex 1.08 0.629999 45.1625
      vertex 1.17417 -1.63 36.03
      vertex 1.08 0.629999 40.1932
    endloop
  endfacet
  facet normal 0.999133 0.0416284 9.09772e-07
    outer loop
      vertex 1.28 -4.17 33.5925
      vertex 1.17417 -1.63 36.03
      vertex 1.08 0.629999 45.1625
    endloop
  endfacet
  facet normal 0.999133 0.0416292 0
    outer loop
      vertex 1.17417 -1.63 36.03
      vertex 1.28 -4.17 33.5925
      vertex 1.28 -4.17 28.5594
    endloop
  endfacet
  facet normal 0.362476 -0.858616 0.362476
    outer loop
      vertex 0.8425 -4.23 34.03
      vertex 1.08 0.57 45.1625
      vertex 0.7125 0.57 45.53
    endloop
  endfacet
  facet normal 0.362476 -0.858616 0.362476
    outer loop
      vertex 1.08 0.57 45.1625
      vertex 0.8425 -4.23 34.03
      vertex 1.28 -4.23 33.5925
    endloop
  endfacet
  facet normal 1 -0 0
    outer loop
      vertex 1.28 -4.23 33.5925
      vertex 1.28 -4.17 28.5594
      vertex 1.28 -4.17 33.5925
    endloop
  endfacet
  facet normal 1 0 0
    outer loop
      vertex 1.28 -4.17 28.5594
      vertex 1.28 -4.23 33.5925
      vertex 1.28 -4.23 28.3829
    endloop
  endfacet
  facet normal -0.468157 -0.749439 0.468156
    outer loop
      vertex -0.929999 3.57 50.115
      vertex -0.7125 0.57 45.53
      vertex -0.615 3.57 50.43
    endloop
  endfacet
  facet normal -0.468156 -0.74944 0.468156
    outer loop
      vertex -0.7125 0.57 45.53
      vertex -0.929999 3.57 50.115
      vertex -1.08 0.57 45.1625
    endloop
  endfacet
  facet normal -0.999542 0 0.0302741
    outer loop
      vertex -1.08 0.629999 45.1625
      vertex -0.929999 3.57 50.115
      vertex -0.929999 3.63 50.115
    endloop
  endfacet
  facet normal -0.999542 0 0.0302741
    outer loop
      vertex -0.929999 3.57 50.115
      vertex -1.08 0.629999 45.1625
      vertex -1.08 0.57 45.1625
    endloop
  endfacet
  facet normal -0.998752 0.0499376 0
    outer loop
      vertex -1.08 0.629999 45.1625
      vertex -1.023 1.77 42.2932
      vertex -1.08 0.629999 40.1932
    endloop
  endfacet
  facet normal -0.998752 0.0499376 4.25089e-07
    outer loop
      vertex -1.08 0.629999 45.1625
      vertex -0.929999 3.63 47.355
      vertex -1.023 1.77 45.03
    endloop
  endfacet
  facet normal -0.998752 0.0499379 0
    outer loop
      vertex -0.929999 3.63 47.355
      vertex -1.08 0.629999 45.1625
      vertex -0.929999 3.63 50.115
    endloop
  endfacet
  facet normal -0.998752 0.0499376 0
    outer loop
      vertex -1.023 1.77 42.2932
      vertex -1.08 0.629999 45.1625
      vertex -1.023 1.77 45.03
    endloop
  endfacet
  facet normal -0 0 1
    outer loop
      vertex -0.615 3.63 50.43
      vertex 0.615 3.57 50.43
      vertex 0.615 3.63 50.43
    endloop
  endfacet
  facet normal 0 0 1
    outer loop
      vertex 0.615 3.57 50.43
      vertex -0.615 3.63 50.43
      vertex -0.615 3.57 50.43
    endloop
  endfacet
  facet normal 0 1 0
    outer loop
      vertex 0.929999 3.63 50.115
      vertex -0.615 3.63 50.43
      vertex 0.615 3.63 50.43
    endloop
  endfacet
  facet normal 0 1 0
    outer loop
      vertex 0.929999 3.63 50.115
      vertex -0.929999 3.63 50.115
      vertex -0.615 3.63 50.43
    endloop
  endfacet
  facet normal 0 1 -0
    outer loop
      vertex 0.929999 3.63 47.355
      vertex -0.929999 3.63 50.115
      vertex 0.929999 3.63 50.115
    endloop
  endfacet
  facet normal 0 1 0
    outer loop
      vertex -0.929999 3.63 50.115
      vertex 0.929999 3.63 47.355
      vertex -0.929999 3.63 47.355
    endloop
  endfacet
  facet normal 0.998752 0.0499379 0
    outer loop
      vertex 1.08 0.629999 45.1625
      vertex 0.929999 3.63 47.355
      vertex 0.929999 3.63 50.115
    endloop
  endfacet
  facet normal 0.998752 0.0499376 4.25089e-07
    outer loop
      vertex 0.929999 3.63 47.355
      vertex 1.08 0.629999 45.1625
      vertex 1.023 1.77 45.03
    endloop
  endfacet
  facet normal 0.998752 0.0499376 0
    outer loop
      vertex 1.08 0.629999 45.1625
      vertex 1.023 1.77 42.2932
      vertex 1.023 1.77 45.03
    endloop
  endfacet
  facet normal 0.998752 0.0499376 0
    outer loop
      vertex 1.023 1.77 42.2932
      vertex 1.08 0.629999 45.1625
      vertex 1.08 0.629999 40.1932
    endloop
  endfacet
  facet normal -0.707108 0 0.707106
    outer loop
      vertex -0.929999 3.57 50.115
      vertex -0.615 3.63 50.43
      vertex -0.929999 3.63 50.115
    endloop
  endfacet
  facet normal -0.707108 0 0.707106
    outer loop
      vertex -0.615 3.63 50.43
      vertex -0.929999 3.57 50.115
      vertex -0.615 3.57 50.43
    endloop
  endfacet
  facet normal 0.707108 -0 0.707106
    outer loop
      vertex 0.615 3.57 50.43
      vertex 0.929999 3.63 50.115
      vertex 0.615 3.63 50.43
    endloop
  endfacet
  facet normal 0.707108 0 0.707106
    outer loop
      vertex 0.929999 3.63 50.115
      vertex 0.615 3.57 50.43
      vertex 0.929999 3.57 50.115
    endloop
  endfacet
  facet normal 0 -0.852851 0.522154
    outer loop
      vertex -0.7125 0.57 45.53
      vertex 0.615 3.57 50.43
      vertex -0.615 3.57 50.43
    endloop
  endfacet
  facet normal 0 -0.852851 0.522154
    outer loop
      vertex 0.615 3.57 50.43
      vertex -0.7125 0.57 45.53
      vertex 0.7125 0.57 45.53
    endloop
  endfacet
  facet normal 0.468157 -0.749439 0.468156
    outer loop
      vertex 0.7125 0.57 45.53
      vertex 0.929999 3.57 50.115
      vertex 0.615 3.57 50.43
    endloop
  endfacet
  facet normal 0.468156 -0.74944 0.468156
    outer loop
      vertex 0.929999 3.57 50.115
      vertex 0.7125 0.57 45.53
      vertex 1.08 0.57 45.1625
    endloop
  endfacet
  facet normal 0.999542 -0 0.0302741
    outer loop
      vertex 0.929999 3.57 50.115
      vertex 1.08 0.629999 45.1625
      vertex 0.929999 3.63 50.115
    endloop
  endfacet
  facet normal 0.999542 0 0.0302741
    outer loop
      vertex 1.08 0.629999 45.1625
      vertex 0.929999 3.57 50.115
      vertex 1.08 0.57 45.1625
    endloop
  endfacet
  facet normal 0 1 0
    outer loop
      vertex 4.6 6.7 46.6
      vertex 4.1575 6.7 46.1917
      vertex 3.74917 6.7 46.6
    endloop
  endfacet
  facet normal 0 1 -0
    outer loop
      vertex 4.6 6.7 44.4
      vertex 4.1575 6.7 46.1917
      vertex 4.6 6.7 46.6
    endloop
  endfacet
  facet normal 0 1 0
    outer loop
      vertex 4.1575 6.7 46.1917
      vertex 4.6 6.7 44.4
      vertex 4.1575 6.7 44.4
    endloop
  endfacet
  facet normal 1 -0 0
    outer loop
      vertex 4.6 5.43 46.6
      vertex 4.6 6.7 44.4
      vertex 4.6 6.7 46.6
    endloop
  endfacet
  facet normal 1 0 0
    outer loop
      vertex 4.6 6.7 44.4
      vertex 4.6 5.43 46.6
      vertex 4.6 5.43 44.4
    endloop
  endfacet
  facet normal 1 -0 0
    outer loop
      vertex 4.6 3.3 46.6
      vertex 4.6 3.3 46.0239
      vertex 4.6 3.82977 46.6
    endloop
  endfacet
  facet normal 0.776094 -0.630617 0
    outer loop
      vertex 4.6 3.3 46.6
      vertex 4.47351 3.14433 45.9811
      vertex 4.6 3.3 46.0239
    endloop
  endfacet
  facet normal 0.776114 -0.630593 0
    outer loop
      vertex 3.95 2.5 52.525
      vertex 4.6 3.3 46.6
      vertex 3.95 2.5 53.075
    endloop
  endfacet
  facet normal 0.776101 -0.630609 -3.55893e-06
    outer loop
      vertex 4.6 3.3 46.6
      vertex 3.95 2.5 52.525
      vertex 4.47351 3.14433 45.9811
    endloop
  endfacet
  facet normal -0 0 1
    outer loop
      vertex 2.65 3.9 53.075
      vertex 3.95 2.5 53.075
      vertex 3.95 3.9 53.075
    endloop
  endfacet
  facet normal 0 0 1
    outer loop
      vertex 3.95 2.5 53.075
      vertex 2.65 3.9 53.075
      vertex 2.65 2.5 53.075
    endloop
  endfacet
  facet normal -0.994999 1.38236e-05 0.099886
    outer loop
      vertex 2.29413 5.43 49.53
      vertex 2.09967 6.27067 47.5928
      vertex 2.10268 5.43 47.6229
    endloop
  endfacet
  facet normal -0.994916 0.00187637 0.100686
    outer loop
      vertex 2.29413 5.43 49.53
      vertex 2.65 3.9 53.075
      vertex 2.09967 6.27067 47.5928
    endloop
  endfacet
  facet normal -0.994999 0 0.0998844
    outer loop
      vertex 2.29413 5.37 49.53
      vertex 2.65 3.9 53.075
      vertex 2.29413 5.43 49.53
    endloop
  endfacet
  facet normal -0.994999 5.48235e-07 0.0998849
    outer loop
      vertex 2.65 2.5 53.075
      vertex 2.29413 5.37 49.53
      vertex 2.02978 3.26334 46.8967
    endloop
  endfacet
  facet normal -0.994999 0 0.0998844
    outer loop
      vertex 2.29413 5.37 49.53
      vertex 2.65 2.5 53.075
      vertex 2.65 3.9 53.075
    endloop
  endfacet
  facet normal 0 0 -1
    outer loop
      vertex 4.56571 5.43 44.4
      vertex 4.6 6.7 44.4
      vertex 4.6 5.43 44.4
    endloop
  endfacet
  facet normal -0 0 -1
    outer loop
      vertex 4.6 6.7 44.4
      vertex 4.56571 5.43 44.4
      vertex 4.1575 6.7 44.4
    endloop
  endfacet
  facet normal 0.994999 -2.39665e-06 0.0998831
    outer loop
      vertex 3.95 3.9 53.075
      vertex 4.41309 5.43 48.4619
      vertex 4.6 6.7 46.6
    endloop
  endfacet
  facet normal 0.994999 0 0.0998838
    outer loop
      vertex 3.95 3.9 53.075
      vertex 4.41309 5.37 48.4619
      vertex 4.41309 5.43 48.4619
    endloop
  endfacet
  facet normal 0.994999 -0 0.0998838
    outer loop
      vertex 3.95 2.5 53.075
      vertex 4.41309 5.37 48.4619
      vertex 3.95 3.9 53.075
    endloop
  endfacet
  facet normal 0.994999 0 0.0998847
    outer loop
      vertex 4.41309 5.37 48.4619
      vertex 4.6 3.3 46.6
      vertex 4.6 3.82977 46.6
    endloop
  endfacet
  facet normal 0.994999 4.84379e-07 0.0998841
    outer loop
      vertex 4.41309 5.37 48.4619
      vertex 3.95 2.5 53.075
      vertex 4.6 3.3 46.6
    endloop
  endfacet
  facet normal 0.994999 0 0.0998847
    outer loop
      vertex 4.6 6.7 46.6
      vertex 4.41309 5.43 48.4619
      vertex 4.6 5.43 46.6
    endloop
  endfacet
  facet normal -0.776096 -0.630615 -4.0956e-06
    outer loop
      vertex 2.65 2.5 52.525
      vertex 2.02978 3.26334 46.8967
      vertex 2.18111 3.0771 46.6639
    endloop
  endfacet
  facet normal -0.776111 -0.630596 0
    outer loop
      vertex 2.02978 3.26334 46.8967
      vertex 2.65 2.5 52.525
      vertex 2.65 2.5 53.075
    endloop
  endfacet
  facet normal 0 0.917858 0.39691
    outer loop
      vertex 3.95 3.9 53.075
      vertex 2.8442 6.27067 47.5928
      vertex 2.65 3.9 53.075
    endloop
  endfacet
  facet normal -6.14131e-06 0.917857 0.396911
    outer loop
      vertex 4.6 6.7 46.6
      vertex 2.8442 6.27067 47.5928
      vertex 3.95 3.9 53.075
    endloop
  endfacet
  facet normal -8.2553e-05 0.917906 0.396797
    outer loop
      vertex 2.8442 6.27067 47.5928
      vertex 4.6 6.7 46.6
      vertex 2.98247 6.33626 47.4411
    endloop
  endfacet
  facet normal 0 0.917849 0.396931
    outer loop
      vertex 2.98247 6.33626 47.4411
      vertex 4.6 6.7 46.6
      vertex 3.74917 6.7 46.6
    endloop
  endfacet
  facet normal 0 0.917858 0.39691
    outer loop
      vertex 2.65 3.9 53.075
      vertex 2.8442 6.27067 47.5928
      vertex 2.09967 6.27067 47.5928
    endloop
  endfacet
  facet normal -0 -0.995188 -0.0979889
    outer loop
      vertex 3.7176 3.0771 46.6639
      vertex 2.65 2.5 52.525
      vertex 2.18111 3.0771 46.6639
    endloop
  endfacet
  facet normal 0 -0.995188 -0.0979889
    outer loop
      vertex 2.65 2.5 52.525
      vertex 3.7176 3.0771 46.6639
      vertex 3.95 2.5 52.525
    endloop
  endfacet
  facet normal -4.61254e-07 -0.995188 -0.0979889
    outer loop
      vertex 3.95 2.5 52.525
      vertex 3.7176 3.0771 46.6639
      vertex 4.47351 3.14433 45.9811
    endloop
  endfacet
  facet normal 0 -1 0
    outer loop
      vertex 2.65 2.5 52.525
      vertex 3.95 2.5 53.075
      vertex 2.65 2.5 53.075
    endloop
  endfacet
  facet normal 0 -1 -0
    outer loop
      vertex 3.95 2.5 53.075
      vertex 2.65 2.5 52.525
      vertex 3.95 2.5 52.525
    endloop
  endfacet
  facet normal 0 1 -0
    outer loop
      vertex -4.1575 6.7 46.1917
      vertex -4.6 6.7 46.6
      vertex -3.74917 6.7 46.6
    endloop
  endfacet
  facet normal 0 1 0
    outer loop
      vertex -4.6 6.7 44.4
      vertex -4.1575 6.7 46.1917
      vertex -4.1575 6.7 44.4
    endloop
  endfacet
  facet normal 0 1 0
    outer loop
      vertex -4.1575 6.7 46.1917
      vertex -4.6 6.7 44.4
      vertex -4.6 6.7 46.6
    endloop
  endfacet
  facet normal -1 0 0
    outer loop
      vertex -4.6 5.43 44.4
      vertex -4.6 6.7 46.6
      vertex -4.6 6.7 44.4
    endloop
  endfacet
  facet normal -1 -0 0
    outer loop
      vertex -4.6 6.7 46.6
      vertex -4.6 5.43 44.4
      vertex -4.6 5.43 46.6
    endloop
  endfacet
  facet normal -1 -0 0
    outer loop
      vertex -4.6 3.82977 46.6
      vertex -4.6 3.3 46.0239
      vertex -4.6 3.3 46.6
    endloop
  endfacet
  facet normal 0.776111 -0.630596 0
    outer loop
      vertex -2.65 2.5 52.525
      vertex -2.02978 3.26334 46.8967
      vertex -2.65 2.5 53.075
    endloop
  endfacet
  facet normal 0.776096 -0.630615 -4.0956e-06
    outer loop
      vertex -2.02978 3.26334 46.8967
      vertex -2.65 2.5 52.525
      vertex -2.18111 3.0771 46.6639
    endloop
  endfacet
  facet normal -0 0 1
    outer loop
      vertex -3.95 3.9 53.075
      vertex -2.65 2.5 53.075
      vertex -2.65 3.9 53.075
    endloop
  endfacet
  facet normal 0 0 1
    outer loop
      vertex -2.65 2.5 53.075
      vertex -3.95 3.9 53.075
      vertex -3.95 2.5 53.075
    endloop
  endfacet
  facet normal -0.994999 0 0.0998847
    outer loop
      vertex -4.41309 5.43 48.4619
      vertex -4.6 6.7 46.6
      vertex -4.6 5.43 46.6
    endloop
  endfacet
  facet normal -0.994999 -2.39665e-06 0.0998831
    outer loop
      vertex -4.41309 5.43 48.4619
      vertex -3.95 3.9 53.075
      vertex -4.6 6.7 46.6
    endloop
  endfacet
  facet normal -0.994999 0 0.0998838
    outer loop
      vertex -4.41309 5.37 48.4619
      vertex -3.95 3.9 53.075
      vertex -4.41309 5.43 48.4619
    endloop
  endfacet
  facet normal -0.994999 0 0.0998847
    outer loop
      vertex -4.6 3.3 46.6
      vertex -4.41309 5.37 48.4619
      vertex -4.6 3.82977 46.6
    endloop
  endfacet
  facet normal -0.994999 4.84379e-07 0.0998841
    outer loop
      vertex -3.95 2.5 53.075
      vertex -4.41309 5.37 48.4619
      vertex -4.6 3.3 46.6
    endloop
  endfacet
  facet normal -0.994999 0 0.0998838
    outer loop
      vertex -4.41309 5.37 48.4619
      vertex -3.95 2.5 53.075
      vertex -3.95 3.9 53.075
    endloop
  endfacet
  facet normal 0 0 -1
    outer loop
      vertex -4.6 6.7 44.4
      vertex -4.56571 5.43 44.4
      vertex -4.6 5.43 44.4
    endloop
  endfacet
  facet normal 0 0 -1
    outer loop
      vertex -4.56571 5.43 44.4
      vertex -4.6 6.7 44.4
      vertex -4.1575 6.7 44.4
    endloop
  endfacet
  facet normal -0 0.917858 0.39691
    outer loop
      vertex -2.8442 6.27067 47.5928
      vertex -2.65 3.9 53.075
      vertex -2.09967 6.27067 47.5928
    endloop
  endfacet
  facet normal 0 0.917858 0.39691
    outer loop
      vertex -2.65 3.9 53.075
      vertex -2.8442 6.27067 47.5928
      vertex -3.95 3.9 53.075
    endloop
  endfacet
  facet normal 8.2553e-05 0.917906 0.396797
    outer loop
      vertex -4.6 6.7 46.6
      vertex -2.8442 6.27067 47.5928
      vertex -2.98247 6.33626 47.4411
    endloop
  endfacet
  facet normal -0 0.917849 0.396931
    outer loop
      vertex -4.6 6.7 46.6
      vertex -2.98247 6.33626 47.4411
      vertex -3.74917 6.7 46.6
    endloop
  endfacet
  facet normal 6.14131e-06 0.917857 0.396911
    outer loop
      vertex -2.8442 6.27067 47.5928
      vertex -4.6 6.7 46.6
      vertex -3.95 3.9 53.075
    endloop
  endfacet
  facet normal 0.994916 0.00187637 0.100686
    outer loop
      vertex -2.65 3.9 53.075
      vertex -2.29413 5.43 49.53
      vertex -2.09967 6.27067 47.5928
    endloop
  endfacet
  facet normal 0.994999 0 0.0998844
    outer loop
      vertex -2.65 3.9 53.075
      vertex -2.29413 5.37 49.53
      vertex -2.29413 5.43 49.53
    endloop
  endfacet
  facet normal 0.994999 -0 0.0998844
    outer loop
      vertex -2.65 2.5 53.075
      vertex -2.29413 5.37 49.53
      vertex -2.65 3.9 53.075
    endloop
  endfacet
  facet normal 0.994999 5.48235e-07 0.0998849
    outer loop
      vertex -2.29413 5.37 49.53
      vertex -2.65 2.5 53.075
      vertex -2.02978 3.26334 46.8967
    endloop
  endfacet
  facet normal 0.994999 1.38236e-05 0.099886
    outer loop
      vertex -2.09967 6.27067 47.5928
      vertex -2.29413 5.43 49.53
      vertex -2.10268 5.43 47.6229
    endloop
  endfacet
  facet normal 0 -0.995188 -0.0979889
    outer loop
      vertex -3.95 2.5 52.525
      vertex -3.7176 3.0771 46.6639
      vertex -2.65 2.5 52.525
    endloop
  endfacet
  facet normal 4.61254e-07 -0.995188 -0.0979889
    outer loop
      vertex -3.7176 3.0771 46.6639
      vertex -3.95 2.5 52.525
      vertex -4.47351 3.14433 45.9811
    endloop
  endfacet
  facet normal 0 -0.995188 -0.0979889
    outer loop
      vertex -2.65 2.5 52.525
      vertex -3.7176 3.0771 46.6639
      vertex -2.18111 3.0771 46.6639
    endloop
  endfacet
  facet normal 0 -1 0
    outer loop
      vertex -3.95 2.5 52.525
      vertex -2.65 2.5 53.075
      vertex -3.95 2.5 53.075
    endloop
  endfacet
  facet normal 0 -1 -0
    outer loop
      vertex -2.65 2.5 53.075
      vertex -3.95 2.5 52.525
      vertex -2.65 2.5 52.525
    endloop
  endfacet
  facet normal -0.776094 -0.630617 0
    outer loop
      vertex -4.47351 3.14433 45.9811
      vertex -4.6 3.3 46.6
      vertex -4.6 3.3 46.0239
    endloop
  endfacet
  facet normal -0.776101 -0.630609 -3.55893e-06
    outer loop
      vertex -3.95 2.5 52.525
      vertex -4.6 3.3 46.6
      vertex -4.47351 3.14433 45.9811
    endloop
  endfacet
  facet normal -0.776114 -0.630593 0
    outer loop
      vertex -4.6 3.3 46.6
      vertex -3.95 2.5 52.525
      vertex -3.95 2.5 53.075
    endloop
  endfacet
  facet normal 0 -0.928485 0.37137
    outer loop
      vertex 5.5381 3.79758 43.2439
      vertex 6.8 4.1 44
      vertex 6.4 4.1 44
    endloop
  endfacet
  facet normal -1.96148e-05 -0.928474 0.371398
    outer loop
      vertex 6.8 4.1 44
      vertex 5.5381 3.79758 43.2439
      vertex 5.62969 3.43125 42.3281
    endloop
  endfacet
  facet normal 0 1 -0
    outer loop
      vertex 5.05 5.7 38.9
      vertex 4.47893 5.7 41.5
      vertex 5.05 5.7 41.5
    endloop
  endfacet
  facet normal 0 1 0
    outer loop
      vertex 4.47893 5.7 41.5
      vertex 5.05 5.7 38.9
      vertex 4.47893 5.7 38.9
    endloop
  endfacet
  facet normal 0 0 -1
    outer loop
      vertex 4.56571 5.43 38.9
      vertex 5.05 5.7 38.9
      vertex 5.05 5.43 38.9
    endloop
  endfacet
  facet normal -0 0 -1
    outer loop
      vertex 5.05 5.7 38.9
      vertex 4.56571 5.43 38.9
      vertex 4.47893 5.7 38.9
    endloop
  endfacet
  facet normal -0.659426 0 0.751769
    outer loop
      vertex 5.13 5.43 42.886
      vertex 6.4 4.1 44
      vertex 6.4 5.5 44
    endloop
  endfacet
  facet normal -0.659452 -4.44053e-05 0.751746
    outer loop
      vertex 6.4 4.1 44
      vertex 5.13 5.43 42.886
      vertex 5.5381 3.79758 43.2439
    endloop
  endfacet
  facet normal -0.659426 5.0735e-06 0.751769
    outer loop
      vertex 4.50036 5.63331 42.3337
      vertex 5.13 5.43 42.886
      vertex 6.4 5.5 44
    endloop
  endfacet
  facet normal -0.659444 -9.45738e-05 0.751753
    outer loop
      vertex 5.13 5.43 42.886
      vertex 4.50036 5.63331 42.3337
      vertex 4.56571 5.43 42.391
    endloop
  endfacet
  facet normal 1 -0 0
    outer loop
      vertex 6.8 4.1 44
      vertex 6.8 5.5 43.6
      vertex 6.8 5.5 44
    endloop
  endfacet
  facet normal 1 0 0
    outer loop
      vertex 6.8 5.5 43.6
      vertex 6.8 4.1 44
      vertex 6.8 4.1 43.6
    endloop
  endfacet
  facet normal 0.937145 0 -0.348939
    outer loop
      vertex 5.62969 3.43125 40.4569
      vertex 6.8 5.5 43.6
      vertex 6.8 4.1 43.6
    endloop
  endfacet
  facet normal 0.937145 2.02967e-06 -0.34894
    outer loop
      vertex 6.8 5.5 43.6
      vertex 5.62969 3.43125 40.4569
      vertex 5.13 5.43 39.1149
    endloop
  endfacet
  facet normal 0.937145 -5.73285e-05 -0.34894
    outer loop
      vertex 5.13 5.43 39.1149
      vertex 5.05 5.7 38.9
      vertex 6.8 5.5 43.6
    endloop
  endfacet
  facet normal 0.937169 0 -0.348876
    outer loop
      vertex 5.05 5.7 38.9
      vertex 5.13 5.43 39.1149
      vertex 5.05 5.43 38.9
    endloop
  endfacet
  facet normal 0.49614 -0.868243 0
    outer loop
      vertex 5.62969 3.43125 42.3281
      vertex 6.8 4.1 43.6
      vertex 6.8 4.1 44
    endloop
  endfacet
  facet normal 0.49614 -0.868243 0
    outer loop
      vertex 6.8 4.1 43.6
      vertex 5.62969 3.43125 42.3281
      vertex 5.62969 3.43125 40.4569
    endloop
  endfacet
  facet normal -0 0 1
    outer loop
      vertex 6.4 5.5 44
      vertex 6.8 4.1 44
      vertex 6.8 5.5 44
    endloop
  endfacet
  facet normal 0 0 1
    outer loop
      vertex 6.8 4.1 44
      vertex 6.4 5.5 44
      vertex 6.4 4.1 44
    endloop
  endfacet
  facet normal 0 0.996815 0.0797452
    outer loop
      vertex 5.05 5.7 41.5
      vertex 6.4 5.5 44
      vertex 6.8 5.5 44
    endloop
  endfacet
  facet normal 5.98186e-06 0.996816 0.079742
    outer loop
      vertex 6.4 5.5 44
      vertex 5.05 5.7 41.5
      vertex 4.50036 5.63331 42.3337
    endloop
  endfacet
  facet normal 0 0.996816 0.0797381
    outer loop
      vertex 4.50036 5.63331 42.3337
      vertex 5.05 5.7 41.5
      vertex 4.47893 5.7 41.5
    endloop
  endfacet
  facet normal 0.113547 0.993533 -0
    outer loop
      vertex 6.8 5.5 43.6
      vertex 5.05 5.7 41.5
      vertex 6.8 5.5 44
    endloop
  endfacet
  facet normal 0.113547 0.993533 0
    outer loop
      vertex 5.05 5.7 41.5
      vertex 6.8 5.5 43.6
      vertex 5.05 5.7 38.9
    endloop
  endfacet
  facet normal -0 0 1
    outer loop
      vertex -6.8 5.5 44
      vertex -6.4 4.1 44
      vertex -6.4 5.5 44
    endloop
  endfacet
  facet normal 0 0 1
    outer loop
      vertex -6.4 4.1 44
      vertex -6.8 5.5 44
      vertex -6.8 4.1 44
    endloop
  endfacet
  facet normal 0 -0.928485 0.37137
    outer loop
      vertex -6.8 4.1 44
      vertex -5.5381 3.79758 43.2439
      vertex -6.4 4.1 44
    endloop
  endfacet
  facet normal 1.96148e-05 -0.928474 0.371398
    outer loop
      vertex -5.5381 3.79758 43.2439
      vertex -6.8 4.1 44
      vertex -5.62969 3.43125 42.3281
    endloop
  endfacet
  facet normal 0 0 -1
    outer loop
      vertex -5.05 5.7 38.9
      vertex -4.56571 5.43 38.9
      vertex -5.05 5.43 38.9
    endloop
  endfacet
  facet normal 0 0 -1
    outer loop
      vertex -4.56571 5.43 38.9
      vertex -5.05 5.7 38.9
      vertex -4.47893 5.7 38.9
    endloop
  endfacet
  facet normal -5.98186e-06 0.996816 0.079742
    outer loop
      vertex -5.05 5.7 41.5
      vertex -6.4 5.5 44
      vertex -4.50036 5.63331 42.3337
    endloop
  endfacet
  facet normal -0 0.996816 0.0797381
    outer loop
      vertex -5.05 5.7 41.5
      vertex -4.50036 5.63331 42.3337
      vertex -4.47893 5.7 41.5
    endloop
  endfacet
  facet normal 0 0.996815 0.0797452
    outer loop
      vertex -6.4 5.5 44
      vertex -5.05 5.7 41.5
      vertex -6.8 5.5 44
    endloop
  endfacet
  facet normal -1 0 0
    outer loop
      vertex -6.8 4.1 43.6
      vertex -6.8 5.5 44
      vertex -6.8 5.5 43.6
    endloop
  endfacet
  facet normal -1 -0 0
    outer loop
      vertex -6.8 5.5 44
      vertex -6.8 4.1 43.6
      vertex -6.8 4.1 44
    endloop
  endfacet
  facet normal 0.659444 -9.45738e-05 0.751753
    outer loop
      vertex -4.50036 5.63331 42.3337
      vertex -5.13 5.43 42.886
      vertex -4.56571 5.43 42.391
    endloop
  endfacet
  facet normal 0.659426 5.0735e-06 0.751769
    outer loop
      vertex -6.4 5.5 44
      vertex -5.13 5.43 42.886
      vertex -4.50036 5.63331 42.3337
    endloop
  endfacet
  facet normal 0.659426 -0 0.751769
    outer loop
      vertex -6.4 4.1 44
      vertex -5.13 5.43 42.886
      vertex -6.4 5.5 44
    endloop
  endfacet
  facet normal 0.659452 -4.44053e-05 0.751746
    outer loop
      vertex -5.13 5.43 42.886
      vertex -6.4 4.1 44
      vertex -5.5381 3.79758 43.2439
    endloop
  endfacet
  facet normal -0.113547 0.993533 0
    outer loop
      vertex -5.05 5.7 41.5
      vertex -6.8 5.5 43.6
      vertex -6.8 5.5 44
    endloop
  endfacet
  facet normal -0.113547 0.993533 0
    outer loop
      vertex -6.8 5.5 43.6
      vertex -5.05 5.7 41.5
      vertex -5.05 5.7 38.9
    endloop
  endfacet
  facet normal 0 1 -0
    outer loop
      vertex -4.47893 5.7 38.9
      vertex -5.05 5.7 41.5
      vertex -4.47893 5.7 41.5
    endloop
  endfacet
  facet normal 0 1 0
    outer loop
      vertex -5.05 5.7 41.5
      vertex -4.47893 5.7 38.9
      vertex -5.05 5.7 38.9
    endloop
  endfacet
  facet normal -0.937169 0 -0.348876
    outer loop
      vertex -5.13 5.43 39.1149
      vertex -5.05 5.7 38.9
      vertex -5.05 5.43 38.9
    endloop
  endfacet
  facet normal -0.937145 -5.73285e-05 -0.34894
    outer loop
      vertex -5.05 5.7 38.9
      vertex -5.13 5.43 39.1149
      vertex -6.8 5.5 43.6
    endloop
  endfacet
  facet normal -0.937145 2.02967e-06 -0.34894
    outer loop
      vertex -5.62969 3.43125 40.4569
      vertex -6.8 5.5 43.6
      vertex -5.13 5.43 39.1149
    endloop
  endfacet
  facet normal -0.937145 -0 -0.348939
    outer loop
      vertex -6.8 5.5 43.6
      vertex -5.62969 3.43125 40.4569
      vertex -6.8 4.1 43.6
    endloop
  endfacet
  facet normal -0.49614 -0.868243 0
    outer loop
      vertex -6.8 4.1 43.6
      vertex -5.62969 3.43125 42.3281
      vertex -6.8 4.1 44
    endloop
  endfacet
  facet normal -0.49614 -0.868243 -0
    outer loop
      vertex -5.62969 3.43125 42.3281
      vertex -6.8 4.1 43.6
      vertex -5.62969 3.43125 40.4569
    endloop
  endfacet
  facet normal -0.587794 -0.80901 0
    outer loop
      vertex 5.26106 2.61742 0.799999
      vertex 5.57601 2.38859 3
      vertex 5.26106 2.61742 3
    endloop
  endfacet
  facet normal -0.587794 -0.80901 -0
    outer loop
      vertex 5.57601 2.38859 3
      vertex 5.26106 2.61742 0.799999
      vertex 5.57601 2.38859 0.799999
    endloop
  endfacet
  facet normal 0.481747 -0.87631 0
    outer loop
      vertex 1.93894 2.61742 0.799999
      vertex 2.28008 2.80496 3
      vertex 1.93894 2.61742 3
    endloop
  endfacet
  facet normal 0.481747 -0.87631 0
    outer loop
      vertex 2.28008 2.80496 3
      vertex 1.93894 2.61742 0.799999
      vertex 2.28008 2.80496 0.799999
    endloop
  endfacet
  facet normal 0.951058 -0.309012 0
    outer loop
      vertex 0.597392 0.770938 3
      vertex 0.717692 1.14119 0.799999
      vertex 0.717692 1.14119 3
    endloop
  endfacet
  facet normal 0.951058 -0.309012 0
    outer loop
      vertex 0.717692 1.14119 0.799999
      vertex 0.597392 0.770938 3
      vertex 0.597392 0.770938 0.799999
    endloop
  endfacet
  facet normal -0.951058 0.309012 0
    outer loop
      vertex 6.48231 -1.14119 0.799999
      vertex 6.60261 -0.770938 3
      vertex 6.60261 -0.770938 0.799999
    endloop
  endfacet
  facet normal -0.951058 0.309012 0
    outer loop
      vertex 6.60261 -0.770938 3
      vertex 6.48231 -1.14119 0.799999
      vertex 6.48231 -1.14119 3
    endloop
  endfacet
  facet normal 0.368116 0.92978 -0
    outer loop
      vertex 2.64205 -2.94827 0.799999
      vertex 2.28008 -2.80496 3
      vertex 2.64205 -2.94827 3
    endloop
  endfacet
  facet normal 0.368116 0.92978 0
    outer loop
      vertex 2.28008 -2.80496 3
      vertex 2.64205 -2.94827 0.799999
      vertex 2.28008 -2.80496 0.799999
    endloop
  endfacet
  facet normal -0.904823 -0.425787 0
    outer loop
      vertex 6.48231 1.14119 0.799999
      vertex 6.31655 1.49344 3
      vertex 6.31655 1.49344 0.799999
    endloop
  endfacet
  facet normal -0.904823 -0.425787 0
    outer loop
      vertex 6.31655 1.49344 3
      vertex 6.48231 1.14119 0.799999
      vertex 6.48231 1.14119 3
    endloop
  endfacet
  facet normal -0.982286 -0.187387 0
    outer loop
      vertex 6.67556 0.388533 0.799999
      vertex 6.60261 0.770938 3
      vertex 6.60261 0.770938 0.799999
    endloop
  endfacet
  facet normal -0.982286 -0.187387 0
    outer loop
      vertex 6.60261 0.770938 3
      vertex 6.67556 0.388533 0.799999
      vertex 6.67556 0.388533 3
    endloop
  endfacet
  facet normal -0.84432 -0.53584 0
    outer loop
      vertex 6.31655 1.49344 0.799999
      vertex 6.10795 1.82213 3
      vertex 6.10795 1.82213 0.799999
    endloop
  endfacet
  facet normal -0.84432 -0.53584 0
    outer loop
      vertex 6.10795 1.82213 3
      vertex 6.31655 1.49344 0.799999
      vertex 6.31655 1.49344 3
    endloop
  endfacet
  facet normal -0.368116 -0.92978 0
    outer loop
      vertex 4.55795 2.94827 0.799999
      vertex 4.91992 2.80496 3
      vertex 4.55795 2.94827 3
    endloop
  endfacet
  facet normal -0.368116 -0.92978 -0
    outer loop
      vertex 4.91992 2.80496 3
      vertex 4.55795 2.94827 0.799999
      vertex 4.91992 2.80496 0.799999
    endloop
  endfacet
  facet normal 0 -1 0
    outer loop
      vertex 3.40535 3.09388 0.799999
      vertex 3.79465 3.09388 3
      vertex 3.40535 3.09388 3
    endloop
  endfacet
  facet normal 0 -1 -0
    outer loop
      vertex 3.79465 3.09388 3
      vertex 3.40535 3.09388 0.799999
      vertex 3.79465 3.09388 0.799999
    endloop
  endfacet
  facet normal 0 0 1
    outer loop
      vertex 6.67556 0.388533 0.799999
      vertex 6.67556 -0.388533 0.799999
      vertex 6.7 0 0.799999
    endloop
  endfacet
  facet normal 0 0 1
    outer loop
      vertex 6.60261 0.770938 0.799999
      vertex 6.67556 -0.388533 0.799999
      vertex 6.67556 0.388533 0.799999
    endloop
  endfacet
  facet normal 0 0 1
    outer loop
      vertex 6.60261 0.770938 0.799999
      vertex 6.60261 -0.770938 0.799999
      vertex 6.67556 -0.388533 0.799999
    endloop
  endfacet
  facet normal 0 0 1
    outer loop
      vertex 6.48231 1.14119 0.799999
      vertex 6.60261 -0.770938 0.799999
      vertex 6.60261 0.770938 0.799999
    endloop
  endfacet
  facet normal 0 0 1
    outer loop
      vertex 6.48231 1.14119 0.799999
      vertex 6.48231 -1.14119 0.799999
      vertex 6.60261 -0.770938 0.799999
    endloop
  endfacet
  facet normal 0 0 1
    outer loop
      vertex 6.31655 1.49344 0.799999
      vertex 6.48231 -1.14119 0.799999
      vertex 6.48231 1.14119 0.799999
    endloop
  endfacet
  facet normal 0 0 1
    outer loop
      vertex 6.31655 1.49344 0.799999
      vertex 6.31655 -1.49344 0.799999
      vertex 6.48231 -1.14119 0.799999
    endloop
  endfacet
  facet normal 0 0 1
    outer loop
      vertex 6.10795 1.82213 0.799999
      vertex 6.31655 -1.49344 0.799999
      vertex 6.31655 1.49344 0.799999
    endloop
  endfacet
  facet normal 0 0 1
    outer loop
      vertex 6.10795 1.82213 0.799999
      vertex 6.10795 -1.82213 0.799999
      vertex 6.31655 -1.49344 0.799999
    endloop
  endfacet
  facet normal 0 0 1
    outer loop
      vertex 5.8598 2.1221 0.799999
      vertex 6.10795 -1.82213 0.799999
      vertex 6.10795 1.82213 0.799999
    endloop
  endfacet
  facet normal 0 0 1
    outer loop
      vertex 5.8598 2.1221 0.799999
      vertex 5.8598 -2.1221 0.799999
      vertex 6.10795 -1.82213 0.799999
    endloop
  endfacet
  facet normal 0 0 1
    outer loop
      vertex 5.57601 2.38859 0.799999
      vertex 5.8598 -2.1221 0.799999
      vertex 5.8598 2.1221 0.799999
    endloop
  endfacet
  facet normal 0 0 1
    outer loop
      vertex 5.57601 2.38859 0.799999
      vertex 5.57601 -2.38859 0.799999
      vertex 5.8598 -2.1221 0.799999
    endloop
  endfacet
  facet normal 0 0 1
    outer loop
      vertex 5.26106 2.61742 0.799999
      vertex 5.57601 -2.38859 0.799999
      vertex 5.57601 2.38859 0.799999
    endloop
  endfacet
  facet normal 0 0 1
    outer loop
      vertex 5.26106 2.61742 0.799999
      vertex 5.26106 -2.61742 0.799999
      vertex 5.57601 -2.38859 0.799999
    endloop
  endfacet
  facet normal 0 0 1
    outer loop
      vertex 4.91992 2.80496 0.799999
      vertex 5.26106 -2.61742 0.799999
      vertex 5.26106 2.61742 0.799999
    endloop
  endfacet
  facet normal 0 0 1
    outer loop
      vertex 4.91992 2.80496 0.799999
      vertex 4.91992 -2.80496 0.799999
      vertex 5.26106 -2.61742 0.799999
    endloop
  endfacet
  facet normal 0 0 1
    outer loop
      vertex 4.55795 2.94827 0.799999
      vertex 4.91992 -2.80496 0.799999
      vertex 4.91992 2.80496 0.799999
    endloop
  endfacet
  facet normal 0 0 1
    outer loop
      vertex 4.55795 2.94827 0.799999
      vertex 4.55795 -2.94827 0.799999
      vertex 4.91992 -2.80496 0.799999
    endloop
  endfacet
  facet normal 0 0 1
    outer loop
      vertex 4.18088 3.04509 0.799999
      vertex 4.55795 -2.94827 0.799999
      vertex 4.55795 2.94827 0.799999
    endloop
  endfacet
  facet normal 0 0 1
    outer loop
      vertex 4.18088 3.04509 0.799999
      vertex 4.18088 -3.04509 0.799999
      vertex 4.55795 -2.94827 0.799999
    endloop
  endfacet
  facet normal 0 0 1
    outer loop
      vertex 3.79465 3.09388 0.799999
      vertex 4.18088 -3.04509 0.799999
      vertex 4.18088 3.04509 0.799999
    endloop
  endfacet
  facet normal 0 0 1
    outer loop
      vertex 3.79465 3.09388 0.799999
      vertex 3.79465 -3.09388 0.799999
      vertex 4.18088 -3.04509 0.799999
    endloop
  endfacet
  facet normal -0 0 1
    outer loop
      vertex 3.40535 3.09388 0.799999
      vertex 3.79465 -3.09388 0.799999
      vertex 3.79465 3.09388 0.799999
    endloop
  endfacet
  facet normal 0 0 1
    outer loop
      vertex 3.40535 3.09388 0.799999
      vertex 3.40535 -3.09388 0.799999
      vertex 3.79465 -3.09388 0.799999
    endloop
  endfacet
  facet normal -0 0 1
    outer loop
      vertex 3.01912 3.04509 0.799999
      vertex 3.40535 -3.09388 0.799999
      vertex 3.40535 3.09388 0.799999
    endloop
  endfacet
  facet normal 0 0 1
    outer loop
      vertex 3.01912 3.04509 0.799999
      vertex 3.01912 -3.04509 0.799999
      vertex 3.40535 -3.09388 0.799999
    endloop
  endfacet
  facet normal -0 0 1
    outer loop
      vertex 2.64205 2.94827 0.799999
      vertex 3.01912 -3.04509 0.799999
      vertex 3.01912 3.04509 0.799999
    endloop
  endfacet
  facet normal 0 0 1
    outer loop
      vertex 2.64205 2.94827 0.799999
      vertex 2.64205 -2.94827 0.799999
      vertex 3.01912 -3.04509 0.799999
    endloop
  endfacet
  facet normal -0 0 1
    outer loop
      vertex 2.28008 2.80496 0.799999
      vertex 2.64205 -2.94827 0.799999
      vertex 2.64205 2.94827 0.799999
    endloop
  endfacet
  facet normal 0 0 1
    outer loop
      vertex 2.28008 2.80496 0.799999
      vertex 2.28008 -2.80496 0.799999
      vertex 2.64205 -2.94827 0.799999
    endloop
  endfacet
  facet normal -0 0 1
    outer loop
      vertex 1.93894 2.61742 0.799999
      vertex 2.28008 -2.80496 0.799999
      vertex 2.28008 2.80496 0.799999
    endloop
  endfacet
  facet normal 0 0 1
    outer loop
      vertex 1.93894 2.61742 0.799999
      vertex 1.93894 -2.61742 0.799999
      vertex 2.28008 -2.80496 0.799999
    endloop
  endfacet
  facet normal -0 0 1
    outer loop
      vertex 1.62399 2.38859 0.799999
      vertex 1.93894 -2.61742 0.799999
      vertex 1.93894 2.61742 0.799999
    endloop
  endfacet
  facet normal 0 0 1
    outer loop
      vertex 1.62399 2.38859 0.799999
      vertex 1.62399 -2.38859 0.799999
      vertex 1.93894 -2.61742 0.799999
    endloop
  endfacet
  facet normal -0 0 1
    outer loop
      vertex 1.3402 2.1221 0.799999
      vertex 1.62399 -2.38859 0.799999
      vertex 1.62399 2.38859 0.799999
    endloop
  endfacet
  facet normal 0 0 1
    outer loop
      vertex 1.3402 2.1221 0.799999
      vertex 1.3402 -2.1221 0.799999
      vertex 1.62399 -2.38859 0.799999
    endloop
  endfacet
  facet normal -0 0 1
    outer loop
      vertex 1.09205 1.82213 0.799999
      vertex 1.3402 -2.1221 0.799999
      vertex 1.3402 2.1221 0.799999
    endloop
  endfacet
  facet normal 0 0 1
    outer loop
      vertex 1.09205 1.82213 0.799999
      vertex 1.09205 -1.82213 0.799999
      vertex 1.3402 -2.1221 0.799999
    endloop
  endfacet
  facet normal -0 0 1
    outer loop
      vertex 0.883449 1.49344 0.799999
      vertex 1.09205 -1.82213 0.799999
      vertex 1.09205 1.82213 0.799999
    endloop
  endfacet
  facet normal 0 0 1
    outer loop
      vertex 0.883449 1.49344 0.799999
      vertex 0.883449 -1.49344 0.799999
      vertex 1.09205 -1.82213 0.799999
    endloop
  endfacet
  facet normal -0 0 1
    outer loop
      vertex 0.717692 1.14119 0.799999
      vertex 0.883449 -1.49344 0.799999
      vertex 0.883449 1.49344 0.799999
    endloop
  endfacet
  facet normal 0 0 1
    outer loop
      vertex 0.717692 1.14119 0.799999
      vertex 0.717692 -1.14119 0.799999
      vertex 0.883449 -1.49344 0.799999
    endloop
  endfacet
  facet normal -0 0 1
    outer loop
      vertex 0.597392 0.770938 0.799999
      vertex 0.717692 -1.14119 0.799999
      vertex 0.717692 1.14119 0.799999
    endloop
  endfacet
  facet normal 0 0 1
    outer loop
      vertex 0.597392 0.770938 0.799999
      vertex 0.597392 -0.770938 0.799999
      vertex 0.717692 -1.14119 0.799999
    endloop
  endfacet
  facet normal -0 0 1
    outer loop
      vertex 0.524444 0.388533 0.799999
      vertex 0.597392 -0.770938 0.799999
      vertex 0.597392 0.770938 0.799999
    endloop
  endfacet
  facet normal 0 0 1
    outer loop
      vertex 0.524444 0.388533 0.799999
      vertex 0.524444 -0.388533 0.799999
      vertex 0.597392 -0.770938 0.799999
    endloop
  endfacet
  facet normal 0 -0 1
    outer loop
      vertex 0.524444 -0.388533 0.799999
      vertex 0.524444 0.388533 0.799999
      vertex 0.5 0 0.799999
    endloop
  endfacet
  facet normal 0.998027 -0.0627894 0
    outer loop
      vertex 0.5 0 3
      vertex 0.524444 0.388533 0.799999
      vertex 0.524444 0.388533 3
    endloop
  endfacet
  facet normal 0.998027 -0.0627894 0
    outer loop
      vertex 0.524444 0.388533 0.799999
      vertex 0.5 0 3
      vertex 0.5 0 0.799999
    endloop
  endfacet
  facet normal 0.844319 -0.535841 0
    outer loop
      vertex 0.883449 1.49344 3
      vertex 1.09205 1.82213 0.799999
      vertex 1.09205 1.82213 3
    endloop
  endfacet
  facet normal 0.844319 -0.535841 0
    outer loop
      vertex 1.09205 1.82213 0.799999
      vertex 0.883449 1.49344 3
      vertex 0.883449 1.49344 0.799999
    endloop
  endfacet
  facet normal 0.587794 -0.80901 0
    outer loop
      vertex 1.62399 2.38859 0.799999
      vertex 1.93894 2.61742 3
      vertex 1.62399 2.38859 3
    endloop
  endfacet
  facet normal 0.587794 -0.80901 0
    outer loop
      vertex 1.93894 2.61742 3
      vertex 1.62399 2.38859 0.799999
      vertex 1.93894 2.61742 0.799999
    endloop
  endfacet
  facet normal 0.248702 -0.96858 0
    outer loop
      vertex 2.64205 2.94827 0.799999
      vertex 3.01912 3.04509 3
      vertex 2.64205 2.94827 3
    endloop
  endfacet
  facet normal 0.248702 -0.96858 0
    outer loop
      vertex 3.01912 3.04509 3
      vertex 2.64205 2.94827 0.799999
      vertex 3.01912 3.04509 0.799999
    endloop
  endfacet
  facet normal -0.998027 -0.0627792 0
    outer loop
      vertex 6.7 0 0.799999
      vertex 6.67556 0.388533 3
      vertex 6.67556 0.388533 0.799999
    endloop
  endfacet
  facet normal -0.998027 -0.0627792 0
    outer loop
      vertex 6.67556 0.388533 3
      vertex 6.7 0 0.799999
      vertex 6.7 0 3
    endloop
  endfacet
  facet normal -0.481747 0.87631 0
    outer loop
      vertex 5.26106 -2.61742 0.799999
      vertex 4.91992 -2.80496 3
      vertex 5.26106 -2.61742 3
    endloop
  endfacet
  facet normal -0.481747 0.87631 0
    outer loop
      vertex 4.91992 -2.80496 3
      vertex 5.26106 -2.61742 0.799999
      vertex 4.91992 -2.80496 0.799999
    endloop
  endfacet
  facet normal -0.587794 0.80901 0
    outer loop
      vertex 5.57601 -2.38859 0.799999
      vertex 5.26106 -2.61742 3
      vertex 5.57601 -2.38859 3
    endloop
  endfacet
  facet normal -0.587794 0.80901 0
    outer loop
      vertex 5.26106 -2.61742 3
      vertex 5.57601 -2.38859 0.799999
      vertex 5.26106 -2.61742 0.799999
    endloop
  endfacet
  facet normal -0.84432 0.53584 0
    outer loop
      vertex 6.10795 -1.82213 0.799999
      vertex 6.31655 -1.49344 3
      vertex 6.31655 -1.49344 0.799999
    endloop
  endfacet
  facet normal -0.84432 0.53584 0
    outer loop
      vertex 6.31655 -1.49344 3
      vertex 6.10795 -1.82213 0.799999
      vertex 6.10795 -1.82213 3
    endloop
  endfacet
  facet normal 0 1 -0
    outer loop
      vertex 3.79465 -3.09388 0.799999
      vertex 3.40535 -3.09388 3
      vertex 3.79465 -3.09388 3
    endloop
  endfacet
  facet normal 0 1 0
    outer loop
      vertex 3.40535 -3.09388 3
      vertex 3.79465 -3.09388 0.799999
      vertex 3.40535 -3.09388 0.799999
    endloop
  endfacet
  facet normal 0.587794 0.80901 -0
    outer loop
      vertex 1.93894 -2.61742 0.799999
      vertex 1.62399 -2.38859 3
      vertex 1.93894 -2.61742 3
    endloop
  endfacet
  facet normal 0.587794 0.80901 0
    outer loop
      vertex 1.62399 -2.38859 3
      vertex 1.93894 -2.61742 0.799999
      vertex 1.62399 -2.38859 0.799999
    endloop
  endfacet
  facet normal 0.844319 0.535841 0
    outer loop
      vertex 1.09205 -1.82213 3
      vertex 0.883449 -1.49344 0.799999
      vertex 0.883449 -1.49344 3
    endloop
  endfacet
  facet normal 0.844319 0.535841 0
    outer loop
      vertex 0.883449 -1.49344 0.799999
      vertex 1.09205 -1.82213 3
      vertex 1.09205 -1.82213 0.799999
    endloop
  endfacet
  facet normal -0.951058 -0.309012 0
    outer loop
      vertex 6.60261 0.770938 0.799999
      vertex 6.48231 1.14119 3
      vertex 6.48231 1.14119 0.799999
    endloop
  endfacet
  facet normal -0.951058 -0.309012 0
    outer loop
      vertex 6.48231 1.14119 3
      vertex 6.60261 0.770938 0.799999
      vertex 6.60261 0.770938 3
    endloop
  endfacet
  facet normal -0.770522 -0.637414 0
    outer loop
      vertex 6.10795 1.82213 0.799999
      vertex 5.8598 2.1221 3
      vertex 5.8598 2.1221 0.799999
    endloop
  endfacet
  facet normal -0.770522 -0.637414 0
    outer loop
      vertex 5.8598 2.1221 3
      vertex 6.10795 1.82213 0.799999
      vertex 6.10795 1.82213 3
    endloop
  endfacet
  facet normal -0.684538 -0.728977 0
    outer loop
      vertex 5.57601 2.38859 0.799999
      vertex 5.8598 2.1221 3
      vertex 5.57601 2.38859 3
    endloop
  endfacet
  facet normal -0.684538 -0.728977 -0
    outer loop
      vertex 5.8598 2.1221 3
      vertex 5.57601 2.38859 0.799999
      vertex 5.8598 2.1221 0.799999
    endloop
  endfacet
  facet normal -0.481747 -0.87631 0
    outer loop
      vertex 4.91992 2.80496 0.799999
      vertex 5.26106 2.61742 3
      vertex 4.91992 2.80496 3
    endloop
  endfacet
  facet normal -0.481747 -0.87631 -0
    outer loop
      vertex 5.26106 2.61742 3
      vertex 4.91992 2.80496 0.799999
      vertex 5.26106 2.61742 0.799999
    endloop
  endfacet
  facet normal -0.248702 -0.96858 0
    outer loop
      vertex 4.18088 3.04509 0.799999
      vertex 4.55795 2.94827 3
      vertex 4.18088 3.04509 3
    endloop
  endfacet
  facet normal -0.248702 -0.96858 -0
    outer loop
      vertex 4.55795 2.94827 3
      vertex 4.18088 3.04509 0.799999
      vertex 4.55795 2.94827 0.799999
    endloop
  endfacet
  facet normal -0.125328 -0.992115 0
    outer loop
      vertex 3.79465 3.09388 0.799999
      vertex 4.18088 3.04509 3
      vertex 3.79465 3.09388 3
    endloop
  endfacet
  facet normal -0.125328 -0.992115 -0
    outer loop
      vertex 4.18088 3.04509 3
      vertex 3.79465 3.09388 0.799999
      vertex 4.18088 3.04509 0.799999
    endloop
  endfacet
  facet normal 0 0 -1
    outer loop
      vertex 6.67556 -0.388533 3
      vertex 6.67556 0.388533 3
      vertex 6.7 0 3
    endloop
  endfacet
  facet normal 0 0 -1
    outer loop
      vertex 6.60261 -0.770938 3
      vertex 6.67556 0.388533 3
      vertex 6.67556 -0.388533 3
    endloop
  endfacet
  facet normal 0 0 -1
    outer loop
      vertex 6.60261 -0.770938 3
      vertex 6.60261 0.770938 3
      vertex 6.67556 0.388533 3
    endloop
  endfacet
  facet normal 0 0 -1
    outer loop
      vertex 6.48231 -1.14119 3
      vertex 6.60261 0.770938 3
      vertex 6.60261 -0.770938 3
    endloop
  endfacet
  facet normal 0 0 -1
    outer loop
      vertex 6.48231 -1.14119 3
      vertex 6.48231 1.14119 3
      vertex 6.60261 0.770938 3
    endloop
  endfacet
  facet normal 0 0 -1
    outer loop
      vertex 6.31655 -1.49344 3
      vertex 6.48231 1.14119 3
      vertex 6.48231 -1.14119 3
    endloop
  endfacet
  facet normal 0 0 -1
    outer loop
      vertex 6.31655 -1.49344 3
      vertex 6.31655 1.49344 3
      vertex 6.48231 1.14119 3
    endloop
  endfacet
  facet normal 0 0 -1
    outer loop
      vertex 6.10795 -1.82213 3
      vertex 6.31655 1.49344 3
      vertex 6.31655 -1.49344 3
    endloop
  endfacet
  facet normal 0 0 -1
    outer loop
      vertex 6.10795 -1.82213 3
      vertex 6.10795 1.82213 3
      vertex 6.31655 1.49344 3
    endloop
  endfacet
  facet normal 0 0 -1
    outer loop
      vertex 5.8598 -2.1221 3
      vertex 6.10795 1.82213 3
      vertex 6.10795 -1.82213 3
    endloop
  endfacet
  facet normal 0 0 -1
    outer loop
      vertex 5.8598 -2.1221 3
      vertex 5.8598 2.1221 3
      vertex 6.10795 1.82213 3
    endloop
  endfacet
  facet normal 0 0 -1
    outer loop
      vertex 5.57601 -2.38859 3
      vertex 5.8598 2.1221 3
      vertex 5.8598 -2.1221 3
    endloop
  endfacet
  facet normal 0 0 -1
    outer loop
      vertex 5.57601 -2.38859 3
      vertex 5.57601 2.38859 3
      vertex 5.8598 2.1221 3
    endloop
  endfacet
  facet normal 0 0 -1
    outer loop
      vertex 5.26106 -2.61742 3
      vertex 5.57601 2.38859 3
      vertex 5.57601 -2.38859 3
    endloop
  endfacet
  facet normal 0 0 -1
    outer loop
      vertex 5.26106 -2.61742 3
      vertex 5.26106 2.61742 3
      vertex 5.57601 2.38859 3
    endloop
  endfacet
  facet normal 0 0 -1
    outer loop
      vertex 4.91992 -2.80496 3
      vertex 5.26106 2.61742 3
      vertex 5.26106 -2.61742 3
    endloop
  endfacet
  facet normal 0 0 -1
    outer loop
      vertex 4.91992 -2.80496 3
      vertex 4.91992 2.80496 3
      vertex 5.26106 2.61742 3
    endloop
  endfacet
  facet normal 0 0 -1
    outer loop
      vertex 4.55795 -2.94827 3
      vertex 4.91992 2.80496 3
      vertex 4.91992 -2.80496 3
    endloop
  endfacet
  facet normal 0 0 -1
    outer loop
      vertex 4.55795 -2.94827 3
      vertex 4.55795 2.94827 3
      vertex 4.91992 2.80496 3
    endloop
  endfacet
  facet normal 0 0 -1
    outer loop
      vertex 4.18088 -3.04509 3
      vertex 4.55795 2.94827 3
      vertex 4.55795 -2.94827 3
    endloop
  endfacet
  facet normal 0 0 -1
    outer loop
      vertex 4.18088 -3.04509 3
      vertex 4.18088 3.04509 3
      vertex 4.55795 2.94827 3
    endloop
  endfacet
  facet normal 0 0 -1
    outer loop
      vertex 3.79465 -3.09388 3
      vertex 4.18088 3.04509 3
      vertex 4.18088 -3.04509 3
    endloop
  endfacet
  facet normal 0 0 -1
    outer loop
      vertex 3.79465 -3.09388 3
      vertex 3.79465 3.09388 3
      vertex 4.18088 3.04509 3
    endloop
  endfacet
  facet normal 0 0 -1
    outer loop
      vertex 3.40535 -3.09388 3
      vertex 3.79465 3.09388 3
      vertex 3.79465 -3.09388 3
    endloop
  endfacet
  facet normal 0 0 -1
    outer loop
      vertex 3.40535 -3.09388 3
      vertex 3.40535 3.09388 3
      vertex 3.79465 3.09388 3
    endloop
  endfacet
  facet normal 0 0 -1
    outer loop
      vertex 3.01912 -3.04509 3
      vertex 3.40535 3.09388 3
      vertex 3.40535 -3.09388 3
    endloop
  endfacet
  facet normal 0 0 -1
    outer loop
      vertex 3.01912 -3.04509 3
      vertex 3.01912 3.04509 3
      vertex 3.40535 3.09388 3
    endloop
  endfacet
  facet normal 0 0 -1
    outer loop
      vertex 2.64205 -2.94827 3
      vertex 3.01912 3.04509 3
      vertex 3.01912 -3.04509 3
    endloop
  endfacet
  facet normal 0 0 -1
    outer loop
      vertex 2.64205 -2.94827 3
      vertex 2.64205 2.94827 3
      vertex 3.01912 3.04509 3
    endloop
  endfacet
  facet normal 0 0 -1
    outer loop
      vertex 2.28008 -2.80496 3
      vertex 2.64205 2.94827 3
      vertex 2.64205 -2.94827 3
    endloop
  endfacet
  facet normal 0 0 -1
    outer loop
      vertex 2.28008 -2.80496 3
      vertex 2.28008 2.80496 3
      vertex 2.64205 2.94827 3
    endloop
  endfacet
  facet normal 0 0 -1
    outer loop
      vertex 1.93894 -2.61742 3
      vertex 2.28008 2.80496 3
      vertex 2.28008 -2.80496 3
    endloop
  endfacet
  facet normal 0 0 -1
    outer loop
      vertex 1.93894 -2.61742 3
      vertex 1.93894 2.61742 3
      vertex 2.28008 2.80496 3
    endloop
  endfacet
  facet normal 0 0 -1
    outer loop
      vertex 1.62399 -2.38859 3
      vertex 1.93894 2.61742 3
      vertex 1.93894 -2.61742 3
    endloop
  endfacet
  facet normal 0 0 -1
    outer loop
      vertex 1.62399 -2.38859 3
      vertex 1.62399 2.38859 3
      vertex 1.93894 2.61742 3
    endloop
  endfacet
  facet normal 0 0 -1
    outer loop
      vertex 1.3402 -2.1221 3
      vertex 1.62399 2.38859 3
      vertex 1.62399 -2.38859 3
    endloop
  endfacet
  facet normal 0 0 -1
    outer loop
      vertex 1.3402 -2.1221 3
      vertex 1.3402 2.1221 3
      vertex 1.62399 2.38859 3
    endloop
  endfacet
  facet normal 0 0 -1
    outer loop
      vertex 1.09205 -1.82213 3
      vertex 1.3402 2.1221 3
      vertex 1.3402 -2.1221 3
    endloop
  endfacet
  facet normal 0 0 -1
    outer loop
      vertex 1.09205 -1.82213 3
      vertex 1.09205 1.82213 3
      vertex 1.3402 2.1221 3
    endloop
  endfacet
  facet normal 0 0 -1
    outer loop
      vertex 0.883449 -1.49344 3
      vertex 1.09205 1.82213 3
      vertex 1.09205 -1.82213 3
    endloop
  endfacet
  facet normal 0 0 -1
    outer loop
      vertex 0.883449 -1.49344 3
      vertex 0.883449 1.49344 3
      vertex 1.09205 1.82213 3
    endloop
  endfacet
  facet normal 0 0 -1
    outer loop
      vertex 0.717692 -1.14119 3
      vertex 0.883449 1.49344 3
      vertex 0.883449 -1.49344 3
    endloop
  endfacet
  facet normal 0 0 -1
    outer loop
      vertex 0.717692 -1.14119 3
      vertex 0.717692 1.14119 3
      vertex 0.883449 1.49344 3
    endloop
  endfacet
  facet normal 0 0 -1
    outer loop
      vertex 0.597392 -0.770938 3
      vertex 0.717692 1.14119 3
      vertex 0.717692 -1.14119 3
    endloop
  endfacet
  facet normal 0 0 -1
    outer loop
      vertex 0.597392 -0.770938 3
      vertex 0.597392 0.770938 3
      vertex 0.717692 1.14119 3
    endloop
  endfacet
  facet normal 0 0 -1
    outer loop
      vertex 0.524444 -0.388533 3
      vertex 0.597392 0.770938 3
      vertex 0.597392 -0.770938 3
    endloop
  endfacet
  facet normal 0 0 -1
    outer loop
      vertex 0.524444 -0.388533 3
      vertex 0.524444 0.388533 3
      vertex 0.597392 0.770938 3
    endloop
  endfacet
  facet normal 0 -0 -1
    outer loop
      vertex 0.524444 0.388533 3
      vertex 0.524444 -0.388533 3
      vertex 0.5 0 3
    endloop
  endfacet
  facet normal 0.982287 -0.187382 0
    outer loop
      vertex 0.524444 0.388533 3
      vertex 0.597392 0.770938 0.799999
      vertex 0.597392 0.770938 3
    endloop
  endfacet
  facet normal 0.982287 -0.187382 0
    outer loop
      vertex 0.597392 0.770938 0.799999
      vertex 0.524444 0.388533 3
      vertex 0.524444 0.388533 0.799999
    endloop
  endfacet
  facet normal 0.904826 -0.425781 0
    outer loop
      vertex 0.717692 1.14119 3
      vertex 0.883449 1.49344 0.799999
      vertex 0.883449 1.49344 3
    endloop
  endfacet
  facet normal 0.904826 -0.425781 0
    outer loop
      vertex 0.883449 1.49344 0.799999
      vertex 0.717692 1.14119 3
      vertex 0.717692 1.14119 0.799999
    endloop
  endfacet
  facet normal 0.368116 -0.92978 0
    outer loop
      vertex 2.28008 2.80496 0.799999
      vertex 2.64205 2.94827 3
      vertex 2.28008 2.80496 3
    endloop
  endfacet
  facet normal 0.368116 -0.92978 0
    outer loop
      vertex 2.64205 2.94827 3
      vertex 2.28008 2.80496 0.799999
      vertex 2.64205 2.94827 0.799999
    endloop
  endfacet
  facet normal 0.125328 -0.992115 0
    outer loop
      vertex 3.01912 3.04509 0.799999
      vertex 3.40535 3.09388 3
      vertex 3.01912 3.04509 3
    endloop
  endfacet
  facet normal 0.125328 -0.992115 0
    outer loop
      vertex 3.40535 3.09388 3
      vertex 3.01912 3.04509 0.799999
      vertex 3.40535 3.09388 0.799999
    endloop
  endfacet
  facet normal 0.684538 -0.728977 0
    outer loop
      vertex 1.3402 2.1221 0.799999
      vertex 1.62399 2.38859 3
      vertex 1.3402 2.1221 3
    endloop
  endfacet
  facet normal 0.684538 -0.728977 0
    outer loop
      vertex 1.62399 2.38859 3
      vertex 1.3402 2.1221 0.799999
      vertex 1.62399 2.38859 0.799999
    endloop
  endfacet
  facet normal 0.770522 -0.637414 0
    outer loop
      vertex 1.09205 1.82213 3
      vertex 1.3402 2.1221 0.799999
      vertex 1.3402 2.1221 3
    endloop
  endfacet
  facet normal 0.770522 -0.637414 0
    outer loop
      vertex 1.3402 2.1221 0.799999
      vertex 1.09205 1.82213 3
      vertex 1.09205 1.82213 0.799999
    endloop
  endfacet
  facet normal -0.982286 0.187387 0
    outer loop
      vertex 6.60261 -0.770938 0.799999
      vertex 6.67556 -0.388533 3
      vertex 6.67556 -0.388533 0.799999
    endloop
  endfacet
  facet normal -0.982286 0.187387 0
    outer loop
      vertex 6.67556 -0.388533 3
      vertex 6.60261 -0.770938 0.799999
      vertex 6.60261 -0.770938 3
    endloop
  endfacet
  facet normal -0.125328 0.992115 0
    outer loop
      vertex 4.18088 -3.04509 0.799999
      vertex 3.79465 -3.09388 3
      vertex 4.18088 -3.04509 3
    endloop
  endfacet
  facet normal -0.125328 0.992115 0
    outer loop
      vertex 3.79465 -3.09388 3
      vertex 4.18088 -3.04509 0.799999
      vertex 3.79465 -3.09388 0.799999
    endloop
  endfacet
  facet normal -0.368116 0.92978 0
    outer loop
      vertex 4.91992 -2.80496 0.799999
      vertex 4.55795 -2.94827 3
      vertex 4.91992 -2.80496 3
    endloop
  endfacet
  facet normal -0.368116 0.92978 0
    outer loop
      vertex 4.55795 -2.94827 3
      vertex 4.91992 -2.80496 0.799999
      vertex 4.55795 -2.94827 0.799999
    endloop
  endfacet
  facet normal -0.770522 0.637414 0
    outer loop
      vertex 5.8598 -2.1221 0.799999
      vertex 6.10795 -1.82213 3
      vertex 6.10795 -1.82213 0.799999
    endloop
  endfacet
  facet normal -0.770522 0.637414 0
    outer loop
      vertex 6.10795 -1.82213 3
      vertex 5.8598 -2.1221 0.799999
      vertex 5.8598 -2.1221 3
    endloop
  endfacet
  facet normal -0.684538 0.728977 0
    outer loop
      vertex 5.8598 -2.1221 0.799999
      vertex 5.57601 -2.38859 3
      vertex 5.8598 -2.1221 3
    endloop
  endfacet
  facet normal -0.684538 0.728977 0
    outer loop
      vertex 5.57601 -2.38859 3
      vertex 5.8598 -2.1221 0.799999
      vertex 5.57601 -2.38859 0.799999
    endloop
  endfacet
  facet normal -0.904823 0.425787 0
    outer loop
      vertex 6.31655 -1.49344 0.799999
      vertex 6.48231 -1.14119 3
      vertex 6.48231 -1.14119 0.799999
    endloop
  endfacet
  facet normal -0.904823 0.425787 0
    outer loop
      vertex 6.48231 -1.14119 3
      vertex 6.31655 -1.49344 0.799999
      vertex 6.31655 -1.49344 3
    endloop
  endfacet
  facet normal 0.248702 0.96858 -0
    outer loop
      vertex 3.01912 -3.04509 0.799999
      vertex 2.64205 -2.94827 3
      vertex 3.01912 -3.04509 3
    endloop
  endfacet
  facet normal 0.248702 0.96858 0
    outer loop
      vertex 2.64205 -2.94827 3
      vertex 3.01912 -3.04509 0.799999
      vertex 2.64205 -2.94827 0.799999
    endloop
  endfacet
  facet normal 0.481747 0.87631 -0
    outer loop
      vertex 2.28008 -2.80496 0.799999
      vertex 1.93894 -2.61742 3
      vertex 2.28008 -2.80496 3
    endloop
  endfacet
  facet normal 0.481747 0.87631 0
    outer loop
      vertex 1.93894 -2.61742 3
      vertex 2.28008 -2.80496 0.799999
      vertex 1.93894 -2.61742 0.799999
    endloop
  endfacet
  facet normal 0.904826 0.425781 0
    outer loop
      vertex 0.883449 -1.49344 3
      vertex 0.717692 -1.14119 0.799999
      vertex 0.717692 -1.14119 3
    endloop
  endfacet
  facet normal 0.904826 0.425781 0
    outer loop
      vertex 0.717692 -1.14119 0.799999
      vertex 0.883449 -1.49344 3
      vertex 0.883449 -1.49344 0.799999
    endloop
  endfacet
  facet normal 0.982287 0.187382 0
    outer loop
      vertex 0.597392 -0.770938 3
      vertex 0.524444 -0.388533 0.799999
      vertex 0.524444 -0.388533 3
    endloop
  endfacet
  facet normal 0.982287 0.187382 0
    outer loop
      vertex 0.524444 -0.388533 0.799999
      vertex 0.597392 -0.770938 3
      vertex 0.597392 -0.770938 0.799999
    endloop
  endfacet
  facet normal 0.770522 0.637414 0
    outer loop
      vertex 1.3402 -2.1221 3
      vertex 1.09205 -1.82213 0.799999
      vertex 1.09205 -1.82213 3
    endloop
  endfacet
  facet normal 0.770522 0.637414 0
    outer loop
      vertex 1.09205 -1.82213 0.799999
      vertex 1.3402 -2.1221 3
      vertex 1.3402 -2.1221 0.799999
    endloop
  endfacet
  facet normal 0.998027 0.0627894 0
    outer loop
      vertex 0.524444 -0.388533 3
      vertex 0.5 0 0.799999
      vertex 0.5 0 3
    endloop
  endfacet
  facet normal 0.998027 0.0627894 0
    outer loop
      vertex 0.5 0 0.799999
      vertex 0.524444 -0.388533 3
      vertex 0.524444 -0.388533 0.799999
    endloop
  endfacet
  facet normal -0.998027 0.0627792 0
    outer loop
      vertex 6.67556 -0.388533 0.799999
      vertex 6.7 0 3
      vertex 6.7 0 0.799999
    endloop
  endfacet
  facet normal -0.998027 0.0627792 0
    outer loop
      vertex 6.7 0 3
      vertex 6.67556 -0.388533 0.799999
      vertex 6.67556 -0.388533 3
    endloop
  endfacet
  facet normal -0.248702 0.96858 0
    outer loop
      vertex 4.55795 -2.94827 0.799999
      vertex 4.18088 -3.04509 3
      vertex 4.55795 -2.94827 3
    endloop
  endfacet
  facet normal -0.248702 0.96858 0
    outer loop
      vertex 4.18088 -3.04509 3
      vertex 4.55795 -2.94827 0.799999
      vertex 4.18088 -3.04509 0.799999
    endloop
  endfacet
  facet normal 0.125328 0.992115 -0
    outer loop
      vertex 3.40535 -3.09388 0.799999
      vertex 3.01912 -3.04509 3
      vertex 3.40535 -3.09388 3
    endloop
  endfacet
  facet normal 0.125328 0.992115 0
    outer loop
      vertex 3.01912 -3.04509 3
      vertex 3.40535 -3.09388 0.799999
      vertex 3.01912 -3.04509 0.799999
    endloop
  endfacet
  facet normal 0.951058 0.309012 0
    outer loop
      vertex 0.717692 -1.14119 3
      vertex 0.597392 -0.770938 0.799999
      vertex 0.597392 -0.770938 3
    endloop
  endfacet
  facet normal 0.951058 0.309012 0
    outer loop
      vertex 0.597392 -0.770938 0.799999
      vertex 0.717692 -1.14119 3
      vertex 0.717692 -1.14119 0.799999
    endloop
  endfacet
  facet normal 0.684538 0.728977 -0
    outer loop
      vertex 1.62399 -2.38859 0.799999
      vertex 1.3402 -2.1221 3
      vertex 1.62399 -2.38859 3
    endloop
  endfacet
  facet normal 0.684538 0.728977 0
    outer loop
      vertex 1.3402 -2.1221 3
      vertex 1.62399 -2.38859 0.799999
      vertex 1.3402 -2.1221 0.799999
    endloop
  endfacet
endsolid OpenSCAD_Model
