solid OpenSCAD_Model
  facet normal 0 1 -0
    outer loop
      vertex 5.35757 12.9343 0
      vertex -5.35757 12.9343 3.84
      vertex 5.35757 12.9343 3.84
    endloop
  endfacet
  facet normal 0 1 0
    outer loop
      vertex -5.35757 12.9343 3.84
      vertex 5.35757 12.9343 0
      vertex -5.35757 12.9343 0
    endloop
  endfacet
  facet normal 0.707107 0.707107 0
    outer loop
      vertex 12.9343 5.35757 3.84
      vertex 5.35757 12.9343 0
      vertex 5.35757 12.9343 3.84
    endloop
  endfacet
  facet normal 0.707107 0.707107 0
    outer loop
      vertex 5.35757 12.9343 0
      vertex 12.9343 5.35757 3.84
      vertex 12.9343 5.35757 0
    endloop
  endfacet
  facet normal 1 -0 0
    outer loop
      vertex 12.9343 -5.35757 3.84
      vertex 12.9343 5.35757 0
      vertex 12.9343 5.35757 3.84
    endloop
  endfacet
  facet normal 1 0 0
    outer loop
      vertex 12.9343 5.35757 0
      vertex 12.9343 -5.35757 3.84
      vertex 12.9343 -5.35757 0
    endloop
  endfacet
  facet normal -1 0 0
    outer loop
      vertex -12.9343 -5.35757 0
      vertex -12.9343 5.35757 3.84
      vertex -12.9343 5.35757 0
    endloop
  endfacet
  facet normal -1 -0 0
    outer loop
      vertex -12.9343 5.35757 3.84
      vertex -12.9343 -5.35757 0
      vertex -12.9343 -5.35757 3.84
    endloop
  endfacet
  facet normal -0.707107 -0.707107 0
    outer loop
      vertex -5.35757 -12.9343 0
      vertex -12.9343 -5.35757 3.84
      vertex -12.9343 -5.35757 0
    endloop
  endfacet
  facet normal -0.707107 -0.707107 0
    outer loop
      vertex -12.9343 -5.35757 3.84
      vertex -5.35757 -12.9343 0
      vertex -5.35757 -12.9343 3.84
    endloop
  endfacet
  facet normal -0.707107 0.707107 0
    outer loop
      vertex -12.9343 5.35757 0
      vertex -5.35757 12.9343 3.84
      vertex -5.35757 12.9343 0
    endloop
  endfacet
  facet normal -0.707107 0.707107 0
    outer loop
      vertex -5.35757 12.9343 3.84
      vertex -12.9343 5.35757 0
      vertex -12.9343 5.35757 3.84
    endloop
  endfacet
  facet normal 0.707107 -0.707107 0
    outer loop
      vertex 5.35757 -12.9343 3.84
      vertex 12.9343 -5.35757 0
      vertex 12.9343 -5.35757 3.84
    endloop
  endfacet
  facet normal 0.707107 -0.707107 0
    outer loop
      vertex 12.9343 -5.35757 0
      vertex 5.35757 -12.9343 3.84
      vertex 5.35757 -12.9343 0
    endloop
  endfacet
  facet normal 0 0 -1
    outer loop
      vertex 5.35757 -12.9343 0
      vertex 12.9343 5.35757 0
      vertex 12.9343 -5.35757 0
    endloop
  endfacet
  facet normal 0 0 -1
    outer loop
      vertex 5.35757 -12.9343 0
      vertex 5.35757 12.9343 0
      vertex 12.9343 5.35757 0
    endloop
  endfacet
  facet normal 0 0 -1
    outer loop
      vertex -5.35757 -12.9343 0
      vertex 5.35757 12.9343 0
      vertex 5.35757 -12.9343 0
    endloop
  endfacet
  facet normal 0 0 -1
    outer loop
      vertex -5.35757 -12.9343 0
      vertex -5.35757 12.9343 0
      vertex 5.35757 12.9343 0
    endloop
  endfacet
  facet normal 0 0 -1
    outer loop
      vertex -12.9343 -5.35757 0
      vertex -5.35757 12.9343 0
      vertex -5.35757 -12.9343 0
    endloop
  endfacet
  facet normal 0 0 -1
    outer loop
      vertex -5.35757 12.9343 0
      vertex -12.9343 -5.35757 0
      vertex -12.9343 5.35757 0
    endloop
  endfacet
  facet normal 0 -1 0
    outer loop
      vertex -5.35757 -12.9343 0
      vertex 5.35757 -12.9343 3.84
      vertex -5.35757 -12.9343 3.84
    endloop
  endfacet
  facet normal 0 -1 -0
    outer loop
      vertex 5.35757 -12.9343 3.84
      vertex -5.35757 -12.9343 0
      vertex 5.35757 -12.9343 0
    endloop
  endfacet
  facet normal 0.420093 0.420093 0.804391
    outer loop
      vertex 5.35757 12.9343 3.84
      vertex 11.3637 4.70701 5
      vertex 12.9343 5.35757 3.84
    endloop
  endfacet
  facet normal 0.420093 0.420093 0.804391
    outer loop
      vertex 11.3637 4.70701 5
      vertex 5.35757 12.9343 3.84
      vertex 4.70701 11.3637 5
    endloop
  endfacet
  facet normal -0.420093 0.420093 0.804391
    outer loop
      vertex -5.35757 12.9343 3.84
      vertex -11.3637 4.70701 5
      vertex -4.70701 11.3637 5
    endloop
  endfacet
  facet normal -0.420093 0.420093 0.804391
    outer loop
      vertex -11.3637 4.70701 5
      vertex -5.35757 12.9343 3.84
      vertex -12.9343 5.35757 3.84
    endloop
  endfacet
  facet normal 0.420093 -0.420093 0.804391
    outer loop
      vertex 11.3637 -4.70701 5
      vertex 5.35757 -12.9343 3.84
      vertex 12.9343 -5.35757 3.84
    endloop
  endfacet
  facet normal 0.420093 -0.420093 0.804391
    outer loop
      vertex 5.35757 -12.9343 3.84
      vertex 11.3637 -4.70701 5
      vertex 4.70701 -11.3637 5
    endloop
  endfacet
  facet normal 0 0.5941 0.804391
    outer loop
      vertex 5.35757 12.9343 3.84
      vertex -4.70701 11.3637 5
      vertex 4.70701 11.3637 5
    endloop
  endfacet
  facet normal 0 0.5941 0.804391
    outer loop
      vertex -4.70701 11.3637 5
      vertex 5.35757 12.9343 3.84
      vertex -5.35757 12.9343 3.84
    endloop
  endfacet
  facet normal 0 -0.5941 0.804391
    outer loop
      vertex -4.70701 -11.3637 5
      vertex 5.35757 -12.9343 3.84
      vertex 4.70701 -11.3637 5
    endloop
  endfacet
  facet normal 0 -0.5941 0.804391
    outer loop
      vertex 5.35757 -12.9343 3.84
      vertex -4.70701 -11.3637 5
      vertex -5.35757 -12.9343 3.84
    endloop
  endfacet
  facet normal -0.420093 -0.420093 0.804391
    outer loop
      vertex -11.3637 -4.70701 5
      vertex -5.35757 -12.9343 3.84
      vertex -4.70701 -11.3637 5
    endloop
  endfacet
  facet normal -0.420093 -0.420093 0.804391
    outer loop
      vertex -5.35757 -12.9343 3.84
      vertex -11.3637 -4.70701 5
      vertex -12.9343 -5.35757 3.84
    endloop
  endfacet
  facet normal 0.5941 0 0.804391
    outer loop
      vertex 11.3637 4.70701 5
      vertex 12.9343 -5.35757 3.84
      vertex 12.9343 5.35757 3.84
    endloop
  endfacet
  facet normal 0.5941 0 0.804391
    outer loop
      vertex 12.9343 -5.35757 3.84
      vertex 11.3637 4.70701 5
      vertex 11.3637 -4.70701 5
    endloop
  endfacet
  facet normal -0.5941 0 0.804391
    outer loop
      vertex -12.9343 5.35757 3.84
      vertex -11.3637 -4.70701 5
      vertex -11.3637 4.70701 5
    endloop
  endfacet
  facet normal -0.5941 0 0.804391
    outer loop
      vertex -11.3637 -4.70701 5
      vertex -12.9343 5.35757 3.84
      vertex -12.9343 -5.35757 3.84
    endloop
  endfacet
  facet normal 0.707107 0.707107 0
    outer loop
      vertex 11.3637 4.70701 5.04
      vertex 4.70701 11.3637 5
      vertex 4.70701 11.3637 5.04
    endloop
  endfacet
  facet normal 0.707107 0.707107 0
    outer loop
      vertex 4.70701 11.3637 5
      vertex 11.3637 4.70701 5.04
      vertex 11.3637 4.70701 5
    endloop
  endfacet
  facet normal 0 1 -0
    outer loop
      vertex 4.70701 11.3637 5
      vertex -4.70701 11.3637 5.04
      vertex 4.70701 11.3637 5.04
    endloop
  endfacet
  facet normal 0 1 0
    outer loop
      vertex -4.70701 11.3637 5.04
      vertex 4.70701 11.3637 5
      vertex -4.70701 11.3637 5
    endloop
  endfacet
  facet normal 0.878345 -0 0.478028
    outer loop
      vertex 7.57581 -3.138 12
      vertex 11.3637 4.70701 5.04
      vertex 7.57581 3.138 12
    endloop
  endfacet
  facet normal 0.878345 0 0.478028
    outer loop
      vertex 11.3637 4.70701 5.04
      vertex 7.57581 -3.138 12
      vertex 11.3637 -4.70701 5.04
    endloop
  endfacet
  facet normal 0 -1 0
    outer loop
      vertex -4.70701 -11.3637 5
      vertex 4.70701 -11.3637 5.04
      vertex -4.70701 -11.3637 5.04
    endloop
  endfacet
  facet normal 0 -1 -0
    outer loop
      vertex 4.70701 -11.3637 5.04
      vertex -4.70701 -11.3637 5
      vertex 4.70701 -11.3637 5
    endloop
  endfacet
  facet normal 0 0.878345 0.478028
    outer loop
      vertex 4.70701 11.3637 5.04
      vertex -3.138 7.57581 12
      vertex 3.138 7.57581 12
    endloop
  endfacet
  facet normal 0 0.878345 0.478028
    outer loop
      vertex -3.138 7.57581 12
      vertex 4.70701 11.3637 5.04
      vertex -4.70701 11.3637 5.04
    endloop
  endfacet
  facet normal -0.707107 -0.707107 0
    outer loop
      vertex -4.70701 -11.3637 5
      vertex -11.3637 -4.70701 5.04
      vertex -11.3637 -4.70701 5
    endloop
  endfacet
  facet normal -0.707107 -0.707107 0
    outer loop
      vertex -11.3637 -4.70701 5.04
      vertex -4.70701 -11.3637 5
      vertex -4.70701 -11.3637 5.04
    endloop
  endfacet
  facet normal -0.878345 0 0.478028
    outer loop
      vertex -11.3637 4.70701 5.04
      vertex -7.57581 -3.138 12
      vertex -7.57581 3.138 12
    endloop
  endfacet
  facet normal -0.878345 0 0.478028
    outer loop
      vertex -7.57581 -3.138 12
      vertex -11.3637 4.70701 5.04
      vertex -11.3637 -4.70701 5.04
    endloop
  endfacet
  facet normal 0.707107 -0.707107 0
    outer loop
      vertex 4.70701 -11.3637 5.04
      vertex 11.3637 -4.70701 5
      vertex 11.3637 -4.70701 5.04
    endloop
  endfacet
  facet normal 0.707107 -0.707107 0
    outer loop
      vertex 11.3637 -4.70701 5
      vertex 4.70701 -11.3637 5.04
      vertex 4.70701 -11.3637 5
    endloop
  endfacet
  facet normal -0.621083 0.621083 0.478029
    outer loop
      vertex -11.3637 4.70701 5.04
      vertex -3.138 7.57581 12
      vertex -4.70701 11.3637 5.04
    endloop
  endfacet
  facet normal -0.621083 0.621083 0.478029
    outer loop
      vertex -3.138 7.57581 12
      vertex -11.3637 4.70701 5.04
      vertex -7.57581 3.138 12
    endloop
  endfacet
  facet normal 0.621083 -0.621083 0.478029
    outer loop
      vertex 3.138 -7.57581 12
      vertex 11.3637 -4.70701 5.04
      vertex 7.57581 -3.138 12
    endloop
  endfacet
  facet normal 0.621083 -0.621083 0.478029
    outer loop
      vertex 11.3637 -4.70701 5.04
      vertex 3.138 -7.57581 12
      vertex 4.70701 -11.3637 5.04
    endloop
  endfacet
  facet normal 0.621083 0.621083 0.478029
    outer loop
      vertex 3.138 7.57581 12
      vertex 11.3637 4.70701 5.04
      vertex 4.70701 11.3637 5.04
    endloop
  endfacet
  facet normal 0.621083 0.621083 0.478029
    outer loop
      vertex 11.3637 4.70701 5.04
      vertex 3.138 7.57581 12
      vertex 7.57581 3.138 12
    endloop
  endfacet
  facet normal 0 -0.878345 0.478028
    outer loop
      vertex -4.70701 -11.3637 5.04
      vertex 3.138 -7.57581 12
      vertex -3.138 -7.57581 12
    endloop
  endfacet
  facet normal 0 -0.878345 0.478028
    outer loop
      vertex 3.138 -7.57581 12
      vertex -4.70701 -11.3637 5.04
      vertex 4.70701 -11.3637 5.04
    endloop
  endfacet
  facet normal -1 0 0
    outer loop
      vertex -11.3637 -4.70701 5
      vertex -11.3637 4.70701 5.04
      vertex -11.3637 4.70701 5
    endloop
  endfacet
  facet normal -1 -0 0
    outer loop
      vertex -11.3637 4.70701 5.04
      vertex -11.3637 -4.70701 5
      vertex -11.3637 -4.70701 5.04
    endloop
  endfacet
  facet normal -0.707107 0.707107 0
    outer loop
      vertex -11.3637 4.70701 5
      vertex -4.70701 11.3637 5.04
      vertex -4.70701 11.3637 5
    endloop
  endfacet
  facet normal -0.707107 0.707107 0
    outer loop
      vertex -4.70701 11.3637 5.04
      vertex -11.3637 4.70701 5
      vertex -11.3637 4.70701 5.04
    endloop
  endfacet
  facet normal -0.621083 -0.621083 0.478029
    outer loop
      vertex -11.3637 -4.70701 5.04
      vertex -3.138 -7.57581 12
      vertex -7.57581 -3.138 12
    endloop
  endfacet
  facet normal -0.621083 -0.621083 0.478029
    outer loop
      vertex -3.138 -7.57581 12
      vertex -11.3637 -4.70701 5.04
      vertex -4.70701 -11.3637 5.04
    endloop
  endfacet
  facet normal 1 -0 0
    outer loop
      vertex 11.3637 -4.70701 5.04
      vertex 11.3637 4.70701 5
      vertex 11.3637 4.70701 5.04
    endloop
  endfacet
  facet normal 1 0 0
    outer loop
      vertex 11.3637 4.70701 5
      vertex 11.3637 -4.70701 5.04
      vertex 11.3637 -4.70701 5
    endloop
  endfacet
  facet normal 0.707107 0.707107 0
    outer loop
      vertex 7.57581 3.138 12.04
      vertex 3.138 7.57581 12
      vertex 3.138 7.57581 12.04
    endloop
  endfacet
  facet normal 0.707107 0.707107 0
    outer loop
      vertex 3.138 7.57581 12
      vertex 7.57581 3.138 12.04
      vertex 7.57581 3.138 12
    endloop
  endfacet
  facet normal 0 1 -0
    outer loop
      vertex 3.138 7.57581 12
      vertex -3.138 7.57581 12.04
      vertex 3.138 7.57581 12.04
    endloop
  endfacet
  facet normal 0 1 0
    outer loop
      vertex -3.138 7.57581 12.04
      vertex 3.138 7.57581 12
      vertex -3.138 7.57581 12
    endloop
  endfacet
  facet normal 0.99718 -0 0.075041
    outer loop
      vertex 6.37477 -2.64052 28
      vertex 7.57581 3.138 12.04
      vertex 6.37477 2.64052 28
    endloop
  endfacet
  facet normal 0.99718 0 0.075041
    outer loop
      vertex 7.57581 3.138 12.04
      vertex 6.37477 -2.64052 28
      vertex 7.57581 -3.138 12.04
    endloop
  endfacet
  facet normal -0.99718 0 0.075041
    outer loop
      vertex -7.57581 3.138 12.04
      vertex -6.37477 -2.64052 28
      vertex -6.37477 2.64052 28
    endloop
  endfacet
  facet normal -0.99718 0 0.075041
    outer loop
      vertex -6.37477 -2.64052 28
      vertex -7.57581 3.138 12.04
      vertex -7.57581 -3.138 12.04
    endloop
  endfacet
  facet normal 0.705113 0.705113 0.0750406
    outer loop
      vertex 2.64052 6.37477 28
      vertex 7.57581 3.138 12.04
      vertex 3.138 7.57581 12.04
    endloop
  endfacet
  facet normal 0.705113 0.705113 0.0750406
    outer loop
      vertex 7.57581 3.138 12.04
      vertex 2.64052 6.37477 28
      vertex 6.37477 2.64052 28
    endloop
  endfacet
  facet normal 1 -0 0
    outer loop
      vertex 7.57581 -3.138 12.04
      vertex 7.57581 3.138 12
      vertex 7.57581 3.138 12.04
    endloop
  endfacet
  facet normal 1 0 0
    outer loop
      vertex 7.57581 3.138 12
      vertex 7.57581 -3.138 12.04
      vertex 7.57581 -3.138 12
    endloop
  endfacet
  facet normal 0 0.99718 0.075041
    outer loop
      vertex 3.138 7.57581 12.04
      vertex -2.64052 6.37477 28
      vertex 2.64052 6.37477 28
    endloop
  endfacet
  facet normal 0 0.99718 0.075041
    outer loop
      vertex -2.64052 6.37477 28
      vertex 3.138 7.57581 12.04
      vertex -3.138 7.57581 12.04
    endloop
  endfacet
  facet normal -0.707107 0.707107 0
    outer loop
      vertex -7.57581 3.138 12
      vertex -3.138 7.57581 12.04
      vertex -3.138 7.57581 12
    endloop
  endfacet
  facet normal -0.707107 0.707107 0
    outer loop
      vertex -3.138 7.57581 12.04
      vertex -7.57581 3.138 12
      vertex -7.57581 3.138 12.04
    endloop
  endfacet
  facet normal -0.705113 0.705113 0.0750406
    outer loop
      vertex -7.57581 3.138 12.04
      vertex -2.64052 6.37477 28
      vertex -3.138 7.57581 12.04
    endloop
  endfacet
  facet normal -0.705113 0.705113 0.0750406
    outer loop
      vertex -2.64052 6.37477 28
      vertex -7.57581 3.138 12.04
      vertex -6.37477 2.64052 28
    endloop
  endfacet
  facet normal 0 -1 0
    outer loop
      vertex -3.138 -7.57581 12
      vertex 3.138 -7.57581 12.04
      vertex -3.138 -7.57581 12.04
    endloop
  endfacet
  facet normal 0 -1 -0
    outer loop
      vertex 3.138 -7.57581 12.04
      vertex -3.138 -7.57581 12
      vertex 3.138 -7.57581 12
    endloop
  endfacet
  facet normal 0 -0.99718 0.075041
    outer loop
      vertex -3.138 -7.57581 12.04
      vertex 2.64052 -6.37477 28
      vertex -2.64052 -6.37477 28
    endloop
  endfacet
  facet normal 0 -0.99718 0.075041
    outer loop
      vertex 2.64052 -6.37477 28
      vertex -3.138 -7.57581 12.04
      vertex 3.138 -7.57581 12.04
    endloop
  endfacet
  facet normal -1 0 0
    outer loop
      vertex -7.57581 -3.138 12
      vertex -7.57581 3.138 12.04
      vertex -7.57581 3.138 12
    endloop
  endfacet
  facet normal -1 -0 0
    outer loop
      vertex -7.57581 3.138 12.04
      vertex -7.57581 -3.138 12
      vertex -7.57581 -3.138 12.04
    endloop
  endfacet
  facet normal -0.707107 -0.707107 0
    outer loop
      vertex -3.138 -7.57581 12
      vertex -7.57581 -3.138 12.04
      vertex -7.57581 -3.138 12
    endloop
  endfacet
  facet normal -0.707107 -0.707107 0
    outer loop
      vertex -7.57581 -3.138 12.04
      vertex -3.138 -7.57581 12
      vertex -3.138 -7.57581 12.04
    endloop
  endfacet
  facet normal -0.705113 -0.705113 0.0750406
    outer loop
      vertex -7.57581 -3.138 12.04
      vertex -2.64052 -6.37477 28
      vertex -6.37477 -2.64052 28
    endloop
  endfacet
  facet normal -0.705113 -0.705113 0.0750406
    outer loop
      vertex -2.64052 -6.37477 28
      vertex -7.57581 -3.138 12.04
      vertex -3.138 -7.57581 12.04
    endloop
  endfacet
  facet normal 0.705113 -0.705113 0.0750406
    outer loop
      vertex 2.64052 -6.37477 28
      vertex 7.57581 -3.138 12.04
      vertex 6.37477 -2.64052 28
    endloop
  endfacet
  facet normal 0.705113 -0.705113 0.0750406
    outer loop
      vertex 7.57581 -3.138 12.04
      vertex 2.64052 -6.37477 28
      vertex 3.138 -7.57581 12.04
    endloop
  endfacet
  facet normal 0.707107 -0.707107 0
    outer loop
      vertex 3.138 -7.57581 12.04
      vertex 7.57581 -3.138 12
      vertex 7.57581 -3.138 12.04
    endloop
  endfacet
  facet normal 0.707107 -0.707107 0
    outer loop
      vertex 7.57581 -3.138 12
      vertex 3.138 -7.57581 12.04
      vertex 3.138 -7.57581 12
    endloop
  endfacet
  facet normal 0.682364 0.682364 -0.26222
    outer loop
      vertex 8.13014 3.36761 34.46
      vertex 2.64052 6.37477 28
      vertex 3.36761 8.13014 34.46
    endloop
  endfacet
  facet normal 0.682364 0.682364 -0.26222
    outer loop
      vertex 2.64052 6.37477 28
      vertex 8.13014 3.36761 34.46
      vertex 6.37477 2.64052 28
    endloop
  endfacet
  facet normal 0.707107 0.707107 0
    outer loop
      vertex 8.13014 3.36761 34.5
      vertex 3.36761 8.13014 34.46
      vertex 3.36761 8.13014 34.5
    endloop
  endfacet
  facet normal 0.707107 0.707107 0
    outer loop
      vertex 3.36761 8.13014 34.46
      vertex 8.13014 3.36761 34.5
      vertex 8.13014 3.36761 34.46
    endloop
  endfacet
  facet normal 1 -0 0
    outer loop
      vertex 8.13014 -3.36761 34.5
      vertex 8.13014 3.36761 34.46
      vertex 8.13014 3.36761 34.5
    endloop
  endfacet
  facet normal 1 0 0
    outer loop
      vertex 8.13014 3.36761 34.46
      vertex 8.13014 -3.36761 34.5
      vertex 8.13014 -3.36761 34.46
    endloop
  endfacet
  facet normal 0.965008 0 -0.262221
    outer loop
      vertex 8.13014 3.36761 34.46
      vertex 6.37477 -2.64052 28
      vertex 6.37477 2.64052 28
    endloop
  endfacet
  facet normal 0.965008 0 -0.262221
    outer loop
      vertex 6.37477 -2.64052 28
      vertex 8.13014 3.36761 34.46
      vertex 8.13014 -3.36761 34.46
    endloop
  endfacet
  facet normal -0.965008 0 -0.262221
    outer loop
      vertex -6.37477 -2.64052 28
      vertex -8.13014 3.36761 34.46
      vertex -6.37477 2.64052 28
    endloop
  endfacet
  facet normal -0.965008 -0 -0.262221
    outer loop
      vertex -8.13014 3.36761 34.46
      vertex -6.37477 -2.64052 28
      vertex -8.13014 -3.36761 34.46
    endloop
  endfacet
  facet normal -1 0 0
    outer loop
      vertex -8.13014 -3.36761 34.46
      vertex -8.13014 3.36761 34.5
      vertex -8.13014 3.36761 34.46
    endloop
  endfacet
  facet normal -1 -0 0
    outer loop
      vertex -8.13014 3.36761 34.5
      vertex -8.13014 -3.36761 34.46
      vertex -8.13014 -3.36761 34.5
    endloop
  endfacet
  facet normal 0.707107 -0.707107 0
    outer loop
      vertex 3.36761 -8.13014 34.5
      vertex 8.13014 -3.36761 34.46
      vertex 8.13014 -3.36761 34.5
    endloop
  endfacet
  facet normal 0.707107 -0.707107 0
    outer loop
      vertex 8.13014 -3.36761 34.46
      vertex 3.36761 -8.13014 34.5
      vertex 3.36761 -8.13014 34.46
    endloop
  endfacet
  facet normal -0.682364 0.682364 -0.26222
    outer loop
      vertex -2.64052 6.37477 28
      vertex -8.13014 3.36761 34.46
      vertex -3.36761 8.13014 34.46
    endloop
  endfacet
  facet normal -0.682364 0.682364 -0.26222
    outer loop
      vertex -8.13014 3.36761 34.46
      vertex -2.64052 6.37477 28
      vertex -6.37477 2.64052 28
    endloop
  endfacet
  facet normal 0 -0.965013 -0.262202
    outer loop
      vertex -3.36761 -8.13014 34.46
      vertex 0 -8.06781 34.2306
      vertex 3.36761 -8.13014 34.46
    endloop
  endfacet
  facet normal -1.89489e-06 -0.965006 -0.262228
    outer loop
      vertex -3.36761 -8.13014 34.46
      vertex -0.0210691 -8.06031 34.203
      vertex 0 -8.06781 34.2306
    endloop
  endfacet
  facet normal -4.69583e-06 -0.964997 -0.262262
    outer loop
      vertex -3.36761 -8.13014 34.46
      vertex -0.145468 -8.01601 34.04
      vertex -0.0210691 -8.06031 34.203
    endloop
  endfacet
  facet normal -1.4109e-06 -0.965003 -0.262239
    outer loop
      vertex -3.36761 -8.13014 34.46
      vertex -0.164294 -8.00514 34
      vertex -0.145468 -8.01601 34.04
    endloop
  endfacet
  facet normal 0 -0.965008 -0.26222
    outer loop
      vertex -0.164294 -8.00514 34
      vertex -2.64052 -6.37477 28
      vertex 0.164294 -8.00514 34
    endloop
  endfacet
  facet normal 1.41251e-06 -0.965008 -0.262221
    outer loop
      vertex -2.64052 -6.37477 28
      vertex -0.164294 -8.00514 34
      vertex -3.36761 -8.13014 34.46
    endloop
  endfacet
  facet normal 1.89489e-06 -0.965006 -0.262228
    outer loop
      vertex 0.0210691 -8.06031 34.203
      vertex 3.36761 -8.13014 34.46
      vertex 0 -8.06781 34.2306
    endloop
  endfacet
  facet normal 4.69583e-06 -0.964997 -0.262262
    outer loop
      vertex 0.145468 -8.01601 34.04
      vertex 3.36761 -8.13014 34.46
      vertex 0.0210691 -8.06031 34.203
    endloop
  endfacet
  facet normal 1.4109e-06 -0.965003 -0.262239
    outer loop
      vertex 0.164294 -8.00514 34
      vertex 3.36761 -8.13014 34.46
      vertex 0.145468 -8.01601 34.04
    endloop
  endfacet
  facet normal -0 -0.965008 -0.26222
    outer loop
      vertex 2.64052 -6.37477 28
      vertex 0.164294 -8.00514 34
      vertex -2.64052 -6.37477 28
    endloop
  endfacet
  facet normal -1.41251e-06 -0.965008 -0.262221
    outer loop
      vertex 0.164294 -8.00514 34
      vertex 2.64052 -6.37477 28
      vertex 3.36761 -8.13014 34.46
    endloop
  endfacet
  facet normal 0.682364 -0.682364 -0.26222
    outer loop
      vertex 8.13014 -3.36761 34.46
      vertex 2.64052 -6.37477 28
      vertex 6.37477 -2.64052 28
    endloop
  endfacet
  facet normal 0.682364 -0.682364 -0.26222
    outer loop
      vertex 2.64052 -6.37477 28
      vertex 8.13014 -3.36761 34.46
      vertex 3.36761 -8.13014 34.46
    endloop
  endfacet
  facet normal 0 0 1
    outer loop
      vertex 8.13014 3.36761 34.5
      vertex 6.94752 4.01115 34.5
      vertex 8.13014 -3.36761 34.5
    endloop
  endfacet
  facet normal 0 0 1
    outer loop
      vertex 3.36761 8.13014 34.5
      vertex 6.94752 4.01115 34.5
      vertex 8.13014 3.36761 34.5
    endloop
  endfacet
  facet normal 0 0 1
    outer loop
      vertex 3.36761 8.13014 34.5
      vertex 0.0594585 7.98798 34.5
      vertex 6.94752 4.01115 34.5
    endloop
  endfacet
  facet normal 0 0 1
    outer loop
      vertex 3.36761 8.13014 34.5
      vertex 0 8.02231 34.5
      vertex 0.0594585 7.98798 34.5
    endloop
  endfacet
  facet normal -0 0 1
    outer loop
      vertex -3.36761 8.13014 34.5
      vertex 0 8.02231 34.5
      vertex 3.36761 8.13014 34.5
    endloop
  endfacet
  facet normal 0 0 1
    outer loop
      vertex -3.36761 8.13014 34.5
      vertex -0.0594585 7.98798 34.5
      vertex 0 8.02231 34.5
    endloop
  endfacet
  facet normal 0 0 1
    outer loop
      vertex -3.36761 8.13014 34.5
      vertex -6.94752 4.01115 34.5
      vertex -0.0594585 7.98798 34.5
    endloop
  endfacet
  facet normal 0 0 1
    outer loop
      vertex -6.94752 4.01115 34.5
      vertex -8.13014 3.36761 34.5
      vertex -6.94752 -4.01115 34.5
    endloop
  endfacet
  facet normal 0 0 1
    outer loop
      vertex -8.13014 3.36761 34.5
      vertex -6.94752 4.01115 34.5
      vertex -3.36761 8.13014 34.5
    endloop
  endfacet
  facet normal 0 0 1
    outer loop
      vertex 6.94752 -4.01115 34.5
      vertex 8.13014 -3.36761 34.5
      vertex 6.94752 4.01115 34.5
    endloop
  endfacet
  facet normal -0 0 1
    outer loop
      vertex 6.94752 -4.01115 34.5
      vertex 3.36761 -8.13014 34.5
      vertex 8.13014 -3.36761 34.5
    endloop
  endfacet
  facet normal -0 0 1
    outer loop
      vertex 0.0594585 -7.98798 34.5
      vertex 3.36761 -8.13014 34.5
      vertex 6.94752 -4.01115 34.5
    endloop
  endfacet
  facet normal -0 0 1
    outer loop
      vertex 0 -8.02231 34.5
      vertex 3.36761 -8.13014 34.5
      vertex 0.0594585 -7.98798 34.5
    endloop
  endfacet
  facet normal 0 0 1
    outer loop
      vertex 0 -8.02231 34.5
      vertex -3.36761 -8.13014 34.5
      vertex 3.36761 -8.13014 34.5
    endloop
  endfacet
  facet normal 0 0 1
    outer loop
      vertex -0.0594585 -7.98798 34.5
      vertex -3.36761 -8.13014 34.5
      vertex 0 -8.02231 34.5
    endloop
  endfacet
  facet normal 0 0 1
    outer loop
      vertex -6.94752 -4.01115 34.5
      vertex -3.36761 -8.13014 34.5
      vertex -0.0594585 -7.98798 34.5
    endloop
  endfacet
  facet normal 0 0 1
    outer loop
      vertex -6.94752 -4.01115 34.5
      vertex -8.13014 -3.36761 34.5
      vertex -3.36761 -8.13014 34.5
    endloop
  endfacet
  facet normal -0 0 1
    outer loop
      vertex -8.13014 -3.36761 34.5
      vertex -6.94752 -4.01115 34.5
      vertex -8.13014 3.36761 34.5
    endloop
  endfacet
  facet normal 0 0.965013 -0.262202
    outer loop
      vertex 3.36761 8.13014 34.46
      vertex 0 8.06781 34.2306
      vertex -3.36761 8.13014 34.46
    endloop
  endfacet
  facet normal 1.89489e-06 0.965006 -0.262228
    outer loop
      vertex 3.36761 8.13014 34.46
      vertex 0.0210691 8.06031 34.203
      vertex 0 8.06781 34.2306
    endloop
  endfacet
  facet normal 4.69583e-06 0.964997 -0.262262
    outer loop
      vertex 3.36761 8.13014 34.46
      vertex 0.145468 8.01601 34.04
      vertex 0.0210691 8.06031 34.203
    endloop
  endfacet
  facet normal 1.4109e-06 0.965003 -0.262239
    outer loop
      vertex 3.36761 8.13014 34.46
      vertex 0.164294 8.00514 34
      vertex 0.145468 8.01601 34.04
    endloop
  endfacet
  facet normal 0 0.965008 -0.26222
    outer loop
      vertex 0.164294 8.00514 34
      vertex 2.64052 6.37477 28
      vertex -0.164294 8.00514 34
    endloop
  endfacet
  facet normal -1.41251e-06 0.965008 -0.262221
    outer loop
      vertex 2.64052 6.37477 28
      vertex 0.164294 8.00514 34
      vertex 3.36761 8.13014 34.46
    endloop
  endfacet
  facet normal -1.89489e-06 0.965006 -0.262228
    outer loop
      vertex -0.0210691 8.06031 34.203
      vertex -3.36761 8.13014 34.46
      vertex 0 8.06781 34.2306
    endloop
  endfacet
  facet normal -4.69583e-06 0.964997 -0.262262
    outer loop
      vertex -0.145468 8.01601 34.04
      vertex -3.36761 8.13014 34.46
      vertex -0.0210691 8.06031 34.203
    endloop
  endfacet
  facet normal -1.4109e-06 0.965003 -0.262239
    outer loop
      vertex -0.164294 8.00514 34
      vertex -3.36761 8.13014 34.46
      vertex -0.145468 8.01601 34.04
    endloop
  endfacet
  facet normal 0 0.965008 -0.26222
    outer loop
      vertex -2.64052 6.37477 28
      vertex -0.164294 8.00514 34
      vertex 2.64052 6.37477 28
    endloop
  endfacet
  facet normal 1.41251e-06 0.965008 -0.262221
    outer loop
      vertex -0.164294 8.00514 34
      vertex -2.64052 6.37477 28
      vertex -3.36761 8.13014 34.46
    endloop
  endfacet
  facet normal -0.682364 -0.682364 -0.26222
    outer loop
      vertex -2.64052 -6.37477 28
      vertex -8.13014 -3.36761 34.46
      vertex -6.37477 -2.64052 28
    endloop
  endfacet
  facet normal -0.682364 -0.682364 -0.26222
    outer loop
      vertex -8.13014 -3.36761 34.46
      vertex -2.64052 -6.37477 28
      vertex -3.36761 -8.13014 34.46
    endloop
  endfacet
  facet normal -0.707107 -0.707107 0
    outer loop
      vertex -3.36761 -8.13014 34.46
      vertex -8.13014 -3.36761 34.5
      vertex -8.13014 -3.36761 34.46
    endloop
  endfacet
  facet normal -0.707107 -0.707107 0
    outer loop
      vertex -8.13014 -3.36761 34.5
      vertex -3.36761 -8.13014 34.46
      vertex -3.36761 -8.13014 34.5
    endloop
  endfacet
  facet normal 0 -1 0
    outer loop
      vertex -3.36761 -8.13014 34.46
      vertex 3.36761 -8.13014 34.5
      vertex -3.36761 -8.13014 34.5
    endloop
  endfacet
  facet normal 0 -1 -0
    outer loop
      vertex 3.36761 -8.13014 34.5
      vertex -3.36761 -8.13014 34.46
      vertex 3.36761 -8.13014 34.46
    endloop
  endfacet
  facet normal -0.707107 0.707107 0
    outer loop
      vertex -8.13014 3.36761 34.46
      vertex -3.36761 8.13014 34.5
      vertex -3.36761 8.13014 34.46
    endloop
  endfacet
  facet normal -0.707107 0.707107 0
    outer loop
      vertex -3.36761 8.13014 34.5
      vertex -8.13014 3.36761 34.46
      vertex -8.13014 3.36761 34.5
    endloop
  endfacet
  facet normal 0 1 -0
    outer loop
      vertex 3.36761 8.13014 34.46
      vertex -3.36761 8.13014 34.5
      vertex 3.36761 8.13014 34.5
    endloop
  endfacet
  facet normal 0 1 0
    outer loop
      vertex -3.36761 8.13014 34.5
      vertex 3.36761 8.13014 34.46
      vertex -3.36761 8.13014 34.46
    endloop
  endfacet
  facet normal 0.500019 0.866014 -5.45825e-06
    outer loop
      vertex 0 8.1 34
      vertex 0.145468 8.01601 34.04
      vertex 0.164294 8.00514 34
    endloop
  endfacet
  facet normal 0.500018 0.866015 0
    outer loop
      vertex 0.145468 8.01601 34.04
      vertex 0 8.1 34
      vertex 0 8.1 34.04
    endloop
  endfacet
  facet normal 0.989472 -0 0.144725
    outer loop
      vertex 3.2909 -1.9 59.5
      vertex 6.94752 4.01115 34.5
      vertex 3.2909 1.9 59.5
    endloop
  endfacet
  facet normal 0.989472 0 0.144725
    outer loop
      vertex 6.94752 4.01115 34.5
      vertex 3.2909 -1.9 59.5
      vertex 6.94752 -4.01115 34.5
    endloop
  endfacet
  facet normal 0 0 -1
    outer loop
      vertex 0 -8.1 34
      vertex -0.164294 -8.00514 34
      vertex 0.164294 -8.00514 34
    endloop
  endfacet
  facet normal 0 0 -1
    outer loop
      vertex 0.164294 8.00514 34
      vertex -0.164294 8.00514 34
      vertex 0 8.1 34
    endloop
  endfacet
  facet normal -0.494755 0.856901 0.144701
    outer loop
      vertex 0 8.1 34.04
      vertex -0.145468 8.01601 34.04
      vertex -0.0210691 8.06031 34.203
    endloop
  endfacet
  facet normal -0.494737 0.856908 0.144725
    outer loop
      vertex -0.0594585 7.98798 34.5
      vertex -6.94752 4.01115 34.5
      vertex -3.2909 1.9 59.5
    endloop
  endfacet
  facet normal -0.989472 0 0.144725
    outer loop
      vertex -6.94752 4.01115 34.5
      vertex -3.2909 -1.9 59.5
      vertex -3.2909 1.9 59.5
    endloop
  endfacet
  facet normal -0.989472 0 0.144725
    outer loop
      vertex -3.2909 -1.9 59.5
      vertex -6.94752 4.01115 34.5
      vertex -6.94752 -4.01115 34.5
    endloop
  endfacet
  facet normal 0.500018 -0.866015 0
    outer loop
      vertex 0 -8.1 34
      vertex 0.145468 -8.01601 34.04
      vertex 0 -8.1 34.04
    endloop
  endfacet
  facet normal 0.500019 -0.866014 -5.45825e-06
    outer loop
      vertex 0.145468 -8.01601 34.04
      vertex 0 -8.1 34
      vertex 0.164294 -8.00514 34
    endloop
  endfacet
  facet normal 0.494646 0.856959 0.14473
    outer loop
      vertex 0 8.1 34.04
      vertex 0 8.06781 34.2306
      vertex 0.0210691 8.06031 34.203
    endloop
  endfacet
  facet normal 0.494734 0.856909 0.144726
    outer loop
      vertex 3.2909 1.9 59.5
      vertex 0.9 6.236 42
      vertex 0.9 3.28038 59.5
    endloop
  endfacet
  facet normal 0.49473 0.856911 0.144727
    outer loop
      vertex 0.0594585 7.98798 34.5
      vertex 0.9 6.236 42
      vertex 3.2909 1.9 59.5
    endloop
  endfacet
  facet normal 0.494739 0.856906 0.144724
    outer loop
      vertex 0.0594585 7.98798 34.5
      vertex 0 6.75562 42
      vertex 0.9 6.236 42
    endloop
  endfacet
  facet normal 0.494754 0.856898 0.144723
    outer loop
      vertex 0 6.75562 42
      vertex 0.0594585 7.98798 34.5
      vertex 0 8.02231 34.5
    endloop
  endfacet
  facet normal -0.494646 0.856959 0.14473
    outer loop
      vertex 0 8.1 34.04
      vertex -0.0210691 8.06031 34.203
      vertex 0 8.06781 34.2306
    endloop
  endfacet
  facet normal -0.494754 0.856898 0.144723
    outer loop
      vertex -0.0594585 7.98798 34.5
      vertex 0 6.75562 42
      vertex 0 8.02231 34.5
    endloop
  endfacet
  facet normal -0.494734 0.856909 0.144726
    outer loop
      vertex -0.9 6.236 42
      vertex -3.2909 1.9 59.5
      vertex -0.9 3.28038 59.5
    endloop
  endfacet
  facet normal -0.494739 0.856906 0.144724
    outer loop
      vertex 0 6.75562 42
      vertex -0.0594585 7.98798 34.5
      vertex -0.9 6.236 42
    endloop
  endfacet
  facet normal -0.49473 0.856911 0.144727
    outer loop
      vertex -0.9 6.236 42
      vertex -0.0594585 7.98798 34.5
      vertex -3.2909 1.9 59.5
    endloop
  endfacet
  facet normal 0.494737 -0.856908 0.144725
    outer loop
      vertex 3.2909 -1.9 59.5
      vertex 0.0594585 -7.98798 34.5
      vertex 6.94752 -4.01115 34.5
    endloop
  endfacet
  facet normal 0.494755 -0.856901 0.144701
    outer loop
      vertex 0.0210691 -8.06031 34.203
      vertex 0 -8.1 34.04
      vertex 0.145468 -8.01601 34.04
    endloop
  endfacet
  facet normal 0.494754 -0.856898 0.144723
    outer loop
      vertex 0.0594585 -7.98798 34.5
      vertex 0 -6.75562 42
      vertex 0 -8.02231 34.5
    endloop
  endfacet
  facet normal 0.494734 -0.856909 0.144726
    outer loop
      vertex 0.9 -6.236 42
      vertex 3.2909 -1.9 59.5
      vertex 0.9 -3.28038 59.5
    endloop
  endfacet
  facet normal 0.494739 -0.856906 0.144724
    outer loop
      vertex 0 -6.75562 42
      vertex 0.0594585 -7.98798 34.5
      vertex 0.9 -6.236 42
    endloop
  endfacet
  facet normal 0.49473 -0.856911 0.144727
    outer loop
      vertex 0.9 -6.236 42
      vertex 0.0594585 -7.98798 34.5
      vertex 3.2909 -1.9 59.5
    endloop
  endfacet
  facet normal 0.494646 -0.856959 0.14473
    outer loop
      vertex 0 -8.06781 34.2306
      vertex 0 -8.1 34.04
      vertex 0.0210691 -8.06031 34.203
    endloop
  endfacet
  facet normal -0.500018 0.866015 0
    outer loop
      vertex 0 8.1 34
      vertex -0.145468 8.01601 34.04
      vertex 0 8.1 34.04
    endloop
  endfacet
  facet normal -0.500019 0.866014 -5.45825e-06
    outer loop
      vertex -0.145468 8.01601 34.04
      vertex 0 8.1 34
      vertex -0.164294 8.00514 34
    endloop
  endfacet
  facet normal 0.494755 0.856901 0.144701
    outer loop
      vertex 0.145468 8.01601 34.04
      vertex 0 8.1 34.04
      vertex 0.0210691 8.06031 34.203
    endloop
  endfacet
  facet normal 0.494737 0.856908 0.144725
    outer loop
      vertex 6.94752 4.01115 34.5
      vertex 0.0594585 7.98798 34.5
      vertex 3.2909 1.9 59.5
    endloop
  endfacet
  facet normal -0.494734 -0.856909 0.144726
    outer loop
      vertex -3.2909 -1.9 59.5
      vertex -0.9 -6.236 42
      vertex -0.9 -3.28038 59.5
    endloop
  endfacet
  facet normal -0.49473 -0.856911 0.144727
    outer loop
      vertex -0.0594585 -7.98798 34.5
      vertex -0.9 -6.236 42
      vertex -3.2909 -1.9 59.5
    endloop
  endfacet
  facet normal -0.494739 -0.856906 0.144724
    outer loop
      vertex -0.0594585 -7.98798 34.5
      vertex 0 -6.75562 42
      vertex -0.9 -6.236 42
    endloop
  endfacet
  facet normal -0.494754 -0.856898 0.144723
    outer loop
      vertex 0 -6.75562 42
      vertex -0.0594585 -7.98798 34.5
      vertex 0 -8.02231 34.5
    endloop
  endfacet
  facet normal -0.494646 -0.856959 0.14473
    outer loop
      vertex 0 -8.06781 34.2306
      vertex -0.0210691 -8.06031 34.203
      vertex 0 -8.1 34.04
    endloop
  endfacet
  facet normal -0 0 1
    outer loop
      vertex -3.2909 1.9 59.5
      vertex -0.9 -3.28038 59.5
      vertex -0.9 3.28038 59.5
    endloop
  endfacet
  facet normal 0 0 1
    outer loop
      vertex -0.9 -3.28038 59.5
      vertex -3.2909 1.9 59.5
      vertex -3.2909 -1.9 59.5
    endloop
  endfacet
  facet normal 0 0 1
    outer loop
      vertex 0.9 3.28038 59.5
      vertex 3.2909 -1.9 59.5
      vertex 3.2909 1.9 59.5
    endloop
  endfacet
  facet normal 0 0 1
    outer loop
      vertex 3.2909 -1.9 59.5
      vertex 0.9 3.28038 59.5
      vertex 0.9 -3.28038 59.5
    endloop
  endfacet
  facet normal -0.500019 -0.866014 -5.45825e-06
    outer loop
      vertex 0 -8.1 34
      vertex -0.145468 -8.01601 34.04
      vertex -0.164294 -8.00514 34
    endloop
  endfacet
  facet normal -0.500018 -0.866015 0
    outer loop
      vertex -0.145468 -8.01601 34.04
      vertex 0 -8.1 34
      vertex 0 -8.1 34.04
    endloop
  endfacet
  facet normal -0.494737 -0.856908 0.144725
    outer loop
      vertex -3.2909 -1.9 59.5
      vertex -6.94752 -4.01115 34.5
      vertex -0.0594585 -7.98798 34.5
    endloop
  endfacet
  facet normal -0.494755 -0.856901 0.144701
    outer loop
      vertex -0.0210691 -8.06031 34.203
      vertex -0.145468 -8.01601 34.04
      vertex 0 -8.1 34.04
    endloop
  endfacet
  facet normal 1 -0 0
    outer loop
      vertex -0.9 -3.28038 59.5
      vertex -0.9 6.236 42
      vertex -0.9 3.28038 59.5
    endloop
  endfacet
  facet normal 1 0 0
    outer loop
      vertex -0.9 6.236 42
      vertex -0.9 -3.28038 59.5
      vertex -0.9 -6.236 42
    endloop
  endfacet
  facet normal -1 0 0
    outer loop
      vertex 0.9 6.236 42
      vertex 0.9 -3.28038 59.5
      vertex 0.9 3.28038 59.5
    endloop
  endfacet
  facet normal -1 0 -0
    outer loop
      vertex 0.9 -3.28038 59.5
      vertex 0.9 6.236 42
      vertex 0.9 -6.236 42
    endloop
  endfacet
  facet normal 0 0 1
    outer loop
      vertex -0.9 6.236 42
      vertex 0.9 6.236 42
      vertex 0 6.75562 42
    endloop
  endfacet
  facet normal 0 0 1
    outer loop
      vertex 0.9 6.236 42
      vertex -0.9 6.236 42
      vertex 0.9 -6.236 42
    endloop
  endfacet
  facet normal 0 0 1
    outer loop
      vertex -0.9 -6.236 42
      vertex 0.9 -6.236 42
      vertex -0.9 6.236 42
    endloop
  endfacet
  facet normal 0 0 1
    outer loop
      vertex 0.9 -6.236 42
      vertex -0.9 -6.236 42
      vertex 0 -6.75562 42
    endloop
  endfacet
  facet normal -0.587794 -0.80901 0
    outer loop
      vertex 5.26106 2.61742 0.799999
      vertex 5.57601 2.38859 3
      vertex 5.26106 2.61742 3
    endloop
  endfacet
  facet normal -0.587794 -0.80901 -0
    outer loop
      vertex 5.57601 2.38859 3
      vertex 5.26106 2.61742 0.799999
      vertex 5.57601 2.38859 0.799999
    endloop
  endfacet
  facet normal 0.982287 -0.187382 0
    outer loop
      vertex 0.524444 0.388533 3
      vertex 0.597392 0.770938 0.799999
      vertex 0.597392 0.770938 3
    endloop
  endfacet
  facet normal 0.982287 -0.187382 0
    outer loop
      vertex 0.597392 0.770938 0.799999
      vertex 0.524444 0.388533 3
      vertex 0.524444 0.388533 0.799999
    endloop
  endfacet
  facet normal 0.248702 0.96858 -0
    outer loop
      vertex 3.01912 -3.04509 0.799999
      vertex 2.64205 -2.94827 3
      vertex 3.01912 -3.04509 3
    endloop
  endfacet
  facet normal 0.248702 0.96858 0
    outer loop
      vertex 2.64205 -2.94827 3
      vertex 3.01912 -3.04509 0.799999
      vertex 2.64205 -2.94827 0.799999
    endloop
  endfacet
  facet normal 0.481747 -0.87631 0
    outer loop
      vertex 1.93894 2.61742 0.799999
      vertex 2.28008 2.80496 3
      vertex 1.93894 2.61742 3
    endloop
  endfacet
  facet normal 0.481747 -0.87631 0
    outer loop
      vertex 2.28008 2.80496 3
      vertex 1.93894 2.61742 0.799999
      vertex 2.28008 2.80496 0.799999
    endloop
  endfacet
  facet normal 0.951058 -0.309012 0
    outer loop
      vertex 0.597392 0.770938 3
      vertex 0.717692 1.14119 0.799999
      vertex 0.717692 1.14119 3
    endloop
  endfacet
  facet normal 0.951058 -0.309012 0
    outer loop
      vertex 0.717692 1.14119 0.799999
      vertex 0.597392 0.770938 3
      vertex 0.597392 0.770938 0.799999
    endloop
  endfacet
  facet normal 0.844319 0.535841 0
    outer loop
      vertex 1.09205 -1.82213 3
      vertex 0.883449 -1.49344 0.799999
      vertex 0.883449 -1.49344 3
    endloop
  endfacet
  facet normal 0.844319 0.535841 0
    outer loop
      vertex 0.883449 -1.49344 0.799999
      vertex 1.09205 -1.82213 3
      vertex 1.09205 -1.82213 0.799999
    endloop
  endfacet
  facet normal -0.951058 -0.309012 0
    outer loop
      vertex 6.60261 0.770938 0.799999
      vertex 6.48231 1.14119 3
      vertex 6.48231 1.14119 0.799999
    endloop
  endfacet
  facet normal -0.951058 -0.309012 0
    outer loop
      vertex 6.48231 1.14119 3
      vertex 6.60261 0.770938 0.799999
      vertex 6.60261 0.770938 3
    endloop
  endfacet
  facet normal -0.84432 -0.53584 0
    outer loop
      vertex 6.31655 1.49344 0.799999
      vertex 6.10795 1.82213 3
      vertex 6.10795 1.82213 0.799999
    endloop
  endfacet
  facet normal -0.84432 -0.53584 0
    outer loop
      vertex 6.10795 1.82213 3
      vertex 6.31655 1.49344 0.799999
      vertex 6.31655 1.49344 3
    endloop
  endfacet
  facet normal -0.770522 -0.637414 0
    outer loop
      vertex 6.10795 1.82213 0.799999
      vertex 5.8598 2.1221 3
      vertex 5.8598 2.1221 0.799999
    endloop
  endfacet
  facet normal -0.770522 -0.637414 0
    outer loop
      vertex 5.8598 2.1221 3
      vertex 6.10795 1.82213 0.799999
      vertex 6.10795 1.82213 3
    endloop
  endfacet
  facet normal -0.481747 -0.87631 0
    outer loop
      vertex 4.91992 2.80496 0.799999
      vertex 5.26106 2.61742 3
      vertex 4.91992 2.80496 3
    endloop
  endfacet
  facet normal -0.481747 -0.87631 -0
    outer loop
      vertex 5.26106 2.61742 3
      vertex 4.91992 2.80496 0.799999
      vertex 5.26106 2.61742 0.799999
    endloop
  endfacet
  facet normal 0 -1 0
    outer loop
      vertex 3.40535 3.09388 0.799999
      vertex 3.79465 3.09388 3
      vertex 3.40535 3.09388 3
    endloop
  endfacet
  facet normal 0 -1 -0
    outer loop
      vertex 3.79465 3.09388 3
      vertex 3.40535 3.09388 0.799999
      vertex 3.79465 3.09388 0.799999
    endloop
  endfacet
  facet normal -0.125328 -0.992115 0
    outer loop
      vertex 3.79465 3.09388 0.799999
      vertex 4.18088 3.04509 3
      vertex 3.79465 3.09388 3
    endloop
  endfacet
  facet normal -0.125328 -0.992115 -0
    outer loop
      vertex 4.18088 3.04509 3
      vertex 3.79465 3.09388 0.799999
      vertex 4.18088 3.04509 0.799999
    endloop
  endfacet
  facet normal 0 0 1
    outer loop
      vertex 6.67556 0.388533 0.799999
      vertex 6.67556 -0.388533 0.799999
      vertex 6.7 0 0.799999
    endloop
  endfacet
  facet normal 0 0 1
    outer loop
      vertex 6.60261 0.770938 0.799999
      vertex 6.67556 -0.388533 0.799999
      vertex 6.67556 0.388533 0.799999
    endloop
  endfacet
  facet normal 0 0 1
    outer loop
      vertex 6.60261 0.770938 0.799999
      vertex 6.60261 -0.770938 0.799999
      vertex 6.67556 -0.388533 0.799999
    endloop
  endfacet
  facet normal 0 0 1
    outer loop
      vertex 6.48231 1.14119 0.799999
      vertex 6.60261 -0.770938 0.799999
      vertex 6.60261 0.770938 0.799999
    endloop
  endfacet
  facet normal 0 0 1
    outer loop
      vertex 6.48231 1.14119 0.799999
      vertex 6.48231 -1.14119 0.799999
      vertex 6.60261 -0.770938 0.799999
    endloop
  endfacet
  facet normal 0 0 1
    outer loop
      vertex 6.31655 1.49344 0.799999
      vertex 6.48231 -1.14119 0.799999
      vertex 6.48231 1.14119 0.799999
    endloop
  endfacet
  facet normal 0 0 1
    outer loop
      vertex 6.31655 1.49344 0.799999
      vertex 6.31655 -1.49344 0.799999
      vertex 6.48231 -1.14119 0.799999
    endloop
  endfacet
  facet normal 0 0 1
    outer loop
      vertex 6.10795 1.82213 0.799999
      vertex 6.31655 -1.49344 0.799999
      vertex 6.31655 1.49344 0.799999
    endloop
  endfacet
  facet normal 0 0 1
    outer loop
      vertex 6.10795 1.82213 0.799999
      vertex 6.10795 -1.82213 0.799999
      vertex 6.31655 -1.49344 0.799999
    endloop
  endfacet
  facet normal 0 0 1
    outer loop
      vertex 5.8598 2.1221 0.799999
      vertex 6.10795 -1.82213 0.799999
      vertex 6.10795 1.82213 0.799999
    endloop
  endfacet
  facet normal 0 0 1
    outer loop
      vertex 5.8598 2.1221 0.799999
      vertex 5.8598 -2.1221 0.799999
      vertex 6.10795 -1.82213 0.799999
    endloop
  endfacet
  facet normal 0 0 1
    outer loop
      vertex 5.57601 2.38859 0.799999
      vertex 5.8598 -2.1221 0.799999
      vertex 5.8598 2.1221 0.799999
    endloop
  endfacet
  facet normal 0 0 1
    outer loop
      vertex 5.57601 2.38859 0.799999
      vertex 5.57601 -2.38859 0.799999
      vertex 5.8598 -2.1221 0.799999
    endloop
  endfacet
  facet normal 0 0 1
    outer loop
      vertex 5.26106 2.61742 0.799999
      vertex 5.57601 -2.38859 0.799999
      vertex 5.57601 2.38859 0.799999
    endloop
  endfacet
  facet normal 0 0 1
    outer loop
      vertex 5.26106 2.61742 0.799999
      vertex 5.26106 -2.61742 0.799999
      vertex 5.57601 -2.38859 0.799999
    endloop
  endfacet
  facet normal 0 0 1
    outer loop
      vertex 4.91992 2.80496 0.799999
      vertex 5.26106 -2.61742 0.799999
      vertex 5.26106 2.61742 0.799999
    endloop
  endfacet
  facet normal 0 0 1
    outer loop
      vertex 4.91992 2.80496 0.799999
      vertex 4.91992 -2.80496 0.799999
      vertex 5.26106 -2.61742 0.799999
    endloop
  endfacet
  facet normal 0 0 1
    outer loop
      vertex 4.55795 2.94827 0.799999
      vertex 4.91992 -2.80496 0.799999
      vertex 4.91992 2.80496 0.799999
    endloop
  endfacet
  facet normal 0 0 1
    outer loop
      vertex 4.55795 2.94827 0.799999
      vertex 4.55795 -2.94827 0.799999
      vertex 4.91992 -2.80496 0.799999
    endloop
  endfacet
  facet normal 0 0 1
    outer loop
      vertex 4.18088 3.04509 0.799999
      vertex 4.55795 -2.94827 0.799999
      vertex 4.55795 2.94827 0.799999
    endloop
  endfacet
  facet normal 0 0 1
    outer loop
      vertex 4.18088 3.04509 0.799999
      vertex 4.18088 -3.04509 0.799999
      vertex 4.55795 -2.94827 0.799999
    endloop
  endfacet
  facet normal 0 0 1
    outer loop
      vertex 3.79465 3.09388 0.799999
      vertex 4.18088 -3.04509 0.799999
      vertex 4.18088 3.04509 0.799999
    endloop
  endfacet
  facet normal 0 0 1
    outer loop
      vertex 3.79465 3.09388 0.799999
      vertex 3.79465 -3.09388 0.799999
      vertex 4.18088 -3.04509 0.799999
    endloop
  endfacet
  facet normal -0 0 1
    outer loop
      vertex 3.40535 3.09388 0.799999
      vertex 3.79465 -3.09388 0.799999
      vertex 3.79465 3.09388 0.799999
    endloop
  endfacet
  facet normal 0 0 1
    outer loop
      vertex 3.40535 3.09388 0.799999
      vertex 3.40535 -3.09388 0.799999
      vertex 3.79465 -3.09388 0.799999
    endloop
  endfacet
  facet normal -0 0 1
    outer loop
      vertex 3.01912 3.04509 0.799999
      vertex 3.40535 -3.09388 0.799999
      vertex 3.40535 3.09388 0.799999
    endloop
  endfacet
  facet normal 0 0 1
    outer loop
      vertex 3.01912 3.04509 0.799999
      vertex 3.01912 -3.04509 0.799999
      vertex 3.40535 -3.09388 0.799999
    endloop
  endfacet
  facet normal -0 0 1
    outer loop
      vertex 2.64205 2.94827 0.799999
      vertex 3.01912 -3.04509 0.799999
      vertex 3.01912 3.04509 0.799999
    endloop
  endfacet
  facet normal 0 0 1
    outer loop
      vertex 2.64205 2.94827 0.799999
      vertex 2.64205 -2.94827 0.799999
      vertex 3.01912 -3.04509 0.799999
    endloop
  endfacet
  facet normal -0 0 1
    outer loop
      vertex 2.28008 2.80496 0.799999
      vertex 2.64205 -2.94827 0.799999
      vertex 2.64205 2.94827 0.799999
    endloop
  endfacet
  facet normal 0 0 1
    outer loop
      vertex 2.28008 2.80496 0.799999
      vertex 2.28008 -2.80496 0.799999
      vertex 2.64205 -2.94827 0.799999
    endloop
  endfacet
  facet normal -0 0 1
    outer loop
      vertex 1.93894 2.61742 0.799999
      vertex 2.28008 -2.80496 0.799999
      vertex 2.28008 2.80496 0.799999
    endloop
  endfacet
  facet normal 0 0 1
    outer loop
      vertex 1.93894 2.61742 0.799999
      vertex 1.93894 -2.61742 0.799999
      vertex 2.28008 -2.80496 0.799999
    endloop
  endfacet
  facet normal -0 0 1
    outer loop
      vertex 1.62399 2.38859 0.799999
      vertex 1.93894 -2.61742 0.799999
      vertex 1.93894 2.61742 0.799999
    endloop
  endfacet
  facet normal 0 0 1
    outer loop
      vertex 1.62399 2.38859 0.799999
      vertex 1.62399 -2.38859 0.799999
      vertex 1.93894 -2.61742 0.799999
    endloop
  endfacet
  facet normal -0 0 1
    outer loop
      vertex 1.3402 2.1221 0.799999
      vertex 1.62399 -2.38859 0.799999
      vertex 1.62399 2.38859 0.799999
    endloop
  endfacet
  facet normal 0 0 1
    outer loop
      vertex 1.3402 2.1221 0.799999
      vertex 1.3402 -2.1221 0.799999
      vertex 1.62399 -2.38859 0.799999
    endloop
  endfacet
  facet normal -0 0 1
    outer loop
      vertex 1.09205 1.82213 0.799999
      vertex 1.3402 -2.1221 0.799999
      vertex 1.3402 2.1221 0.799999
    endloop
  endfacet
  facet normal 0 0 1
    outer loop
      vertex 1.09205 1.82213 0.799999
      vertex 1.09205 -1.82213 0.799999
      vertex 1.3402 -2.1221 0.799999
    endloop
  endfacet
  facet normal -0 0 1
    outer loop
      vertex 0.883449 1.49344 0.799999
      vertex 1.09205 -1.82213 0.799999
      vertex 1.09205 1.82213 0.799999
    endloop
  endfacet
  facet normal 0 0 1
    outer loop
      vertex 0.883449 1.49344 0.799999
      vertex 0.883449 -1.49344 0.799999
      vertex 1.09205 -1.82213 0.799999
    endloop
  endfacet
  facet normal -0 0 1
    outer loop
      vertex 0.717692 1.14119 0.799999
      vertex 0.883449 -1.49344 0.799999
      vertex 0.883449 1.49344 0.799999
    endloop
  endfacet
  facet normal 0 0 1
    outer loop
      vertex 0.717692 1.14119 0.799999
      vertex 0.717692 -1.14119 0.799999
      vertex 0.883449 -1.49344 0.799999
    endloop
  endfacet
  facet normal -0 0 1
    outer loop
      vertex 0.597392 0.770938 0.799999
      vertex 0.717692 -1.14119 0.799999
      vertex 0.717692 1.14119 0.799999
    endloop
  endfacet
  facet normal 0 0 1
    outer loop
      vertex 0.597392 0.770938 0.799999
      vertex 0.597392 -0.770938 0.799999
      vertex 0.717692 -1.14119 0.799999
    endloop
  endfacet
  facet normal -0 0 1
    outer loop
      vertex 0.524444 0.388533 0.799999
      vertex 0.597392 -0.770938 0.799999
      vertex 0.597392 0.770938 0.799999
    endloop
  endfacet
  facet normal 0 0 1
    outer loop
      vertex 0.524444 0.388533 0.799999
      vertex 0.524444 -0.388533 0.799999
      vertex 0.597392 -0.770938 0.799999
    endloop
  endfacet
  facet normal 0 -0 1
    outer loop
      vertex 0.524444 -0.388533 0.799999
      vertex 0.524444 0.388533 0.799999
      vertex 0.5 0 0.799999
    endloop
  endfacet
  facet normal 0.998027 0.0627894 0
    outer loop
      vertex 0.524444 -0.388533 3
      vertex 0.5 0 0.799999
      vertex 0.5 0 3
    endloop
  endfacet
  facet normal 0.998027 0.0627894 0
    outer loop
      vertex 0.5 0 0.799999
      vertex 0.524444 -0.388533 3
      vertex 0.524444 -0.388533 0.799999
    endloop
  endfacet
  facet normal 0.844319 -0.535841 0
    outer loop
      vertex 0.883449 1.49344 3
      vertex 1.09205 1.82213 0.799999
      vertex 1.09205 1.82213 3
    endloop
  endfacet
  facet normal 0.844319 -0.535841 0
    outer loop
      vertex 1.09205 1.82213 0.799999
      vertex 0.883449 1.49344 3
      vertex 0.883449 1.49344 0.799999
    endloop
  endfacet
  facet normal 0.587794 -0.80901 0
    outer loop
      vertex 1.62399 2.38859 0.799999
      vertex 1.93894 2.61742 3
      vertex 1.62399 2.38859 3
    endloop
  endfacet
  facet normal 0.587794 -0.80901 0
    outer loop
      vertex 1.93894 2.61742 3
      vertex 1.62399 2.38859 0.799999
      vertex 1.93894 2.61742 0.799999
    endloop
  endfacet
  facet normal 0.684538 -0.728977 0
    outer loop
      vertex 1.3402 2.1221 0.799999
      vertex 1.62399 2.38859 3
      vertex 1.3402 2.1221 3
    endloop
  endfacet
  facet normal 0.684538 -0.728977 0
    outer loop
      vertex 1.62399 2.38859 3
      vertex 1.3402 2.1221 0.799999
      vertex 1.62399 2.38859 0.799999
    endloop
  endfacet
  facet normal -0.998027 -0.0627792 0
    outer loop
      vertex 6.7 0 0.799999
      vertex 6.67556 0.388533 3
      vertex 6.67556 0.388533 0.799999
    endloop
  endfacet
  facet normal -0.998027 -0.0627792 0
    outer loop
      vertex 6.67556 0.388533 3
      vertex 6.7 0 0.799999
      vertex 6.7 0 3
    endloop
  endfacet
  facet normal -0.951058 0.309012 0
    outer loop
      vertex 6.48231 -1.14119 0.799999
      vertex 6.60261 -0.770938 3
      vertex 6.60261 -0.770938 0.799999
    endloop
  endfacet
  facet normal -0.951058 0.309012 0
    outer loop
      vertex 6.60261 -0.770938 3
      vertex 6.48231 -1.14119 0.799999
      vertex 6.48231 -1.14119 3
    endloop
  endfacet
  facet normal -0.368116 0.92978 0
    outer loop
      vertex 4.91992 -2.80496 0.799999
      vertex 4.55795 -2.94827 3
      vertex 4.91992 -2.80496 3
    endloop
  endfacet
  facet normal -0.368116 0.92978 0
    outer loop
      vertex 4.55795 -2.94827 3
      vertex 4.91992 -2.80496 0.799999
      vertex 4.55795 -2.94827 0.799999
    endloop
  endfacet
  facet normal -0.770522 0.637414 0
    outer loop
      vertex 5.8598 -2.1221 0.799999
      vertex 6.10795 -1.82213 3
      vertex 6.10795 -1.82213 0.799999
    endloop
  endfacet
  facet normal -0.770522 0.637414 0
    outer loop
      vertex 6.10795 -1.82213 3
      vertex 5.8598 -2.1221 0.799999
      vertex 5.8598 -2.1221 3
    endloop
  endfacet
  facet normal -0.587794 0.80901 0
    outer loop
      vertex 5.57601 -2.38859 0.799999
      vertex 5.26106 -2.61742 3
      vertex 5.57601 -2.38859 3
    endloop
  endfacet
  facet normal -0.587794 0.80901 0
    outer loop
      vertex 5.26106 -2.61742 3
      vertex 5.57601 -2.38859 0.799999
      vertex 5.26106 -2.61742 0.799999
    endloop
  endfacet
  facet normal -0.84432 0.53584 0
    outer loop
      vertex 6.10795 -1.82213 0.799999
      vertex 6.31655 -1.49344 3
      vertex 6.31655 -1.49344 0.799999
    endloop
  endfacet
  facet normal -0.84432 0.53584 0
    outer loop
      vertex 6.31655 -1.49344 3
      vertex 6.10795 -1.82213 0.799999
      vertex 6.10795 -1.82213 3
    endloop
  endfacet
  facet normal 0.587794 0.80901 -0
    outer loop
      vertex 1.93894 -2.61742 0.799999
      vertex 1.62399 -2.38859 3
      vertex 1.93894 -2.61742 3
    endloop
  endfacet
  facet normal 0.587794 0.80901 0
    outer loop
      vertex 1.62399 -2.38859 3
      vertex 1.93894 -2.61742 0.799999
      vertex 1.62399 -2.38859 0.799999
    endloop
  endfacet
  facet normal -0.982286 -0.187387 0
    outer loop
      vertex 6.67556 0.388533 0.799999
      vertex 6.60261 0.770938 3
      vertex 6.60261 0.770938 0.799999
    endloop
  endfacet
  facet normal -0.982286 -0.187387 0
    outer loop
      vertex 6.60261 0.770938 3
      vertex 6.67556 0.388533 0.799999
      vertex 6.67556 0.388533 3
    endloop
  endfacet
  facet normal -0.904823 -0.425787 0
    outer loop
      vertex 6.48231 1.14119 0.799999
      vertex 6.31655 1.49344 3
      vertex 6.31655 1.49344 0.799999
    endloop
  endfacet
  facet normal -0.904823 -0.425787 0
    outer loop
      vertex 6.31655 1.49344 3
      vertex 6.48231 1.14119 0.799999
      vertex 6.48231 1.14119 3
    endloop
  endfacet
  facet normal -0.684538 -0.728977 0
    outer loop
      vertex 5.57601 2.38859 0.799999
      vertex 5.8598 2.1221 3
      vertex 5.57601 2.38859 3
    endloop
  endfacet
  facet normal -0.684538 -0.728977 -0
    outer loop
      vertex 5.8598 2.1221 3
      vertex 5.57601 2.38859 0.799999
      vertex 5.8598 2.1221 0.799999
    endloop
  endfacet
  facet normal -0.368116 -0.92978 0
    outer loop
      vertex 4.55795 2.94827 0.799999
      vertex 4.91992 2.80496 3
      vertex 4.55795 2.94827 3
    endloop
  endfacet
  facet normal -0.368116 -0.92978 -0
    outer loop
      vertex 4.91992 2.80496 3
      vertex 4.55795 2.94827 0.799999
      vertex 4.91992 2.80496 0.799999
    endloop
  endfacet
  facet normal 0.998027 -0.0627894 0
    outer loop
      vertex 0.5 0 3
      vertex 0.524444 0.388533 0.799999
      vertex 0.524444 0.388533 3
    endloop
  endfacet
  facet normal 0.998027 -0.0627894 0
    outer loop
      vertex 0.524444 0.388533 0.799999
      vertex 0.5 0 3
      vertex 0.5 0 0.799999
    endloop
  endfacet
  facet normal 0.904826 -0.425781 0
    outer loop
      vertex 0.717692 1.14119 3
      vertex 0.883449 1.49344 0.799999
      vertex 0.883449 1.49344 3
    endloop
  endfacet
  facet normal 0.904826 -0.425781 0
    outer loop
      vertex 0.883449 1.49344 0.799999
      vertex 0.717692 1.14119 3
      vertex 0.717692 1.14119 0.799999
    endloop
  endfacet
  facet normal 0.125328 -0.992115 0
    outer loop
      vertex 3.01912 3.04509 0.799999
      vertex 3.40535 3.09388 3
      vertex 3.01912 3.04509 3
    endloop
  endfacet
  facet normal 0.125328 -0.992115 0
    outer loop
      vertex 3.40535 3.09388 3
      vertex 3.01912 3.04509 0.799999
      vertex 3.40535 3.09388 0.799999
    endloop
  endfacet
  facet normal 0.248702 -0.96858 0
    outer loop
      vertex 2.64205 2.94827 0.799999
      vertex 3.01912 3.04509 3
      vertex 2.64205 2.94827 3
    endloop
  endfacet
  facet normal 0.248702 -0.96858 0
    outer loop
      vertex 3.01912 3.04509 3
      vertex 2.64205 2.94827 0.799999
      vertex 3.01912 3.04509 0.799999
    endloop
  endfacet
  facet normal 0.770522 -0.637414 0
    outer loop
      vertex 1.09205 1.82213 3
      vertex 1.3402 2.1221 0.799999
      vertex 1.3402 2.1221 3
    endloop
  endfacet
  facet normal 0.770522 -0.637414 0
    outer loop
      vertex 1.3402 2.1221 0.799999
      vertex 1.09205 1.82213 3
      vertex 1.09205 1.82213 0.799999
    endloop
  endfacet
  facet normal -0.998027 0.0627792 0
    outer loop
      vertex 6.67556 -0.388533 0.799999
      vertex 6.7 0 3
      vertex 6.7 0 0.799999
    endloop
  endfacet
  facet normal -0.998027 0.0627792 0
    outer loop
      vertex 6.7 0 3
      vertex 6.67556 -0.388533 0.799999
      vertex 6.67556 -0.388533 3
    endloop
  endfacet
  facet normal -0.982286 0.187387 0
    outer loop
      vertex 6.60261 -0.770938 0.799999
      vertex 6.67556 -0.388533 3
      vertex 6.67556 -0.388533 0.799999
    endloop
  endfacet
  facet normal -0.982286 0.187387 0
    outer loop
      vertex 6.67556 -0.388533 3
      vertex 6.60261 -0.770938 0.799999
      vertex 6.60261 -0.770938 3
    endloop
  endfacet
  facet normal -0.125328 0.992115 0
    outer loop
      vertex 4.18088 -3.04509 0.799999
      vertex 3.79465 -3.09388 3
      vertex 4.18088 -3.04509 3
    endloop
  endfacet
  facet normal -0.125328 0.992115 0
    outer loop
      vertex 3.79465 -3.09388 3
      vertex 4.18088 -3.04509 0.799999
      vertex 3.79465 -3.09388 0.799999
    endloop
  endfacet
  facet normal -0.248702 0.96858 0
    outer loop
      vertex 4.55795 -2.94827 0.799999
      vertex 4.18088 -3.04509 3
      vertex 4.55795 -2.94827 3
    endloop
  endfacet
  facet normal -0.248702 0.96858 0
    outer loop
      vertex 4.18088 -3.04509 3
      vertex 4.55795 -2.94827 0.799999
      vertex 4.18088 -3.04509 0.799999
    endloop
  endfacet
  facet normal -0.684538 0.728977 0
    outer loop
      vertex 5.8598 -2.1221 0.799999
      vertex 5.57601 -2.38859 3
      vertex 5.8598 -2.1221 3
    endloop
  endfacet
  facet normal -0.684538 0.728977 0
    outer loop
      vertex 5.57601 -2.38859 3
      vertex 5.8598 -2.1221 0.799999
      vertex 5.57601 -2.38859 0.799999
    endloop
  endfacet
  facet normal -0.904823 0.425787 0
    outer loop
      vertex 6.31655 -1.49344 0.799999
      vertex 6.48231 -1.14119 3
      vertex 6.48231 -1.14119 0.799999
    endloop
  endfacet
  facet normal -0.904823 0.425787 0
    outer loop
      vertex 6.48231 -1.14119 3
      vertex 6.31655 -1.49344 0.799999
      vertex 6.31655 -1.49344 3
    endloop
  endfacet
  facet normal 0 1 -0
    outer loop
      vertex 3.79465 -3.09388 0.799999
      vertex 3.40535 -3.09388 3
      vertex 3.79465 -3.09388 3
    endloop
  endfacet
  facet normal 0 1 0
    outer loop
      vertex 3.40535 -3.09388 3
      vertex 3.79465 -3.09388 0.799999
      vertex 3.40535 -3.09388 0.799999
    endloop
  endfacet
  facet normal 0.481747 0.87631 -0
    outer loop
      vertex 2.28008 -2.80496 0.799999
      vertex 1.93894 -2.61742 3
      vertex 2.28008 -2.80496 3
    endloop
  endfacet
  facet normal 0.481747 0.87631 0
    outer loop
      vertex 1.93894 -2.61742 3
      vertex 2.28008 -2.80496 0.799999
      vertex 1.93894 -2.61742 0.799999
    endloop
  endfacet
  facet normal 0.368116 0.92978 -0
    outer loop
      vertex 2.64205 -2.94827 0.799999
      vertex 2.28008 -2.80496 3
      vertex 2.64205 -2.94827 3
    endloop
  endfacet
  facet normal 0.368116 0.92978 0
    outer loop
      vertex 2.28008 -2.80496 3
      vertex 2.64205 -2.94827 0.799999
      vertex 2.28008 -2.80496 0.799999
    endloop
  endfacet
  facet normal 0.904826 0.425781 0
    outer loop
      vertex 0.883449 -1.49344 3
      vertex 0.717692 -1.14119 0.799999
      vertex 0.717692 -1.14119 3
    endloop
  endfacet
  facet normal 0.904826 0.425781 0
    outer loop
      vertex 0.717692 -1.14119 0.799999
      vertex 0.883449 -1.49344 3
      vertex 0.883449 -1.49344 0.799999
    endloop
  endfacet
  facet normal 0.982287 0.187382 0
    outer loop
      vertex 0.597392 -0.770938 3
      vertex 0.524444 -0.388533 0.799999
      vertex 0.524444 -0.388533 3
    endloop
  endfacet
  facet normal 0.982287 0.187382 0
    outer loop
      vertex 0.524444 -0.388533 0.799999
      vertex 0.597392 -0.770938 3
      vertex 0.597392 -0.770938 0.799999
    endloop
  endfacet
  facet normal 0.770522 0.637414 0
    outer loop
      vertex 1.3402 -2.1221 3
      vertex 1.09205 -1.82213 0.799999
      vertex 1.09205 -1.82213 3
    endloop
  endfacet
  facet normal 0.770522 0.637414 0
    outer loop
      vertex 1.09205 -1.82213 0.799999
      vertex 1.3402 -2.1221 3
      vertex 1.3402 -2.1221 0.799999
    endloop
  endfacet
  facet normal 0.684538 0.728977 -0
    outer loop
      vertex 1.62399 -2.38859 0.799999
      vertex 1.3402 -2.1221 3
      vertex 1.62399 -2.38859 3
    endloop
  endfacet
  facet normal 0.684538 0.728977 0
    outer loop
      vertex 1.3402 -2.1221 3
      vertex 1.62399 -2.38859 0.799999
      vertex 1.3402 -2.1221 0.799999
    endloop
  endfacet
  facet normal -0.248702 -0.96858 0
    outer loop
      vertex 4.18088 3.04509 0.799999
      vertex 4.55795 2.94827 3
      vertex 4.18088 3.04509 3
    endloop
  endfacet
  facet normal -0.248702 -0.96858 -0
    outer loop
      vertex 4.55795 2.94827 3
      vertex 4.18088 3.04509 0.799999
      vertex 4.55795 2.94827 0.799999
    endloop
  endfacet
  facet normal 0 0 -1
    outer loop
      vertex 6.67556 -0.388533 3
      vertex 6.67556 0.388533 3
      vertex 6.7 0 3
    endloop
  endfacet
  facet normal 0 0 -1
    outer loop
      vertex 6.60261 -0.770938 3
      vertex 6.67556 0.388533 3
      vertex 6.67556 -0.388533 3
    endloop
  endfacet
  facet normal 0 0 -1
    outer loop
      vertex 6.60261 -0.770938 3
      vertex 6.60261 0.770938 3
      vertex 6.67556 0.388533 3
    endloop
  endfacet
  facet normal 0 0 -1
    outer loop
      vertex 6.48231 -1.14119 3
      vertex 6.60261 0.770938 3
      vertex 6.60261 -0.770938 3
    endloop
  endfacet
  facet normal 0 0 -1
    outer loop
      vertex 6.48231 -1.14119 3
      vertex 6.48231 1.14119 3
      vertex 6.60261 0.770938 3
    endloop
  endfacet
  facet normal 0 0 -1
    outer loop
      vertex 6.31655 -1.49344 3
      vertex 6.48231 1.14119 3
      vertex 6.48231 -1.14119 3
    endloop
  endfacet
  facet normal 0 0 -1
    outer loop
      vertex 6.31655 -1.49344 3
      vertex 6.31655 1.49344 3
      vertex 6.48231 1.14119 3
    endloop
  endfacet
  facet normal 0 0 -1
    outer loop
      vertex 6.10795 -1.82213 3
      vertex 6.31655 1.49344 3
      vertex 6.31655 -1.49344 3
    endloop
  endfacet
  facet normal 0 0 -1
    outer loop
      vertex 6.10795 -1.82213 3
      vertex 6.10795 1.82213 3
      vertex 6.31655 1.49344 3
    endloop
  endfacet
  facet normal 0 0 -1
    outer loop
      vertex 5.8598 -2.1221 3
      vertex 6.10795 1.82213 3
      vertex 6.10795 -1.82213 3
    endloop
  endfacet
  facet normal 0 0 -1
    outer loop
      vertex 5.8598 -2.1221 3
      vertex 5.8598 2.1221 3
      vertex 6.10795 1.82213 3
    endloop
  endfacet
  facet normal 0 0 -1
    outer loop
      vertex 5.57601 -2.38859 3
      vertex 5.8598 2.1221 3
      vertex 5.8598 -2.1221 3
    endloop
  endfacet
  facet normal 0 0 -1
    outer loop
      vertex 5.57601 -2.38859 3
      vertex 5.57601 2.38859 3
      vertex 5.8598 2.1221 3
    endloop
  endfacet
  facet normal 0 0 -1
    outer loop
      vertex 5.26106 -2.61742 3
      vertex 5.57601 2.38859 3
      vertex 5.57601 -2.38859 3
    endloop
  endfacet
  facet normal 0 0 -1
    outer loop
      vertex 5.26106 -2.61742 3
      vertex 5.26106 2.61742 3
      vertex 5.57601 2.38859 3
    endloop
  endfacet
  facet normal 0 0 -1
    outer loop
      vertex 4.91992 -2.80496 3
      vertex 5.26106 2.61742 3
      vertex 5.26106 -2.61742 3
    endloop
  endfacet
  facet normal 0 0 -1
    outer loop
      vertex 4.91992 -2.80496 3
      vertex 4.91992 2.80496 3
      vertex 5.26106 2.61742 3
    endloop
  endfacet
  facet normal 0 0 -1
    outer loop
      vertex 4.55795 -2.94827 3
      vertex 4.91992 2.80496 3
      vertex 4.91992 -2.80496 3
    endloop
  endfacet
  facet normal 0 0 -1
    outer loop
      vertex 4.55795 -2.94827 3
      vertex 4.55795 2.94827 3
      vertex 4.91992 2.80496 3
    endloop
  endfacet
  facet normal 0 0 -1
    outer loop
      vertex 4.18088 -3.04509 3
      vertex 4.55795 2.94827 3
      vertex 4.55795 -2.94827 3
    endloop
  endfacet
  facet normal 0 0 -1
    outer loop
      vertex 4.18088 -3.04509 3
      vertex 4.18088 3.04509 3
      vertex 4.55795 2.94827 3
    endloop
  endfacet
  facet normal 0 0 -1
    outer loop
      vertex 3.79465 -3.09388 3
      vertex 4.18088 3.04509 3
      vertex 4.18088 -3.04509 3
    endloop
  endfacet
  facet normal 0 0 -1
    outer loop
      vertex 3.79465 -3.09388 3
      vertex 3.79465 3.09388 3
      vertex 4.18088 3.04509 3
    endloop
  endfacet
  facet normal 0 0 -1
    outer loop
      vertex 3.40535 -3.09388 3
      vertex 3.79465 3.09388 3
      vertex 3.79465 -3.09388 3
    endloop
  endfacet
  facet normal 0 0 -1
    outer loop
      vertex 3.40535 -3.09388 3
      vertex 3.40535 3.09388 3
      vertex 3.79465 3.09388 3
    endloop
  endfacet
  facet normal 0 0 -1
    outer loop
      vertex 3.01912 -3.04509 3
      vertex 3.40535 3.09388 3
      vertex 3.40535 -3.09388 3
    endloop
  endfacet
  facet normal 0 0 -1
    outer loop
      vertex 3.01912 -3.04509 3
      vertex 3.01912 3.04509 3
      vertex 3.40535 3.09388 3
    endloop
  endfacet
  facet normal 0 0 -1
    outer loop
      vertex 2.64205 -2.94827 3
      vertex 3.01912 3.04509 3
      vertex 3.01912 -3.04509 3
    endloop
  endfacet
  facet normal 0 0 -1
    outer loop
      vertex 2.64205 -2.94827 3
      vertex 2.64205 2.94827 3
      vertex 3.01912 3.04509 3
    endloop
  endfacet
  facet normal 0 0 -1
    outer loop
      vertex 2.28008 -2.80496 3
      vertex 2.64205 2.94827 3
      vertex 2.64205 -2.94827 3
    endloop
  endfacet
  facet normal 0 0 -1
    outer loop
      vertex 2.28008 -2.80496 3
      vertex 2.28008 2.80496 3
      vertex 2.64205 2.94827 3
    endloop
  endfacet
  facet normal 0 0 -1
    outer loop
      vertex 1.93894 -2.61742 3
      vertex 2.28008 2.80496 3
      vertex 2.28008 -2.80496 3
    endloop
  endfacet
  facet normal 0 0 -1
    outer loop
      vertex 1.93894 -2.61742 3
      vertex 1.93894 2.61742 3
      vertex 2.28008 2.80496 3
    endloop
  endfacet
  facet normal 0 0 -1
    outer loop
      vertex 1.62399 -2.38859 3
      vertex 1.93894 2.61742 3
      vertex 1.93894 -2.61742 3
    endloop
  endfacet
  facet normal 0 0 -1
    outer loop
      vertex 1.62399 -2.38859 3
      vertex 1.62399 2.38859 3
      vertex 1.93894 2.61742 3
    endloop
  endfacet
  facet normal 0 0 -1
    outer loop
      vertex 1.3402 -2.1221 3
      vertex 1.62399 2.38859 3
      vertex 1.62399 -2.38859 3
    endloop
  endfacet
  facet normal 0 0 -1
    outer loop
      vertex 1.3402 -2.1221 3
      vertex 1.3402 2.1221 3
      vertex 1.62399 2.38859 3
    endloop
  endfacet
  facet normal 0 0 -1
    outer loop
      vertex 1.09205 -1.82213 3
      vertex 1.3402 2.1221 3
      vertex 1.3402 -2.1221 3
    endloop
  endfacet
  facet normal 0 0 -1
    outer loop
      vertex 1.09205 -1.82213 3
      vertex 1.09205 1.82213 3
      vertex 1.3402 2.1221 3
    endloop
  endfacet
  facet normal 0 0 -1
    outer loop
      vertex 0.883449 -1.49344 3
      vertex 1.09205 1.82213 3
      vertex 1.09205 -1.82213 3
    endloop
  endfacet
  facet normal 0 0 -1
    outer loop
      vertex 0.883449 -1.49344 3
      vertex 0.883449 1.49344 3
      vertex 1.09205 1.82213 3
    endloop
  endfacet
  facet normal 0 0 -1
    outer loop
      vertex 0.717692 -1.14119 3
      vertex 0.883449 1.49344 3
      vertex 0.883449 -1.49344 3
    endloop
  endfacet
  facet normal 0 0 -1
    outer loop
      vertex 0.717692 -1.14119 3
      vertex 0.717692 1.14119 3
      vertex 0.883449 1.49344 3
    endloop
  endfacet
  facet normal 0 0 -1
    outer loop
      vertex 0.597392 -0.770938 3
      vertex 0.717692 1.14119 3
      vertex 0.717692 -1.14119 3
    endloop
  endfacet
  facet normal 0 0 -1
    outer loop
      vertex 0.597392 -0.770938 3
      vertex 0.597392 0.770938 3
      vertex 0.717692 1.14119 3
    endloop
  endfacet
  facet normal 0 0 -1
    outer loop
      vertex 0.524444 -0.388533 3
      vertex 0.597392 0.770938 3
      vertex 0.597392 -0.770938 3
    endloop
  endfacet
  facet normal 0 0 -1
    outer loop
      vertex 0.524444 -0.388533 3
      vertex 0.524444 0.388533 3
      vertex 0.597392 0.770938 3
    endloop
  endfacet
  facet normal 0 -0 -1
    outer loop
      vertex 0.524444 0.388533 3
      vertex 0.524444 -0.388533 3
      vertex 0.5 0 3
    endloop
  endfacet
  facet normal 0.368116 -0.92978 0
    outer loop
      vertex 2.28008 2.80496 0.799999
      vertex 2.64205 2.94827 3
      vertex 2.28008 2.80496 3
    endloop
  endfacet
  facet normal 0.368116 -0.92978 0
    outer loop
      vertex 2.64205 2.94827 3
      vertex 2.28008 2.80496 0.799999
      vertex 2.64205 2.94827 0.799999
    endloop
  endfacet
  facet normal -0.481747 0.87631 0
    outer loop
      vertex 5.26106 -2.61742 0.799999
      vertex 4.91992 -2.80496 3
      vertex 5.26106 -2.61742 3
    endloop
  endfacet
  facet normal -0.481747 0.87631 0
    outer loop
      vertex 4.91992 -2.80496 3
      vertex 5.26106 -2.61742 0.799999
      vertex 4.91992 -2.80496 0.799999
    endloop
  endfacet
  facet normal 0.125328 0.992115 -0
    outer loop
      vertex 3.40535 -3.09388 0.799999
      vertex 3.01912 -3.04509 3
      vertex 3.40535 -3.09388 3
    endloop
  endfacet
  facet normal 0.125328 0.992115 0
    outer loop
      vertex 3.01912 -3.04509 3
      vertex 3.40535 -3.09388 0.799999
      vertex 3.01912 -3.04509 0.799999
    endloop
  endfacet
  facet normal 0.951058 0.309012 0
    outer loop
      vertex 0.717692 -1.14119 3
      vertex 0.597392 -0.770938 0.799999
      vertex 0.597392 -0.770938 3
    endloop
  endfacet
  facet normal 0.951058 0.309012 0
    outer loop
      vertex 0.597392 -0.770938 0.799999
      vertex 0.717692 -1.14119 3
      vertex 0.717692 -1.14119 0.799999
    endloop
  endfacet
  facet normal -0.904826 -0.425781 0
    outer loop
      vertex -0.717692 1.14119 0.799999
      vertex -0.883449 1.49344 3
      vertex -0.883449 1.49344 0.799999
    endloop
  endfacet
  facet normal -0.904826 -0.425781 0
    outer loop
      vertex -0.883449 1.49344 3
      vertex -0.717692 1.14119 0.799999
      vertex -0.717692 1.14119 3
    endloop
  endfacet
  facet normal -0.844319 -0.535841 0
    outer loop
      vertex -0.883449 1.49344 0.799999
      vertex -1.09205 1.82213 3
      vertex -1.09205 1.82213 0.799999
    endloop
  endfacet
  facet normal -0.844319 -0.535841 0
    outer loop
      vertex -1.09205 1.82213 3
      vertex -0.883449 1.49344 0.799999
      vertex -0.883449 1.49344 3
    endloop
  endfacet
  facet normal -0.368116 -0.92978 0
    outer loop
      vertex -2.64205 2.94827 0.799999
      vertex -2.28008 2.80496 3
      vertex -2.64205 2.94827 3
    endloop
  endfacet
  facet normal -0.368116 -0.92978 -0
    outer loop
      vertex -2.28008 2.80496 3
      vertex -2.64205 2.94827 0.799999
      vertex -2.28008 2.80496 0.799999
    endloop
  endfacet
  facet normal 0.368116 -0.92978 0
    outer loop
      vertex -4.91992 2.80496 0.799999
      vertex -4.55795 2.94827 3
      vertex -4.91992 2.80496 3
    endloop
  endfacet
  facet normal 0.368116 -0.92978 0
    outer loop
      vertex -4.55795 2.94827 3
      vertex -4.91992 2.80496 0.799999
      vertex -4.55795 2.94827 0.799999
    endloop
  endfacet
  facet normal 0.904823 -0.425787 0
    outer loop
      vertex -6.48231 1.14119 3
      vertex -6.31655 1.49344 0.799999
      vertex -6.31655 1.49344 3
    endloop
  endfacet
  facet normal 0.904823 -0.425787 0
    outer loop
      vertex -6.31655 1.49344 0.799999
      vertex -6.48231 1.14119 3
      vertex -6.48231 1.14119 0.799999
    endloop
  endfacet
  facet normal -0.982287 0.187382 0
    outer loop
      vertex -0.597392 -0.770938 0.799999
      vertex -0.524444 -0.388533 3
      vertex -0.524444 -0.388533 0.799999
    endloop
  endfacet
  facet normal -0.982287 0.187382 0
    outer loop
      vertex -0.524444 -0.388533 3
      vertex -0.597392 -0.770938 0.799999
      vertex -0.597392 -0.770938 3
    endloop
  endfacet
  facet normal 0 -1 0
    outer loop
      vertex -3.79465 3.09388 0.799999
      vertex -3.40535 3.09388 3
      vertex -3.79465 3.09388 3
    endloop
  endfacet
  facet normal 0 -1 -0
    outer loop
      vertex -3.40535 3.09388 3
      vertex -3.79465 3.09388 0.799999
      vertex -3.40535 3.09388 0.799999
    endloop
  endfacet
  facet normal -0.587794 -0.80901 0
    outer loop
      vertex -1.93894 2.61742 0.799999
      vertex -1.62399 2.38859 3
      vertex -1.93894 2.61742 3
    endloop
  endfacet
  facet normal -0.587794 -0.80901 -0
    outer loop
      vertex -1.62399 2.38859 3
      vertex -1.93894 2.61742 0.799999
      vertex -1.62399 2.38859 0.799999
    endloop
  endfacet
  facet normal 0.770522 -0.637414 0
    outer loop
      vertex -6.10795 1.82213 3
      vertex -5.8598 2.1221 0.799999
      vertex -5.8598 2.1221 3
    endloop
  endfacet
  facet normal 0.770522 -0.637414 0
    outer loop
      vertex -5.8598 2.1221 0.799999
      vertex -6.10795 1.82213 3
      vertex -6.10795 1.82213 0.799999
    endloop
  endfacet
  facet normal 0.481747 -0.87631 0
    outer loop
      vertex -5.26106 2.61742 0.799999
      vertex -4.91992 2.80496 3
      vertex -5.26106 2.61742 3
    endloop
  endfacet
  facet normal 0.481747 -0.87631 0
    outer loop
      vertex -4.91992 2.80496 3
      vertex -5.26106 2.61742 0.799999
      vertex -4.91992 2.80496 0.799999
    endloop
  endfacet
  facet normal 0.248702 -0.96858 0
    outer loop
      vertex -4.55795 2.94827 0.799999
      vertex -4.18088 3.04509 3
      vertex -4.55795 2.94827 3
    endloop
  endfacet
  facet normal 0.248702 -0.96858 0
    outer loop
      vertex -4.18088 3.04509 3
      vertex -4.55795 2.94827 0.799999
      vertex -4.18088 3.04509 0.799999
    endloop
  endfacet
  facet normal -0.998027 0.0627894 0
    outer loop
      vertex -0.524444 -0.388533 0.799999
      vertex -0.5 0 3
      vertex -0.5 0 0.799999
    endloop
  endfacet
  facet normal -0.998027 0.0627894 0
    outer loop
      vertex -0.5 0 3
      vertex -0.524444 -0.388533 0.799999
      vertex -0.524444 -0.388533 3
    endloop
  endfacet
  facet normal -0.951058 0.309012 0
    outer loop
      vertex -0.717692 -1.14119 0.799999
      vertex -0.597392 -0.770938 3
      vertex -0.597392 -0.770938 0.799999
    endloop
  endfacet
  facet normal -0.951058 0.309012 0
    outer loop
      vertex -0.597392 -0.770938 3
      vertex -0.717692 -1.14119 0.799999
      vertex -0.717692 -1.14119 3
    endloop
  endfacet
  facet normal -0.587794 0.80901 0
    outer loop
      vertex -1.62399 -2.38859 0.799999
      vertex -1.93894 -2.61742 3
      vertex -1.62399 -2.38859 3
    endloop
  endfacet
  facet normal -0.587794 0.80901 0
    outer loop
      vertex -1.93894 -2.61742 3
      vertex -1.62399 -2.38859 0.799999
      vertex -1.93894 -2.61742 0.799999
    endloop
  endfacet
  facet normal -0.951058 -0.309012 0
    outer loop
      vertex -0.597392 0.770938 0.799999
      vertex -0.717692 1.14119 3
      vertex -0.717692 1.14119 0.799999
    endloop
  endfacet
  facet normal -0.951058 -0.309012 0
    outer loop
      vertex -0.717692 1.14119 3
      vertex -0.597392 0.770938 0.799999
      vertex -0.597392 0.770938 3
    endloop
  endfacet
  facet normal -0.684538 -0.728977 0
    outer loop
      vertex -1.62399 2.38859 0.799999
      vertex -1.3402 2.1221 3
      vertex -1.62399 2.38859 3
    endloop
  endfacet
  facet normal -0.684538 -0.728977 -0
    outer loop
      vertex -1.3402 2.1221 3
      vertex -1.62399 2.38859 0.799999
      vertex -1.3402 2.1221 0.799999
    endloop
  endfacet
  facet normal -0.248702 -0.96858 0
    outer loop
      vertex -3.01912 3.04509 0.799999
      vertex -2.64205 2.94827 3
      vertex -3.01912 3.04509 3
    endloop
  endfacet
  facet normal -0.248702 -0.96858 -0
    outer loop
      vertex -2.64205 2.94827 3
      vertex -3.01912 3.04509 0.799999
      vertex -2.64205 2.94827 0.799999
    endloop
  endfacet
  facet normal -0.125328 -0.992115 0
    outer loop
      vertex -3.40535 3.09388 0.799999
      vertex -3.01912 3.04509 3
      vertex -3.40535 3.09388 3
    endloop
  endfacet
  facet normal -0.125328 -0.992115 -0
    outer loop
      vertex -3.01912 3.04509 3
      vertex -3.40535 3.09388 0.799999
      vertex -3.01912 3.04509 0.799999
    endloop
  endfacet
  facet normal -0.481747 -0.87631 0
    outer loop
      vertex -2.28008 2.80496 0.799999
      vertex -1.93894 2.61742 3
      vertex -2.28008 2.80496 3
    endloop
  endfacet
  facet normal -0.481747 -0.87631 -0
    outer loop
      vertex -1.93894 2.61742 3
      vertex -2.28008 2.80496 0.799999
      vertex -1.93894 2.61742 0.799999
    endloop
  endfacet
  facet normal 0.998027 -0.0627792 0
    outer loop
      vertex -6.7 0 3
      vertex -6.67556 0.388533 0.799999
      vertex -6.67556 0.388533 3
    endloop
  endfacet
  facet normal 0.998027 -0.0627792 0
    outer loop
      vertex -6.67556 0.388533 0.799999
      vertex -6.7 0 3
      vertex -6.7 0 0.799999
    endloop
  endfacet
  facet normal 0.951058 -0.309012 0
    outer loop
      vertex -6.60261 0.770938 3
      vertex -6.48231 1.14119 0.799999
      vertex -6.48231 1.14119 3
    endloop
  endfacet
  facet normal 0.951058 -0.309012 0
    outer loop
      vertex -6.48231 1.14119 0.799999
      vertex -6.60261 0.770938 3
      vertex -6.60261 0.770938 0.799999
    endloop
  endfacet
  facet normal 0.84432 -0.53584 0
    outer loop
      vertex -6.31655 1.49344 3
      vertex -6.10795 1.82213 0.799999
      vertex -6.10795 1.82213 3
    endloop
  endfacet
  facet normal 0.84432 -0.53584 0
    outer loop
      vertex -6.10795 1.82213 0.799999
      vertex -6.31655 1.49344 3
      vertex -6.31655 1.49344 0.799999
    endloop
  endfacet
  facet normal 0.125328 -0.992115 0
    outer loop
      vertex -4.18088 3.04509 0.799999
      vertex -3.79465 3.09388 3
      vertex -4.18088 3.04509 3
    endloop
  endfacet
  facet normal 0.125328 -0.992115 0
    outer loop
      vertex -3.79465 3.09388 3
      vertex -4.18088 3.04509 0.799999
      vertex -3.79465 3.09388 0.799999
    endloop
  endfacet
  facet normal 0.587794 -0.80901 0
    outer loop
      vertex -5.57601 2.38859 0.799999
      vertex -5.26106 2.61742 3
      vertex -5.57601 2.38859 3
    endloop
  endfacet
  facet normal 0.587794 -0.80901 0
    outer loop
      vertex -5.26106 2.61742 3
      vertex -5.57601 2.38859 0.799999
      vertex -5.26106 2.61742 0.799999
    endloop
  endfacet
  facet normal 0.684538 -0.728977 0
    outer loop
      vertex -5.8598 2.1221 0.799999
      vertex -5.57601 2.38859 3
      vertex -5.8598 2.1221 3
    endloop
  endfacet
  facet normal 0.684538 -0.728977 0
    outer loop
      vertex -5.57601 2.38859 3
      vertex -5.8598 2.1221 0.799999
      vertex -5.57601 2.38859 0.799999
    endloop
  endfacet
  facet normal -0.998027 -0.0627894 0
    outer loop
      vertex -0.5 0 0.799999
      vertex -0.524444 0.388533 3
      vertex -0.524444 0.388533 0.799999
    endloop
  endfacet
  facet normal -0.998027 -0.0627894 0
    outer loop
      vertex -0.524444 0.388533 3
      vertex -0.5 0 0.799999
      vertex -0.5 0 3
    endloop
  endfacet
  facet normal -0.844319 0.535841 0
    outer loop
      vertex -1.09205 -1.82213 0.799999
      vertex -0.883449 -1.49344 3
      vertex -0.883449 -1.49344 0.799999
    endloop
  endfacet
  facet normal -0.844319 0.535841 0
    outer loop
      vertex -0.883449 -1.49344 3
      vertex -1.09205 -1.82213 0.799999
      vertex -1.09205 -1.82213 3
    endloop
  endfacet
  facet normal -0.684538 0.728977 0
    outer loop
      vertex -1.3402 -2.1221 0.799999
      vertex -1.62399 -2.38859 3
      vertex -1.3402 -2.1221 3
    endloop
  endfacet
  facet normal -0.684538 0.728977 0
    outer loop
      vertex -1.62399 -2.38859 3
      vertex -1.3402 -2.1221 0.799999
      vertex -1.62399 -2.38859 0.799999
    endloop
  endfacet
  facet normal -0.982287 -0.187382 0
    outer loop
      vertex -0.524444 0.388533 0.799999
      vertex -0.597392 0.770938 3
      vertex -0.597392 0.770938 0.799999
    endloop
  endfacet
  facet normal -0.982287 -0.187382 0
    outer loop
      vertex -0.597392 0.770938 3
      vertex -0.524444 0.388533 0.799999
      vertex -0.524444 0.388533 3
    endloop
  endfacet
  facet normal -0.770522 -0.637414 0
    outer loop
      vertex -1.09205 1.82213 0.799999
      vertex -1.3402 2.1221 3
      vertex -1.3402 2.1221 0.799999
    endloop
  endfacet
  facet normal -0.770522 -0.637414 0
    outer loop
      vertex -1.3402 2.1221 3
      vertex -1.09205 1.82213 0.799999
      vertex -1.09205 1.82213 3
    endloop
  endfacet
  facet normal 0 0 -1
    outer loop
      vertex -0.524444 -0.388533 3
      vertex -0.524444 0.388533 3
      vertex -0.5 0 3
    endloop
  endfacet
  facet normal 0 0 -1
    outer loop
      vertex -0.597392 -0.770938 3
      vertex -0.524444 0.388533 3
      vertex -0.524444 -0.388533 3
    endloop
  endfacet
  facet normal 0 0 -1
    outer loop
      vertex -0.597392 -0.770938 3
      vertex -0.597392 0.770938 3
      vertex -0.524444 0.388533 3
    endloop
  endfacet
  facet normal 0 0 -1
    outer loop
      vertex -0.717692 -1.14119 3
      vertex -0.597392 0.770938 3
      vertex -0.597392 -0.770938 3
    endloop
  endfacet
  facet normal 0 0 -1
    outer loop
      vertex -0.717692 -1.14119 3
      vertex -0.717692 1.14119 3
      vertex -0.597392 0.770938 3
    endloop
  endfacet
  facet normal 0 0 -1
    outer loop
      vertex -0.883449 -1.49344 3
      vertex -0.717692 1.14119 3
      vertex -0.717692 -1.14119 3
    endloop
  endfacet
  facet normal 0 0 -1
    outer loop
      vertex -0.883449 -1.49344 3
      vertex -0.883449 1.49344 3
      vertex -0.717692 1.14119 3
    endloop
  endfacet
  facet normal 0 0 -1
    outer loop
      vertex -1.09205 -1.82213 3
      vertex -0.883449 1.49344 3
      vertex -0.883449 -1.49344 3
    endloop
  endfacet
  facet normal 0 0 -1
    outer loop
      vertex -1.09205 -1.82213 3
      vertex -1.09205 1.82213 3
      vertex -0.883449 1.49344 3
    endloop
  endfacet
  facet normal 0 0 -1
    outer loop
      vertex -1.3402 -2.1221 3
      vertex -1.09205 1.82213 3
      vertex -1.09205 -1.82213 3
    endloop
  endfacet
  facet normal 0 0 -1
    outer loop
      vertex -1.3402 -2.1221 3
      vertex -1.3402 2.1221 3
      vertex -1.09205 1.82213 3
    endloop
  endfacet
  facet normal 0 0 -1
    outer loop
      vertex -1.62399 -2.38859 3
      vertex -1.3402 2.1221 3
      vertex -1.3402 -2.1221 3
    endloop
  endfacet
  facet normal 0 0 -1
    outer loop
      vertex -1.62399 -2.38859 3
      vertex -1.62399 2.38859 3
      vertex -1.3402 2.1221 3
    endloop
  endfacet
  facet normal 0 0 -1
    outer loop
      vertex -1.93894 -2.61742 3
      vertex -1.62399 2.38859 3
      vertex -1.62399 -2.38859 3
    endloop
  endfacet
  facet normal 0 0 -1
    outer loop
      vertex -1.93894 -2.61742 3
      vertex -1.93894 2.61742 3
      vertex -1.62399 2.38859 3
    endloop
  endfacet
  facet normal 0 0 -1
    outer loop
      vertex -2.28008 -2.80496 3
      vertex -1.93894 2.61742 3
      vertex -1.93894 -2.61742 3
    endloop
  endfacet
  facet normal 0 0 -1
    outer loop
      vertex -2.28008 -2.80496 3
      vertex -2.28008 2.80496 3
      vertex -1.93894 2.61742 3
    endloop
  endfacet
  facet normal 0 0 -1
    outer loop
      vertex -2.64205 -2.94827 3
      vertex -2.28008 2.80496 3
      vertex -2.28008 -2.80496 3
    endloop
  endfacet
  facet normal 0 0 -1
    outer loop
      vertex -2.64205 -2.94827 3
      vertex -2.64205 2.94827 3
      vertex -2.28008 2.80496 3
    endloop
  endfacet
  facet normal 0 0 -1
    outer loop
      vertex -3.01912 -3.04509 3
      vertex -2.64205 2.94827 3
      vertex -2.64205 -2.94827 3
    endloop
  endfacet
  facet normal 0 0 -1
    outer loop
      vertex -3.01912 -3.04509 3
      vertex -3.01912 3.04509 3
      vertex -2.64205 2.94827 3
    endloop
  endfacet
  facet normal 0 0 -1
    outer loop
      vertex -3.40535 -3.09388 3
      vertex -3.01912 3.04509 3
      vertex -3.01912 -3.04509 3
    endloop
  endfacet
  facet normal 0 0 -1
    outer loop
      vertex -3.40535 -3.09388 3
      vertex -3.40535 3.09388 3
      vertex -3.01912 3.04509 3
    endloop
  endfacet
  facet normal 0 0 -1
    outer loop
      vertex -3.79465 -3.09388 3
      vertex -3.40535 3.09388 3
      vertex -3.40535 -3.09388 3
    endloop
  endfacet
  facet normal 0 0 -1
    outer loop
      vertex -3.79465 -3.09388 3
      vertex -3.79465 3.09388 3
      vertex -3.40535 3.09388 3
    endloop
  endfacet
  facet normal 0 0 -1
    outer loop
      vertex -4.18088 -3.04509 3
      vertex -3.79465 3.09388 3
      vertex -3.79465 -3.09388 3
    endloop
  endfacet
  facet normal 0 0 -1
    outer loop
      vertex -4.18088 -3.04509 3
      vertex -4.18088 3.04509 3
      vertex -3.79465 3.09388 3
    endloop
  endfacet
  facet normal 0 0 -1
    outer loop
      vertex -4.55795 -2.94827 3
      vertex -4.18088 3.04509 3
      vertex -4.18088 -3.04509 3
    endloop
  endfacet
  facet normal 0 0 -1
    outer loop
      vertex -4.55795 -2.94827 3
      vertex -4.55795 2.94827 3
      vertex -4.18088 3.04509 3
    endloop
  endfacet
  facet normal 0 0 -1
    outer loop
      vertex -4.91992 -2.80496 3
      vertex -4.55795 2.94827 3
      vertex -4.55795 -2.94827 3
    endloop
  endfacet
  facet normal 0 0 -1
    outer loop
      vertex -4.91992 -2.80496 3
      vertex -4.91992 2.80496 3
      vertex -4.55795 2.94827 3
    endloop
  endfacet
  facet normal 0 0 -1
    outer loop
      vertex -5.26106 -2.61742 3
      vertex -4.91992 2.80496 3
      vertex -4.91992 -2.80496 3
    endloop
  endfacet
  facet normal 0 0 -1
    outer loop
      vertex -5.26106 -2.61742 3
      vertex -5.26106 2.61742 3
      vertex -4.91992 2.80496 3
    endloop
  endfacet
  facet normal 0 0 -1
    outer loop
      vertex -5.57601 -2.38859 3
      vertex -5.26106 2.61742 3
      vertex -5.26106 -2.61742 3
    endloop
  endfacet
  facet normal 0 0 -1
    outer loop
      vertex -5.57601 -2.38859 3
      vertex -5.57601 2.38859 3
      vertex -5.26106 2.61742 3
    endloop
  endfacet
  facet normal 0 0 -1
    outer loop
      vertex -5.8598 -2.1221 3
      vertex -5.57601 2.38859 3
      vertex -5.57601 -2.38859 3
    endloop
  endfacet
  facet normal 0 0 -1
    outer loop
      vertex -5.8598 -2.1221 3
      vertex -5.8598 2.1221 3
      vertex -5.57601 2.38859 3
    endloop
  endfacet
  facet normal 0 0 -1
    outer loop
      vertex -6.10795 -1.82213 3
      vertex -5.8598 2.1221 3
      vertex -5.8598 -2.1221 3
    endloop
  endfacet
  facet normal 0 0 -1
    outer loop
      vertex -6.10795 -1.82213 3
      vertex -6.10795 1.82213 3
      vertex -5.8598 2.1221 3
    endloop
  endfacet
  facet normal 0 0 -1
    outer loop
      vertex -6.31655 -1.49344 3
      vertex -6.10795 1.82213 3
      vertex -6.10795 -1.82213 3
    endloop
  endfacet
  facet normal 0 0 -1
    outer loop
      vertex -6.31655 -1.49344 3
      vertex -6.31655 1.49344 3
      vertex -6.10795 1.82213 3
    endloop
  endfacet
  facet normal 0 0 -1
    outer loop
      vertex -6.48231 -1.14119 3
      vertex -6.31655 1.49344 3
      vertex -6.31655 -1.49344 3
    endloop
  endfacet
  facet normal 0 0 -1
    outer loop
      vertex -6.48231 -1.14119 3
      vertex -6.48231 1.14119 3
      vertex -6.31655 1.49344 3
    endloop
  endfacet
  facet normal 0 0 -1
    outer loop
      vertex -6.60261 -0.770938 3
      vertex -6.48231 1.14119 3
      vertex -6.48231 -1.14119 3
    endloop
  endfacet
  facet normal 0 0 -1
    outer loop
      vertex -6.60261 -0.770938 3
      vertex -6.60261 0.770938 3
      vertex -6.48231 1.14119 3
    endloop
  endfacet
  facet normal 0 0 -1
    outer loop
      vertex -6.67556 -0.388533 3
      vertex -6.60261 0.770938 3
      vertex -6.60261 -0.770938 3
    endloop
  endfacet
  facet normal 0 0 -1
    outer loop
      vertex -6.67556 -0.388533 3
      vertex -6.67556 0.388533 3
      vertex -6.60261 0.770938 3
    endloop
  endfacet
  facet normal 0 -0 -1
    outer loop
      vertex -6.67556 0.388533 3
      vertex -6.67556 -0.388533 3
      vertex -6.7 0 3
    endloop
  endfacet
  facet normal 0.982286 -0.187387 0
    outer loop
      vertex -6.67556 0.388533 3
      vertex -6.60261 0.770938 0.799999
      vertex -6.60261 0.770938 3
    endloop
  endfacet
  facet normal 0.982286 -0.187387 0
    outer loop
      vertex -6.60261 0.770938 0.799999
      vertex -6.67556 0.388533 3
      vertex -6.67556 0.388533 0.799999
    endloop
  endfacet
  facet normal -0.904826 0.425781 0
    outer loop
      vertex -0.883449 -1.49344 0.799999
      vertex -0.717692 -1.14119 3
      vertex -0.717692 -1.14119 0.799999
    endloop
  endfacet
  facet normal -0.904826 0.425781 0
    outer loop
      vertex -0.717692 -1.14119 3
      vertex -0.883449 -1.49344 0.799999
      vertex -0.883449 -1.49344 3
    endloop
  endfacet
  facet normal 0 1 -0
    outer loop
      vertex -3.40535 -3.09388 0.799999
      vertex -3.79465 -3.09388 3
      vertex -3.40535 -3.09388 3
    endloop
  endfacet
  facet normal 0 1 0
    outer loop
      vertex -3.79465 -3.09388 3
      vertex -3.40535 -3.09388 0.799999
      vertex -3.79465 -3.09388 0.799999
    endloop
  endfacet
  facet normal 0.998027 0.0627792 0
    outer loop
      vertex -6.67556 -0.388533 3
      vertex -6.7 0 0.799999
      vertex -6.7 0 3
    endloop
  endfacet
  facet normal 0.998027 0.0627792 0
    outer loop
      vertex -6.7 0 0.799999
      vertex -6.67556 -0.388533 3
      vertex -6.67556 -0.388533 0.799999
    endloop
  endfacet
  facet normal 0.982286 0.187387 0
    outer loop
      vertex -6.60261 -0.770938 3
      vertex -6.67556 -0.388533 0.799999
      vertex -6.67556 -0.388533 3
    endloop
  endfacet
  facet normal 0.982286 0.187387 0
    outer loop
      vertex -6.67556 -0.388533 0.799999
      vertex -6.60261 -0.770938 3
      vertex -6.60261 -0.770938 0.799999
    endloop
  endfacet
  facet normal 0.770522 0.637414 0
    outer loop
      vertex -5.8598 -2.1221 3
      vertex -6.10795 -1.82213 0.799999
      vertex -6.10795 -1.82213 3
    endloop
  endfacet
  facet normal 0.770522 0.637414 0
    outer loop
      vertex -6.10795 -1.82213 0.799999
      vertex -5.8598 -2.1221 3
      vertex -5.8598 -2.1221 0.799999
    endloop
  endfacet
  facet normal 0.904823 0.425787 0
    outer loop
      vertex -6.31655 -1.49344 3
      vertex -6.48231 -1.14119 0.799999
      vertex -6.48231 -1.14119 3
    endloop
  endfacet
  facet normal 0.904823 0.425787 0
    outer loop
      vertex -6.48231 -1.14119 0.799999
      vertex -6.31655 -1.49344 3
      vertex -6.31655 -1.49344 0.799999
    endloop
  endfacet
  facet normal -0.125328 0.992115 0
    outer loop
      vertex -3.01912 -3.04509 0.799999
      vertex -3.40535 -3.09388 3
      vertex -3.01912 -3.04509 3
    endloop
  endfacet
  facet normal -0.125328 0.992115 0
    outer loop
      vertex -3.40535 -3.09388 3
      vertex -3.01912 -3.04509 0.799999
      vertex -3.40535 -3.09388 0.799999
    endloop
  endfacet
  facet normal -0.481747 0.87631 0
    outer loop
      vertex -1.93894 -2.61742 0.799999
      vertex -2.28008 -2.80496 3
      vertex -1.93894 -2.61742 3
    endloop
  endfacet
  facet normal -0.481747 0.87631 0
    outer loop
      vertex -2.28008 -2.80496 3
      vertex -1.93894 -2.61742 0.799999
      vertex -2.28008 -2.80496 0.799999
    endloop
  endfacet
  facet normal -0.368116 0.92978 0
    outer loop
      vertex -2.28008 -2.80496 0.799999
      vertex -2.64205 -2.94827 3
      vertex -2.28008 -2.80496 3
    endloop
  endfacet
  facet normal -0.368116 0.92978 0
    outer loop
      vertex -2.64205 -2.94827 3
      vertex -2.28008 -2.80496 0.799999
      vertex -2.64205 -2.94827 0.799999
    endloop
  endfacet
  facet normal -0.770522 0.637414 0
    outer loop
      vertex -1.3402 -2.1221 0.799999
      vertex -1.09205 -1.82213 3
      vertex -1.09205 -1.82213 0.799999
    endloop
  endfacet
  facet normal -0.770522 0.637414 0
    outer loop
      vertex -1.09205 -1.82213 3
      vertex -1.3402 -2.1221 0.799999
      vertex -1.3402 -2.1221 3
    endloop
  endfacet
  facet normal 0.587794 0.80901 -0
    outer loop
      vertex -5.26106 -2.61742 0.799999
      vertex -5.57601 -2.38859 3
      vertex -5.26106 -2.61742 3
    endloop
  endfacet
  facet normal 0.587794 0.80901 0
    outer loop
      vertex -5.57601 -2.38859 3
      vertex -5.26106 -2.61742 0.799999
      vertex -5.57601 -2.38859 0.799999
    endloop
  endfacet
  facet normal 0.248702 0.96858 -0
    outer loop
      vertex -4.18088 -3.04509 0.799999
      vertex -4.55795 -2.94827 3
      vertex -4.18088 -3.04509 3
    endloop
  endfacet
  facet normal 0.248702 0.96858 0
    outer loop
      vertex -4.55795 -2.94827 3
      vertex -4.18088 -3.04509 0.799999
      vertex -4.55795 -2.94827 0.799999
    endloop
  endfacet
  facet normal 0 0 1
    outer loop
      vertex -0.524444 0.388533 0.799999
      vertex -0.524444 -0.388533 0.799999
      vertex -0.5 0 0.799999
    endloop
  endfacet
  facet normal 0 0 1
    outer loop
      vertex -0.597392 0.770938 0.799999
      vertex -0.524444 -0.388533 0.799999
      vertex -0.524444 0.388533 0.799999
    endloop
  endfacet
  facet normal 0 0 1
    outer loop
      vertex -0.597392 0.770938 0.799999
      vertex -0.597392 -0.770938 0.799999
      vertex -0.524444 -0.388533 0.799999
    endloop
  endfacet
  facet normal 0 0 1
    outer loop
      vertex -0.717692 1.14119 0.799999
      vertex -0.597392 -0.770938 0.799999
      vertex -0.597392 0.770938 0.799999
    endloop
  endfacet
  facet normal 0 0 1
    outer loop
      vertex -0.717692 1.14119 0.799999
      vertex -0.717692 -1.14119 0.799999
      vertex -0.597392 -0.770938 0.799999
    endloop
  endfacet
  facet normal 0 0 1
    outer loop
      vertex -0.883449 1.49344 0.799999
      vertex -0.717692 -1.14119 0.799999
      vertex -0.717692 1.14119 0.799999
    endloop
  endfacet
  facet normal 0 0 1
    outer loop
      vertex -0.883449 1.49344 0.799999
      vertex -0.883449 -1.49344 0.799999
      vertex -0.717692 -1.14119 0.799999
    endloop
  endfacet
  facet normal 0 0 1
    outer loop
      vertex -1.09205 1.82213 0.799999
      vertex -0.883449 -1.49344 0.799999
      vertex -0.883449 1.49344 0.799999
    endloop
  endfacet
  facet normal 0 0 1
    outer loop
      vertex -1.09205 1.82213 0.799999
      vertex -1.09205 -1.82213 0.799999
      vertex -0.883449 -1.49344 0.799999
    endloop
  endfacet
  facet normal 0 0 1
    outer loop
      vertex -1.3402 2.1221 0.799999
      vertex -1.09205 -1.82213 0.799999
      vertex -1.09205 1.82213 0.799999
    endloop
  endfacet
  facet normal 0 0 1
    outer loop
      vertex -1.3402 2.1221 0.799999
      vertex -1.3402 -2.1221 0.799999
      vertex -1.09205 -1.82213 0.799999
    endloop
  endfacet
  facet normal 0 0 1
    outer loop
      vertex -1.62399 2.38859 0.799999
      vertex -1.3402 -2.1221 0.799999
      vertex -1.3402 2.1221 0.799999
    endloop
  endfacet
  facet normal 0 0 1
    outer loop
      vertex -1.62399 2.38859 0.799999
      vertex -1.62399 -2.38859 0.799999
      vertex -1.3402 -2.1221 0.799999
    endloop
  endfacet
  facet normal 0 0 1
    outer loop
      vertex -1.93894 2.61742 0.799999
      vertex -1.62399 -2.38859 0.799999
      vertex -1.62399 2.38859 0.799999
    endloop
  endfacet
  facet normal 0 0 1
    outer loop
      vertex -1.93894 2.61742 0.799999
      vertex -1.93894 -2.61742 0.799999
      vertex -1.62399 -2.38859 0.799999
    endloop
  endfacet
  facet normal 0 0 1
    outer loop
      vertex -2.28008 2.80496 0.799999
      vertex -1.93894 -2.61742 0.799999
      vertex -1.93894 2.61742 0.799999
    endloop
  endfacet
  facet normal 0 0 1
    outer loop
      vertex -2.28008 2.80496 0.799999
      vertex -2.28008 -2.80496 0.799999
      vertex -1.93894 -2.61742 0.799999
    endloop
  endfacet
  facet normal 0 0 1
    outer loop
      vertex -2.64205 2.94827 0.799999
      vertex -2.28008 -2.80496 0.799999
      vertex -2.28008 2.80496 0.799999
    endloop
  endfacet
  facet normal 0 0 1
    outer loop
      vertex -2.64205 2.94827 0.799999
      vertex -2.64205 -2.94827 0.799999
      vertex -2.28008 -2.80496 0.799999
    endloop
  endfacet
  facet normal 0 0 1
    outer loop
      vertex -3.01912 3.04509 0.799999
      vertex -2.64205 -2.94827 0.799999
      vertex -2.64205 2.94827 0.799999
    endloop
  endfacet
  facet normal 0 0 1
    outer loop
      vertex -3.01912 3.04509 0.799999
      vertex -3.01912 -3.04509 0.799999
      vertex -2.64205 -2.94827 0.799999
    endloop
  endfacet
  facet normal 0 0 1
    outer loop
      vertex -3.40535 3.09388 0.799999
      vertex -3.01912 -3.04509 0.799999
      vertex -3.01912 3.04509 0.799999
    endloop
  endfacet
  facet normal 0 0 1
    outer loop
      vertex -3.40535 3.09388 0.799999
      vertex -3.40535 -3.09388 0.799999
      vertex -3.01912 -3.04509 0.799999
    endloop
  endfacet
  facet normal -0 0 1
    outer loop
      vertex -3.79465 3.09388 0.799999
      vertex -3.40535 -3.09388 0.799999
      vertex -3.40535 3.09388 0.799999
    endloop
  endfacet
  facet normal 0 0 1
    outer loop
      vertex -3.79465 3.09388 0.799999
      vertex -3.79465 -3.09388 0.799999
      vertex -3.40535 -3.09388 0.799999
    endloop
  endfacet
  facet normal -0 0 1
    outer loop
      vertex -4.18088 3.04509 0.799999
      vertex -3.79465 -3.09388 0.799999
      vertex -3.79465 3.09388 0.799999
    endloop
  endfacet
  facet normal 0 0 1
    outer loop
      vertex -4.18088 3.04509 0.799999
      vertex -4.18088 -3.04509 0.799999
      vertex -3.79465 -3.09388 0.799999
    endloop
  endfacet
  facet normal -0 0 1
    outer loop
      vertex -4.55795 2.94827 0.799999
      vertex -4.18088 -3.04509 0.799999
      vertex -4.18088 3.04509 0.799999
    endloop
  endfacet
  facet normal 0 0 1
    outer loop
      vertex -4.55795 2.94827 0.799999
      vertex -4.55795 -2.94827 0.799999
      vertex -4.18088 -3.04509 0.799999
    endloop
  endfacet
  facet normal -0 0 1
    outer loop
      vertex -4.91992 2.80496 0.799999
      vertex -4.55795 -2.94827 0.799999
      vertex -4.55795 2.94827 0.799999
    endloop
  endfacet
  facet normal 0 0 1
    outer loop
      vertex -4.91992 2.80496 0.799999
      vertex -4.91992 -2.80496 0.799999
      vertex -4.55795 -2.94827 0.799999
    endloop
  endfacet
  facet normal -0 0 1
    outer loop
      vertex -5.26106 2.61742 0.799999
      vertex -4.91992 -2.80496 0.799999
      vertex -4.91992 2.80496 0.799999
    endloop
  endfacet
  facet normal 0 0 1
    outer loop
      vertex -5.26106 2.61742 0.799999
      vertex -5.26106 -2.61742 0.799999
      vertex -4.91992 -2.80496 0.799999
    endloop
  endfacet
  facet normal -0 0 1
    outer loop
      vertex -5.57601 2.38859 0.799999
      vertex -5.26106 -2.61742 0.799999
      vertex -5.26106 2.61742 0.799999
    endloop
  endfacet
  facet normal 0 0 1
    outer loop
      vertex -5.57601 2.38859 0.799999
      vertex -5.57601 -2.38859 0.799999
      vertex -5.26106 -2.61742 0.799999
    endloop
  endfacet
  facet normal -0 0 1
    outer loop
      vertex -5.8598 2.1221 0.799999
      vertex -5.57601 -2.38859 0.799999
      vertex -5.57601 2.38859 0.799999
    endloop
  endfacet
  facet normal 0 0 1
    outer loop
      vertex -5.8598 2.1221 0.799999
      vertex -5.8598 -2.1221 0.799999
      vertex -5.57601 -2.38859 0.799999
    endloop
  endfacet
  facet normal -0 0 1
    outer loop
      vertex -6.10795 1.82213 0.799999
      vertex -5.8598 -2.1221 0.799999
      vertex -5.8598 2.1221 0.799999
    endloop
  endfacet
  facet normal 0 0 1
    outer loop
      vertex -6.10795 1.82213 0.799999
      vertex -6.10795 -1.82213 0.799999
      vertex -5.8598 -2.1221 0.799999
    endloop
  endfacet
  facet normal -0 0 1
    outer loop
      vertex -6.31655 1.49344 0.799999
      vertex -6.10795 -1.82213 0.799999
      vertex -6.10795 1.82213 0.799999
    endloop
  endfacet
  facet normal 0 0 1
    outer loop
      vertex -6.31655 1.49344 0.799999
      vertex -6.31655 -1.49344 0.799999
      vertex -6.10795 -1.82213 0.799999
    endloop
  endfacet
  facet normal -0 0 1
    outer loop
      vertex -6.48231 1.14119 0.799999
      vertex -6.31655 -1.49344 0.799999
      vertex -6.31655 1.49344 0.799999
    endloop
  endfacet
  facet normal 0 0 1
    outer loop
      vertex -6.48231 1.14119 0.799999
      vertex -6.48231 -1.14119 0.799999
      vertex -6.31655 -1.49344 0.799999
    endloop
  endfacet
  facet normal -0 0 1
    outer loop
      vertex -6.60261 0.770938 0.799999
      vertex -6.48231 -1.14119 0.799999
      vertex -6.48231 1.14119 0.799999
    endloop
  endfacet
  facet normal 0 0 1
    outer loop
      vertex -6.60261 0.770938 0.799999
      vertex -6.60261 -0.770938 0.799999
      vertex -6.48231 -1.14119 0.799999
    endloop
  endfacet
  facet normal -0 0 1
    outer loop
      vertex -6.67556 0.388533 0.799999
      vertex -6.60261 -0.770938 0.799999
      vertex -6.60261 0.770938 0.799999
    endloop
  endfacet
  facet normal 0 0 1
    outer loop
      vertex -6.67556 0.388533 0.799999
      vertex -6.67556 -0.388533 0.799999
      vertex -6.60261 -0.770938 0.799999
    endloop
  endfacet
  facet normal 0 -0 1
    outer loop
      vertex -6.67556 -0.388533 0.799999
      vertex -6.67556 0.388533 0.799999
      vertex -6.7 0 0.799999
    endloop
  endfacet
  facet normal 0.84432 0.53584 0
    outer loop
      vertex -6.10795 -1.82213 3
      vertex -6.31655 -1.49344 0.799999
      vertex -6.31655 -1.49344 3
    endloop
  endfacet
  facet normal 0.84432 0.53584 0
    outer loop
      vertex -6.31655 -1.49344 0.799999
      vertex -6.10795 -1.82213 3
      vertex -6.10795 -1.82213 0.799999
    endloop
  endfacet
  facet normal -0.248702 0.96858 0
    outer loop
      vertex -2.64205 -2.94827 0.799999
      vertex -3.01912 -3.04509 3
      vertex -2.64205 -2.94827 3
    endloop
  endfacet
  facet normal -0.248702 0.96858 0
    outer loop
      vertex -3.01912 -3.04509 3
      vertex -2.64205 -2.94827 0.799999
      vertex -3.01912 -3.04509 0.799999
    endloop
  endfacet
  facet normal 0.481747 0.87631 -0
    outer loop
      vertex -4.91992 -2.80496 0.799999
      vertex -5.26106 -2.61742 3
      vertex -4.91992 -2.80496 3
    endloop
  endfacet
  facet normal 0.481747 0.87631 0
    outer loop
      vertex -5.26106 -2.61742 3
      vertex -4.91992 -2.80496 0.799999
      vertex -5.26106 -2.61742 0.799999
    endloop
  endfacet
  facet normal 0.125328 0.992115 -0
    outer loop
      vertex -3.79465 -3.09388 0.799999
      vertex -4.18088 -3.04509 3
      vertex -3.79465 -3.09388 3
    endloop
  endfacet
  facet normal 0.125328 0.992115 0
    outer loop
      vertex -4.18088 -3.04509 3
      vertex -3.79465 -3.09388 0.799999
      vertex -4.18088 -3.04509 0.799999
    endloop
  endfacet
  facet normal 0.951058 0.309012 0
    outer loop
      vertex -6.48231 -1.14119 3
      vertex -6.60261 -0.770938 0.799999
      vertex -6.60261 -0.770938 3
    endloop
  endfacet
  facet normal 0.951058 0.309012 0
    outer loop
      vertex -6.60261 -0.770938 0.799999
      vertex -6.48231 -1.14119 3
      vertex -6.48231 -1.14119 0.799999
    endloop
  endfacet
  facet normal 0.684538 0.728977 -0
    outer loop
      vertex -5.57601 -2.38859 0.799999
      vertex -5.8598 -2.1221 3
      vertex -5.57601 -2.38859 3
    endloop
  endfacet
  facet normal 0.684538 0.728977 0
    outer loop
      vertex -5.8598 -2.1221 3
      vertex -5.57601 -2.38859 0.799999
      vertex -5.8598 -2.1221 0.799999
    endloop
  endfacet
  facet normal 0.368116 0.92978 -0
    outer loop
      vertex -4.55795 -2.94827 0.799999
      vertex -4.91992 -2.80496 3
      vertex -4.55795 -2.94827 3
    endloop
  endfacet
  facet normal 0.368116 0.92978 0
    outer loop
      vertex -4.91992 -2.80496 3
      vertex -4.55795 -2.94827 0.799999
      vertex -4.91992 -2.80496 0.799999
    endloop
  endfacet
endsolid OpenSCAD_Model
