solid OpenSCAD_Model
  facet normal 0 1 -0
    outer loop
      vertex 6.50562 15.706 0
      vertex -6.50562 15.706 3.84
      vertex 6.50562 15.706 3.84
    endloop
  endfacet
  facet normal 0 1 0
    outer loop
      vertex -6.50562 15.706 3.84
      vertex 6.50562 15.706 0
      vertex -6.50562 15.706 0
    endloop
  endfacet
  facet normal 0.707107 0.707107 0
    outer loop
      vertex 15.706 6.50562 3.84
      vertex 6.50562 15.706 0
      vertex 6.50562 15.706 3.84
    endloop
  endfacet
  facet normal 0.707107 0.707107 0
    outer loop
      vertex 6.50562 15.706 0
      vertex 15.706 6.50562 3.84
      vertex 15.706 6.50562 0
    endloop
  endfacet
  facet normal 1 -0 0
    outer loop
      vertex 15.706 -6.50562 3.84
      vertex 15.706 6.50562 0
      vertex 15.706 6.50562 3.84
    endloop
  endfacet
  facet normal 1 0 0
    outer loop
      vertex 15.706 6.50562 0
      vertex 15.706 -6.50562 3.84
      vertex 15.706 -6.50562 0
    endloop
  endfacet
  facet normal -0.707107 -0.707107 0
    outer loop
      vertex -6.50562 -15.706 0
      vertex -15.706 -6.50562 3.84
      vertex -15.706 -6.50562 0
    endloop
  endfacet
  facet normal -0.707107 -0.707107 0
    outer loop
      vertex -15.706 -6.50562 3.84
      vertex -6.50562 -15.706 0
      vertex -6.50562 -15.706 3.84
    endloop
  endfacet
  facet normal 0.707107 -0.707107 0
    outer loop
      vertex 6.50562 -15.706 3.84
      vertex 15.706 -6.50562 0
      vertex 15.706 -6.50562 3.84
    endloop
  endfacet
  facet normal 0.707107 -0.707107 0
    outer loop
      vertex 15.706 -6.50562 0
      vertex 6.50562 -15.706 3.84
      vertex 6.50562 -15.706 0
    endloop
  endfacet
  facet normal 0 0 -1
    outer loop
      vertex 6.50562 -15.706 0
      vertex 15.706 6.50562 0
      vertex 15.706 -6.50562 0
    endloop
  endfacet
  facet normal 0 0 -1
    outer loop
      vertex 6.50562 -15.706 0
      vertex 6.50562 15.706 0
      vertex 15.706 6.50562 0
    endloop
  endfacet
  facet normal 0 0 -1
    outer loop
      vertex -6.50562 -15.706 0
      vertex 6.50562 15.706 0
      vertex 6.50562 -15.706 0
    endloop
  endfacet
  facet normal 0 0 -1
    outer loop
      vertex -6.50562 -15.706 0
      vertex -6.50562 15.706 0
      vertex 6.50562 15.706 0
    endloop
  endfacet
  facet normal 0 0 -1
    outer loop
      vertex -15.706 -6.50562 0
      vertex -6.50562 15.706 0
      vertex -6.50562 -15.706 0
    endloop
  endfacet
  facet normal 0 0 -1
    outer loop
      vertex -6.50562 15.706 0
      vertex -15.706 -6.50562 0
      vertex -15.706 6.50562 0
    endloop
  endfacet
  facet normal 0 -1 0
    outer loop
      vertex -6.50562 -15.706 0
      vertex 6.50562 -15.706 3.84
      vertex -6.50562 -15.706 3.84
    endloop
  endfacet
  facet normal 0 -1 -0
    outer loop
      vertex 6.50562 -15.706 3.84
      vertex -6.50562 -15.706 0
      vertex 6.50562 -15.706 0
    endloop
  endfacet
  facet normal -1 0 0
    outer loop
      vertex -15.706 -6.50562 0
      vertex -15.706 6.50562 3.84
      vertex -15.706 6.50562 0
    endloop
  endfacet
  facet normal -1 -0 0
    outer loop
      vertex -15.706 6.50562 3.84
      vertex -15.706 -6.50562 0
      vertex -15.706 -6.50562 3.84
    endloop
  endfacet
  facet normal -0.707107 0.707107 0
    outer loop
      vertex -15.706 6.50562 0
      vertex -6.50562 15.706 3.84
      vertex -6.50562 15.706 0
    endloop
  endfacet
  facet normal -0.707107 0.707107 0
    outer loop
      vertex -6.50562 15.706 3.84
      vertex -15.706 6.50562 0
      vertex -15.706 6.50562 3.84
    endloop
  endfacet
  facet normal 0.420093 0.420093 0.804391
    outer loop
      vertex 6.50562 15.706 3.84
      vertex 14.1354 5.85506 5
      vertex 15.706 6.50562 3.84
    endloop
  endfacet
  facet normal 0.420093 0.420093 0.804391
    outer loop
      vertex 14.1354 5.85506 5
      vertex 6.50562 15.706 3.84
      vertex 5.85506 14.1354 5
    endloop
  endfacet
  facet normal -0.420093 0.420093 0.804391
    outer loop
      vertex -6.50562 15.706 3.84
      vertex -14.1354 5.85506 5
      vertex -5.85506 14.1354 5
    endloop
  endfacet
  facet normal -0.420093 0.420093 0.804391
    outer loop
      vertex -14.1354 5.85506 5
      vertex -6.50562 15.706 3.84
      vertex -15.706 6.50562 3.84
    endloop
  endfacet
  facet normal -0.420093 -0.420093 0.804391
    outer loop
      vertex -14.1354 -5.85506 5
      vertex -6.50562 -15.706 3.84
      vertex -5.85506 -14.1354 5
    endloop
  endfacet
  facet normal -0.420093 -0.420093 0.804391
    outer loop
      vertex -6.50562 -15.706 3.84
      vertex -14.1354 -5.85506 5
      vertex -15.706 -6.50562 3.84
    endloop
  endfacet
  facet normal 0.5941 0 0.804391
    outer loop
      vertex 14.1354 5.85506 5
      vertex 15.706 -6.50562 3.84
      vertex 15.706 6.50562 3.84
    endloop
  endfacet
  facet normal 0.5941 0 0.804391
    outer loop
      vertex 15.706 -6.50562 3.84
      vertex 14.1354 5.85506 5
      vertex 14.1354 -5.85506 5
    endloop
  endfacet
  facet normal 0.420093 -0.420093 0.804391
    outer loop
      vertex 14.1354 -5.85506 5
      vertex 6.50562 -15.706 3.84
      vertex 15.706 -6.50562 3.84
    endloop
  endfacet
  facet normal 0.420093 -0.420093 0.804391
    outer loop
      vertex 6.50562 -15.706 3.84
      vertex 14.1354 -5.85506 5
      vertex 5.85506 -14.1354 5
    endloop
  endfacet
  facet normal 0 0.5941 0.804391
    outer loop
      vertex 6.50562 15.706 3.84
      vertex -5.85506 14.1354 5
      vertex 5.85506 14.1354 5
    endloop
  endfacet
  facet normal 0 0.5941 0.804391
    outer loop
      vertex -5.85506 14.1354 5
      vertex 6.50562 15.706 3.84
      vertex -6.50562 15.706 3.84
    endloop
  endfacet
  facet normal 0 -0.5941 0.804391
    outer loop
      vertex -5.85506 -14.1354 5
      vertex 6.50562 -15.706 3.84
      vertex 5.85506 -14.1354 5
    endloop
  endfacet
  facet normal 0 -0.5941 0.804391
    outer loop
      vertex 6.50562 -15.706 3.84
      vertex -5.85506 -14.1354 5
      vertex -6.50562 -15.706 3.84
    endloop
  endfacet
  facet normal -0.5941 0 0.804391
    outer loop
      vertex -15.706 6.50562 3.84
      vertex -14.1354 -5.85506 5
      vertex -14.1354 5.85506 5
    endloop
  endfacet
  facet normal -0.5941 0 0.804391
    outer loop
      vertex -14.1354 -5.85506 5
      vertex -15.706 6.50562 3.84
      vertex -15.706 -6.50562 3.84
    endloop
  endfacet
  facet normal 0 0.929692 0.368338
    outer loop
      vertex 5.85506 14.1354 5.04
      vertex -4.05644 9.79312 16
      vertex 4.05644 9.79312 16
    endloop
  endfacet
  facet normal 0 0.929692 0.368338
    outer loop
      vertex -4.05644 9.79312 16
      vertex 5.85506 14.1354 5.04
      vertex -5.85506 14.1354 5.04
    endloop
  endfacet
  facet normal 0.707107 0.707107 0
    outer loop
      vertex 14.1354 5.85506 5.04
      vertex 5.85506 14.1354 5
      vertex 5.85506 14.1354 5.04
    endloop
  endfacet
  facet normal 0.707107 0.707107 0
    outer loop
      vertex 5.85506 14.1354 5
      vertex 14.1354 5.85506 5.04
      vertex 14.1354 5.85506 5
    endloop
  endfacet
  facet normal 0 1 -0
    outer loop
      vertex 5.85506 14.1354 5
      vertex -5.85506 14.1354 5.04
      vertex 5.85506 14.1354 5.04
    endloop
  endfacet
  facet normal 0 1 0
    outer loop
      vertex -5.85506 14.1354 5.04
      vertex 5.85506 14.1354 5
      vertex -5.85506 14.1354 5
    endloop
  endfacet
  facet normal 0.657392 0.657392 0.368337
    outer loop
      vertex 4.05644 9.79312 16
      vertex 14.1354 5.85506 5.04
      vertex 5.85506 14.1354 5.04
    endloop
  endfacet
  facet normal 0.657392 0.657392 0.368337
    outer loop
      vertex 14.1354 5.85506 5.04
      vertex 4.05644 9.79312 16
      vertex 9.79312 4.05644 16
    endloop
  endfacet
  facet normal 0.929692 -0 0.368338
    outer loop
      vertex 9.79312 -4.05644 16
      vertex 14.1354 5.85506 5.04
      vertex 9.79312 4.05644 16
    endloop
  endfacet
  facet normal 0.929692 0 0.368338
    outer loop
      vertex 14.1354 5.85506 5.04
      vertex 9.79312 -4.05644 16
      vertex 14.1354 -5.85506 5.04
    endloop
  endfacet
  facet normal -0.707107 -0.707107 0
    outer loop
      vertex -5.85506 -14.1354 5
      vertex -14.1354 -5.85506 5.04
      vertex -14.1354 -5.85506 5
    endloop
  endfacet
  facet normal -0.707107 -0.707107 0
    outer loop
      vertex -14.1354 -5.85506 5.04
      vertex -5.85506 -14.1354 5
      vertex -5.85506 -14.1354 5.04
    endloop
  endfacet
  facet normal -0.657392 0.657392 0.368337
    outer loop
      vertex -14.1354 5.85506 5.04
      vertex -4.05644 9.79312 16
      vertex -5.85506 14.1354 5.04
    endloop
  endfacet
  facet normal -0.657392 0.657392 0.368337
    outer loop
      vertex -4.05644 9.79312 16
      vertex -14.1354 5.85506 5.04
      vertex -9.79312 4.05644 16
    endloop
  endfacet
  facet normal 0 -0.929692 0.368338
    outer loop
      vertex -5.85506 -14.1354 5.04
      vertex 4.05644 -9.79312 16
      vertex -4.05644 -9.79312 16
    endloop
  endfacet
  facet normal 0 -0.929692 0.368338
    outer loop
      vertex 4.05644 -9.79312 16
      vertex -5.85506 -14.1354 5.04
      vertex 5.85506 -14.1354 5.04
    endloop
  endfacet
  facet normal -1 0 0
    outer loop
      vertex -14.1354 -5.85506 5
      vertex -14.1354 5.85506 5.04
      vertex -14.1354 5.85506 5
    endloop
  endfacet
  facet normal -1 -0 0
    outer loop
      vertex -14.1354 5.85506 5.04
      vertex -14.1354 -5.85506 5
      vertex -14.1354 -5.85506 5.04
    endloop
  endfacet
  facet normal -0.707107 0.707107 0
    outer loop
      vertex -14.1354 5.85506 5
      vertex -5.85506 14.1354 5.04
      vertex -5.85506 14.1354 5
    endloop
  endfacet
  facet normal -0.707107 0.707107 0
    outer loop
      vertex -5.85506 14.1354 5.04
      vertex -14.1354 5.85506 5
      vertex -14.1354 5.85506 5.04
    endloop
  endfacet
  facet normal 0.657392 -0.657392 0.368337
    outer loop
      vertex 4.05644 -9.79312 16
      vertex 14.1354 -5.85506 5.04
      vertex 9.79312 -4.05644 16
    endloop
  endfacet
  facet normal 0.657392 -0.657392 0.368337
    outer loop
      vertex 14.1354 -5.85506 5.04
      vertex 4.05644 -9.79312 16
      vertex 5.85506 -14.1354 5.04
    endloop
  endfacet
  facet normal -0.657392 -0.657392 0.368337
    outer loop
      vertex -14.1354 -5.85506 5.04
      vertex -4.05644 -9.79312 16
      vertex -9.79312 -4.05644 16
    endloop
  endfacet
  facet normal -0.657392 -0.657392 0.368337
    outer loop
      vertex -4.05644 -9.79312 16
      vertex -14.1354 -5.85506 5.04
      vertex -5.85506 -14.1354 5.04
    endloop
  endfacet
  facet normal 0 -1 0
    outer loop
      vertex -5.85506 -14.1354 5
      vertex 5.85506 -14.1354 5.04
      vertex -5.85506 -14.1354 5.04
    endloop
  endfacet
  facet normal 0 -1 -0
    outer loop
      vertex 5.85506 -14.1354 5.04
      vertex -5.85506 -14.1354 5
      vertex 5.85506 -14.1354 5
    endloop
  endfacet
  facet normal -0.929692 0 0.368338
    outer loop
      vertex -14.1354 5.85506 5.04
      vertex -9.79312 -4.05644 16
      vertex -9.79312 4.05644 16
    endloop
  endfacet
  facet normal -0.929692 0 0.368338
    outer loop
      vertex -9.79312 -4.05644 16
      vertex -14.1354 5.85506 5.04
      vertex -14.1354 -5.85506 5.04
    endloop
  endfacet
  facet normal 0.707107 -0.707107 0
    outer loop
      vertex 5.85506 -14.1354 5.04
      vertex 14.1354 -5.85506 5
      vertex 14.1354 -5.85506 5.04
    endloop
  endfacet
  facet normal 0.707107 -0.707107 0
    outer loop
      vertex 14.1354 -5.85506 5
      vertex 5.85506 -14.1354 5.04
      vertex 5.85506 -14.1354 5
    endloop
  endfacet
  facet normal 1 -0 0
    outer loop
      vertex 14.1354 -5.85506 5.04
      vertex 14.1354 5.85506 5
      vertex 14.1354 5.85506 5.04
    endloop
  endfacet
  facet normal 1 0 0
    outer loop
      vertex 14.1354 5.85506 5
      vertex 14.1354 -5.85506 5.04
      vertex 14.1354 -5.85506 5
    endloop
  endfacet
  facet normal 0.37933 -0.915774 0.132166
    outer loop
      vertex 5.21536 0.915367 53.2439
      vertex 5.16229 0.598406 51.2
      vertex 6.32857 1.0815 51.2
    endloop
  endfacet
  facet normal -0.92069 -0.381358 0.0830442
    outer loop
      vertex 4.38322 3.00622 53.62
      vertex 4.07343 3.22715 51.2
      vertex 4.65995 1.81115 51.2
    endloop
  endfacet
  facet normal 0 0 1
    outer loop
      vertex 6.41576 3.84812 53.62
      vertex 5.41053 2.45125 53.62
      vertex 7.0734 2.26043 53.62
    endloop
  endfacet
  facet normal -0 0 1
    outer loop
      vertex 4.38322 3.00622 53.62
      vertex 5.41053 2.45125 53.62
      vertex 6.41576 3.84812 53.62
    endloop
  endfacet
  facet normal 0 0 1
    outer loop
      vertex 5.01054 2.45125 53.62
      vertex 4.38322 3.00622 53.62
      vertex 5.01054 1.49175 53.62
    endloop
  endfacet
  facet normal 0 0 1
    outer loop
      vertex 5.41053 2.45125 53.62
      vertex 4.38322 3.00622 53.62
      vertex 5.01054 2.45125 53.62
    endloop
  endfacet
  facet normal -0.379324 0.915776 0.132166
    outer loop
      vertex 5.28617 3.72949 51.2
      vertex 4.38322 3.00622 53.62
      vertex 6.41576 3.84812 53.62
    endloop
  endfacet
  facet normal -0.379331 0.915773 0.132163
    outer loop
      vertex 4.38322 3.00622 53.62
      vertex 5.28617 3.72949 51.2
      vertex 4.07343 3.22715 51.2
    endloop
  endfacet
  facet normal -0.379323 0.915776 0.132166
    outer loop
      vertex 6.70217 4.31601 51.2
      vertex 5.28617 3.72949 51.2
      vertex 6.41576 3.84812 53.62
    endloop
  endfacet
  facet normal -0.920687 -0.381365 0.0830478
    outer loop
      vertex 4.65995 1.81115 51.2
      vertex 5.01054 1.49175 53.62
      vertex 4.38322 3.00622 53.62
    endloop
  endfacet
  facet normal -0.920688 -0.381361 0.0830485
    outer loop
      vertex 4.65995 1.81115 51.2
      vertex 5.21536 0.915367 53.2439
      vertex 5.01054 1.49175 53.62
    endloop
  endfacet
  facet normal -0.920687 -0.381365 0.0830464
    outer loop
      vertex 5.21536 0.915367 53.2439
      vertex 4.65995 1.81115 51.2
      vertex 5.16229 0.598406 51.2
    endloop
  endfacet
  facet normal 0.379338 -0.915771 0.132157
    outer loop
      vertex 7.6 1.73323 52.0668
      vertex 7.6 1.60814 51.2
      vertex 7.79103 1.68727 51.2
    endloop
  endfacet
  facet normal 0.908732 0.376414 0.180327
    outer loop
      vertex 6.41576 3.84812 53.62
      vertex 7.20451 3.10327 51.2
      vertex 6.70217 4.31601 51.2
    endloop
  endfacet
  facet normal 0.908735 0.376409 0.180323
    outer loop
      vertex 7.24009 2.2413 52.8199
      vertex 6.41576 3.84812 53.62
      vertex 7.0734 2.26043 53.62
    endloop
  endfacet
  facet normal 0.908735 0.376405 0.18033
    outer loop
      vertex 6.41576 3.84812 53.62
      vertex 7.24009 2.2413 52.8199
      vertex 7.20451 3.10327 51.2
    endloop
  endfacet
  facet normal 0.908734 0.376408 0.180332
    outer loop
      vertex 7.57759 2.20257 51.2
      vertex 7.20451 3.10327 51.2
      vertex 7.24009 2.2413 52.8199
    endloop
  endfacet
  facet normal 0.90874 0.376402 0.180315
    outer loop
      vertex 7.6 2.14847 51.2
      vertex 7.6 1.73323 52.0668
      vertex 7.79103 1.68727 51.2
    endloop
  endfacet
  facet normal -0.381365 -0.920687 0.0830473
    outer loop
      vertex 1.81115 4.65995 51.2
      vertex 0.973686 5.22513 53.62
      vertex 0.598406 5.16229 51.2
    endloop
  endfacet
  facet normal -0.381364 -0.920687 0.0830476
    outer loop
      vertex 0.973686 5.22513 53.62
      vertex 1.81115 4.65995 51.2
      vertex 3.00622 4.38322 53.62
    endloop
  endfacet
  facet normal 0.915776 -0.379324 0.132166
    outer loop
      vertex 3.00622 4.38322 53.62
      vertex 3.72949 5.28617 51.2
      vertex 3.84812 6.41576 53.62
    endloop
  endfacet
  facet normal 0.915773 -0.379331 0.132163
    outer loop
      vertex 3.72949 5.28617 51.2
      vertex 3.00622 4.38322 53.62
      vertex 3.22715 4.07343 51.2
    endloop
  endfacet
  facet normal 0.915776 -0.379323 0.132166
    outer loop
      vertex 3.84812 6.41576 53.62
      vertex 3.72949 5.28617 51.2
      vertex 4.31601 6.70217 51.2
    endloop
  endfacet
  facet normal 0.376406 0.908736 0.180327
    outer loop
      vertex 3.10327 7.20451 51.2
      vertex 1.68727 7.79103 51.2
      vertex 1.81559 7.25766 53.62
    endloop
  endfacet
  facet normal -0.915773 0.379331 0.132164
    outer loop
      vertex 1.18493 6.57829 51.2
      vertex 1.81559 7.25766 53.62
      vertex 1.68727 7.79103 51.2
    endloop
  endfacet
  facet normal -0.915775 0.379327 0.132165
    outer loop
      vertex 1.81559 7.25766 53.62
      vertex 1.18493 6.57829 51.2
      vertex 0.973686 5.22513 53.62
    endloop
  endfacet
  facet normal -0.915776 0.379325 0.132163
    outer loop
      vertex 1.18493 6.57829 51.2
      vertex 0.598406 5.16229 51.2
      vertex 0.973686 5.22513 53.62
    endloop
  endfacet
  facet normal 0 0 1
    outer loop
      vertex 1.81559 7.25766 53.62
      vertex 3.00622 4.38322 53.62
      vertex 3.84812 6.41576 53.62
    endloop
  endfacet
  facet normal 0 0 1
    outer loop
      vertex 3.00622 4.38322 53.62
      vertex 1.81559 7.25766 53.62
      vertex 0.973686 5.22513 53.62
    endloop
  endfacet
  facet normal 0.376414 0.908732 0.180327
    outer loop
      vertex 3.10327 7.20451 51.2
      vertex 3.84812 6.41576 53.62
      vertex 4.31601 6.70217 51.2
    endloop
  endfacet
  facet normal 0.376409 0.908734 0.180329
    outer loop
      vertex 3.84812 6.41576 53.62
      vertex 3.10327 7.20451 51.2
      vertex 1.81559 7.25766 53.62
    endloop
  endfacet
  facet normal -0.381358 -0.92069 0.0830442
    outer loop
      vertex 3.00622 4.38322 53.62
      vertex 1.81115 4.65995 51.2
      vertex 3.22715 4.07343 51.2
    endloop
  endfacet
  facet normal 0.915776 0.379325 0.132163
    outer loop
      vertex -0.598406 5.16229 51.2
      vertex -1.18493 6.57829 51.2
      vertex -0.973686 5.22513 53.62
    endloop
  endfacet
  facet normal 0.381358 -0.92069 0.0830442
    outer loop
      vertex -3.00622 4.38322 53.62
      vertex -3.22715 4.07343 51.2
      vertex -1.81115 4.65995 51.2
    endloop
  endfacet
  facet normal -0.915776 -0.379324 0.132166
    outer loop
      vertex -3.72949 5.28617 51.2
      vertex -3.00622 4.38322 53.62
      vertex -3.84812 6.41576 53.62
    endloop
  endfacet
  facet normal -0.915773 -0.379331 0.132163
    outer loop
      vertex -3.00622 4.38322 53.62
      vertex -3.72949 5.28617 51.2
      vertex -3.22715 4.07343 51.2
    endloop
  endfacet
  facet normal -0.915776 -0.379323 0.132166
    outer loop
      vertex -3.84812 6.41576 53.62
      vertex -4.31601 6.70217 51.2
      vertex -3.72949 5.28617 51.2
    endloop
  endfacet
  facet normal 0.381364 -0.920687 0.0830476
    outer loop
      vertex -1.81115 4.65995 51.2
      vertex -0.973686 5.22513 53.62
      vertex -3.00622 4.38322 53.62
    endloop
  endfacet
  facet normal 0.381365 -0.920687 0.0830473
    outer loop
      vertex -0.973686 5.22513 53.62
      vertex -1.81115 4.65995 51.2
      vertex -0.598406 5.16229 51.2
    endloop
  endfacet
  facet normal 0 0 1
    outer loop
      vertex -1.81559 7.25766 53.62
      vertex -3.00622 4.38322 53.62
      vertex -0.973686 5.22513 53.62
    endloop
  endfacet
  facet normal 0 -0 1
    outer loop
      vertex -3.00622 4.38322 53.62
      vertex -1.81559 7.25766 53.62
      vertex -3.84812 6.41576 53.62
    endloop
  endfacet
  facet normal 0.915773 0.379331 0.132164
    outer loop
      vertex -1.81559 7.25766 53.62
      vertex -1.18493 6.57829 51.2
      vertex -1.68727 7.79103 51.2
    endloop
  endfacet
  facet normal 0.915775 0.379327 0.132165
    outer loop
      vertex -1.18493 6.57829 51.2
      vertex -1.81559 7.25766 53.62
      vertex -0.973686 5.22513 53.62
    endloop
  endfacet
  facet normal -0.376409 0.908734 0.180329
    outer loop
      vertex -3.10327 7.20451 51.2
      vertex -3.84812 6.41576 53.62
      vertex -1.81559 7.25766 53.62
    endloop
  endfacet
  facet normal -0.376414 0.908732 0.180327
    outer loop
      vertex -3.84812 6.41576 53.62
      vertex -3.10327 7.20451 51.2
      vertex -4.31601 6.70217 51.2
    endloop
  endfacet
  facet normal -0.376406 0.908736 0.180327
    outer loop
      vertex -1.68727 7.79103 51.2
      vertex -3.10327 7.20451 51.2
      vertex -1.81559 7.25766 53.62
    endloop
  endfacet
  facet normal 0.920687 -0.381365 0.0830478
    outer loop
      vertex -5.01054 1.49175 53.62
      vertex -4.65995 1.81115 51.2
      vertex -4.38322 3.00622 53.62
    endloop
  endfacet
  facet normal 0.920688 -0.381361 0.0830485
    outer loop
      vertex -5.21536 0.915367 53.2439
      vertex -4.65995 1.81115 51.2
      vertex -5.01054 1.49175 53.62
    endloop
  endfacet
  facet normal 0.920687 -0.381365 0.0830464
    outer loop
      vertex -4.65995 1.81115 51.2
      vertex -5.21536 0.915367 53.2439
      vertex -5.16229 0.598406 51.2
    endloop
  endfacet
  facet normal 0.379331 0.915773 0.132163
    outer loop
      vertex -5.28617 3.72949 51.2
      vertex -4.38322 3.00622 53.62
      vertex -4.07343 3.22715 51.2
    endloop
  endfacet
  facet normal 0.379324 0.915776 0.132166
    outer loop
      vertex -4.38322 3.00622 53.62
      vertex -5.28617 3.72949 51.2
      vertex -6.41576 3.84812 53.62
    endloop
  endfacet
  facet normal 0.379323 0.915776 0.132166
    outer loop
      vertex -5.28617 3.72949 51.2
      vertex -6.70217 4.31601 51.2
      vertex -6.41576 3.84812 53.62
    endloop
  endfacet
  facet normal -0.90874 0.376402 0.180315
    outer loop
      vertex -7.6 2.14847 51.2
      vertex -7.79103 1.68727 51.2
      vertex -7.6 1.73323 52.0668
    endloop
  endfacet
  facet normal -0.908734 0.376408 0.180332
    outer loop
      vertex -7.20451 3.10327 51.2
      vertex -7.57759 2.20257 51.2
      vertex -7.24009 2.2413 52.8199
    endloop
  endfacet
  facet normal -0.379338 -0.915771 0.132157
    outer loop
      vertex -7.6 1.73323 52.0668
      vertex -7.79103 1.68727 51.2
      vertex -7.6 1.60814 51.2
    endloop
  endfacet
  facet normal -0.37933 -0.915774 0.132166
    outer loop
      vertex -5.21536 0.915367 53.2439
      vertex -6.32857 1.0815 51.2
      vertex -5.16229 0.598406 51.2
    endloop
  endfacet
  facet normal 0 0 1
    outer loop
      vertex -4.38322 3.00622 53.62
      vertex -5.41053 2.45125 53.62
      vertex -5.01054 2.45125 53.62
    endloop
  endfacet
  facet normal 0 0 1
    outer loop
      vertex -6.41576 3.84812 53.62
      vertex -5.41053 2.45125 53.62
      vertex -4.38322 3.00622 53.62
    endloop
  endfacet
  facet normal 0 0 1
    outer loop
      vertex -5.41053 2.45125 53.62
      vertex -6.41576 3.84812 53.62
      vertex -7.0734 2.26043 53.62
    endloop
  endfacet
  facet normal 0 0 1
    outer loop
      vertex -4.38322 3.00622 53.62
      vertex -5.01054 2.45125 53.62
      vertex -5.01054 1.49175 53.62
    endloop
  endfacet
  facet normal -0.908732 0.376414 0.180327
    outer loop
      vertex -7.20451 3.10327 51.2
      vertex -6.41576 3.84812 53.62
      vertex -6.70217 4.31601 51.2
    endloop
  endfacet
  facet normal -0.908735 0.376405 0.18033
    outer loop
      vertex -7.24009 2.2413 52.8199
      vertex -6.41576 3.84812 53.62
      vertex -7.20451 3.10327 51.2
    endloop
  endfacet
  facet normal -0.908735 0.376409 0.180323
    outer loop
      vertex -6.41576 3.84812 53.62
      vertex -7.24009 2.2413 52.8199
      vertex -7.0734 2.26043 53.62
    endloop
  endfacet
  facet normal 0.92069 -0.381358 0.0830442
    outer loop
      vertex -4.38322 3.00622 53.62
      vertex -4.65995 1.81115 51.2
      vertex -4.07343 3.22715 51.2
    endloop
  endfacet
  facet normal -0.37933 0.915774 0.132166
    outer loop
      vertex -5.16229 -0.598406 51.2
      vertex -6.32857 -1.0815 51.2
      vertex -5.21536 -0.915367 53.2439
    endloop
  endfacet
  facet normal 0.92069 0.381358 0.0830442
    outer loop
      vertex -4.07343 -3.22715 51.2
      vertex -4.65995 -1.81115 51.2
      vertex -4.38322 -3.00622 53.62
    endloop
  endfacet
  facet normal 0.379324 -0.915776 0.132166
    outer loop
      vertex -5.28617 -3.72949 51.2
      vertex -4.38322 -3.00622 53.62
      vertex -6.41576 -3.84812 53.62
    endloop
  endfacet
  facet normal 0.379331 -0.915773 0.132163
    outer loop
      vertex -4.38322 -3.00622 53.62
      vertex -5.28617 -3.72949 51.2
      vertex -4.07343 -3.22715 51.2
    endloop
  endfacet
  facet normal 0.379323 -0.915776 0.132166
    outer loop
      vertex -6.41576 -3.84812 53.62
      vertex -6.70217 -4.31601 51.2
      vertex -5.28617 -3.72949 51.2
    endloop
  endfacet
  facet normal 0.920688 0.381361 0.0830485
    outer loop
      vertex -4.65995 -1.81115 51.2
      vertex -5.21536 -0.915367 53.2439
      vertex -5.01054 -1.49175 53.62
    endloop
  endfacet
  facet normal 0.920687 0.381365 0.0830464
    outer loop
      vertex -5.21536 -0.915367 53.2439
      vertex -4.65995 -1.81115 51.2
      vertex -5.16229 -0.598406 51.2
    endloop
  endfacet
  facet normal 0.920687 0.381365 0.0830478
    outer loop
      vertex -4.65995 -1.81115 51.2
      vertex -5.01054 -1.49175 53.62
      vertex -4.38322 -3.00622 53.62
    endloop
  endfacet
  facet normal -0 0 1
    outer loop
      vertex -5.01054 -2.45125 53.62
      vertex -4.38322 -3.00622 53.62
      vertex -5.01054 -1.49175 53.62
    endloop
  endfacet
  facet normal -0 0 1
    outer loop
      vertex -5.41053 -2.45125 53.62
      vertex -4.38322 -3.00622 53.62
      vertex -5.01054 -2.45125 53.62
    endloop
  endfacet
  facet normal 0 0 1
    outer loop
      vertex -5.41053 -2.45125 53.62
      vertex -6.41576 -3.84812 53.62
      vertex -4.38322 -3.00622 53.62
    endloop
  endfacet
  facet normal 0 -0 1
    outer loop
      vertex -6.41576 -3.84812 53.62
      vertex -5.41053 -2.45125 53.62
      vertex -7.0734 -2.26043 53.62
    endloop
  endfacet
  facet normal -0.379338 0.915771 0.132157
    outer loop
      vertex -7.6 -1.60814 51.2
      vertex -7.79103 -1.68727 51.2
      vertex -7.6 -1.73323 52.0668
    endloop
  endfacet
  facet normal -0.908735 -0.376405 0.18033
    outer loop
      vertex -6.41576 -3.84812 53.62
      vertex -7.24009 -2.2413 52.8199
      vertex -7.20451 -3.10327 51.2
    endloop
  endfacet
  facet normal -0.908735 -0.376409 0.180323
    outer loop
      vertex -7.24009 -2.2413 52.8199
      vertex -6.41576 -3.84812 53.62
      vertex -7.0734 -2.26043 53.62
    endloop
  endfacet
  facet normal -0.908732 -0.376414 0.180327
    outer loop
      vertex -6.41576 -3.84812 53.62
      vertex -7.20451 -3.10327 51.2
      vertex -6.70217 -4.31601 51.2
    endloop
  endfacet
  facet normal -0.90874 -0.376402 0.180315
    outer loop
      vertex -7.6 -1.73323 52.0668
      vertex -7.79103 -1.68727 51.2
      vertex -7.6 -2.14847 51.2
    endloop
  endfacet
  facet normal -0.908734 -0.376408 0.180332
    outer loop
      vertex -7.24009 -2.2413 52.8199
      vertex -7.57759 -2.20257 51.2
      vertex -7.20451 -3.10327 51.2
    endloop
  endfacet
  facet normal 0 0 1
    outer loop
      vertex -3.00622 -4.38322 53.62
      vertex -1.81559 -7.25766 53.62
      vertex -0.973686 -5.22513 53.62
    endloop
  endfacet
  facet normal 0 0 1
    outer loop
      vertex -1.81559 -7.25766 53.62
      vertex -3.00622 -4.38322 53.62
      vertex -3.84812 -6.41576 53.62
    endloop
  endfacet
  facet normal 0.381365 0.920687 0.0830473
    outer loop
      vertex -1.81115 -4.65995 51.2
      vertex -0.973686 -5.22513 53.62
      vertex -0.598406 -5.16229 51.2
    endloop
  endfacet
  facet normal 0.381364 0.920687 0.0830476
    outer loop
      vertex -0.973686 -5.22513 53.62
      vertex -1.81115 -4.65995 51.2
      vertex -3.00622 -4.38322 53.62
    endloop
  endfacet
  facet normal -0.915773 0.379331 0.132163
    outer loop
      vertex -3.72949 -5.28617 51.2
      vertex -3.00622 -4.38322 53.62
      vertex -3.22715 -4.07343 51.2
    endloop
  endfacet
  facet normal -0.915776 0.379324 0.132166
    outer loop
      vertex -3.00622 -4.38322 53.62
      vertex -3.72949 -5.28617 51.2
      vertex -3.84812 -6.41576 53.62
    endloop
  endfacet
  facet normal -0.915776 0.379323 0.132166
    outer loop
      vertex -3.72949 -5.28617 51.2
      vertex -4.31601 -6.70217 51.2
      vertex -3.84812 -6.41576 53.62
    endloop
  endfacet
  facet normal -0.376406 -0.908736 0.180327
    outer loop
      vertex -1.81559 -7.25766 53.62
      vertex -3.10327 -7.20451 51.2
      vertex -1.68727 -7.79103 51.2
    endloop
  endfacet
  facet normal 0.915775 -0.379327 0.132165
    outer loop
      vertex -1.81559 -7.25766 53.62
      vertex -1.18493 -6.57829 51.2
      vertex -0.973686 -5.22513 53.62
    endloop
  endfacet
  facet normal 0.915773 -0.379331 0.132164
    outer loop
      vertex -1.18493 -6.57829 51.2
      vertex -1.81559 -7.25766 53.62
      vertex -1.68727 -7.79103 51.2
    endloop
  endfacet
  facet normal 0.915776 -0.379325 0.132163
    outer loop
      vertex -0.973686 -5.22513 53.62
      vertex -1.18493 -6.57829 51.2
      vertex -0.598406 -5.16229 51.2
    endloop
  endfacet
  facet normal -0.376414 -0.908732 0.180327
    outer loop
      vertex -3.10327 -7.20451 51.2
      vertex -3.84812 -6.41576 53.62
      vertex -4.31601 -6.70217 51.2
    endloop
  endfacet
  facet normal -0.376409 -0.908734 0.180329
    outer loop
      vertex -3.84812 -6.41576 53.62
      vertex -3.10327 -7.20451 51.2
      vertex -1.81559 -7.25766 53.62
    endloop
  endfacet
  facet normal 0.381358 0.92069 0.0830442
    outer loop
      vertex -1.81115 -4.65995 51.2
      vertex -3.22715 -4.07343 51.2
      vertex -3.00622 -4.38322 53.62
    endloop
  endfacet
  facet normal -0.915776 -0.379325 0.132163
    outer loop
      vertex 0.973686 -5.22513 53.62
      vertex 0.598406 -5.16229 51.2
      vertex 1.18493 -6.57829 51.2
    endloop
  endfacet
  facet normal -0.381358 0.92069 0.0830442
    outer loop
      vertex 3.22715 -4.07343 51.2
      vertex 1.81115 -4.65995 51.2
      vertex 3.00622 -4.38322 53.62
    endloop
  endfacet
  facet normal 0 0 1
    outer loop
      vertex 3.00622 -4.38322 53.62
      vertex 1.81559 -7.25766 53.62
      vertex 3.84812 -6.41576 53.62
    endloop
  endfacet
  facet normal 0 -0 1
    outer loop
      vertex 1.81559 -7.25766 53.62
      vertex 3.00622 -4.38322 53.62
      vertex 0.973686 -5.22513 53.62
    endloop
  endfacet
  facet normal 0.915773 0.379331 0.132163
    outer loop
      vertex 3.00622 -4.38322 53.62
      vertex 3.72949 -5.28617 51.2
      vertex 3.22715 -4.07343 51.2
    endloop
  endfacet
  facet normal 0.915776 0.379324 0.132166
    outer loop
      vertex 3.72949 -5.28617 51.2
      vertex 3.00622 -4.38322 53.62
      vertex 3.84812 -6.41576 53.62
    endloop
  endfacet
  facet normal 0.915776 0.379323 0.132166
    outer loop
      vertex 4.31601 -6.70217 51.2
      vertex 3.72949 -5.28617 51.2
      vertex 3.84812 -6.41576 53.62
    endloop
  endfacet
  facet normal -0.381364 0.920687 0.0830476
    outer loop
      vertex 1.81115 -4.65995 51.2
      vertex 0.973686 -5.22513 53.62
      vertex 3.00622 -4.38322 53.62
    endloop
  endfacet
  facet normal -0.381365 0.920687 0.0830473
    outer loop
      vertex 0.973686 -5.22513 53.62
      vertex 1.81115 -4.65995 51.2
      vertex 0.598406 -5.16229 51.2
    endloop
  endfacet
  facet normal -0.915775 -0.379327 0.132165
    outer loop
      vertex 1.18493 -6.57829 51.2
      vertex 1.81559 -7.25766 53.62
      vertex 0.973686 -5.22513 53.62
    endloop
  endfacet
  facet normal -0.915773 -0.379331 0.132164
    outer loop
      vertex 1.81559 -7.25766 53.62
      vertex 1.18493 -6.57829 51.2
      vertex 1.68727 -7.79103 51.2
    endloop
  endfacet
  facet normal 0.376409 -0.908734 0.180329
    outer loop
      vertex 3.10327 -7.20451 51.2
      vertex 3.84812 -6.41576 53.62
      vertex 1.81559 -7.25766 53.62
    endloop
  endfacet
  facet normal 0.376414 -0.908732 0.180327
    outer loop
      vertex 3.84812 -6.41576 53.62
      vertex 3.10327 -7.20451 51.2
      vertex 4.31601 -6.70217 51.2
    endloop
  endfacet
  facet normal 0.376406 -0.908736 0.180327
    outer loop
      vertex 1.81559 -7.25766 53.62
      vertex 1.68727 -7.79103 51.2
      vertex 3.10327 -7.20451 51.2
    endloop
  endfacet
  facet normal 0 0 1
    outer loop
      vertex 5.01054 -1.49175 53.62
      vertex 4.38322 -3.00622 53.62
      vertex 5.01054 -2.45125 53.62
    endloop
  endfacet
  facet normal -0 0 1
    outer loop
      vertex 5.41053 -2.45125 53.62
      vertex 6.41576 -3.84812 53.62
      vertex 7.0734 -2.26043 53.62
    endloop
  endfacet
  facet normal 0 0 1
    outer loop
      vertex 4.38322 -3.00622 53.62
      vertex 5.41053 -2.45125 53.62
      vertex 5.01054 -2.45125 53.62
    endloop
  endfacet
  facet normal 0 0 1
    outer loop
      vertex 5.41053 -2.45125 53.62
      vertex 4.38322 -3.00622 53.62
      vertex 6.41576 -3.84812 53.62
    endloop
  endfacet
  facet normal -0.920687 0.381365 0.0830464
    outer loop
      vertex 4.65995 -1.81115 51.2
      vertex 5.21536 -0.915367 53.2439
      vertex 5.16229 -0.598406 51.2
    endloop
  endfacet
  facet normal -0.920688 0.381361 0.0830485
    outer loop
      vertex 5.21536 -0.915367 53.2439
      vertex 4.65995 -1.81115 51.2
      vertex 5.01054 -1.49175 53.62
    endloop
  endfacet
  facet normal -0.920687 0.381365 0.0830478
    outer loop
      vertex 5.01054 -1.49175 53.62
      vertex 4.65995 -1.81115 51.2
      vertex 4.38322 -3.00622 53.62
    endloop
  endfacet
  facet normal -0.379331 -0.915773 0.132163
    outer loop
      vertex 5.28617 -3.72949 51.2
      vertex 4.38322 -3.00622 53.62
      vertex 4.07343 -3.22715 51.2
    endloop
  endfacet
  facet normal -0.379324 -0.915776 0.132166
    outer loop
      vertex 4.38322 -3.00622 53.62
      vertex 5.28617 -3.72949 51.2
      vertex 6.41576 -3.84812 53.62
    endloop
  endfacet
  facet normal -0.379323 -0.915776 0.132166
    outer loop
      vertex 6.41576 -3.84812 53.62
      vertex 5.28617 -3.72949 51.2
      vertex 6.70217 -4.31601 51.2
    endloop
  endfacet
  facet normal 0.908734 -0.376408 0.180332
    outer loop
      vertex 7.24009 -2.2413 52.8199
      vertex 7.20451 -3.10327 51.2
      vertex 7.57759 -2.20257 51.2
    endloop
  endfacet
  facet normal 0.90874 -0.376402 0.180315
    outer loop
      vertex 7.6 -1.73323 52.0668
      vertex 7.6 -2.14847 51.2
      vertex 7.79103 -1.68727 51.2
    endloop
  endfacet
  facet normal 0.379338 0.915771 0.132157
    outer loop
      vertex 7.6 -1.60814 51.2
      vertex 7.6 -1.73323 52.0668
      vertex 7.79103 -1.68727 51.2
    endloop
  endfacet
  facet normal 0.37933 0.915774 0.132166
    outer loop
      vertex 6.32857 -1.0815 51.2
      vertex 5.16229 -0.598406 51.2
      vertex 5.21536 -0.915367 53.2439
    endloop
  endfacet
  facet normal 0.908735 -0.376409 0.180323
    outer loop
      vertex 6.41576 -3.84812 53.62
      vertex 7.24009 -2.2413 52.8199
      vertex 7.0734 -2.26043 53.62
    endloop
  endfacet
  facet normal 0.908735 -0.376405 0.18033
    outer loop
      vertex 7.24009 -2.2413 52.8199
      vertex 6.41576 -3.84812 53.62
      vertex 7.20451 -3.10327 51.2
    endloop
  endfacet
  facet normal 0.908732 -0.376414 0.180327
    outer loop
      vertex 7.20451 -3.10327 51.2
      vertex 6.41576 -3.84812 53.62
      vertex 6.70217 -4.31601 51.2
    endloop
  endfacet
  facet normal -0.92069 0.381358 0.0830442
    outer loop
      vertex 4.65995 -1.81115 51.2
      vertex 4.07343 -3.22715 51.2
      vertex 4.38322 -3.00622 53.62
    endloop
  endfacet
  facet normal 0.707107 0.707107 0
    outer loop
      vertex 9.79312 4.05644 16.04
      vertex 4.05644 9.79312 16
      vertex 4.05644 9.79312 16.04
    endloop
  endfacet
  facet normal 0.707107 0.707107 0
    outer loop
      vertex 4.05644 9.79312 16
      vertex 9.79312 4.05644 16.04
      vertex 9.79312 4.05644 16
    endloop
  endfacet
  facet normal 0 1 -0
    outer loop
      vertex 4.05644 9.79312 16
      vertex -4.05644 9.79312 16.04
      vertex 4.05644 9.79312 16.04
    endloop
  endfacet
  facet normal 0 1 0
    outer loop
      vertex -4.05644 9.79312 16.04
      vertex 4.05644 9.79312 16
      vertex -4.05644 9.79312 16
    endloop
  endfacet
  facet normal 0 -1 0
    outer loop
      vertex -4.05644 -9.79312 16
      vertex 4.05644 -9.79312 16.04
      vertex -4.05644 -9.79312 16.04
    endloop
  endfacet
  facet normal 0 -1 -0
    outer loop
      vertex 4.05644 -9.79312 16.04
      vertex -4.05644 -9.79312 16
      vertex 4.05644 -9.79312 16
    endloop
  endfacet
  facet normal -0.699884 0.699884 0.142563
    outer loop
      vertex -9.79312 4.05644 16.04
      vertex -2.98493 7.20626 34
      vertex -4.05644 9.79312 16.04
    endloop
  endfacet
  facet normal -0.699884 0.699884 0.142563
    outer loop
      vertex -2.98493 7.20626 34
      vertex -9.79312 4.05644 16.04
      vertex -7.20626 2.98493 34
    endloop
  endfacet
  facet normal 0 0.989786 0.142563
    outer loop
      vertex 4.05644 9.79312 16.04
      vertex -2.98493 7.20626 34
      vertex 2.98493 7.20626 34
    endloop
  endfacet
  facet normal 0 0.989786 0.142563
    outer loop
      vertex -2.98493 7.20626 34
      vertex 4.05644 9.79312 16.04
      vertex -4.05644 9.79312 16.04
    endloop
  endfacet
  facet normal 0 -0.989786 0.142563
    outer loop
      vertex -4.05644 -9.79312 16.04
      vertex 2.98493 -7.20626 34
      vertex -2.98493 -7.20626 34
    endloop
  endfacet
  facet normal 0 -0.989786 0.142563
    outer loop
      vertex 2.98493 -7.20626 34
      vertex -4.05644 -9.79312 16.04
      vertex 4.05644 -9.79312 16.04
    endloop
  endfacet
  facet normal -0.707107 -0.707107 0
    outer loop
      vertex -4.05644 -9.79312 16
      vertex -9.79312 -4.05644 16.04
      vertex -9.79312 -4.05644 16
    endloop
  endfacet
  facet normal -0.707107 -0.707107 0
    outer loop
      vertex -9.79312 -4.05644 16.04
      vertex -4.05644 -9.79312 16
      vertex -4.05644 -9.79312 16.04
    endloop
  endfacet
  facet normal 0.699884 -0.699884 0.142563
    outer loop
      vertex 2.98493 -7.20626 34
      vertex 9.79312 -4.05644 16.04
      vertex 7.20626 -2.98493 34
    endloop
  endfacet
  facet normal 0.699884 -0.699884 0.142563
    outer loop
      vertex 9.79312 -4.05644 16.04
      vertex 2.98493 -7.20626 34
      vertex 4.05644 -9.79312 16.04
    endloop
  endfacet
  facet normal 0.699884 0.699884 0.142563
    outer loop
      vertex 2.98493 7.20626 34
      vertex 9.79312 4.05644 16.04
      vertex 4.05644 9.79312 16.04
    endloop
  endfacet
  facet normal 0.699884 0.699884 0.142563
    outer loop
      vertex 9.79312 4.05644 16.04
      vertex 2.98493 7.20626 34
      vertex 7.20626 2.98493 34
    endloop
  endfacet
  facet normal 0.707107 -0.707107 0
    outer loop
      vertex 4.05644 -9.79312 16.04
      vertex 9.79312 -4.05644 16
      vertex 9.79312 -4.05644 16.04
    endloop
  endfacet
  facet normal 0.707107 -0.707107 0
    outer loop
      vertex 9.79312 -4.05644 16
      vertex 4.05644 -9.79312 16.04
      vertex 4.05644 -9.79312 16
    endloop
  endfacet
  facet normal -1 0 0
    outer loop
      vertex -9.79312 -4.05644 16
      vertex -9.79312 4.05644 16.04
      vertex -9.79312 4.05644 16
    endloop
  endfacet
  facet normal -1 -0 0
    outer loop
      vertex -9.79312 4.05644 16.04
      vertex -9.79312 -4.05644 16
      vertex -9.79312 -4.05644 16.04
    endloop
  endfacet
  facet normal -0.707107 0.707107 0
    outer loop
      vertex -9.79312 4.05644 16
      vertex -4.05644 9.79312 16.04
      vertex -4.05644 9.79312 16
    endloop
  endfacet
  facet normal -0.707107 0.707107 0
    outer loop
      vertex -4.05644 9.79312 16.04
      vertex -9.79312 4.05644 16
      vertex -9.79312 4.05644 16.04
    endloop
  endfacet
  facet normal 1 -0 0
    outer loop
      vertex 9.79312 -4.05644 16.04
      vertex 9.79312 4.05644 16
      vertex 9.79312 4.05644 16.04
    endloop
  endfacet
  facet normal 1 0 0
    outer loop
      vertex 9.79312 4.05644 16
      vertex 9.79312 -4.05644 16.04
      vertex 9.79312 -4.05644 16
    endloop
  endfacet
  facet normal 0.989786 -0 0.142563
    outer loop
      vertex 7.20626 -2.98493 34
      vertex 9.79312 4.05644 16.04
      vertex 7.20626 2.98493 34
    endloop
  endfacet
  facet normal 0.989786 0 0.142563
    outer loop
      vertex 9.79312 4.05644 16.04
      vertex 7.20626 -2.98493 34
      vertex 9.79312 -4.05644 16.04
    endloop
  endfacet
  facet normal -0.699884 -0.699884 0.142563
    outer loop
      vertex -9.79312 -4.05644 16.04
      vertex -2.98493 -7.20626 34
      vertex -7.20626 -2.98493 34
    endloop
  endfacet
  facet normal -0.699884 -0.699884 0.142563
    outer loop
      vertex -2.98493 -7.20626 34
      vertex -9.79312 -4.05644 16.04
      vertex -4.05644 -9.79312 16.04
    endloop
  endfacet
  facet normal -0.989786 0 0.142563
    outer loop
      vertex -9.79312 4.05644 16.04
      vertex -7.20626 -2.98493 34
      vertex -7.20626 2.98493 34
    endloop
  endfacet
  facet normal -0.989786 0 0.142563
    outer loop
      vertex -7.20626 -2.98493 34
      vertex -9.79312 4.05644 16.04
      vertex -9.79312 -4.05644 16.04
    endloop
  endfacet
  facet normal 0 1 -0
    outer loop
      vertex 3.97991 9.60835 41.96
      vertex -3.97991 9.60835 49.44
      vertex 3.97991 9.60835 49.44
    endloop
  endfacet
  facet normal 0 1 0
    outer loop
      vertex -3.97991 9.60835 49.44
      vertex 3.97991 9.60835 41.96
      vertex -3.97991 9.60835 41.96
    endloop
  endfacet
  facet normal -0.957359 0 -0.288902
    outer loop
      vertex -7.20626 -2.98493 34
      vertex -9.60835 3.97991 41.96
      vertex -7.20626 2.98493 34
    endloop
  endfacet
  facet normal -0.957359 -0 -0.288902
    outer loop
      vertex -9.60835 3.97991 41.96
      vertex -7.20626 -2.98493 34
      vertex -9.60835 -3.97991 41.96
    endloop
  endfacet
  facet normal 0.676955 0.676955 -0.288902
    outer loop
      vertex 9.60835 3.97991 41.96
      vertex 2.98493 7.20626 34
      vertex 3.97991 9.60835 41.96
    endloop
  endfacet
  facet normal 0.676955 0.676955 -0.288902
    outer loop
      vertex 2.98493 7.20626 34
      vertex 9.60835 3.97991 41.96
      vertex 7.20626 2.98493 34
    endloop
  endfacet
  facet normal 0 0.957359 -0.288902
    outer loop
      vertex 2.98493 7.20626 34
      vertex -3.97991 9.60835 41.96
      vertex 3.97991 9.60835 41.96
    endloop
  endfacet
  facet normal 0 0.957359 -0.288902
    outer loop
      vertex -3.97991 9.60835 41.96
      vertex 2.98493 7.20626 34
      vertex -2.98493 7.20626 34
    endloop
  endfacet
  facet normal 0.707107 0.707107 0
    outer loop
      vertex 9.60835 3.97991 49.44
      vertex 3.97991 9.60835 41.96
      vertex 3.97991 9.60835 49.44
    endloop
  endfacet
  facet normal 0.707107 0.707107 0
    outer loop
      vertex 3.97991 9.60835 41.96
      vertex 9.60835 3.97991 49.44
      vertex 9.60835 3.97991 41.96
    endloop
  endfacet
  facet normal -0.676955 -0.676955 -0.288902
    outer loop
      vertex -2.98493 -7.20626 34
      vertex -9.60835 -3.97991 41.96
      vertex -7.20626 -2.98493 34
    endloop
  endfacet
  facet normal -0.676955 -0.676955 -0.288902
    outer loop
      vertex -9.60835 -3.97991 41.96
      vertex -2.98493 -7.20626 34
      vertex -3.97991 -9.60835 41.96
    endloop
  endfacet
  facet normal 0 -0.957359 -0.288902
    outer loop
      vertex -2.98493 -7.20626 34
      vertex 3.97991 -9.60835 41.96
      vertex -3.97991 -9.60835 41.96
    endloop
  endfacet
  facet normal 0 -0.957359 -0.288902
    outer loop
      vertex 3.97991 -9.60835 41.96
      vertex -2.98493 -7.20626 34
      vertex 2.98493 -7.20626 34
    endloop
  endfacet
  facet normal 0 -1 0
    outer loop
      vertex -3.97991 -9.60835 41.96
      vertex 3.97991 -9.60835 49.44
      vertex -3.97991 -9.60835 49.44
    endloop
  endfacet
  facet normal 0 -1 -0
    outer loop
      vertex 3.97991 -9.60835 49.44
      vertex -3.97991 -9.60835 41.96
      vertex 3.97991 -9.60835 41.96
    endloop
  endfacet
  facet normal -0.707107 0.707107 0
    outer loop
      vertex -9.60835 3.97991 41.96
      vertex -3.97991 9.60835 49.44
      vertex -3.97991 9.60835 41.96
    endloop
  endfacet
  facet normal -0.707107 0.707107 0
    outer loop
      vertex -3.97991 9.60835 49.44
      vertex -9.60835 3.97991 41.96
      vertex -9.60835 3.97991 49.44
    endloop
  endfacet
  facet normal -1 0 0
    outer loop
      vertex -9.60835 -3.97991 41.96
      vertex -9.60835 3.97991 49.44
      vertex -9.60835 3.97991 41.96
    endloop
  endfacet
  facet normal -1 -0 0
    outer loop
      vertex -9.60835 3.97991 49.44
      vertex -9.60835 -3.97991 41.96
      vertex -9.60835 -3.97991 49.44
    endloop
  endfacet
  facet normal 0.707107 -0.707107 0
    outer loop
      vertex 3.97991 -9.60835 49.44
      vertex 9.60835 -3.97991 41.96
      vertex 9.60835 -3.97991 49.44
    endloop
  endfacet
  facet normal 0.707107 -0.707107 0
    outer loop
      vertex 9.60835 -3.97991 41.96
      vertex 3.97991 -9.60835 49.44
      vertex 3.97991 -9.60835 41.96
    endloop
  endfacet
  facet normal -0.707107 -0.707107 0
    outer loop
      vertex -3.97991 -9.60835 41.96
      vertex -9.60835 -3.97991 49.44
      vertex -9.60835 -3.97991 41.96
    endloop
  endfacet
  facet normal -0.707107 -0.707107 0
    outer loop
      vertex -9.60835 -3.97991 49.44
      vertex -3.97991 -9.60835 41.96
      vertex -3.97991 -9.60835 49.44
    endloop
  endfacet
  facet normal 0.676955 -0.676955 -0.288902
    outer loop
      vertex 9.60835 -3.97991 41.96
      vertex 2.98493 -7.20626 34
      vertex 7.20626 -2.98493 34
    endloop
  endfacet
  facet normal 0.676955 -0.676955 -0.288902
    outer loop
      vertex 2.98493 -7.20626 34
      vertex 9.60835 -3.97991 41.96
      vertex 3.97991 -9.60835 41.96
    endloop
  endfacet
  facet normal -0.676955 0.676955 -0.288902
    outer loop
      vertex -2.98493 7.20626 34
      vertex -9.60835 3.97991 41.96
      vertex -3.97991 9.60835 41.96
    endloop
  endfacet
  facet normal -0.676955 0.676955 -0.288902
    outer loop
      vertex -9.60835 3.97991 41.96
      vertex -2.98493 7.20626 34
      vertex -7.20626 2.98493 34
    endloop
  endfacet
  facet normal 0.957359 0 -0.288902
    outer loop
      vertex 9.60835 3.97991 41.96
      vertex 7.20626 -2.98493 34
      vertex 7.20626 2.98493 34
    endloop
  endfacet
  facet normal 0.957359 0 -0.288902
    outer loop
      vertex 7.20626 -2.98493 34
      vertex 9.60835 3.97991 41.96
      vertex 9.60835 -3.97991 41.96
    endloop
  endfacet
  facet normal 1 -0 0
    outer loop
      vertex 9.60835 -3.97991 49.44
      vertex 9.60835 3.97991 41.96
      vertex 9.60835 3.97991 49.44
    endloop
  endfacet
  facet normal 1 0 0
    outer loop
      vertex 9.60835 3.97991 41.96
      vertex 9.60835 -3.97991 49.44
      vertex 9.60835 -3.97991 41.96
    endloop
  endfacet
  facet normal 0 0 1
    outer loop
      vertex -7.79103 1.68727 51.2
      vertex -7.6 -1.60814 51.2
      vertex -7.6 1.60814 51.2
    endloop
  endfacet
  facet normal 0 0 1
    outer loop
      vertex -7.6 -1.60814 51.2
      vertex -7.79103 1.68727 51.2
      vertex -7.79103 -1.68727 51.2
    endloop
  endfacet
  facet normal 0 0 1
    outer loop
      vertex -7.6 -2.14847 51.2
      vertex -7.79103 -1.68727 51.2
      vertex -7.6 -2.2 51.2
    endloop
  endfacet
  facet normal -0 0 1
    outer loop
      vertex -4.65995 1.81115 51.2
      vertex -4.07343 -3.22715 51.2
      vertex -4.07343 3.22715 51.2
    endloop
  endfacet
  facet normal 0 0 1
    outer loop
      vertex -4.65995 1.81115 51.2
      vertex -4.65995 -1.81115 51.2
      vertex -4.07343 -3.22715 51.2
    endloop
  endfacet
  facet normal -0 0 1
    outer loop
      vertex -5.16229 0.598406 51.2
      vertex -4.65995 -1.81115 51.2
      vertex -4.65995 1.81115 51.2
    endloop
  endfacet
  facet normal 0 0 1
    outer loop
      vertex -5.16229 0.598406 51.2
      vertex -5.16229 -0.598406 51.2
      vertex -4.65995 -1.81115 51.2
    endloop
  endfacet
  facet normal 0 0 1
    outer loop
      vertex -6.32857 1.0815 51.2
      vertex -5.16229 -0.598406 51.2
      vertex -5.16229 0.598406 51.2
    endloop
  endfacet
  facet normal 0 0 1
    outer loop
      vertex -5.16229 -0.598406 51.2
      vertex -6.32857 1.0815 51.2
      vertex -6.32857 -1.0815 51.2
    endloop
  endfacet
  facet normal 0 0 1
    outer loop
      vertex 3.78 -3.78 51.2
      vertex 5.28617 -3.72949 51.2
      vertex 4.07343 -3.22715 51.2
    endloop
  endfacet
  facet normal 0 0 1
    outer loop
      vertex 3.78 -3.78 51.2
      vertex 4.07343 -3.22715 51.2
      vertex 3.78 3.78 51.2
    endloop
  endfacet
  facet normal 0 0 1
    outer loop
      vertex 5.28617 -3.72949 51.2
      vertex 3.78 -3.78 51.2
      vertex 3.72949 -5.28617 51.2
    endloop
  endfacet
  facet normal 0 0 1
    outer loop
      vertex 5.28617 -3.72949 51.2
      vertex 3.72949 -5.28617 51.2
      vertex 4.31601 -6.70217 51.2
    endloop
  endfacet
  facet normal 0 0 1
    outer loop
      vertex 3.78 -3.78 51.2
      vertex 3.22715 -4.07343 51.2
      vertex 3.72949 -5.28617 51.2
    endloop
  endfacet
  facet normal 0 0 1
    outer loop
      vertex -3.22715 -4.07343 51.2
      vertex 3.22715 -4.07343 51.2
      vertex 3.78 -3.78 51.2
    endloop
  endfacet
  facet normal 0 0 1
    outer loop
      vertex 3.22715 -4.07343 51.2
      vertex -3.22715 -4.07343 51.2
      vertex 1.81115 -4.65995 51.2
    endloop
  endfacet
  facet normal 0 0 1
    outer loop
      vertex 1.81115 -4.65995 51.2
      vertex -1.81115 -4.65995 51.2
      vertex 0.598406 -5.16229 51.2
    endloop
  endfacet
  facet normal 0 0 1
    outer loop
      vertex 0.598406 -5.16229 51.2
      vertex -1.81115 -4.65995 51.2
      vertex -0.598406 -5.16229 51.2
    endloop
  endfacet
  facet normal 0 0 1
    outer loop
      vertex 1.81115 -4.65995 51.2
      vertex -3.22715 -4.07343 51.2
      vertex -1.81115 -4.65995 51.2
    endloop
  endfacet
  facet normal -0 0 1
    outer loop
      vertex -3.78 -3.78 51.2
      vertex -3.22715 -4.07343 51.2
      vertex 3.78 -3.78 51.2
    endloop
  endfacet
  facet normal 0 0 1
    outer loop
      vertex -3.78 -3.78 51.2
      vertex -3.72949 -5.28617 51.2
      vertex -3.22715 -4.07343 51.2
    endloop
  endfacet
  facet normal -0 0 1
    outer loop
      vertex -4.07343 -3.22715 51.2
      vertex -3.78 -3.78 51.2
      vertex -4.07343 3.22715 51.2
    endloop
  endfacet
  facet normal -0 0 1
    outer loop
      vertex -5.28617 -3.72949 51.2
      vertex -3.78 -3.78 51.2
      vertex -4.07343 -3.22715 51.2
    endloop
  endfacet
  facet normal 0 0 1
    outer loop
      vertex -3.78 -3.78 51.2
      vertex -5.28617 -3.72949 51.2
      vertex -3.72949 -5.28617 51.2
    endloop
  endfacet
  facet normal 0 0 1
    outer loop
      vertex -3.72949 -5.28617 51.2
      vertex -5.28617 -3.72949 51.2
      vertex -4.31601 -6.70217 51.2
    endloop
  endfacet
  facet normal -0 0 1
    outer loop
      vertex 7.6 1.60814 51.2
      vertex 7.79103 -1.68727 51.2
      vertex 7.79103 1.68727 51.2
    endloop
  endfacet
  facet normal 0 0 1
    outer loop
      vertex 7.79103 -1.68727 51.2
      vertex 7.6 1.60814 51.2
      vertex 7.6 -1.60814 51.2
    endloop
  endfacet
  facet normal 0 0 1
    outer loop
      vertex 8.13014 3.36761 51.2
      vertex 7.79103 1.68727 51.2
      vertex 8.13014 -3.36761 51.2
    endloop
  endfacet
  facet normal 0 0 1
    outer loop
      vertex 8.13014 3.36761 51.2
      vertex 7.6 2.2 51.2
      vertex 7.79103 1.68727 51.2
    endloop
  endfacet
  facet normal -0 0 1
    outer loop
      vertex 7.20451 3.10327 51.2
      vertex 7.6 2.2 51.2
      vertex 8.13014 3.36761 51.2
    endloop
  endfacet
  facet normal 0 0 1
    outer loop
      vertex 7.6 2.2 51.2
      vertex 7.20451 3.10327 51.2
      vertex 7.57759 2.20257 51.2
    endloop
  endfacet
  facet normal 0 0 1
    outer loop
      vertex 8.13014 3.36761 51.2
      vertex 6.70217 4.31601 51.2
      vertex 7.20451 3.10327 51.2
    endloop
  endfacet
  facet normal 0 0 1
    outer loop
      vertex 6.70217 4.31601 51.2
      vertex 4.31601 6.70217 51.2
      vertex 5.28617 3.72949 51.2
    endloop
  endfacet
  facet normal 0 0 1
    outer loop
      vertex 8.13014 3.36761 51.2
      vertex 4.31601 6.70217 51.2
      vertex 6.70217 4.31601 51.2
    endloop
  endfacet
  facet normal 0 0 1
    outer loop
      vertex 3.36761 8.13014 51.2
      vertex 4.31601 6.70217 51.2
      vertex 8.13014 3.36761 51.2
    endloop
  endfacet
  facet normal 0 0 1
    outer loop
      vertex 3.36761 8.13014 51.2
      vertex 3.10327 7.20451 51.2
      vertex 4.31601 6.70217 51.2
    endloop
  endfacet
  facet normal 0 0 1
    outer loop
      vertex 3.36761 8.13014 51.2
      vertex 1.68727 7.79103 51.2
      vertex 3.10327 7.20451 51.2
    endloop
  endfacet
  facet normal 0 0 1
    outer loop
      vertex 1.18493 6.57829 51.2
      vertex -0.598406 5.16229 51.2
      vertex 0.598406 5.16229 51.2
    endloop
  endfacet
  facet normal 0 0 1
    outer loop
      vertex -1.18493 6.57829 51.2
      vertex 1.18493 6.57829 51.2
      vertex 1.68727 7.79103 51.2
    endloop
  endfacet
  facet normal 0 0 1
    outer loop
      vertex 1.18493 6.57829 51.2
      vertex -1.18493 6.57829 51.2
      vertex -0.598406 5.16229 51.2
    endloop
  endfacet
  facet normal 0 0 1
    outer loop
      vertex 1.68727 7.79103 51.2
      vertex -1.68727 7.79103 51.2
      vertex -1.18493 6.57829 51.2
    endloop
  endfacet
  facet normal 0 0 1
    outer loop
      vertex 3.36761 8.13014 51.2
      vertex -1.68727 7.79103 51.2
      vertex 1.68727 7.79103 51.2
    endloop
  endfacet
  facet normal -0 0 1
    outer loop
      vertex -3.36761 8.13014 51.2
      vertex -1.68727 7.79103 51.2
      vertex 3.36761 8.13014 51.2
    endloop
  endfacet
  facet normal 0 0 1
    outer loop
      vertex -3.36761 8.13014 51.2
      vertex -3.10327 7.20451 51.2
      vertex -1.68727 7.79103 51.2
    endloop
  endfacet
  facet normal 0 0 1
    outer loop
      vertex -3.36761 8.13014 51.2
      vertex -4.31601 6.70217 51.2
      vertex -3.10327 7.20451 51.2
    endloop
  endfacet
  facet normal 0 0 1
    outer loop
      vertex -4.31601 6.70217 51.2
      vertex -6.70217 4.31601 51.2
      vertex -5.28617 3.72949 51.2
    endloop
  endfacet
  facet normal 0 0 1
    outer loop
      vertex -3.36761 8.13014 51.2
      vertex -6.70217 4.31601 51.2
      vertex -4.31601 6.70217 51.2
    endloop
  endfacet
  facet normal 0 0 1
    outer loop
      vertex -7.20451 3.10327 51.2
      vertex -7.6 2.2 51.2
      vertex -7.57759 2.20257 51.2
    endloop
  endfacet
  facet normal -0 0 1
    outer loop
      vertex -8.13014 3.36761 51.2
      vertex -7.20451 3.10327 51.2
      vertex -6.70217 4.31601 51.2
    endloop
  endfacet
  facet normal 0 0 1
    outer loop
      vertex -7.6 2.2 51.2
      vertex -7.79103 1.68727 51.2
      vertex -7.6 2.14847 51.2
    endloop
  endfacet
  facet normal 0 0 1
    outer loop
      vertex -7.79103 1.68727 51.2
      vertex -8.13014 3.36761 51.2
      vertex -7.79103 -1.68727 51.2
    endloop
  endfacet
  facet normal 0 0 1
    outer loop
      vertex -7.6 2.2 51.2
      vertex -8.13014 3.36761 51.2
      vertex -7.79103 1.68727 51.2
    endloop
  endfacet
  facet normal 0 0 1
    outer loop
      vertex -7.20451 3.10327 51.2
      vertex -8.13014 3.36761 51.2
      vertex -7.6 2.2 51.2
    endloop
  endfacet
  facet normal 0 0 1
    outer loop
      vertex -8.13014 3.36761 51.2
      vertex -6.70217 4.31601 51.2
      vertex -3.36761 8.13014 51.2
    endloop
  endfacet
  facet normal -0 0 1
    outer loop
      vertex 7.79103 -1.68727 51.2
      vertex 8.13014 -3.36761 51.2
      vertex 7.79103 1.68727 51.2
    endloop
  endfacet
  facet normal 0 0 1
    outer loop
      vertex 7.6 -2.2 51.2
      vertex 7.79103 -1.68727 51.2
      vertex 7.6 -2.14847 51.2
    endloop
  endfacet
  facet normal 0 0 1
    outer loop
      vertex 7.79103 -1.68727 51.2
      vertex 7.6 -2.2 51.2
      vertex 8.13014 -3.36761 51.2
    endloop
  endfacet
  facet normal 0 0 1
    outer loop
      vertex 7.20451 -3.10327 51.2
      vertex 7.6 -2.2 51.2
      vertex 7.57759 -2.20257 51.2
    endloop
  endfacet
  facet normal 0 0 1
    outer loop
      vertex 7.6 -2.2 51.2
      vertex 7.20451 -3.10327 51.2
      vertex 8.13014 -3.36761 51.2
    endloop
  endfacet
  facet normal 0 0 1
    outer loop
      vertex 6.70217 -4.31601 51.2
      vertex 8.13014 -3.36761 51.2
      vertex 7.20451 -3.10327 51.2
    endloop
  endfacet
  facet normal 0 0 1
    outer loop
      vertex 4.31601 -6.70217 51.2
      vertex 6.70217 -4.31601 51.2
      vertex 5.28617 -3.72949 51.2
    endloop
  endfacet
  facet normal 0 0 1
    outer loop
      vertex 4.31601 -6.70217 51.2
      vertex 8.13014 -3.36761 51.2
      vertex 6.70217 -4.31601 51.2
    endloop
  endfacet
  facet normal -0 0 1
    outer loop
      vertex 4.31601 -6.70217 51.2
      vertex 3.36761 -8.13014 51.2
      vertex 8.13014 -3.36761 51.2
    endloop
  endfacet
  facet normal -0 0 1
    outer loop
      vertex 3.10327 -7.20451 51.2
      vertex 3.36761 -8.13014 51.2
      vertex 4.31601 -6.70217 51.2
    endloop
  endfacet
  facet normal -0 0 1
    outer loop
      vertex 1.68727 -7.79103 51.2
      vertex 3.36761 -8.13014 51.2
      vertex 3.10327 -7.20451 51.2
    endloop
  endfacet
  facet normal -0 0 1
    outer loop
      vertex -0.598406 -5.16229 51.2
      vertex 1.18493 -6.57829 51.2
      vertex 0.598406 -5.16229 51.2
    endloop
  endfacet
  facet normal 0 0 1
    outer loop
      vertex -1.18493 -6.57829 51.2
      vertex 1.18493 -6.57829 51.2
      vertex -0.598406 -5.16229 51.2
    endloop
  endfacet
  facet normal 0 0 1
    outer loop
      vertex 1.18493 -6.57829 51.2
      vertex -1.18493 -6.57829 51.2
      vertex 1.68727 -7.79103 51.2
    endloop
  endfacet
  facet normal 0 0 1
    outer loop
      vertex -1.68727 -7.79103 51.2
      vertex 1.68727 -7.79103 51.2
      vertex -1.18493 -6.57829 51.2
    endloop
  endfacet
  facet normal -0 0 1
    outer loop
      vertex -1.68727 -7.79103 51.2
      vertex 3.36761 -8.13014 51.2
      vertex 1.68727 -7.79103 51.2
    endloop
  endfacet
  facet normal 0 0 1
    outer loop
      vertex -1.68727 -7.79103 51.2
      vertex -3.36761 -8.13014 51.2
      vertex 3.36761 -8.13014 51.2
    endloop
  endfacet
  facet normal 0 0 1
    outer loop
      vertex -3.10327 -7.20451 51.2
      vertex -3.36761 -8.13014 51.2
      vertex -1.68727 -7.79103 51.2
    endloop
  endfacet
  facet normal 0 0 1
    outer loop
      vertex -4.31601 -6.70217 51.2
      vertex -3.36761 -8.13014 51.2
      vertex -3.10327 -7.20451 51.2
    endloop
  endfacet
  facet normal -0 0 1
    outer loop
      vertex -6.70217 -4.31601 51.2
      vertex -4.31601 -6.70217 51.2
      vertex -5.28617 -3.72949 51.2
    endloop
  endfacet
  facet normal 0 0 1
    outer loop
      vertex -6.70217 -4.31601 51.2
      vertex -3.36761 -8.13014 51.2
      vertex -4.31601 -6.70217 51.2
    endloop
  endfacet
  facet normal 0 0 1
    outer loop
      vertex -7.6 -2.2 51.2
      vertex -7.20451 -3.10327 51.2
      vertex -7.57759 -2.20257 51.2
    endloop
  endfacet
  facet normal 0 0 1
    outer loop
      vertex -8.13014 -3.36761 51.2
      vertex -7.20451 -3.10327 51.2
      vertex -7.6 -2.2 51.2
    endloop
  endfacet
  facet normal 0 0 1
    outer loop
      vertex -6.70217 -4.31601 51.2
      vertex -8.13014 -3.36761 51.2
      vertex -3.36761 -8.13014 51.2
    endloop
  endfacet
  facet normal 0 0 1
    outer loop
      vertex -7.20451 -3.10327 51.2
      vertex -8.13014 -3.36761 51.2
      vertex -6.70217 -4.31601 51.2
    endloop
  endfacet
  facet normal 0 0 1
    outer loop
      vertex -7.79103 -1.68727 51.2
      vertex -8.13014 -3.36761 51.2
      vertex -7.6 -2.2 51.2
    endloop
  endfacet
  facet normal 0 0 1
    outer loop
      vertex -8.13014 -3.36761 51.2
      vertex -7.79103 -1.68727 51.2
      vertex -8.13014 3.36761 51.2
    endloop
  endfacet
  facet normal 0 0 1
    outer loop
      vertex 7.79103 1.68727 51.2
      vertex 7.6 2.2 51.2
      vertex 7.6 2.14847 51.2
    endloop
  endfacet
  facet normal -0 0 1
    outer loop
      vertex 3.72949 5.28617 51.2
      vertex 5.28617 3.72949 51.2
      vertex 4.31601 6.70217 51.2
    endloop
  endfacet
  facet normal 0 0 1
    outer loop
      vertex 4.07343 3.22715 51.2
      vertex 3.78 3.78 51.2
      vertex 4.07343 -3.22715 51.2
    endloop
  endfacet
  facet normal -0 -0 1
    outer loop
      vertex 3.78 3.78 51.2
      vertex 5.28617 3.72949 51.2
      vertex 3.72949 5.28617 51.2
    endloop
  endfacet
  facet normal 0 0 1
    outer loop
      vertex 5.28617 3.72949 51.2
      vertex 3.78 3.78 51.2
      vertex 4.07343 3.22715 51.2
    endloop
  endfacet
  facet normal -0 0 1
    outer loop
      vertex 3.22715 4.07343 51.2
      vertex 3.78 3.78 51.2
      vertex 3.72949 5.28617 51.2
    endloop
  endfacet
  facet normal 0 0 1
    outer loop
      vertex -3.22715 4.07343 51.2
      vertex 3.22715 4.07343 51.2
      vertex 1.81115 4.65995 51.2
    endloop
  endfacet
  facet normal 0 0 1
    outer loop
      vertex -1.81115 4.65995 51.2
      vertex 1.81115 4.65995 51.2
      vertex 0.598406 5.16229 51.2
    endloop
  endfacet
  facet normal 0 0 1
    outer loop
      vertex -1.81115 4.65995 51.2
      vertex 0.598406 5.16229 51.2
      vertex -0.598406 5.16229 51.2
    endloop
  endfacet
  facet normal 0 0 1
    outer loop
      vertex -3.22715 4.07343 51.2
      vertex 1.81115 4.65995 51.2
      vertex -1.81115 4.65995 51.2
    endloop
  endfacet
  facet normal 0 0 1
    outer loop
      vertex 3.22715 4.07343 51.2
      vertex -3.22715 4.07343 51.2
      vertex 3.78 3.78 51.2
    endloop
  endfacet
  facet normal 0 0 1
    outer loop
      vertex -3.22715 4.07343 51.2
      vertex -3.78 3.78 51.2
      vertex 3.78 3.78 51.2
    endloop
  endfacet
  facet normal 0 0 1
    outer loop
      vertex -3.72949 5.28617 51.2
      vertex -3.78 3.78 51.2
      vertex -3.22715 4.07343 51.2
    endloop
  endfacet
  facet normal 0 0 1
    outer loop
      vertex -3.78 3.78 51.2
      vertex -4.07343 3.22715 51.2
      vertex -3.78 -3.78 51.2
    endloop
  endfacet
  facet normal 0 0 1
    outer loop
      vertex -5.28617 3.72949 51.2
      vertex -3.78 3.78 51.2
      vertex -3.72949 5.28617 51.2
    endloop
  endfacet
  facet normal 0 0 1
    outer loop
      vertex -5.28617 3.72949 51.2
      vertex -3.72949 5.28617 51.2
      vertex -4.31601 6.70217 51.2
    endloop
  endfacet
  facet normal 0 0 1
    outer loop
      vertex -3.78 3.78 51.2
      vertex -5.28617 3.72949 51.2
      vertex -4.07343 3.22715 51.2
    endloop
  endfacet
  facet normal -0 0 1
    outer loop
      vertex 5.16229 0.598406 51.2
      vertex 6.32857 -1.0815 51.2
      vertex 6.32857 1.0815 51.2
    endloop
  endfacet
  facet normal 0 0 1
    outer loop
      vertex 5.16229 0.598406 51.2
      vertex 5.16229 -0.598406 51.2
      vertex 6.32857 -1.0815 51.2
    endloop
  endfacet
  facet normal 0 0 1
    outer loop
      vertex 4.65995 1.81115 51.2
      vertex 5.16229 -0.598406 51.2
      vertex 5.16229 0.598406 51.2
    endloop
  endfacet
  facet normal 0 0 1
    outer loop
      vertex 4.65995 1.81115 51.2
      vertex 4.65995 -1.81115 51.2
      vertex 5.16229 -0.598406 51.2
    endloop
  endfacet
  facet normal 0 0 1
    outer loop
      vertex 4.07343 3.22715 51.2
      vertex 4.65995 -1.81115 51.2
      vertex 4.65995 1.81115 51.2
    endloop
  endfacet
  facet normal 0 0 1
    outer loop
      vertex 4.65995 -1.81115 51.2
      vertex 4.07343 3.22715 51.2
      vertex 4.07343 -3.22715 51.2
    endloop
  endfacet
  facet normal 0.765746 -0 0.643144
    outer loop
      vertex 8.13014 -3.36761 51.2
      vertex 9.60835 3.97991 49.44
      vertex 8.13014 3.36761 51.2
    endloop
  endfacet
  facet normal 0.765746 0 0.643144
    outer loop
      vertex 9.60835 3.97991 49.44
      vertex 8.13014 -3.36761 51.2
      vertex 9.60835 -3.97991 49.44
    endloop
  endfacet
  facet normal -0.765746 0 0.643144
    outer loop
      vertex -9.60835 3.97991 49.44
      vertex -8.13014 -3.36761 51.2
      vertex -8.13014 3.36761 51.2
    endloop
  endfacet
  facet normal -0.765746 0 0.643144
    outer loop
      vertex -8.13014 -3.36761 51.2
      vertex -9.60835 3.97991 49.44
      vertex -9.60835 -3.97991 49.44
    endloop
  endfacet
  facet normal -0.541463 0.541463 0.643145
    outer loop
      vertex -3.97991 9.60835 49.44
      vertex -8.13014 3.36761 51.2
      vertex -3.36761 8.13014 51.2
    endloop
  endfacet
  facet normal -0.541463 0.541463 0.643145
    outer loop
      vertex -8.13014 3.36761 51.2
      vertex -3.97991 9.60835 49.44
      vertex -9.60835 3.97991 49.44
    endloop
  endfacet
  facet normal 0 0.765746 0.643144
    outer loop
      vertex 3.97991 9.60835 49.44
      vertex -3.36761 8.13014 51.2
      vertex 3.36761 8.13014 51.2
    endloop
  endfacet
  facet normal 0 0.765746 0.643144
    outer loop
      vertex -3.36761 8.13014 51.2
      vertex 3.97991 9.60835 49.44
      vertex -3.97991 9.60835 49.44
    endloop
  endfacet
  facet normal 0.541463 0.541463 0.643145
    outer loop
      vertex 3.97991 9.60835 49.44
      vertex 8.13014 3.36761 51.2
      vertex 9.60835 3.97991 49.44
    endloop
  endfacet
  facet normal 0.541463 0.541463 0.643145
    outer loop
      vertex 8.13014 3.36761 51.2
      vertex 3.97991 9.60835 49.44
      vertex 3.36761 8.13014 51.2
    endloop
  endfacet
  facet normal 0 -0.765746 0.643144
    outer loop
      vertex -3.97991 -9.60835 49.44
      vertex 3.36761 -8.13014 51.2
      vertex -3.36761 -8.13014 51.2
    endloop
  endfacet
  facet normal 0 -0.765746 0.643144
    outer loop
      vertex 3.36761 -8.13014 51.2
      vertex -3.97991 -9.60835 49.44
      vertex 3.97991 -9.60835 49.44
    endloop
  endfacet
  facet normal 0.541463 -0.541463 0.643145
    outer loop
      vertex 8.13014 -3.36761 51.2
      vertex 3.97991 -9.60835 49.44
      vertex 9.60835 -3.97991 49.44
    endloop
  endfacet
  facet normal 0.541463 -0.541463 0.643145
    outer loop
      vertex 3.97991 -9.60835 49.44
      vertex 8.13014 -3.36761 51.2
      vertex 3.36761 -8.13014 51.2
    endloop
  endfacet
  facet normal -0.541463 -0.541463 0.643145
    outer loop
      vertex -8.13014 -3.36761 51.2
      vertex -3.97991 -9.60835 49.44
      vertex -3.36761 -8.13014 51.2
    endloop
  endfacet
  facet normal -0.541463 -0.541463 0.643145
    outer loop
      vertex -3.97991 -9.60835 49.44
      vertex -8.13014 -3.36761 51.2
      vertex -9.60835 -3.97991 49.44
    endloop
  endfacet
  facet normal 0 -0.928477 0.371391
    outer loop
      vertex -3.78 -3.78 51.2
      vertex 2.7 -2.7 53.9
      vertex -2.7 -2.7 53.9
    endloop
  endfacet
  facet normal 0 -0.928477 0.371391
    outer loop
      vertex 2.7 -2.7 53.9
      vertex -3.78 -3.78 51.2
      vertex 3.78 -3.78 51.2
    endloop
  endfacet
  facet normal -0.928477 0 0.371391
    outer loop
      vertex -3.78 3.78 51.2
      vertex -2.7 -2.7 53.9
      vertex -2.7 2.7 53.9
    endloop
  endfacet
  facet normal -0.928477 0 0.371391
    outer loop
      vertex -2.7 -2.7 53.9
      vertex -3.78 3.78 51.2
      vertex -3.78 -3.78 51.2
    endloop
  endfacet
  facet normal 0.928477 -0 0.371391
    outer loop
      vertex 2.7 -2.7 53.9
      vertex 3.78 3.78 51.2
      vertex 2.7 2.7 53.9
    endloop
  endfacet
  facet normal 0.928477 0 0.371391
    outer loop
      vertex 3.78 3.78 51.2
      vertex 2.7 -2.7 53.9
      vertex 3.78 -3.78 51.2
    endloop
  endfacet
  facet normal 0 0.928477 0.371391
    outer loop
      vertex 3.78 3.78 51.2
      vertex -2.7 2.7 53.9
      vertex 2.7 2.7 53.9
    endloop
  endfacet
  facet normal 0 0.928477 0.371391
    outer loop
      vertex -2.7 2.7 53.9
      vertex 3.78 3.78 51.2
      vertex -3.78 3.78 51.2
    endloop
  endfacet
  facet normal 0.707107 0 0.707107
    outer loop
      vertex 2 2 80
      vertex 2.7 -2.7 79.3
      vertex 2.7 2.7 79.3
    endloop
  endfacet
  facet normal 0.707107 0 0.707107
    outer loop
      vertex 2.7 -2.7 79.3
      vertex 2 2 80
      vertex 2 -2 80
    endloop
  endfacet
  facet normal 1 -0 0
    outer loop
      vertex 2.7 -2.7 79.3
      vertex 2.7 2.7 70.6131
      vertex 2.7 2.7 79.3
    endloop
  endfacet
  facet normal 1 0 0
    outer loop
      vertex 2.7 2.7 70.6131
      vertex 2.7 -2.7 79.3
      vertex 2.7 -2.7 70.6131
    endloop
  endfacet
  facet normal 1 -0 0
    outer loop
      vertex 2.7 -2.7 57.8623
      vertex 2.7 2.7 53.9
      vertex 2.7 2.7 57.8623
    endloop
  endfacet
  facet normal 1 0 0
    outer loop
      vertex 2.7 2.7 53.9
      vertex 2.7 -2.7 57.8623
      vertex 2.7 -2.7 53.9
    endloop
  endfacet
  facet normal 0 1 -0
    outer loop
      vertex 1.1 2.7 60.8
      vertex -1.1 2.7 71.4
      vertex 1.1 2.7 71.4
    endloop
  endfacet
  facet normal 0 1 0
    outer loop
      vertex 1.1 2.7 60.8
      vertex -1.1 2.7 60.8
      vertex -1.1 2.7 71.4
    endloop
  endfacet
  facet normal 0 1 0
    outer loop
      vertex 2.7 2.7 57.8623
      vertex -1.1 2.7 60.8
      vertex 1.1 2.7 60.8
    endloop
  endfacet
  facet normal 0 1 0
    outer loop
      vertex 2.7 2.7 57.8623
      vertex -2.7 2.7 57.8623
      vertex -1.1 2.7 60.8
    endloop
  endfacet
  facet normal 0 1 -0
    outer loop
      vertex 2.7 2.7 53.9
      vertex -2.7 2.7 57.8623
      vertex 2.7 2.7 57.8623
    endloop
  endfacet
  facet normal 0 1 0
    outer loop
      vertex -2.7 2.7 57.8623
      vertex 2.7 2.7 53.9
      vertex -2.7 2.7 53.9
    endloop
  endfacet
  facet normal 0 1 0
    outer loop
      vertex 1.1 2.7 71.4
      vertex 2.7 2.7 79.3
      vertex 1.5 2.7 71.4
    endloop
  endfacet
  facet normal -0 1 0
    outer loop
      vertex 1.5 2.7 71.4
      vertex 2.7 2.7 79.3
      vertex 2.7 2.7 70.6131
    endloop
  endfacet
  facet normal 0 1 0
    outer loop
      vertex 2.7 2.7 79.3
      vertex 1.1 2.7 71.4
      vertex -2.7 2.7 79.3
    endloop
  endfacet
  facet normal 0 1 -0
    outer loop
      vertex -1.1 2.7 71.4
      vertex -2.7 2.7 79.3
      vertex 1.1 2.7 71.4
    endloop
  endfacet
  facet normal 0 1 -0
    outer loop
      vertex -1.5 2.7 71.4
      vertex -2.7 2.7 79.3
      vertex -1.1 2.7 71.4
    endloop
  endfacet
  facet normal 0 1 0
    outer loop
      vertex -2.7 2.7 79.3
      vertex -1.5 2.7 71.4
      vertex -2.7 2.7 70.6131
    endloop
  endfacet
  facet normal -0.707107 0 0.707107
    outer loop
      vertex -2.7 2.7 79.3
      vertex -2 -2 80
      vertex -2 2 80
    endloop
  endfacet
  facet normal -0.707107 0 0.707107
    outer loop
      vertex -2 -2 80
      vertex -2.7 2.7 79.3
      vertex -2.7 -2.7 79.3
    endloop
  endfacet
  facet normal -1 0 0
    outer loop
      vertex -2.7 -2.7 70.6131
      vertex -2.7 2.7 79.3
      vertex -2.7 2.7 70.6131
    endloop
  endfacet
  facet normal -1 -0 0
    outer loop
      vertex -2.7 2.7 79.3
      vertex -2.7 -2.7 70.6131
      vertex -2.7 -2.7 79.3
    endloop
  endfacet
  facet normal -1 0 0
    outer loop
      vertex -2.7 -2.7 53.9
      vertex -2.7 2.7 57.8623
      vertex -2.7 2.7 53.9
    endloop
  endfacet
  facet normal -1 -0 0
    outer loop
      vertex -2.7 2.7 57.8623
      vertex -2.7 -2.7 53.9
      vertex -2.7 -2.7 57.8623
    endloop
  endfacet
  facet normal -0 0 1
    outer loop
      vertex -2 2 80
      vertex 2 -2 80
      vertex 2 2 80
    endloop
  endfacet
  facet normal 0 0 1
    outer loop
      vertex 2 -2 80
      vertex -2 2 80
      vertex -2 -2 80
    endloop
  endfacet
  facet normal 0 -1 0
    outer loop
      vertex -1.1 -2.7 60.8
      vertex 1.1 -2.7 71.4
      vertex -1.1 -2.7 71.4
    endloop
  endfacet
  facet normal 0 -1 0
    outer loop
      vertex -1.1 -2.7 60.8
      vertex 1.1 -2.7 60.8
      vertex 1.1 -2.7 71.4
    endloop
  endfacet
  facet normal 0 -1 0
    outer loop
      vertex -2.7 -2.7 57.8623
      vertex 1.1 -2.7 60.8
      vertex -1.1 -2.7 60.8
    endloop
  endfacet
  facet normal 0 -1 0
    outer loop
      vertex -2.7 -2.7 57.8623
      vertex 2.7 -2.7 57.8623
      vertex 1.1 -2.7 60.8
    endloop
  endfacet
  facet normal 0 -1 0
    outer loop
      vertex -2.7 -2.7 53.9
      vertex 2.7 -2.7 57.8623
      vertex -2.7 -2.7 57.8623
    endloop
  endfacet
  facet normal 0 -1 -0
    outer loop
      vertex 2.7 -2.7 57.8623
      vertex -2.7 -2.7 53.9
      vertex 2.7 -2.7 53.9
    endloop
  endfacet
  facet normal 0 -1 0
    outer loop
      vertex -1.1 -2.7 71.4
      vertex -2.7 -2.7 79.3
      vertex -1.5 -2.7 71.4
    endloop
  endfacet
  facet normal -0 -1 0
    outer loop
      vertex -1.5 -2.7 71.4
      vertex -2.7 -2.7 79.3
      vertex -2.7 -2.7 70.6131
    endloop
  endfacet
  facet normal 0 -1 0
    outer loop
      vertex -2.7 -2.7 79.3
      vertex -1.1 -2.7 71.4
      vertex 2.7 -2.7 79.3
    endloop
  endfacet
  facet normal 0 -1 0
    outer loop
      vertex 1.1 -2.7 71.4
      vertex 2.7 -2.7 79.3
      vertex -1.1 -2.7 71.4
    endloop
  endfacet
  facet normal 0 -1 0
    outer loop
      vertex 1.5 -2.7 71.4
      vertex 2.7 -2.7 79.3
      vertex 1.1 -2.7 71.4
    endloop
  endfacet
  facet normal 0 -1 -0
    outer loop
      vertex 2.7 -2.7 79.3
      vertex 1.5 -2.7 71.4
      vertex 2.7 -2.7 70.6131
    endloop
  endfacet
  facet normal 0 -0.707107 0.707107
    outer loop
      vertex -2 -2 80
      vertex 2.7 -2.7 79.3
      vertex 2 -2 80
    endloop
  endfacet
  facet normal 0 -0.707107 0.707107
    outer loop
      vertex 2.7 -2.7 79.3
      vertex -2 -2 80
      vertex -2.7 -2.7 79.3
    endloop
  endfacet
  facet normal 0 0.707107 0.707107
    outer loop
      vertex 2.7 2.7 79.3
      vertex -2 2 80
      vertex 2 2 80
    endloop
  endfacet
  facet normal 0 0.707107 0.707107
    outer loop
      vertex -2 2 80
      vertex 2.7 2.7 79.3
      vertex -2.7 2.7 79.3
    endloop
  endfacet
  facet normal -1 0 0
    outer loop
      vertex 1.1 2.7 60.8
      vertex 1.1 2.9 71.4
      vertex 1.1 2.9 60.8
    endloop
  endfacet
  facet normal -1 -0 0
    outer loop
      vertex 1.1 2.9 71.4
      vertex 1.1 2.7 60.8
      vertex 1.1 2.7 71.4
    endloop
  endfacet
  facet normal -1 0 0
    outer loop
      vertex 1.1 -2.9 60.8
      vertex 1.1 -2.7 71.4
      vertex 1.1 -2.7 60.8
    endloop
  endfacet
  facet normal -1 -0 0
    outer loop
      vertex 1.1 -2.7 71.4
      vertex 1.1 -2.9 60.8
      vertex 1.1 -2.9 71.4
    endloop
  endfacet
  facet normal 1 -0 0
    outer loop
      vertex 7.6 1.73323 52.0668
      vertex 7.6 2.2 51.2
      vertex 7.6 2.2 67.4
    endloop
  endfacet
  facet normal 1 0 0
    outer loop
      vertex 7.6 2.2 51.2
      vertex 7.6 1.73323 52.0668
      vertex 7.6 2.14847 51.2
    endloop
  endfacet
  facet normal 1 0 0
    outer loop
      vertex 7.6 -1.73323 52.0668
      vertex 7.6 1.73323 52.0668
      vertex 7.6 2.2 67.4
    endloop
  endfacet
  facet normal 1 0 0
    outer loop
      vertex 7.6 1.73323 52.0668
      vertex 7.6 -1.73323 52.0668
      vertex 7.6 1.60814 51.2
    endloop
  endfacet
  facet normal 1 0 0
    outer loop
      vertex 7.6 1.60814 51.2
      vertex 7.6 -1.73323 52.0668
      vertex 7.6 -1.60814 51.2
    endloop
  endfacet
  facet normal 1 -0 0
    outer loop
      vertex 7.6 -2.2 67.4
      vertex 7.6 -1.73323 52.0668
      vertex 7.6 2.2 67.4
    endloop
  endfacet
  facet normal 1 0 0
    outer loop
      vertex 7.6 -2.2 51.2
      vertex 7.6 -1.73323 52.0668
      vertex 7.6 -2.2 67.4
    endloop
  endfacet
  facet normal 1 0 0
    outer loop
      vertex 7.6 -1.73323 52.0668
      vertex 7.6 -2.2 51.2
      vertex 7.6 -2.14847 51.2
    endloop
  endfacet
  facet normal 0.114006 0.99348 0
    outer loop
      vertex 7.6 2.2 67.4
      vertex 1.5 2.9 60.8
      vertex 1.5 2.9 71.4
    endloop
  endfacet
  facet normal 0.114006 0.99348 3.69862e-08
    outer loop
      vertex 7.6 2.2 67.4
      vertex 7.0734 2.26043 53.62
      vertex 1.5 2.9 60.8
    endloop
  endfacet
  facet normal 0.114014 0.993479 -2.85546e-07
    outer loop
      vertex 7.6 2.2 67.4
      vertex 7.24009 2.2413 52.8199
      vertex 7.0734 2.26043 53.62
    endloop
  endfacet
  facet normal 0.114003 0.99348 -0
    outer loop
      vertex 7.6 2.2 51.2
      vertex 7.24009 2.2413 52.8199
      vertex 7.6 2.2 67.4
    endloop
  endfacet
  facet normal 0.113934 0.993488 -1.54434e-05
    outer loop
      vertex 7.24009 2.2413 52.8199
      vertex 7.6 2.2 51.2
      vertex 7.57759 2.20257 51.2
    endloop
  endfacet
  facet normal 0.114005 0.99348 -4.64138e-07
    outer loop
      vertex 1.5 2.9 60.8
      vertex 7.0734 2.26043 53.62
      vertex 5.41053 2.45125 53.62
    endloop
  endfacet
  facet normal 0 0.998053 -0.0623783
    outer loop
      vertex 5.01054 2.45125 53.62
      vertex 1.5 2.9 60.8
      vertex 5.41053 2.45125 53.62
    endloop
  endfacet
  facet normal 0 0.998053 -0.0623783
    outer loop
      vertex 1.5 2.9 60.8
      vertex 5.01054 2.45125 53.62
      vertex 1.1 2.9 60.8
    endloop
  endfacet
  facet normal 0.548355 0 0.836246
    outer loop
      vertex 7.6 2.2 67.4
      vertex 2.7 2.7 70.6131
      vertex 7.6 -2.2 67.4
    endloop
  endfacet
  facet normal 0.548341 -0.00019806 0.836255
    outer loop
      vertex 1.5 2.9 71.4
      vertex 2.7 2.7 70.6131
      vertex 7.6 2.2 67.4
    endloop
  endfacet
  facet normal 0.548364 0 0.83624
    outer loop
      vertex 2.7 2.7 70.6131
      vertex 1.5 2.9 71.4
      vertex 1.5 2.7 71.4
    endloop
  endfacet
  facet normal 0.548355 -0 0.836246
    outer loop
      vertex 2.7 -2.7 70.6131
      vertex 7.6 -2.2 67.4
      vertex 2.7 2.7 70.6131
    endloop
  endfacet
  facet normal 0.548341 0.00019806 0.836255
    outer loop
      vertex 2.7 -2.7 70.6131
      vertex 1.5 -2.9 71.4
      vertex 7.6 -2.2 67.4
    endloop
  endfacet
  facet normal 0.548364 -0 0.83624
    outer loop
      vertex 1.5 -2.9 71.4
      vertex 2.7 -2.7 70.6131
      vertex 1.5 -2.7 71.4
    endloop
  endfacet
  facet normal -0.878192 0 -0.478307
    outer loop
      vertex 6.32857 1.0815 51.2
      vertex 5.21536 -0.915367 53.2439
      vertex 5.21536 0.915367 53.2439
    endloop
  endfacet
  facet normal -0.878192 0 -0.478307
    outer loop
      vertex 5.21536 -0.915367 53.2439
      vertex 6.32857 1.0815 51.2
      vertex 6.32857 -1.0815 51.2
    endloop
  endfacet
  facet normal -0.878196 -4.9555e-05 -0.478301
    outer loop
      vertex 5.01054 2.45125 53.62
      vertex 2.7 2.7 57.8623
      vertex 1.1 2.9 60.8
    endloop
  endfacet
  facet normal -0.878195 0 -0.478303
    outer loop
      vertex 5.01054 1.49175 53.62
      vertex 2.7 2.7 57.8623
      vertex 5.01054 2.45125 53.62
    endloop
  endfacet
  facet normal -0.878215 0 -0.478266
    outer loop
      vertex 5.01054 -1.49175 53.62
      vertex 5.01054 1.49175 53.62
      vertex 5.21536 0.915367 53.2439
    endloop
  endfacet
  facet normal -0.878215 0 -0.478266
    outer loop
      vertex 5.01054 -1.49175 53.62
      vertex 5.21536 0.915367 53.2439
      vertex 5.21536 -0.915367 53.2439
    endloop
  endfacet
  facet normal -0.878195 -0 -0.478303
    outer loop
      vertex 5.01054 1.49175 53.62
      vertex 5.01054 -1.49175 53.62
      vertex 2.7 2.7 57.8623
    endloop
  endfacet
  facet normal -0.878195 0 -0.478303
    outer loop
      vertex 2.7 -2.7 57.8623
      vertex 5.01054 -1.49175 53.62
      vertex 5.01054 -2.45125 53.62
    endloop
  endfacet
  facet normal -0.878195 0 -0.478303
    outer loop
      vertex 5.01054 -1.49175 53.62
      vertex 2.7 -2.7 57.8623
      vertex 2.7 2.7 57.8623
    endloop
  endfacet
  facet normal -0.878195 0 -0.478303
    outer loop
      vertex 2.7 -2.7 57.8623
      vertex 1.1 -2.9 60.8
      vertex 1.1 -2.7 60.8
    endloop
  endfacet
  facet normal -0.878196 4.9555e-05 -0.478301
    outer loop
      vertex 1.1 -2.9 60.8
      vertex 2.7 -2.7 57.8623
      vertex 5.01054 -2.45125 53.62
    endloop
  endfacet
  facet normal -0.878195 -0 -0.478303
    outer loop
      vertex 1.1 2.9 60.8
      vertex 2.7 2.7 57.8623
      vertex 1.1 2.7 60.8
    endloop
  endfacet
  facet normal 0 1 -0
    outer loop
      vertex 1.5 2.9 60.8
      vertex 1.1 2.9 71.4
      vertex 1.5 2.9 71.4
    endloop
  endfacet
  facet normal 0 1 0
    outer loop
      vertex 1.1 2.9 71.4
      vertex 1.5 2.9 60.8
      vertex 1.1 2.9 60.8
    endloop
  endfacet
  facet normal 0 -0.998053 -0.0623783
    outer loop
      vertex 5.01054 -2.45125 53.62
      vertex 1.5 -2.9 60.8
      vertex 1.1 -2.9 60.8
    endloop
  endfacet
  facet normal 0 -0.998053 -0.0623783
    outer loop
      vertex 1.5 -2.9 60.8
      vertex 5.01054 -2.45125 53.62
      vertex 5.41053 -2.45125 53.62
    endloop
  endfacet
  facet normal -0 0 1
    outer loop
      vertex 1.1 2.9 71.4
      vertex 1.5 2.7 71.4
      vertex 1.5 2.9 71.4
    endloop
  endfacet
  facet normal 0 0 1
    outer loop
      vertex 1.5 2.7 71.4
      vertex 1.1 2.9 71.4
      vertex 1.1 2.7 71.4
    endloop
  endfacet
  facet normal -0 0 1
    outer loop
      vertex 1.1 -2.7 71.4
      vertex 1.5 -2.9 71.4
      vertex 1.5 -2.7 71.4
    endloop
  endfacet
  facet normal 0 0 1
    outer loop
      vertex 1.5 -2.9 71.4
      vertex 1.1 -2.7 71.4
      vertex 1.1 -2.9 71.4
    endloop
  endfacet
  facet normal 0 -1 0
    outer loop
      vertex 1.1 -2.9 60.8
      vertex 1.5 -2.9 71.4
      vertex 1.1 -2.9 71.4
    endloop
  endfacet
  facet normal 0 -1 -0
    outer loop
      vertex 1.5 -2.9 71.4
      vertex 1.1 -2.9 60.8
      vertex 1.5 -2.9 60.8
    endloop
  endfacet
  facet normal 0.114006 -0.99348 0
    outer loop
      vertex 1.5 -2.9 60.8
      vertex 7.6 -2.2 67.4
      vertex 1.5 -2.9 71.4
    endloop
  endfacet
  facet normal 0.114005 -0.99348 -4.64138e-07
    outer loop
      vertex 7.0734 -2.26043 53.62
      vertex 1.5 -2.9 60.8
      vertex 5.41053 -2.45125 53.62
    endloop
  endfacet
  facet normal 0.114006 -0.99348 3.69862e-08
    outer loop
      vertex 1.5 -2.9 60.8
      vertex 7.0734 -2.26043 53.62
      vertex 7.6 -2.2 67.4
    endloop
  endfacet
  facet normal 0.114014 -0.993479 -2.85546e-07
    outer loop
      vertex 7.24009 -2.2413 52.8199
      vertex 7.6 -2.2 67.4
      vertex 7.0734 -2.26043 53.62
    endloop
  endfacet
  facet normal 0.113934 -0.993488 -1.54434e-05
    outer loop
      vertex 7.6 -2.2 51.2
      vertex 7.24009 -2.2413 52.8199
      vertex 7.57759 -2.20257 51.2
    endloop
  endfacet
  facet normal 0.114003 -0.99348 0
    outer loop
      vertex 7.24009 -2.2413 52.8199
      vertex 7.6 -2.2 51.2
      vertex 7.6 -2.2 67.4
    endloop
  endfacet
  facet normal -1 0 0
    outer loop
      vertex -7.6 1.73323 52.0668
      vertex -7.6 2.2 51.2
      vertex -7.6 2.14847 51.2
    endloop
  endfacet
  facet normal -1 0 0
    outer loop
      vertex -7.6 2.2 51.2
      vertex -7.6 1.73323 52.0668
      vertex -7.6 2.2 67.4
    endloop
  endfacet
  facet normal -1 0 0
    outer loop
      vertex -7.6 -1.73323 52.0668
      vertex -7.6 1.73323 52.0668
      vertex -7.6 1.60814 51.2
    endloop
  endfacet
  facet normal -1 0 0
    outer loop
      vertex -7.6 -1.73323 52.0668
      vertex -7.6 1.60814 51.2
      vertex -7.6 -1.60814 51.2
    endloop
  endfacet
  facet normal -1 0 0
    outer loop
      vertex -7.6 1.73323 52.0668
      vertex -7.6 -1.73323 52.0668
      vertex -7.6 2.2 67.4
    endloop
  endfacet
  facet normal -1 0 0
    outer loop
      vertex -7.6 -2.2 51.2
      vertex -7.6 -1.73323 52.0668
      vertex -7.6 -2.14847 51.2
    endloop
  endfacet
  facet normal -1 -0 0
    outer loop
      vertex -7.6 -1.73323 52.0668
      vertex -7.6 -2.2 51.2
      vertex -7.6 -2.2 67.4
    endloop
  endfacet
  facet normal -1 0 0
    outer loop
      vertex -7.6 -1.73323 52.0668
      vertex -7.6 -2.2 67.4
      vertex -7.6 2.2 67.4
    endloop
  endfacet
  facet normal 0 0.998053 -0.0623783
    outer loop
      vertex -5.01054 2.45125 53.62
      vertex -1.5 2.9 60.8
      vertex -1.1 2.9 60.8
    endloop
  endfacet
  facet normal 0 0.998053 -0.0623783
    outer loop
      vertex -1.5 2.9 60.8
      vertex -5.01054 2.45125 53.62
      vertex -5.41053 2.45125 53.62
    endloop
  endfacet
  facet normal 0.878195 0 -0.478303
    outer loop
      vertex -1.1 -2.7 60.8
      vertex -1.1 -2.9 60.8
      vertex -2.7 -2.7 57.8623
    endloop
  endfacet
  facet normal 0.878195 0 -0.478303
    outer loop
      vertex -2.7 2.7 57.8623
      vertex -1.1 2.9 60.8
      vertex -1.1 2.7 60.8
    endloop
  endfacet
  facet normal 0.878196 -4.9555e-05 -0.478301
    outer loop
      vertex -2.7 2.7 57.8623
      vertex -5.01054 2.45125 53.62
      vertex -1.1 2.9 60.8
    endloop
  endfacet
  facet normal 0.878195 0 -0.478303
    outer loop
      vertex -2.7 2.7 57.8623
      vertex -5.01054 1.49175 53.62
      vertex -5.01054 2.45125 53.62
    endloop
  endfacet
  facet normal 0.878195 0 -0.478303
    outer loop
      vertex -5.01054 -1.49175 53.62
      vertex -5.01054 1.49175 53.62
      vertex -2.7 2.7 57.8623
    endloop
  endfacet
  facet normal 0.878215 0 -0.478266
    outer loop
      vertex -5.01054 1.49175 53.62
      vertex -5.01054 -1.49175 53.62
      vertex -5.21536 0.915367 53.2439
    endloop
  endfacet
  facet normal 0.878215 0 -0.478266
    outer loop
      vertex -5.21536 0.915367 53.2439
      vertex -5.01054 -1.49175 53.62
      vertex -5.21536 -0.915367 53.2439
    endloop
  endfacet
  facet normal 0.878195 0 -0.478303
    outer loop
      vertex -2.7 -2.7 57.8623
      vertex -5.01054 -1.49175 53.62
      vertex -2.7 2.7 57.8623
    endloop
  endfacet
  facet normal 0.878195 0 -0.478303
    outer loop
      vertex -5.01054 -1.49175 53.62
      vertex -2.7 -2.7 57.8623
      vertex -5.01054 -2.45125 53.62
    endloop
  endfacet
  facet normal 0.878196 4.9555e-05 -0.478301
    outer loop
      vertex -5.01054 -2.45125 53.62
      vertex -2.7 -2.7 57.8623
      vertex -1.1 -2.9 60.8
    endloop
  endfacet
  facet normal 0.878192 0 -0.478307
    outer loop
      vertex -5.21536 -0.915367 53.2439
      vertex -6.32857 1.0815 51.2
      vertex -5.21536 0.915367 53.2439
    endloop
  endfacet
  facet normal 0.878192 0 -0.478307
    outer loop
      vertex -6.32857 1.0815 51.2
      vertex -5.21536 -0.915367 53.2439
      vertex -6.32857 -1.0815 51.2
    endloop
  endfacet
  facet normal -0.114006 0.99348 0
    outer loop
      vertex -1.5 2.9 60.8
      vertex -7.6 2.2 67.4
      vertex -1.5 2.9 71.4
    endloop
  endfacet
  facet normal -0.114005 0.99348 -4.64138e-07
    outer loop
      vertex -7.0734 2.26043 53.62
      vertex -1.5 2.9 60.8
      vertex -5.41053 2.45125 53.62
    endloop
  endfacet
  facet normal -0.114006 0.99348 3.69862e-08
    outer loop
      vertex -1.5 2.9 60.8
      vertex -7.0734 2.26043 53.62
      vertex -7.6 2.2 67.4
    endloop
  endfacet
  facet normal -0.114014 0.993479 -2.85546e-07
    outer loop
      vertex -7.24009 2.2413 52.8199
      vertex -7.6 2.2 67.4
      vertex -7.0734 2.26043 53.62
    endloop
  endfacet
  facet normal -0.113934 0.993488 -1.54434e-05
    outer loop
      vertex -7.6 2.2 51.2
      vertex -7.24009 2.2413 52.8199
      vertex -7.57759 2.20257 51.2
    endloop
  endfacet
  facet normal -0.114003 0.99348 0
    outer loop
      vertex -7.24009 2.2413 52.8199
      vertex -7.6 2.2 51.2
      vertex -7.6 2.2 67.4
    endloop
  endfacet
  facet normal -0 -0.998053 -0.0623783
    outer loop
      vertex -5.01054 -2.45125 53.62
      vertex -1.5 -2.9 60.8
      vertex -5.41053 -2.45125 53.62
    endloop
  endfacet
  facet normal 0 -0.998053 -0.0623783
    outer loop
      vertex -1.5 -2.9 60.8
      vertex -5.01054 -2.45125 53.62
      vertex -1.1 -2.9 60.8
    endloop
  endfacet
  facet normal 1 -0 0
    outer loop
      vertex -1.1 2.7 71.4
      vertex -1.1 2.9 60.8
      vertex -1.1 2.9 71.4
    endloop
  endfacet
  facet normal 1 0 0
    outer loop
      vertex -1.1 2.9 60.8
      vertex -1.1 2.7 71.4
      vertex -1.1 2.7 60.8
    endloop
  endfacet
  facet normal 1 -0 0
    outer loop
      vertex -1.1 -2.9 71.4
      vertex -1.1 -2.7 60.8
      vertex -1.1 -2.7 71.4
    endloop
  endfacet
  facet normal 1 0 0
    outer loop
      vertex -1.1 -2.7 60.8
      vertex -1.1 -2.9 71.4
      vertex -1.1 -2.9 60.8
    endloop
  endfacet
  facet normal 0 1 -0
    outer loop
      vertex -1.1 2.9 60.8
      vertex -1.5 2.9 71.4
      vertex -1.1 2.9 71.4
    endloop
  endfacet
  facet normal 0 1 0
    outer loop
      vertex -1.5 2.9 71.4
      vertex -1.1 2.9 60.8
      vertex -1.5 2.9 60.8
    endloop
  endfacet
  facet normal 0 -1 0
    outer loop
      vertex -1.5 -2.9 60.8
      vertex -1.1 -2.9 71.4
      vertex -1.5 -2.9 71.4
    endloop
  endfacet
  facet normal 0 -1 -0
    outer loop
      vertex -1.1 -2.9 71.4
      vertex -1.5 -2.9 60.8
      vertex -1.1 -2.9 60.8
    endloop
  endfacet
  facet normal -0.114006 -0.99348 0
    outer loop
      vertex -7.6 -2.2 67.4
      vertex -1.5 -2.9 60.8
      vertex -1.5 -2.9 71.4
    endloop
  endfacet
  facet normal -0.114006 -0.99348 3.69862e-08
    outer loop
      vertex -7.6 -2.2 67.4
      vertex -7.0734 -2.26043 53.62
      vertex -1.5 -2.9 60.8
    endloop
  endfacet
  facet normal -0.114014 -0.993479 -2.85546e-07
    outer loop
      vertex -7.6 -2.2 67.4
      vertex -7.24009 -2.2413 52.8199
      vertex -7.0734 -2.26043 53.62
    endloop
  endfacet
  facet normal -0.114003 -0.99348 0
    outer loop
      vertex -7.6 -2.2 51.2
      vertex -7.24009 -2.2413 52.8199
      vertex -7.6 -2.2 67.4
    endloop
  endfacet
  facet normal -0.113934 -0.993488 -1.54434e-05
    outer loop
      vertex -7.24009 -2.2413 52.8199
      vertex -7.6 -2.2 51.2
      vertex -7.57759 -2.20257 51.2
    endloop
  endfacet
  facet normal -0.114005 -0.99348 -4.64138e-07
    outer loop
      vertex -1.5 -2.9 60.8
      vertex -7.0734 -2.26043 53.62
      vertex -5.41053 -2.45125 53.62
    endloop
  endfacet
  facet normal -0 0 1
    outer loop
      vertex -1.5 2.9 71.4
      vertex -1.1 2.7 71.4
      vertex -1.1 2.9 71.4
    endloop
  endfacet
  facet normal 0 0 1
    outer loop
      vertex -1.1 2.7 71.4
      vertex -1.5 2.9 71.4
      vertex -1.5 2.7 71.4
    endloop
  endfacet
  facet normal -0 0 1
    outer loop
      vertex -1.5 -2.7 71.4
      vertex -1.1 -2.9 71.4
      vertex -1.1 -2.7 71.4
    endloop
  endfacet
  facet normal 0 0 1
    outer loop
      vertex -1.1 -2.9 71.4
      vertex -1.5 -2.7 71.4
      vertex -1.5 -2.9 71.4
    endloop
  endfacet
  facet normal -0.548364 0 0.83624
    outer loop
      vertex -1.5 2.9 71.4
      vertex -2.7 2.7 70.6131
      vertex -1.5 2.7 71.4
    endloop
  endfacet
  facet normal -0.548355 0 0.836246
    outer loop
      vertex -2.7 2.7 70.6131
      vertex -7.6 2.2 67.4
      vertex -2.7 -2.7 70.6131
    endloop
  endfacet
  facet normal -0.548341 -0.00019806 0.836255
    outer loop
      vertex -7.6 2.2 67.4
      vertex -2.7 2.7 70.6131
      vertex -1.5 2.9 71.4
    endloop
  endfacet
  facet normal -0.548364 0 0.83624
    outer loop
      vertex -2.7 -2.7 70.6131
      vertex -1.5 -2.9 71.4
      vertex -1.5 -2.7 71.4
    endloop
  endfacet
  facet normal -0.548341 0.00019806 0.836255
    outer loop
      vertex -2.7 -2.7 70.6131
      vertex -7.6 -2.2 67.4
      vertex -1.5 -2.9 71.4
    endloop
  endfacet
  facet normal -0.548355 0 0.836246
    outer loop
      vertex -7.6 -2.2 67.4
      vertex -2.7 -2.7 70.6131
      vertex -7.6 2.2 67.4
    endloop
  endfacet
  facet normal -0.998027 -0.0627792 0
    outer loop
      vertex 8.29723 0 0.799999
      vertex 8.27279 0.388533 3
      vertex 8.27279 0.388533 0.799999
    endloop
  endfacet
  facet normal -0.998027 -0.0627792 0
    outer loop
      vertex 8.27279 0.388533 3
      vertex 8.29723 0 0.799999
      vertex 8.29723 0 3
    endloop
  endfacet
  facet normal 0 -1 0
    outer loop
      vertex 5.00258 3.09388 0.799999
      vertex 5.39188 3.09388 3
      vertex 5.00258 3.09388 3
    endloop
  endfacet
  facet normal 0 -1 -0
    outer loop
      vertex 5.39188 3.09388 3
      vertex 5.00258 3.09388 0.799999
      vertex 5.39188 3.09388 0.799999
    endloop
  endfacet
  facet normal -0.684538 -0.728977 0
    outer loop
      vertex 7.17325 2.38859 0.799999
      vertex 7.45704 2.1221 3
      vertex 7.17325 2.38859 3
    endloop
  endfacet
  facet normal -0.684538 -0.728977 -0
    outer loop
      vertex 7.45704 2.1221 3
      vertex 7.17325 2.38859 0.799999
      vertex 7.45704 2.1221 0.799999
    endloop
  endfacet
  facet normal 0.770522 -0.637414 0
    outer loop
      vertex 2.68928 1.82213 3
      vertex 2.93743 2.1221 0.799999
      vertex 2.93743 2.1221 3
    endloop
  endfacet
  facet normal 0.770522 -0.637414 0
    outer loop
      vertex 2.93743 2.1221 0.799999
      vertex 2.68928 1.82213 3
      vertex 2.68928 1.82213 0.799999
    endloop
  endfacet
  facet normal 0.481736 -0.876316 0
    outer loop
      vertex 3.53617 2.61742 0.799999
      vertex 3.87732 2.80496 3
      vertex 3.53617 2.61742 3
    endloop
  endfacet
  facet normal 0.481736 -0.876316 0
    outer loop
      vertex 3.87732 2.80496 3
      vertex 3.53617 2.61742 0.799999
      vertex 3.87732 2.80496 0.799999
    endloop
  endfacet
  facet normal 0.770522 0.637414 0
    outer loop
      vertex 2.93743 -2.1221 3
      vertex 2.68928 -1.82213 0.799999
      vertex 2.68928 -1.82213 3
    endloop
  endfacet
  facet normal 0.770522 0.637414 0
    outer loop
      vertex 2.68928 -1.82213 0.799999
      vertex 2.93743 -2.1221 3
      vertex 2.93743 -2.1221 0.799999
    endloop
  endfacet
  facet normal -0.951058 -0.309012 0
    outer loop
      vertex 8.19984 0.770938 0.799999
      vertex 8.07954 1.14119 3
      vertex 8.07954 1.14119 0.799999
    endloop
  endfacet
  facet normal -0.951058 -0.309012 0
    outer loop
      vertex 8.07954 1.14119 3
      vertex 8.19984 0.770938 0.799999
      vertex 8.19984 0.770938 3
    endloop
  endfacet
  facet normal -0.982286 -0.187387 0
    outer loop
      vertex 8.27279 0.388533 0.799999
      vertex 8.19984 0.770938 3
      vertex 8.19984 0.770938 0.799999
    endloop
  endfacet
  facet normal -0.982286 -0.187387 0
    outer loop
      vertex 8.19984 0.770938 3
      vertex 8.27279 0.388533 0.799999
      vertex 8.27279 0.388533 3
    endloop
  endfacet
  facet normal -0.844331 -0.535821 0
    outer loop
      vertex 7.91378 1.49344 0.799999
      vertex 7.70519 1.82213 3
      vertex 7.70519 1.82213 0.799999
    endloop
  endfacet
  facet normal -0.844331 -0.535821 0
    outer loop
      vertex 7.70519 1.82213 3
      vertex 7.91378 1.49344 0.799999
      vertex 7.91378 1.49344 3
    endloop
  endfacet
  facet normal -0.368124 -0.929777 0
    outer loop
      vertex 6.15519 2.94827 0.799999
      vertex 6.51715 2.80496 3
      vertex 6.15519 2.94827 3
    endloop
  endfacet
  facet normal -0.368124 -0.929777 -0
    outer loop
      vertex 6.51715 2.80496 3
      vertex 6.15519 2.94827 0.799999
      vertex 6.51715 2.80496 0.799999
    endloop
  endfacet
  facet normal -0.125324 -0.992116 0
    outer loop
      vertex 5.39188 3.09388 0.799999
      vertex 5.77812 3.04509 3
      vertex 5.39188 3.09388 3
    endloop
  endfacet
  facet normal -0.125324 -0.992116 -0
    outer loop
      vertex 5.77812 3.04509 3
      vertex 5.39188 3.09388 0.799999
      vertex 5.77812 3.04509 0.799999
    endloop
  endfacet
  facet normal -0.587794 -0.80901 0
    outer loop
      vertex 6.8583 2.61742 0.799999
      vertex 7.17325 2.38859 3
      vertex 6.8583 2.61742 3
    endloop
  endfacet
  facet normal -0.587794 -0.80901 -0
    outer loop
      vertex 7.17325 2.38859 3
      vertex 6.8583 2.61742 0.799999
      vertex 7.17325 2.38859 0.799999
    endloop
  endfacet
  facet normal 0.951058 -0.309012 0
    outer loop
      vertex 2.19463 0.770938 3
      vertex 2.31493 1.14119 0.799999
      vertex 2.31493 1.14119 3
    endloop
  endfacet
  facet normal 0.951058 -0.309012 0
    outer loop
      vertex 2.31493 1.14119 0.799999
      vertex 2.19463 0.770938 3
      vertex 2.19463 0.770938 0.799999
    endloop
  endfacet
  facet normal 0.904833 -0.425766 0
    outer loop
      vertex 2.31493 1.14119 3
      vertex 2.48068 1.49344 0.799999
      vertex 2.48068 1.49344 3
    endloop
  endfacet
  facet normal 0.904833 -0.425766 0
    outer loop
      vertex 2.48068 1.49344 0.799999
      vertex 2.31493 1.14119 3
      vertex 2.31493 1.14119 0.799999
    endloop
  endfacet
  facet normal 0.982286 -0.187387 0
    outer loop
      vertex 2.12168 0.388533 3
      vertex 2.19463 0.770938 0.799999
      vertex 2.19463 0.770938 3
    endloop
  endfacet
  facet normal 0.982286 -0.187387 0
    outer loop
      vertex 2.19463 0.770938 0.799999
      vertex 2.12168 0.388533 3
      vertex 2.12168 0.388533 0.799999
    endloop
  endfacet
  facet normal 0.998026 0.0628048 0
    outer loop
      vertex 2.12168 -0.388533 3
      vertex 2.09723 0 0.799999
      vertex 2.09723 0 3
    endloop
  endfacet
  facet normal 0.998026 0.0628048 0
    outer loop
      vertex 2.09723 0 0.799999
      vertex 2.12168 -0.388533 3
      vertex 2.12168 -0.388533 0.799999
    endloop
  endfacet
  facet normal 0.587794 -0.80901 0
    outer loop
      vertex 3.22122 2.38859 0.799999
      vertex 3.53617 2.61742 3
      vertex 3.22122 2.38859 3
    endloop
  endfacet
  facet normal 0.587794 -0.80901 0
    outer loop
      vertex 3.53617 2.61742 3
      vertex 3.22122 2.38859 0.799999
      vertex 3.53617 2.61742 0.799999
    endloop
  endfacet
  facet normal -0.368124 0.929777 0
    outer loop
      vertex 6.51715 -2.80496 0.799999
      vertex 6.15519 -2.94827 3
      vertex 6.51715 -2.80496 3
    endloop
  endfacet
  facet normal -0.368124 0.929777 0
    outer loop
      vertex 6.15519 -2.94827 3
      vertex 6.51715 -2.80496 0.799999
      vertex 6.15519 -2.94827 0.799999
    endloop
  endfacet
  facet normal -0.770522 0.637414 0
    outer loop
      vertex 7.45704 -2.1221 0.799999
      vertex 7.70519 -1.82213 3
      vertex 7.70519 -1.82213 0.799999
    endloop
  endfacet
  facet normal -0.770522 0.637414 0
    outer loop
      vertex 7.70519 -1.82213 3
      vertex 7.45704 -2.1221 0.799999
      vertex 7.45704 -2.1221 3
    endloop
  endfacet
  facet normal -0.587794 0.80901 0
    outer loop
      vertex 7.17325 -2.38859 0.799999
      vertex 6.8583 -2.61742 3
      vertex 7.17325 -2.38859 3
    endloop
  endfacet
  facet normal -0.587794 0.80901 0
    outer loop
      vertex 6.8583 -2.61742 3
      vertex 7.17325 -2.38859 0.799999
      vertex 6.8583 -2.61742 0.799999
    endloop
  endfacet
  facet normal -0.998027 0.0627792 0
    outer loop
      vertex 8.27279 -0.388533 0.799999
      vertex 8.29723 0 3
      vertex 8.29723 0 0.799999
    endloop
  endfacet
  facet normal -0.998027 0.0627792 0
    outer loop
      vertex 8.29723 0 3
      vertex 8.27279 -0.388533 0.799999
      vertex 8.27279 -0.388533 3
    endloop
  endfacet
  facet normal 0.587794 0.80901 -0
    outer loop
      vertex 3.53617 -2.61742 0.799999
      vertex 3.22122 -2.38859 3
      vertex 3.53617 -2.61742 3
    endloop
  endfacet
  facet normal 0.587794 0.80901 0
    outer loop
      vertex 3.22122 -2.38859 3
      vertex 3.53617 -2.61742 0.799999
      vertex 3.22122 -2.38859 0.799999
    endloop
  endfacet
  facet normal 0.248702 0.96858 -0
    outer loop
      vertex 4.61635 -3.04509 0.799999
      vertex 4.23928 -2.94827 3
      vertex 4.61635 -3.04509 3
    endloop
  endfacet
  facet normal 0.248702 0.96858 0
    outer loop
      vertex 4.23928 -2.94827 3
      vertex 4.61635 -3.04509 0.799999
      vertex 4.23928 -2.94827 0.799999
    endloop
  endfacet
  facet normal 0.84432 0.53584 0
    outer loop
      vertex 2.68928 -1.82213 3
      vertex 2.48068 -1.49344 0.799999
      vertex 2.48068 -1.49344 3
    endloop
  endfacet
  facet normal 0.84432 0.53584 0
    outer loop
      vertex 2.48068 -1.49344 0.799999
      vertex 2.68928 -1.82213 3
      vertex 2.68928 -1.82213 0.799999
    endloop
  endfacet
  facet normal 0.904833 0.425766 0
    outer loop
      vertex 2.48068 -1.49344 3
      vertex 2.31493 -1.14119 0.799999
      vertex 2.31493 -1.14119 3
    endloop
  endfacet
  facet normal 0.904833 0.425766 0
    outer loop
      vertex 2.31493 -1.14119 0.799999
      vertex 2.48068 -1.49344 3
      vertex 2.48068 -1.49344 0.799999
    endloop
  endfacet
  facet normal -0.904823 -0.425787 0
    outer loop
      vertex 8.07954 1.14119 0.799999
      vertex 7.91378 1.49344 3
      vertex 7.91378 1.49344 0.799999
    endloop
  endfacet
  facet normal -0.904823 -0.425787 0
    outer loop
      vertex 7.91378 1.49344 3
      vertex 8.07954 1.14119 0.799999
      vertex 8.07954 1.14119 3
    endloop
  endfacet
  facet normal -0.248702 -0.96858 0
    outer loop
      vertex 5.77812 3.04509 0.799999
      vertex 6.15519 2.94827 3
      vertex 5.77812 3.04509 3
    endloop
  endfacet
  facet normal -0.248702 -0.96858 -0
    outer loop
      vertex 6.15519 2.94827 3
      vertex 5.77812 3.04509 0.799999
      vertex 6.15519 2.94827 0.799999
    endloop
  endfacet
  facet normal -0.481736 -0.876316 0
    outer loop
      vertex 6.51715 2.80496 0.799999
      vertex 6.8583 2.61742 3
      vertex 6.51715 2.80496 3
    endloop
  endfacet
  facet normal -0.481736 -0.876316 -0
    outer loop
      vertex 6.8583 2.61742 3
      vertex 6.51715 2.80496 0.799999
      vertex 6.8583 2.61742 0.799999
    endloop
  endfacet
  facet normal 0 0 1
    outer loop
      vertex 8.27279 0.388533 0.799999
      vertex 8.27279 -0.388533 0.799999
      vertex 8.29723 0 0.799999
    endloop
  endfacet
  facet normal 0 0 1
    outer loop
      vertex 8.19984 0.770938 0.799999
      vertex 8.27279 -0.388533 0.799999
      vertex 8.27279 0.388533 0.799999
    endloop
  endfacet
  facet normal 0 0 1
    outer loop
      vertex 8.19984 0.770938 0.799999
      vertex 8.19984 -0.770938 0.799999
      vertex 8.27279 -0.388533 0.799999
    endloop
  endfacet
  facet normal 0 0 1
    outer loop
      vertex 8.07954 1.14119 0.799999
      vertex 8.19984 -0.770938 0.799999
      vertex 8.19984 0.770938 0.799999
    endloop
  endfacet
  facet normal 0 0 1
    outer loop
      vertex 8.07954 1.14119 0.799999
      vertex 8.07954 -1.14119 0.799999
      vertex 8.19984 -0.770938 0.799999
    endloop
  endfacet
  facet normal 0 0 1
    outer loop
      vertex 7.91378 1.49344 0.799999
      vertex 8.07954 -1.14119 0.799999
      vertex 8.07954 1.14119 0.799999
    endloop
  endfacet
  facet normal 0 0 1
    outer loop
      vertex 7.91378 1.49344 0.799999
      vertex 7.91378 -1.49344 0.799999
      vertex 8.07954 -1.14119 0.799999
    endloop
  endfacet
  facet normal 0 0 1
    outer loop
      vertex 7.70519 1.82213 0.799999
      vertex 7.91378 -1.49344 0.799999
      vertex 7.91378 1.49344 0.799999
    endloop
  endfacet
  facet normal 0 0 1
    outer loop
      vertex 7.70519 1.82213 0.799999
      vertex 7.70519 -1.82213 0.799999
      vertex 7.91378 -1.49344 0.799999
    endloop
  endfacet
  facet normal 0 0 1
    outer loop
      vertex 7.45704 2.1221 0.799999
      vertex 7.70519 -1.82213 0.799999
      vertex 7.70519 1.82213 0.799999
    endloop
  endfacet
  facet normal 0 0 1
    outer loop
      vertex 7.45704 2.1221 0.799999
      vertex 7.45704 -2.1221 0.799999
      vertex 7.70519 -1.82213 0.799999
    endloop
  endfacet
  facet normal 0 0 1
    outer loop
      vertex 7.17325 2.38859 0.799999
      vertex 7.45704 -2.1221 0.799999
      vertex 7.45704 2.1221 0.799999
    endloop
  endfacet
  facet normal 0 0 1
    outer loop
      vertex 7.17325 2.38859 0.799999
      vertex 7.17325 -2.38859 0.799999
      vertex 7.45704 -2.1221 0.799999
    endloop
  endfacet
  facet normal 0 0 1
    outer loop
      vertex 6.8583 2.61742 0.799999
      vertex 7.17325 -2.38859 0.799999
      vertex 7.17325 2.38859 0.799999
    endloop
  endfacet
  facet normal 0 0 1
    outer loop
      vertex 6.8583 2.61742 0.799999
      vertex 6.8583 -2.61742 0.799999
      vertex 7.17325 -2.38859 0.799999
    endloop
  endfacet
  facet normal 0 0 1
    outer loop
      vertex 6.51715 2.80496 0.799999
      vertex 6.8583 -2.61742 0.799999
      vertex 6.8583 2.61742 0.799999
    endloop
  endfacet
  facet normal 0 0 1
    outer loop
      vertex 6.51715 2.80496 0.799999
      vertex 6.51715 -2.80496 0.799999
      vertex 6.8583 -2.61742 0.799999
    endloop
  endfacet
  facet normal 0 0 1
    outer loop
      vertex 6.15519 2.94827 0.799999
      vertex 6.51715 -2.80496 0.799999
      vertex 6.51715 2.80496 0.799999
    endloop
  endfacet
  facet normal 0 0 1
    outer loop
      vertex 6.15519 2.94827 0.799999
      vertex 6.15519 -2.94827 0.799999
      vertex 6.51715 -2.80496 0.799999
    endloop
  endfacet
  facet normal 0 0 1
    outer loop
      vertex 5.77812 3.04509 0.799999
      vertex 6.15519 -2.94827 0.799999
      vertex 6.15519 2.94827 0.799999
    endloop
  endfacet
  facet normal 0 0 1
    outer loop
      vertex 5.77812 3.04509 0.799999
      vertex 5.77812 -3.04509 0.799999
      vertex 6.15519 -2.94827 0.799999
    endloop
  endfacet
  facet normal 0 0 1
    outer loop
      vertex 5.39188 3.09388 0.799999
      vertex 5.77812 -3.04509 0.799999
      vertex 5.77812 3.04509 0.799999
    endloop
  endfacet
  facet normal 0 0 1
    outer loop
      vertex 5.39188 3.09388 0.799999
      vertex 5.39188 -3.09388 0.799999
      vertex 5.77812 -3.04509 0.799999
    endloop
  endfacet
  facet normal -0 0 1
    outer loop
      vertex 5.00258 3.09388 0.799999
      vertex 5.39188 -3.09388 0.799999
      vertex 5.39188 3.09388 0.799999
    endloop
  endfacet
  facet normal 0 0 1
    outer loop
      vertex 5.00258 3.09388 0.799999
      vertex 5.00258 -3.09388 0.799999
      vertex 5.39188 -3.09388 0.799999
    endloop
  endfacet
  facet normal -0 0 1
    outer loop
      vertex 4.61635 3.04509 0.799999
      vertex 5.00258 -3.09388 0.799999
      vertex 5.00258 3.09388 0.799999
    endloop
  endfacet
  facet normal 0 0 1
    outer loop
      vertex 4.61635 3.04509 0.799999
      vertex 4.61635 -3.04509 0.799999
      vertex 5.00258 -3.09388 0.799999
    endloop
  endfacet
  facet normal -0 0 1
    outer loop
      vertex 4.23928 2.94827 0.799999
      vertex 4.61635 -3.04509 0.799999
      vertex 4.61635 3.04509 0.799999
    endloop
  endfacet
  facet normal 0 0 1
    outer loop
      vertex 4.23928 2.94827 0.799999
      vertex 4.23928 -2.94827 0.799999
      vertex 4.61635 -3.04509 0.799999
    endloop
  endfacet
  facet normal -0 0 1
    outer loop
      vertex 3.87732 2.80496 0.799999
      vertex 4.23928 -2.94827 0.799999
      vertex 4.23928 2.94827 0.799999
    endloop
  endfacet
  facet normal 0 0 1
    outer loop
      vertex 3.87732 2.80496 0.799999
      vertex 3.87732 -2.80496 0.799999
      vertex 4.23928 -2.94827 0.799999
    endloop
  endfacet
  facet normal -0 0 1
    outer loop
      vertex 3.53617 2.61742 0.799999
      vertex 3.87732 -2.80496 0.799999
      vertex 3.87732 2.80496 0.799999
    endloop
  endfacet
  facet normal 0 0 1
    outer loop
      vertex 3.53617 2.61742 0.799999
      vertex 3.53617 -2.61742 0.799999
      vertex 3.87732 -2.80496 0.799999
    endloop
  endfacet
  facet normal -0 0 1
    outer loop
      vertex 3.22122 2.38859 0.799999
      vertex 3.53617 -2.61742 0.799999
      vertex 3.53617 2.61742 0.799999
    endloop
  endfacet
  facet normal 0 0 1
    outer loop
      vertex 3.22122 2.38859 0.799999
      vertex 3.22122 -2.38859 0.799999
      vertex 3.53617 -2.61742 0.799999
    endloop
  endfacet
  facet normal -0 0 1
    outer loop
      vertex 2.93743 2.1221 0.799999
      vertex 3.22122 -2.38859 0.799999
      vertex 3.22122 2.38859 0.799999
    endloop
  endfacet
  facet normal 0 0 1
    outer loop
      vertex 2.93743 2.1221 0.799999
      vertex 2.93743 -2.1221 0.799999
      vertex 3.22122 -2.38859 0.799999
    endloop
  endfacet
  facet normal -0 0 1
    outer loop
      vertex 2.68928 1.82213 0.799999
      vertex 2.93743 -2.1221 0.799999
      vertex 2.93743 2.1221 0.799999
    endloop
  endfacet
  facet normal 0 0 1
    outer loop
      vertex 2.68928 1.82213 0.799999
      vertex 2.68928 -1.82213 0.799999
      vertex 2.93743 -2.1221 0.799999
    endloop
  endfacet
  facet normal -0 0 1
    outer loop
      vertex 2.48068 1.49344 0.799999
      vertex 2.68928 -1.82213 0.799999
      vertex 2.68928 1.82213 0.799999
    endloop
  endfacet
  facet normal 0 0 1
    outer loop
      vertex 2.48068 1.49344 0.799999
      vertex 2.48068 -1.49344 0.799999
      vertex 2.68928 -1.82213 0.799999
    endloop
  endfacet
  facet normal -0 0 1
    outer loop
      vertex 2.31493 1.14119 0.799999
      vertex 2.48068 -1.49344 0.799999
      vertex 2.48068 1.49344 0.799999
    endloop
  endfacet
  facet normal 0 0 1
    outer loop
      vertex 2.31493 1.14119 0.799999
      vertex 2.31493 -1.14119 0.799999
      vertex 2.48068 -1.49344 0.799999
    endloop
  endfacet
  facet normal -0 0 1
    outer loop
      vertex 2.19463 0.770938 0.799999
      vertex 2.31493 -1.14119 0.799999
      vertex 2.31493 1.14119 0.799999
    endloop
  endfacet
  facet normal 0 0 1
    outer loop
      vertex 2.19463 0.770938 0.799999
      vertex 2.19463 -0.770938 0.799999
      vertex 2.31493 -1.14119 0.799999
    endloop
  endfacet
  facet normal -0 0 1
    outer loop
      vertex 2.12168 0.388533 0.799999
      vertex 2.19463 -0.770938 0.799999
      vertex 2.19463 0.770938 0.799999
    endloop
  endfacet
  facet normal 0 0 1
    outer loop
      vertex 2.12168 0.388533 0.799999
      vertex 2.12168 -0.388533 0.799999
      vertex 2.19463 -0.770938 0.799999
    endloop
  endfacet
  facet normal 0 -0 1
    outer loop
      vertex 2.12168 -0.388533 0.799999
      vertex 2.12168 0.388533 0.799999
      vertex 2.09723 0 0.799999
    endloop
  endfacet
  facet normal 0.84432 -0.53584 0
    outer loop
      vertex 2.48068 1.49344 3
      vertex 2.68928 1.82213 0.799999
      vertex 2.68928 1.82213 3
    endloop
  endfacet
  facet normal 0.84432 -0.53584 0
    outer loop
      vertex 2.68928 1.82213 0.799999
      vertex 2.48068 1.49344 3
      vertex 2.48068 1.49344 0.799999
    endloop
  endfacet
  facet normal 0.125328 -0.992115 0
    outer loop
      vertex 4.61635 3.04509 0.799999
      vertex 5.00258 3.09388 3
      vertex 4.61635 3.04509 3
    endloop
  endfacet
  facet normal 0.125328 -0.992115 0
    outer loop
      vertex 5.00258 3.09388 3
      vertex 4.61635 3.04509 0.799999
      vertex 5.00258 3.09388 0.799999
    endloop
  endfacet
  facet normal 0.248702 -0.96858 0
    outer loop
      vertex 4.23928 2.94827 0.799999
      vertex 4.61635 3.04509 3
      vertex 4.23928 2.94827 3
    endloop
  endfacet
  facet normal 0.248702 -0.96858 0
    outer loop
      vertex 4.61635 3.04509 3
      vertex 4.23928 2.94827 0.799999
      vertex 4.61635 3.04509 0.799999
    endloop
  endfacet
  facet normal -0.125324 0.992116 0
    outer loop
      vertex 5.77812 -3.04509 0.799999
      vertex 5.39188 -3.09388 3
      vertex 5.77812 -3.04509 3
    endloop
  endfacet
  facet normal -0.125324 0.992116 0
    outer loop
      vertex 5.39188 -3.09388 3
      vertex 5.77812 -3.04509 0.799999
      vertex 5.39188 -3.09388 0.799999
    endloop
  endfacet
  facet normal -0.248702 0.96858 0
    outer loop
      vertex 6.15519 -2.94827 0.799999
      vertex 5.77812 -3.04509 3
      vertex 6.15519 -2.94827 3
    endloop
  endfacet
  facet normal -0.248702 0.96858 0
    outer loop
      vertex 5.77812 -3.04509 3
      vertex 6.15519 -2.94827 0.799999
      vertex 5.77812 -3.04509 0.799999
    endloop
  endfacet
  facet normal -0.684538 0.728977 0
    outer loop
      vertex 7.45704 -2.1221 0.799999
      vertex 7.17325 -2.38859 3
      vertex 7.45704 -2.1221 3
    endloop
  endfacet
  facet normal -0.684538 0.728977 0
    outer loop
      vertex 7.17325 -2.38859 3
      vertex 7.45704 -2.1221 0.799999
      vertex 7.17325 -2.38859 0.799999
    endloop
  endfacet
  facet normal -0.844331 0.535821 0
    outer loop
      vertex 7.70519 -1.82213 0.799999
      vertex 7.91378 -1.49344 3
      vertex 7.91378 -1.49344 0.799999
    endloop
  endfacet
  facet normal -0.844331 0.535821 0
    outer loop
      vertex 7.91378 -1.49344 3
      vertex 7.70519 -1.82213 0.799999
      vertex 7.70519 -1.82213 3
    endloop
  endfacet
  facet normal -0.982286 0.187387 0
    outer loop
      vertex 8.19984 -0.770938 0.799999
      vertex 8.27279 -0.388533 3
      vertex 8.27279 -0.388533 0.799999
    endloop
  endfacet
  facet normal -0.982286 0.187387 0
    outer loop
      vertex 8.27279 -0.388533 3
      vertex 8.19984 -0.770938 0.799999
      vertex 8.19984 -0.770938 3
    endloop
  endfacet
  facet normal 0.481736 0.876316 -0
    outer loop
      vertex 3.87732 -2.80496 0.799999
      vertex 3.53617 -2.61742 3
      vertex 3.87732 -2.80496 3
    endloop
  endfacet
  facet normal 0.481736 0.876316 0
    outer loop
      vertex 3.53617 -2.61742 3
      vertex 3.87732 -2.80496 0.799999
      vertex 3.53617 -2.61742 0.799999
    endloop
  endfacet
  facet normal 0 1 -0
    outer loop
      vertex 5.39188 -3.09388 0.799999
      vertex 5.00258 -3.09388 3
      vertex 5.39188 -3.09388 3
    endloop
  endfacet
  facet normal 0 1 0
    outer loop
      vertex 5.00258 -3.09388 3
      vertex 5.39188 -3.09388 0.799999
      vertex 5.00258 -3.09388 0.799999
    endloop
  endfacet
  facet normal 0.684538 0.728977 -0
    outer loop
      vertex 3.22122 -2.38859 0.799999
      vertex 2.93743 -2.1221 3
      vertex 3.22122 -2.38859 3
    endloop
  endfacet
  facet normal 0.684538 0.728977 0
    outer loop
      vertex 2.93743 -2.1221 3
      vertex 3.22122 -2.38859 0.799999
      vertex 2.93743 -2.1221 0.799999
    endloop
  endfacet
  facet normal 0.982286 0.187387 0
    outer loop
      vertex 2.19463 -0.770938 3
      vertex 2.12168 -0.388533 0.799999
      vertex 2.12168 -0.388533 3
    endloop
  endfacet
  facet normal 0.982286 0.187387 0
    outer loop
      vertex 2.12168 -0.388533 0.799999
      vertex 2.19463 -0.770938 3
      vertex 2.19463 -0.770938 0.799999
    endloop
  endfacet
  facet normal -0.770522 -0.637414 0
    outer loop
      vertex 7.70519 1.82213 0.799999
      vertex 7.45704 2.1221 3
      vertex 7.45704 2.1221 0.799999
    endloop
  endfacet
  facet normal -0.770522 -0.637414 0
    outer loop
      vertex 7.45704 2.1221 3
      vertex 7.70519 1.82213 0.799999
      vertex 7.70519 1.82213 3
    endloop
  endfacet
  facet normal 0 0 -1
    outer loop
      vertex 8.27279 -0.388533 3
      vertex 8.27279 0.388533 3
      vertex 8.29723 0 3
    endloop
  endfacet
  facet normal 0 0 -1
    outer loop
      vertex 8.19984 -0.770938 3
      vertex 8.27279 0.388533 3
      vertex 8.27279 -0.388533 3
    endloop
  endfacet
  facet normal 0 0 -1
    outer loop
      vertex 8.19984 -0.770938 3
      vertex 8.19984 0.770938 3
      vertex 8.27279 0.388533 3
    endloop
  endfacet
  facet normal 0 0 -1
    outer loop
      vertex 8.07954 -1.14119 3
      vertex 8.19984 0.770938 3
      vertex 8.19984 -0.770938 3
    endloop
  endfacet
  facet normal 0 0 -1
    outer loop
      vertex 8.07954 -1.14119 3
      vertex 8.07954 1.14119 3
      vertex 8.19984 0.770938 3
    endloop
  endfacet
  facet normal 0 0 -1
    outer loop
      vertex 7.91378 -1.49344 3
      vertex 8.07954 1.14119 3
      vertex 8.07954 -1.14119 3
    endloop
  endfacet
  facet normal 0 0 -1
    outer loop
      vertex 7.91378 -1.49344 3
      vertex 7.91378 1.49344 3
      vertex 8.07954 1.14119 3
    endloop
  endfacet
  facet normal 0 0 -1
    outer loop
      vertex 7.70519 -1.82213 3
      vertex 7.91378 1.49344 3
      vertex 7.91378 -1.49344 3
    endloop
  endfacet
  facet normal 0 0 -1
    outer loop
      vertex 7.70519 -1.82213 3
      vertex 7.70519 1.82213 3
      vertex 7.91378 1.49344 3
    endloop
  endfacet
  facet normal 0 0 -1
    outer loop
      vertex 7.45704 -2.1221 3
      vertex 7.70519 1.82213 3
      vertex 7.70519 -1.82213 3
    endloop
  endfacet
  facet normal 0 0 -1
    outer loop
      vertex 7.45704 -2.1221 3
      vertex 7.45704 2.1221 3
      vertex 7.70519 1.82213 3
    endloop
  endfacet
  facet normal 0 0 -1
    outer loop
      vertex 7.17325 -2.38859 3
      vertex 7.45704 2.1221 3
      vertex 7.45704 -2.1221 3
    endloop
  endfacet
  facet normal 0 0 -1
    outer loop
      vertex 7.17325 -2.38859 3
      vertex 7.17325 2.38859 3
      vertex 7.45704 2.1221 3
    endloop
  endfacet
  facet normal 0 0 -1
    outer loop
      vertex 6.8583 -2.61742 3
      vertex 7.17325 2.38859 3
      vertex 7.17325 -2.38859 3
    endloop
  endfacet
  facet normal 0 0 -1
    outer loop
      vertex 6.8583 -2.61742 3
      vertex 6.8583 2.61742 3
      vertex 7.17325 2.38859 3
    endloop
  endfacet
  facet normal 0 0 -1
    outer loop
      vertex 6.51715 -2.80496 3
      vertex 6.8583 2.61742 3
      vertex 6.8583 -2.61742 3
    endloop
  endfacet
  facet normal 0 0 -1
    outer loop
      vertex 6.51715 -2.80496 3
      vertex 6.51715 2.80496 3
      vertex 6.8583 2.61742 3
    endloop
  endfacet
  facet normal 0 0 -1
    outer loop
      vertex 6.15519 -2.94827 3
      vertex 6.51715 2.80496 3
      vertex 6.51715 -2.80496 3
    endloop
  endfacet
  facet normal 0 0 -1
    outer loop
      vertex 6.15519 -2.94827 3
      vertex 6.15519 2.94827 3
      vertex 6.51715 2.80496 3
    endloop
  endfacet
  facet normal 0 0 -1
    outer loop
      vertex 5.77812 -3.04509 3
      vertex 6.15519 2.94827 3
      vertex 6.15519 -2.94827 3
    endloop
  endfacet
  facet normal 0 0 -1
    outer loop
      vertex 5.77812 -3.04509 3
      vertex 5.77812 3.04509 3
      vertex 6.15519 2.94827 3
    endloop
  endfacet
  facet normal 0 0 -1
    outer loop
      vertex 5.39188 -3.09388 3
      vertex 5.77812 3.04509 3
      vertex 5.77812 -3.04509 3
    endloop
  endfacet
  facet normal 0 0 -1
    outer loop
      vertex 5.39188 -3.09388 3
      vertex 5.39188 3.09388 3
      vertex 5.77812 3.04509 3
    endloop
  endfacet
  facet normal 0 0 -1
    outer loop
      vertex 5.00258 -3.09388 3
      vertex 5.39188 3.09388 3
      vertex 5.39188 -3.09388 3
    endloop
  endfacet
  facet normal 0 0 -1
    outer loop
      vertex 5.00258 -3.09388 3
      vertex 5.00258 3.09388 3
      vertex 5.39188 3.09388 3
    endloop
  endfacet
  facet normal 0 0 -1
    outer loop
      vertex 4.61635 -3.04509 3
      vertex 5.00258 3.09388 3
      vertex 5.00258 -3.09388 3
    endloop
  endfacet
  facet normal 0 0 -1
    outer loop
      vertex 4.61635 -3.04509 3
      vertex 4.61635 3.04509 3
      vertex 5.00258 3.09388 3
    endloop
  endfacet
  facet normal 0 0 -1
    outer loop
      vertex 4.23928 -2.94827 3
      vertex 4.61635 3.04509 3
      vertex 4.61635 -3.04509 3
    endloop
  endfacet
  facet normal 0 0 -1
    outer loop
      vertex 4.23928 -2.94827 3
      vertex 4.23928 2.94827 3
      vertex 4.61635 3.04509 3
    endloop
  endfacet
  facet normal 0 0 -1
    outer loop
      vertex 3.87732 -2.80496 3
      vertex 4.23928 2.94827 3
      vertex 4.23928 -2.94827 3
    endloop
  endfacet
  facet normal 0 0 -1
    outer loop
      vertex 3.87732 -2.80496 3
      vertex 3.87732 2.80496 3
      vertex 4.23928 2.94827 3
    endloop
  endfacet
  facet normal 0 0 -1
    outer loop
      vertex 3.53617 -2.61742 3
      vertex 3.87732 2.80496 3
      vertex 3.87732 -2.80496 3
    endloop
  endfacet
  facet normal 0 0 -1
    outer loop
      vertex 3.53617 -2.61742 3
      vertex 3.53617 2.61742 3
      vertex 3.87732 2.80496 3
    endloop
  endfacet
  facet normal 0 0 -1
    outer loop
      vertex 3.22122 -2.38859 3
      vertex 3.53617 2.61742 3
      vertex 3.53617 -2.61742 3
    endloop
  endfacet
  facet normal 0 0 -1
    outer loop
      vertex 3.22122 -2.38859 3
      vertex 3.22122 2.38859 3
      vertex 3.53617 2.61742 3
    endloop
  endfacet
  facet normal 0 0 -1
    outer loop
      vertex 2.93743 -2.1221 3
      vertex 3.22122 2.38859 3
      vertex 3.22122 -2.38859 3
    endloop
  endfacet
  facet normal 0 0 -1
    outer loop
      vertex 2.93743 -2.1221 3
      vertex 2.93743 2.1221 3
      vertex 3.22122 2.38859 3
    endloop
  endfacet
  facet normal 0 0 -1
    outer loop
      vertex 2.68928 -1.82213 3
      vertex 2.93743 2.1221 3
      vertex 2.93743 -2.1221 3
    endloop
  endfacet
  facet normal 0 0 -1
    outer loop
      vertex 2.68928 -1.82213 3
      vertex 2.68928 1.82213 3
      vertex 2.93743 2.1221 3
    endloop
  endfacet
  facet normal 0 0 -1
    outer loop
      vertex 2.48068 -1.49344 3
      vertex 2.68928 1.82213 3
      vertex 2.68928 -1.82213 3
    endloop
  endfacet
  facet normal 0 0 -1
    outer loop
      vertex 2.48068 -1.49344 3
      vertex 2.48068 1.49344 3
      vertex 2.68928 1.82213 3
    endloop
  endfacet
  facet normal 0 0 -1
    outer loop
      vertex 2.31493 -1.14119 3
      vertex 2.48068 1.49344 3
      vertex 2.48068 -1.49344 3
    endloop
  endfacet
  facet normal 0 0 -1
    outer loop
      vertex 2.31493 -1.14119 3
      vertex 2.31493 1.14119 3
      vertex 2.48068 1.49344 3
    endloop
  endfacet
  facet normal 0 0 -1
    outer loop
      vertex 2.19463 -0.770938 3
      vertex 2.31493 1.14119 3
      vertex 2.31493 -1.14119 3
    endloop
  endfacet
  facet normal 0 0 -1
    outer loop
      vertex 2.19463 -0.770938 3
      vertex 2.19463 0.770938 3
      vertex 2.31493 1.14119 3
    endloop
  endfacet
  facet normal 0 0 -1
    outer loop
      vertex 2.12168 -0.388533 3
      vertex 2.19463 0.770938 3
      vertex 2.19463 -0.770938 3
    endloop
  endfacet
  facet normal 0 0 -1
    outer loop
      vertex 2.12168 -0.388533 3
      vertex 2.12168 0.388533 3
      vertex 2.19463 0.770938 3
    endloop
  endfacet
  facet normal 0 -0 -1
    outer loop
      vertex 2.12168 0.388533 3
      vertex 2.12168 -0.388533 3
      vertex 2.09723 0 3
    endloop
  endfacet
  facet normal 0.998026 -0.0628048 0
    outer loop
      vertex 2.09723 0 3
      vertex 2.12168 0.388533 0.799999
      vertex 2.12168 0.388533 3
    endloop
  endfacet
  facet normal 0.998026 -0.0628048 0
    outer loop
      vertex 2.12168 0.388533 0.799999
      vertex 2.09723 0 3
      vertex 2.09723 0 0.799999
    endloop
  endfacet
  facet normal 0.684538 -0.728977 0
    outer loop
      vertex 2.93743 2.1221 0.799999
      vertex 3.22122 2.38859 3
      vertex 2.93743 2.1221 3
    endloop
  endfacet
  facet normal 0.684538 -0.728977 0
    outer loop
      vertex 3.22122 2.38859 3
      vertex 2.93743 2.1221 0.799999
      vertex 3.22122 2.38859 0.799999
    endloop
  endfacet
  facet normal 0.368124 -0.929777 0
    outer loop
      vertex 3.87732 2.80496 0.799999
      vertex 4.23928 2.94827 3
      vertex 3.87732 2.80496 3
    endloop
  endfacet
  facet normal 0.368124 -0.929777 0
    outer loop
      vertex 4.23928 2.94827 3
      vertex 3.87732 2.80496 0.799999
      vertex 4.23928 2.94827 0.799999
    endloop
  endfacet
  facet normal -0.481736 0.876316 0
    outer loop
      vertex 6.8583 -2.61742 0.799999
      vertex 6.51715 -2.80496 3
      vertex 6.8583 -2.61742 3
    endloop
  endfacet
  facet normal -0.481736 0.876316 0
    outer loop
      vertex 6.51715 -2.80496 3
      vertex 6.8583 -2.61742 0.799999
      vertex 6.51715 -2.80496 0.799999
    endloop
  endfacet
  facet normal -0.904823 0.425787 0
    outer loop
      vertex 7.91378 -1.49344 0.799999
      vertex 8.07954 -1.14119 3
      vertex 8.07954 -1.14119 0.799999
    endloop
  endfacet
  facet normal -0.904823 0.425787 0
    outer loop
      vertex 8.07954 -1.14119 3
      vertex 7.91378 -1.49344 0.799999
      vertex 7.91378 -1.49344 3
    endloop
  endfacet
  facet normal 0.368124 0.929777 -0
    outer loop
      vertex 4.23928 -2.94827 0.799999
      vertex 3.87732 -2.80496 3
      vertex 4.23928 -2.94827 3
    endloop
  endfacet
  facet normal 0.368124 0.929777 0
    outer loop
      vertex 3.87732 -2.80496 3
      vertex 4.23928 -2.94827 0.799999
      vertex 3.87732 -2.80496 0.799999
    endloop
  endfacet
  facet normal 0.125328 0.992115 -0
    outer loop
      vertex 5.00258 -3.09388 0.799999
      vertex 4.61635 -3.04509 3
      vertex 5.00258 -3.09388 3
    endloop
  endfacet
  facet normal 0.125328 0.992115 0
    outer loop
      vertex 4.61635 -3.04509 3
      vertex 5.00258 -3.09388 0.799999
      vertex 4.61635 -3.04509 0.799999
    endloop
  endfacet
  facet normal 0.951058 0.309012 0
    outer loop
      vertex 2.31493 -1.14119 3
      vertex 2.19463 -0.770938 0.799999
      vertex 2.19463 -0.770938 3
    endloop
  endfacet
  facet normal 0.951058 0.309012 0
    outer loop
      vertex 2.19463 -0.770938 0.799999
      vertex 2.31493 -1.14119 3
      vertex 2.31493 -1.14119 0.799999
    endloop
  endfacet
  facet normal -0.951058 0.309012 0
    outer loop
      vertex 8.07954 -1.14119 0.799999
      vertex 8.19984 -0.770938 3
      vertex 8.19984 -0.770938 0.799999
    endloop
  endfacet
  facet normal -0.951058 0.309012 0
    outer loop
      vertex 8.19984 -0.770938 3
      vertex 8.07954 -1.14119 0.799999
      vertex 8.07954 -1.14119 3
    endloop
  endfacet
  facet normal -0.998026 -0.0628048 0
    outer loop
      vertex -2.09723 0 0.799999
      vertex -2.12168 0.388533 3
      vertex -2.12168 0.388533 0.799999
    endloop
  endfacet
  facet normal -0.998026 -0.0628048 0
    outer loop
      vertex -2.12168 0.388533 3
      vertex -2.09723 0 0.799999
      vertex -2.09723 0 3
    endloop
  endfacet
  facet normal 0.998027 -0.0627792 0
    outer loop
      vertex -8.29723 0 3
      vertex -8.27279 0.388533 0.799999
      vertex -8.27279 0.388533 3
    endloop
  endfacet
  facet normal 0.998027 -0.0627792 0
    outer loop
      vertex -8.27279 0.388533 0.799999
      vertex -8.29723 0 3
      vertex -8.29723 0 0.799999
    endloop
  endfacet
  facet normal 0 -1 0
    outer loop
      vertex -5.39188 3.09388 0.799999
      vertex -5.00258 3.09388 3
      vertex -5.39188 3.09388 3
    endloop
  endfacet
  facet normal 0 -1 -0
    outer loop
      vertex -5.00258 3.09388 3
      vertex -5.39188 3.09388 0.799999
      vertex -5.00258 3.09388 0.799999
    endloop
  endfacet
  facet normal 0 1 -0
    outer loop
      vertex -5.00258 -3.09388 0.799999
      vertex -5.39188 -3.09388 3
      vertex -5.00258 -3.09388 3
    endloop
  endfacet
  facet normal 0 1 0
    outer loop
      vertex -5.39188 -3.09388 3
      vertex -5.00258 -3.09388 0.799999
      vertex -5.39188 -3.09388 0.799999
    endloop
  endfacet
  facet normal -0.770522 0.637414 0
    outer loop
      vertex -2.93743 -2.1221 0.799999
      vertex -2.68928 -1.82213 3
      vertex -2.68928 -1.82213 0.799999
    endloop
  endfacet
  facet normal -0.770522 0.637414 0
    outer loop
      vertex -2.68928 -1.82213 3
      vertex -2.93743 -2.1221 0.799999
      vertex -2.93743 -2.1221 3
    endloop
  endfacet
  facet normal -0.684538 -0.728977 0
    outer loop
      vertex -3.22122 2.38859 0.799999
      vertex -2.93743 2.1221 3
      vertex -3.22122 2.38859 3
    endloop
  endfacet
  facet normal -0.684538 -0.728977 -0
    outer loop
      vertex -2.93743 2.1221 3
      vertex -3.22122 2.38859 0.799999
      vertex -2.93743 2.1221 0.799999
    endloop
  endfacet
  facet normal 0.684538 -0.728977 0
    outer loop
      vertex -7.45704 2.1221 0.799999
      vertex -7.17325 2.38859 3
      vertex -7.45704 2.1221 3
    endloop
  endfacet
  facet normal 0.684538 -0.728977 0
    outer loop
      vertex -7.17325 2.38859 3
      vertex -7.45704 2.1221 0.799999
      vertex -7.17325 2.38859 0.799999
    endloop
  endfacet
  facet normal 0.368124 -0.929777 0
    outer loop
      vertex -6.51715 2.80496 0.799999
      vertex -6.15519 2.94827 3
      vertex -6.51715 2.80496 3
    endloop
  endfacet
  facet normal 0.368124 -0.929777 0
    outer loop
      vertex -6.15519 2.94827 3
      vertex -6.51715 2.80496 0.799999
      vertex -6.15519 2.94827 0.799999
    endloop
  endfacet
  facet normal -0.904833 -0.425766 0
    outer loop
      vertex -2.31493 1.14119 0.799999
      vertex -2.48068 1.49344 3
      vertex -2.48068 1.49344 0.799999
    endloop
  endfacet
  facet normal -0.904833 -0.425766 0
    outer loop
      vertex -2.48068 1.49344 3
      vertex -2.31493 1.14119 0.799999
      vertex -2.31493 1.14119 3
    endloop
  endfacet
  facet normal -0.84432 -0.53584 0
    outer loop
      vertex -2.48068 1.49344 0.799999
      vertex -2.68928 1.82213 3
      vertex -2.68928 1.82213 0.799999
    endloop
  endfacet
  facet normal -0.84432 -0.53584 0
    outer loop
      vertex -2.68928 1.82213 3
      vertex -2.48068 1.49344 0.799999
      vertex -2.48068 1.49344 3
    endloop
  endfacet
  facet normal -0.368124 -0.929777 0
    outer loop
      vertex -4.23928 2.94827 0.799999
      vertex -3.87732 2.80496 3
      vertex -4.23928 2.94827 3
    endloop
  endfacet
  facet normal -0.368124 -0.929777 -0
    outer loop
      vertex -3.87732 2.80496 3
      vertex -4.23928 2.94827 0.799999
      vertex -3.87732 2.80496 0.799999
    endloop
  endfacet
  facet normal -0.587794 -0.80901 0
    outer loop
      vertex -3.53617 2.61742 0.799999
      vertex -3.22122 2.38859 3
      vertex -3.53617 2.61742 3
    endloop
  endfacet
  facet normal -0.587794 -0.80901 -0
    outer loop
      vertex -3.22122 2.38859 3
      vertex -3.53617 2.61742 0.799999
      vertex -3.22122 2.38859 0.799999
    endloop
  endfacet
  facet normal 0.844331 -0.535821 0
    outer loop
      vertex -7.91378 1.49344 3
      vertex -7.70519 1.82213 0.799999
      vertex -7.70519 1.82213 3
    endloop
  endfacet
  facet normal 0.844331 -0.535821 0
    outer loop
      vertex -7.70519 1.82213 0.799999
      vertex -7.91378 1.49344 3
      vertex -7.91378 1.49344 0.799999
    endloop
  endfacet
  facet normal 0.770522 -0.637414 0
    outer loop
      vertex -7.70519 1.82213 3
      vertex -7.45704 2.1221 0.799999
      vertex -7.45704 2.1221 3
    endloop
  endfacet
  facet normal 0.770522 -0.637414 0
    outer loop
      vertex -7.45704 2.1221 0.799999
      vertex -7.70519 1.82213 3
      vertex -7.70519 1.82213 0.799999
    endloop
  endfacet
  facet normal 0.951058 -0.309012 0
    outer loop
      vertex -8.19984 0.770938 3
      vertex -8.07954 1.14119 0.799999
      vertex -8.07954 1.14119 3
    endloop
  endfacet
  facet normal 0.951058 -0.309012 0
    outer loop
      vertex -8.07954 1.14119 0.799999
      vertex -8.19984 0.770938 3
      vertex -8.19984 0.770938 0.799999
    endloop
  endfacet
  facet normal 0.481736 -0.876316 0
    outer loop
      vertex -6.8583 2.61742 0.799999
      vertex -6.51715 2.80496 3
      vertex -6.8583 2.61742 3
    endloop
  endfacet
  facet normal 0.481736 -0.876316 0
    outer loop
      vertex -6.51715 2.80496 3
      vertex -6.8583 2.61742 0.799999
      vertex -6.51715 2.80496 0.799999
    endloop
  endfacet
  facet normal 0.248702 -0.96858 0
    outer loop
      vertex -6.15519 2.94827 0.799999
      vertex -5.77812 3.04509 3
      vertex -6.15519 2.94827 3
    endloop
  endfacet
  facet normal 0.248702 -0.96858 0
    outer loop
      vertex -5.77812 3.04509 3
      vertex -6.15519 2.94827 0.799999
      vertex -5.77812 3.04509 0.799999
    endloop
  endfacet
  facet normal -0.368124 0.929777 0
    outer loop
      vertex -3.87732 -2.80496 0.799999
      vertex -4.23928 -2.94827 3
      vertex -3.87732 -2.80496 3
    endloop
  endfacet
  facet normal -0.368124 0.929777 0
    outer loop
      vertex -4.23928 -2.94827 3
      vertex -3.87732 -2.80496 0.799999
      vertex -4.23928 -2.94827 0.799999
    endloop
  endfacet
  facet normal -0.951058 -0.309012 0
    outer loop
      vertex -2.19463 0.770938 0.799999
      vertex -2.31493 1.14119 3
      vertex -2.31493 1.14119 0.799999
    endloop
  endfacet
  facet normal -0.951058 -0.309012 0
    outer loop
      vertex -2.31493 1.14119 3
      vertex -2.19463 0.770938 0.799999
      vertex -2.19463 0.770938 3
    endloop
  endfacet
  facet normal -0.982286 -0.187387 0
    outer loop
      vertex -2.12168 0.388533 0.799999
      vertex -2.19463 0.770938 3
      vertex -2.19463 0.770938 0.799999
    endloop
  endfacet
  facet normal -0.982286 -0.187387 0
    outer loop
      vertex -2.19463 0.770938 3
      vertex -2.12168 0.388533 0.799999
      vertex -2.12168 0.388533 3
    endloop
  endfacet
  facet normal -0.770522 -0.637414 0
    outer loop
      vertex -2.68928 1.82213 0.799999
      vertex -2.93743 2.1221 3
      vertex -2.93743 2.1221 0.799999
    endloop
  endfacet
  facet normal -0.770522 -0.637414 0
    outer loop
      vertex -2.93743 2.1221 3
      vertex -2.68928 1.82213 0.799999
      vertex -2.68928 1.82213 3
    endloop
  endfacet
  facet normal -0.248702 -0.96858 0
    outer loop
      vertex -4.61635 3.04509 0.799999
      vertex -4.23928 2.94827 3
      vertex -4.61635 3.04509 3
    endloop
  endfacet
  facet normal -0.248702 -0.96858 -0
    outer loop
      vertex -4.23928 2.94827 3
      vertex -4.61635 3.04509 0.799999
      vertex -4.23928 2.94827 0.799999
    endloop
  endfacet
  facet normal -0.125328 -0.992115 0
    outer loop
      vertex -5.00258 3.09388 0.799999
      vertex -4.61635 3.04509 3
      vertex -5.00258 3.09388 3
    endloop
  endfacet
  facet normal -0.125328 -0.992115 -0
    outer loop
      vertex -4.61635 3.04509 3
      vertex -5.00258 3.09388 0.799999
      vertex -4.61635 3.04509 0.799999
    endloop
  endfacet
  facet normal -0.481736 -0.876316 0
    outer loop
      vertex -3.87732 2.80496 0.799999
      vertex -3.53617 2.61742 3
      vertex -3.87732 2.80496 3
    endloop
  endfacet
  facet normal -0.481736 -0.876316 -0
    outer loop
      vertex -3.53617 2.61742 3
      vertex -3.87732 2.80496 0.799999
      vertex -3.53617 2.61742 0.799999
    endloop
  endfacet
  facet normal 0.904823 -0.425787 0
    outer loop
      vertex -8.07954 1.14119 3
      vertex -7.91378 1.49344 0.799999
      vertex -7.91378 1.49344 3
    endloop
  endfacet
  facet normal 0.904823 -0.425787 0
    outer loop
      vertex -7.91378 1.49344 0.799999
      vertex -8.07954 1.14119 3
      vertex -8.07954 1.14119 0.799999
    endloop
  endfacet
  facet normal 0.982286 -0.187387 0
    outer loop
      vertex -8.27279 0.388533 3
      vertex -8.19984 0.770938 0.799999
      vertex -8.19984 0.770938 3
    endloop
  endfacet
  facet normal 0.982286 -0.187387 0
    outer loop
      vertex -8.19984 0.770938 0.799999
      vertex -8.27279 0.388533 3
      vertex -8.27279 0.388533 0.799999
    endloop
  endfacet
  facet normal 0 0 -1
    outer loop
      vertex -2.12168 -0.388533 3
      vertex -2.12168 0.388533 3
      vertex -2.09723 0 3
    endloop
  endfacet
  facet normal 0 0 -1
    outer loop
      vertex -2.19463 -0.770938 3
      vertex -2.12168 0.388533 3
      vertex -2.12168 -0.388533 3
    endloop
  endfacet
  facet normal 0 0 -1
    outer loop
      vertex -2.19463 -0.770938 3
      vertex -2.19463 0.770938 3
      vertex -2.12168 0.388533 3
    endloop
  endfacet
  facet normal 0 0 -1
    outer loop
      vertex -2.31493 -1.14119 3
      vertex -2.19463 0.770938 3
      vertex -2.19463 -0.770938 3
    endloop
  endfacet
  facet normal 0 0 -1
    outer loop
      vertex -2.31493 -1.14119 3
      vertex -2.31493 1.14119 3
      vertex -2.19463 0.770938 3
    endloop
  endfacet
  facet normal 0 0 -1
    outer loop
      vertex -2.48068 -1.49344 3
      vertex -2.31493 1.14119 3
      vertex -2.31493 -1.14119 3
    endloop
  endfacet
  facet normal 0 0 -1
    outer loop
      vertex -2.48068 -1.49344 3
      vertex -2.48068 1.49344 3
      vertex -2.31493 1.14119 3
    endloop
  endfacet
  facet normal 0 0 -1
    outer loop
      vertex -2.68928 -1.82213 3
      vertex -2.48068 1.49344 3
      vertex -2.48068 -1.49344 3
    endloop
  endfacet
  facet normal 0 0 -1
    outer loop
      vertex -2.68928 -1.82213 3
      vertex -2.68928 1.82213 3
      vertex -2.48068 1.49344 3
    endloop
  endfacet
  facet normal 0 0 -1
    outer loop
      vertex -2.93743 -2.1221 3
      vertex -2.68928 1.82213 3
      vertex -2.68928 -1.82213 3
    endloop
  endfacet
  facet normal 0 0 -1
    outer loop
      vertex -2.93743 -2.1221 3
      vertex -2.93743 2.1221 3
      vertex -2.68928 1.82213 3
    endloop
  endfacet
  facet normal 0 0 -1
    outer loop
      vertex -3.22122 -2.38859 3
      vertex -2.93743 2.1221 3
      vertex -2.93743 -2.1221 3
    endloop
  endfacet
  facet normal 0 0 -1
    outer loop
      vertex -3.22122 -2.38859 3
      vertex -3.22122 2.38859 3
      vertex -2.93743 2.1221 3
    endloop
  endfacet
  facet normal 0 0 -1
    outer loop
      vertex -3.53617 -2.61742 3
      vertex -3.22122 2.38859 3
      vertex -3.22122 -2.38859 3
    endloop
  endfacet
  facet normal 0 0 -1
    outer loop
      vertex -3.53617 -2.61742 3
      vertex -3.53617 2.61742 3
      vertex -3.22122 2.38859 3
    endloop
  endfacet
  facet normal 0 0 -1
    outer loop
      vertex -3.87732 -2.80496 3
      vertex -3.53617 2.61742 3
      vertex -3.53617 -2.61742 3
    endloop
  endfacet
  facet normal 0 0 -1
    outer loop
      vertex -3.87732 -2.80496 3
      vertex -3.87732 2.80496 3
      vertex -3.53617 2.61742 3
    endloop
  endfacet
  facet normal 0 0 -1
    outer loop
      vertex -4.23928 -2.94827 3
      vertex -3.87732 2.80496 3
      vertex -3.87732 -2.80496 3
    endloop
  endfacet
  facet normal 0 0 -1
    outer loop
      vertex -4.23928 -2.94827 3
      vertex -4.23928 2.94827 3
      vertex -3.87732 2.80496 3
    endloop
  endfacet
  facet normal 0 0 -1
    outer loop
      vertex -4.61635 -3.04509 3
      vertex -4.23928 2.94827 3
      vertex -4.23928 -2.94827 3
    endloop
  endfacet
  facet normal 0 0 -1
    outer loop
      vertex -4.61635 -3.04509 3
      vertex -4.61635 3.04509 3
      vertex -4.23928 2.94827 3
    endloop
  endfacet
  facet normal 0 0 -1
    outer loop
      vertex -5.00258 -3.09388 3
      vertex -4.61635 3.04509 3
      vertex -4.61635 -3.04509 3
    endloop
  endfacet
  facet normal 0 0 -1
    outer loop
      vertex -5.00258 -3.09388 3
      vertex -5.00258 3.09388 3
      vertex -4.61635 3.04509 3
    endloop
  endfacet
  facet normal 0 0 -1
    outer loop
      vertex -5.39188 -3.09388 3
      vertex -5.00258 3.09388 3
      vertex -5.00258 -3.09388 3
    endloop
  endfacet
  facet normal 0 0 -1
    outer loop
      vertex -5.39188 -3.09388 3
      vertex -5.39188 3.09388 3
      vertex -5.00258 3.09388 3
    endloop
  endfacet
  facet normal 0 0 -1
    outer loop
      vertex -5.77812 -3.04509 3
      vertex -5.39188 3.09388 3
      vertex -5.39188 -3.09388 3
    endloop
  endfacet
  facet normal 0 0 -1
    outer loop
      vertex -5.77812 -3.04509 3
      vertex -5.77812 3.04509 3
      vertex -5.39188 3.09388 3
    endloop
  endfacet
  facet normal 0 0 -1
    outer loop
      vertex -6.15519 -2.94827 3
      vertex -5.77812 3.04509 3
      vertex -5.77812 -3.04509 3
    endloop
  endfacet
  facet normal 0 0 -1
    outer loop
      vertex -6.15519 -2.94827 3
      vertex -6.15519 2.94827 3
      vertex -5.77812 3.04509 3
    endloop
  endfacet
  facet normal 0 0 -1
    outer loop
      vertex -6.51715 -2.80496 3
      vertex -6.15519 2.94827 3
      vertex -6.15519 -2.94827 3
    endloop
  endfacet
  facet normal 0 0 -1
    outer loop
      vertex -6.51715 -2.80496 3
      vertex -6.51715 2.80496 3
      vertex -6.15519 2.94827 3
    endloop
  endfacet
  facet normal 0 0 -1
    outer loop
      vertex -6.8583 -2.61742 3
      vertex -6.51715 2.80496 3
      vertex -6.51715 -2.80496 3
    endloop
  endfacet
  facet normal 0 0 -1
    outer loop
      vertex -6.8583 -2.61742 3
      vertex -6.8583 2.61742 3
      vertex -6.51715 2.80496 3
    endloop
  endfacet
  facet normal 0 0 -1
    outer loop
      vertex -7.17325 -2.38859 3
      vertex -6.8583 2.61742 3
      vertex -6.8583 -2.61742 3
    endloop
  endfacet
  facet normal 0 0 -1
    outer loop
      vertex -7.17325 -2.38859 3
      vertex -7.17325 2.38859 3
      vertex -6.8583 2.61742 3
    endloop
  endfacet
  facet normal 0 0 -1
    outer loop
      vertex -7.45704 -2.1221 3
      vertex -7.17325 2.38859 3
      vertex -7.17325 -2.38859 3
    endloop
  endfacet
  facet normal 0 0 -1
    outer loop
      vertex -7.45704 -2.1221 3
      vertex -7.45704 2.1221 3
      vertex -7.17325 2.38859 3
    endloop
  endfacet
  facet normal 0 0 -1
    outer loop
      vertex -7.70519 -1.82213 3
      vertex -7.45704 2.1221 3
      vertex -7.45704 -2.1221 3
    endloop
  endfacet
  facet normal 0 0 -1
    outer loop
      vertex -7.70519 -1.82213 3
      vertex -7.70519 1.82213 3
      vertex -7.45704 2.1221 3
    endloop
  endfacet
  facet normal 0 0 -1
    outer loop
      vertex -7.91378 -1.49344 3
      vertex -7.70519 1.82213 3
      vertex -7.70519 -1.82213 3
    endloop
  endfacet
  facet normal 0 0 -1
    outer loop
      vertex -7.91378 -1.49344 3
      vertex -7.91378 1.49344 3
      vertex -7.70519 1.82213 3
    endloop
  endfacet
  facet normal 0 0 -1
    outer loop
      vertex -8.07954 -1.14119 3
      vertex -7.91378 1.49344 3
      vertex -7.91378 -1.49344 3
    endloop
  endfacet
  facet normal 0 0 -1
    outer loop
      vertex -8.07954 -1.14119 3
      vertex -8.07954 1.14119 3
      vertex -7.91378 1.49344 3
    endloop
  endfacet
  facet normal 0 0 -1
    outer loop
      vertex -8.19984 -0.770938 3
      vertex -8.07954 1.14119 3
      vertex -8.07954 -1.14119 3
    endloop
  endfacet
  facet normal 0 0 -1
    outer loop
      vertex -8.19984 -0.770938 3
      vertex -8.19984 0.770938 3
      vertex -8.07954 1.14119 3
    endloop
  endfacet
  facet normal 0 0 -1
    outer loop
      vertex -8.27279 -0.388533 3
      vertex -8.19984 0.770938 3
      vertex -8.19984 -0.770938 3
    endloop
  endfacet
  facet normal 0 0 -1
    outer loop
      vertex -8.27279 -0.388533 3
      vertex -8.27279 0.388533 3
      vertex -8.19984 0.770938 3
    endloop
  endfacet
  facet normal 0 -0 -1
    outer loop
      vertex -8.27279 0.388533 3
      vertex -8.27279 -0.388533 3
      vertex -8.29723 0 3
    endloop
  endfacet
  facet normal 0.587794 -0.80901 0
    outer loop
      vertex -7.17325 2.38859 0.799999
      vertex -6.8583 2.61742 3
      vertex -7.17325 2.38859 3
    endloop
  endfacet
  facet normal 0.587794 -0.80901 0
    outer loop
      vertex -6.8583 2.61742 3
      vertex -7.17325 2.38859 0.799999
      vertex -6.8583 2.61742 0.799999
    endloop
  endfacet
  facet normal 0.125324 -0.992116 0
    outer loop
      vertex -5.77812 3.04509 0.799999
      vertex -5.39188 3.09388 3
      vertex -5.77812 3.04509 3
    endloop
  endfacet
  facet normal 0.125324 -0.992116 0
    outer loop
      vertex -5.39188 3.09388 3
      vertex -5.77812 3.04509 0.799999
      vertex -5.39188 3.09388 0.799999
    endloop
  endfacet
  facet normal -0.951058 0.309012 0
    outer loop
      vertex -2.31493 -1.14119 0.799999
      vertex -2.19463 -0.770938 3
      vertex -2.19463 -0.770938 0.799999
    endloop
  endfacet
  facet normal -0.951058 0.309012 0
    outer loop
      vertex -2.19463 -0.770938 3
      vertex -2.31493 -1.14119 0.799999
      vertex -2.31493 -1.14119 3
    endloop
  endfacet
  facet normal -0.982286 0.187387 0
    outer loop
      vertex -2.19463 -0.770938 0.799999
      vertex -2.12168 -0.388533 3
      vertex -2.12168 -0.388533 0.799999
    endloop
  endfacet
  facet normal -0.982286 0.187387 0
    outer loop
      vertex -2.12168 -0.388533 3
      vertex -2.19463 -0.770938 0.799999
      vertex -2.19463 -0.770938 3
    endloop
  endfacet
  facet normal 0.904823 0.425787 0
    outer loop
      vertex -7.91378 -1.49344 3
      vertex -8.07954 -1.14119 0.799999
      vertex -8.07954 -1.14119 3
    endloop
  endfacet
  facet normal 0.904823 0.425787 0
    outer loop
      vertex -8.07954 -1.14119 0.799999
      vertex -7.91378 -1.49344 3
      vertex -7.91378 -1.49344 0.799999
    endloop
  endfacet
  facet normal 0 0 1
    outer loop
      vertex -2.12168 0.388533 0.799999
      vertex -2.12168 -0.388533 0.799999
      vertex -2.09723 0 0.799999
    endloop
  endfacet
  facet normal 0 0 1
    outer loop
      vertex -2.19463 0.770938 0.799999
      vertex -2.12168 -0.388533 0.799999
      vertex -2.12168 0.388533 0.799999
    endloop
  endfacet
  facet normal 0 0 1
    outer loop
      vertex -2.19463 0.770938 0.799999
      vertex -2.19463 -0.770938 0.799999
      vertex -2.12168 -0.388533 0.799999
    endloop
  endfacet
  facet normal 0 0 1
    outer loop
      vertex -2.31493 1.14119 0.799999
      vertex -2.19463 -0.770938 0.799999
      vertex -2.19463 0.770938 0.799999
    endloop
  endfacet
  facet normal 0 0 1
    outer loop
      vertex -2.31493 1.14119 0.799999
      vertex -2.31493 -1.14119 0.799999
      vertex -2.19463 -0.770938 0.799999
    endloop
  endfacet
  facet normal 0 0 1
    outer loop
      vertex -2.48068 1.49344 0.799999
      vertex -2.31493 -1.14119 0.799999
      vertex -2.31493 1.14119 0.799999
    endloop
  endfacet
  facet normal 0 0 1
    outer loop
      vertex -2.48068 1.49344 0.799999
      vertex -2.48068 -1.49344 0.799999
      vertex -2.31493 -1.14119 0.799999
    endloop
  endfacet
  facet normal 0 0 1
    outer loop
      vertex -2.68928 1.82213 0.799999
      vertex -2.48068 -1.49344 0.799999
      vertex -2.48068 1.49344 0.799999
    endloop
  endfacet
  facet normal 0 0 1
    outer loop
      vertex -2.68928 1.82213 0.799999
      vertex -2.68928 -1.82213 0.799999
      vertex -2.48068 -1.49344 0.799999
    endloop
  endfacet
  facet normal 0 0 1
    outer loop
      vertex -2.93743 2.1221 0.799999
      vertex -2.68928 -1.82213 0.799999
      vertex -2.68928 1.82213 0.799999
    endloop
  endfacet
  facet normal 0 0 1
    outer loop
      vertex -2.93743 2.1221 0.799999
      vertex -2.93743 -2.1221 0.799999
      vertex -2.68928 -1.82213 0.799999
    endloop
  endfacet
  facet normal 0 0 1
    outer loop
      vertex -3.22122 2.38859 0.799999
      vertex -2.93743 -2.1221 0.799999
      vertex -2.93743 2.1221 0.799999
    endloop
  endfacet
  facet normal 0 0 1
    outer loop
      vertex -3.22122 2.38859 0.799999
      vertex -3.22122 -2.38859 0.799999
      vertex -2.93743 -2.1221 0.799999
    endloop
  endfacet
  facet normal 0 0 1
    outer loop
      vertex -3.53617 2.61742 0.799999
      vertex -3.22122 -2.38859 0.799999
      vertex -3.22122 2.38859 0.799999
    endloop
  endfacet
  facet normal 0 0 1
    outer loop
      vertex -3.53617 2.61742 0.799999
      vertex -3.53617 -2.61742 0.799999
      vertex -3.22122 -2.38859 0.799999
    endloop
  endfacet
  facet normal 0 0 1
    outer loop
      vertex -3.87732 2.80496 0.799999
      vertex -3.53617 -2.61742 0.799999
      vertex -3.53617 2.61742 0.799999
    endloop
  endfacet
  facet normal 0 0 1
    outer loop
      vertex -3.87732 2.80496 0.799999
      vertex -3.87732 -2.80496 0.799999
      vertex -3.53617 -2.61742 0.799999
    endloop
  endfacet
  facet normal 0 0 1
    outer loop
      vertex -4.23928 2.94827 0.799999
      vertex -3.87732 -2.80496 0.799999
      vertex -3.87732 2.80496 0.799999
    endloop
  endfacet
  facet normal 0 0 1
    outer loop
      vertex -4.23928 2.94827 0.799999
      vertex -4.23928 -2.94827 0.799999
      vertex -3.87732 -2.80496 0.799999
    endloop
  endfacet
  facet normal 0 0 1
    outer loop
      vertex -4.61635 3.04509 0.799999
      vertex -4.23928 -2.94827 0.799999
      vertex -4.23928 2.94827 0.799999
    endloop
  endfacet
  facet normal 0 0 1
    outer loop
      vertex -4.61635 3.04509 0.799999
      vertex -4.61635 -3.04509 0.799999
      vertex -4.23928 -2.94827 0.799999
    endloop
  endfacet
  facet normal 0 0 1
    outer loop
      vertex -5.00258 3.09388 0.799999
      vertex -4.61635 -3.04509 0.799999
      vertex -4.61635 3.04509 0.799999
    endloop
  endfacet
  facet normal 0 0 1
    outer loop
      vertex -5.00258 3.09388 0.799999
      vertex -5.00258 -3.09388 0.799999
      vertex -4.61635 -3.04509 0.799999
    endloop
  endfacet
  facet normal -0 0 1
    outer loop
      vertex -5.39188 3.09388 0.799999
      vertex -5.00258 -3.09388 0.799999
      vertex -5.00258 3.09388 0.799999
    endloop
  endfacet
  facet normal 0 0 1
    outer loop
      vertex -5.39188 3.09388 0.799999
      vertex -5.39188 -3.09388 0.799999
      vertex -5.00258 -3.09388 0.799999
    endloop
  endfacet
  facet normal -0 0 1
    outer loop
      vertex -5.77812 3.04509 0.799999
      vertex -5.39188 -3.09388 0.799999
      vertex -5.39188 3.09388 0.799999
    endloop
  endfacet
  facet normal 0 0 1
    outer loop
      vertex -5.77812 3.04509 0.799999
      vertex -5.77812 -3.04509 0.799999
      vertex -5.39188 -3.09388 0.799999
    endloop
  endfacet
  facet normal -0 0 1
    outer loop
      vertex -6.15519 2.94827 0.799999
      vertex -5.77812 -3.04509 0.799999
      vertex -5.77812 3.04509 0.799999
    endloop
  endfacet
  facet normal 0 0 1
    outer loop
      vertex -6.15519 2.94827 0.799999
      vertex -6.15519 -2.94827 0.799999
      vertex -5.77812 -3.04509 0.799999
    endloop
  endfacet
  facet normal -0 0 1
    outer loop
      vertex -6.51715 2.80496 0.799999
      vertex -6.15519 -2.94827 0.799999
      vertex -6.15519 2.94827 0.799999
    endloop
  endfacet
  facet normal 0 0 1
    outer loop
      vertex -6.51715 2.80496 0.799999
      vertex -6.51715 -2.80496 0.799999
      vertex -6.15519 -2.94827 0.799999
    endloop
  endfacet
  facet normal -0 0 1
    outer loop
      vertex -6.8583 2.61742 0.799999
      vertex -6.51715 -2.80496 0.799999
      vertex -6.51715 2.80496 0.799999
    endloop
  endfacet
  facet normal 0 0 1
    outer loop
      vertex -6.8583 2.61742 0.799999
      vertex -6.8583 -2.61742 0.799999
      vertex -6.51715 -2.80496 0.799999
    endloop
  endfacet
  facet normal -0 0 1
    outer loop
      vertex -7.17325 2.38859 0.799999
      vertex -6.8583 -2.61742 0.799999
      vertex -6.8583 2.61742 0.799999
    endloop
  endfacet
  facet normal 0 0 1
    outer loop
      vertex -7.17325 2.38859 0.799999
      vertex -7.17325 -2.38859 0.799999
      vertex -6.8583 -2.61742 0.799999
    endloop
  endfacet
  facet normal -0 0 1
    outer loop
      vertex -7.45704 2.1221 0.799999
      vertex -7.17325 -2.38859 0.799999
      vertex -7.17325 2.38859 0.799999
    endloop
  endfacet
  facet normal 0 0 1
    outer loop
      vertex -7.45704 2.1221 0.799999
      vertex -7.45704 -2.1221 0.799999
      vertex -7.17325 -2.38859 0.799999
    endloop
  endfacet
  facet normal -0 0 1
    outer loop
      vertex -7.70519 1.82213 0.799999
      vertex -7.45704 -2.1221 0.799999
      vertex -7.45704 2.1221 0.799999
    endloop
  endfacet
  facet normal 0 0 1
    outer loop
      vertex -7.70519 1.82213 0.799999
      vertex -7.70519 -1.82213 0.799999
      vertex -7.45704 -2.1221 0.799999
    endloop
  endfacet
  facet normal -0 0 1
    outer loop
      vertex -7.91378 1.49344 0.799999
      vertex -7.70519 -1.82213 0.799999
      vertex -7.70519 1.82213 0.799999
    endloop
  endfacet
  facet normal 0 0 1
    outer loop
      vertex -7.91378 1.49344 0.799999
      vertex -7.91378 -1.49344 0.799999
      vertex -7.70519 -1.82213 0.799999
    endloop
  endfacet
  facet normal -0 0 1
    outer loop
      vertex -8.07954 1.14119 0.799999
      vertex -7.91378 -1.49344 0.799999
      vertex -7.91378 1.49344 0.799999
    endloop
  endfacet
  facet normal 0 0 1
    outer loop
      vertex -8.07954 1.14119 0.799999
      vertex -8.07954 -1.14119 0.799999
      vertex -7.91378 -1.49344 0.799999
    endloop
  endfacet
  facet normal -0 0 1
    outer loop
      vertex -8.19984 0.770938 0.799999
      vertex -8.07954 -1.14119 0.799999
      vertex -8.07954 1.14119 0.799999
    endloop
  endfacet
  facet normal 0 0 1
    outer loop
      vertex -8.19984 0.770938 0.799999
      vertex -8.19984 -0.770938 0.799999
      vertex -8.07954 -1.14119 0.799999
    endloop
  endfacet
  facet normal -0 0 1
    outer loop
      vertex -8.27279 0.388533 0.799999
      vertex -8.19984 -0.770938 0.799999
      vertex -8.19984 0.770938 0.799999
    endloop
  endfacet
  facet normal 0 0 1
    outer loop
      vertex -8.27279 0.388533 0.799999
      vertex -8.27279 -0.388533 0.799999
      vertex -8.19984 -0.770938 0.799999
    endloop
  endfacet
  facet normal 0 -0 1
    outer loop
      vertex -8.27279 -0.388533 0.799999
      vertex -8.27279 0.388533 0.799999
      vertex -8.29723 0 0.799999
    endloop
  endfacet
  facet normal -0.587794 0.80901 0
    outer loop
      vertex -3.22122 -2.38859 0.799999
      vertex -3.53617 -2.61742 3
      vertex -3.22122 -2.38859 3
    endloop
  endfacet
  facet normal -0.587794 0.80901 0
    outer loop
      vertex -3.53617 -2.61742 3
      vertex -3.22122 -2.38859 0.799999
      vertex -3.53617 -2.61742 0.799999
    endloop
  endfacet
  facet normal -0.481736 0.876316 0
    outer loop
      vertex -3.53617 -2.61742 0.799999
      vertex -3.87732 -2.80496 3
      vertex -3.53617 -2.61742 3
    endloop
  endfacet
  facet normal -0.481736 0.876316 0
    outer loop
      vertex -3.87732 -2.80496 3
      vertex -3.53617 -2.61742 0.799999
      vertex -3.87732 -2.80496 0.799999
    endloop
  endfacet
  facet normal -0.84432 0.53584 0
    outer loop
      vertex -2.68928 -1.82213 0.799999
      vertex -2.48068 -1.49344 3
      vertex -2.48068 -1.49344 0.799999
    endloop
  endfacet
  facet normal -0.84432 0.53584 0
    outer loop
      vertex -2.48068 -1.49344 3
      vertex -2.68928 -1.82213 0.799999
      vertex -2.68928 -1.82213 3
    endloop
  endfacet
  facet normal -0.998026 0.0628048 0
    outer loop
      vertex -2.12168 -0.388533 0.799999
      vertex -2.09723 0 3
      vertex -2.09723 0 0.799999
    endloop
  endfacet
  facet normal -0.998026 0.0628048 0
    outer loop
      vertex -2.09723 0 3
      vertex -2.12168 -0.388533 0.799999
      vertex -2.12168 -0.388533 3
    endloop
  endfacet
  facet normal 0.844331 0.535821 0
    outer loop
      vertex -7.70519 -1.82213 3
      vertex -7.91378 -1.49344 0.799999
      vertex -7.91378 -1.49344 3
    endloop
  endfacet
  facet normal 0.844331 0.535821 0
    outer loop
      vertex -7.91378 -1.49344 0.799999
      vertex -7.70519 -1.82213 3
      vertex -7.70519 -1.82213 0.799999
    endloop
  endfacet
  facet normal 0.770522 0.637414 0
    outer loop
      vertex -7.45704 -2.1221 3
      vertex -7.70519 -1.82213 0.799999
      vertex -7.70519 -1.82213 3
    endloop
  endfacet
  facet normal 0.770522 0.637414 0
    outer loop
      vertex -7.70519 -1.82213 0.799999
      vertex -7.45704 -2.1221 3
      vertex -7.45704 -2.1221 0.799999
    endloop
  endfacet
  facet normal 0.951058 0.309012 0
    outer loop
      vertex -8.07954 -1.14119 3
      vertex -8.19984 -0.770938 0.799999
      vertex -8.19984 -0.770938 3
    endloop
  endfacet
  facet normal 0.951058 0.309012 0
    outer loop
      vertex -8.19984 -0.770938 0.799999
      vertex -8.07954 -1.14119 3
      vertex -8.07954 -1.14119 0.799999
    endloop
  endfacet
  facet normal 0.998027 0.0627792 0
    outer loop
      vertex -8.27279 -0.388533 3
      vertex -8.29723 0 0.799999
      vertex -8.29723 0 3
    endloop
  endfacet
  facet normal 0.998027 0.0627792 0
    outer loop
      vertex -8.29723 0 0.799999
      vertex -8.27279 -0.388533 3
      vertex -8.27279 -0.388533 0.799999
    endloop
  endfacet
  facet normal -0.684538 0.728977 0
    outer loop
      vertex -2.93743 -2.1221 0.799999
      vertex -3.22122 -2.38859 3
      vertex -2.93743 -2.1221 3
    endloop
  endfacet
  facet normal -0.684538 0.728977 0
    outer loop
      vertex -3.22122 -2.38859 3
      vertex -2.93743 -2.1221 0.799999
      vertex -3.22122 -2.38859 0.799999
    endloop
  endfacet
  facet normal -0.904833 0.425766 0
    outer loop
      vertex -2.48068 -1.49344 0.799999
      vertex -2.31493 -1.14119 3
      vertex -2.31493 -1.14119 0.799999
    endloop
  endfacet
  facet normal -0.904833 0.425766 0
    outer loop
      vertex -2.31493 -1.14119 3
      vertex -2.48068 -1.49344 0.799999
      vertex -2.48068 -1.49344 3
    endloop
  endfacet
  facet normal 0.481736 0.876316 -0
    outer loop
      vertex -6.51715 -2.80496 0.799999
      vertex -6.8583 -2.61742 3
      vertex -6.51715 -2.80496 3
    endloop
  endfacet
  facet normal 0.481736 0.876316 0
    outer loop
      vertex -6.8583 -2.61742 3
      vertex -6.51715 -2.80496 0.799999
      vertex -6.8583 -2.61742 0.799999
    endloop
  endfacet
  facet normal 0.248702 0.96858 -0
    outer loop
      vertex -5.77812 -3.04509 0.799999
      vertex -6.15519 -2.94827 3
      vertex -5.77812 -3.04509 3
    endloop
  endfacet
  facet normal 0.248702 0.96858 0
    outer loop
      vertex -6.15519 -2.94827 3
      vertex -5.77812 -3.04509 0.799999
      vertex -6.15519 -2.94827 0.799999
    endloop
  endfacet
  facet normal 0.684538 0.728977 -0
    outer loop
      vertex -7.17325 -2.38859 0.799999
      vertex -7.45704 -2.1221 3
      vertex -7.17325 -2.38859 3
    endloop
  endfacet
  facet normal 0.684538 0.728977 0
    outer loop
      vertex -7.45704 -2.1221 3
      vertex -7.17325 -2.38859 0.799999
      vertex -7.45704 -2.1221 0.799999
    endloop
  endfacet
  facet normal 0.982286 0.187387 0
    outer loop
      vertex -8.19984 -0.770938 3
      vertex -8.27279 -0.388533 0.799999
      vertex -8.27279 -0.388533 3
    endloop
  endfacet
  facet normal 0.982286 0.187387 0
    outer loop
      vertex -8.27279 -0.388533 0.799999
      vertex -8.19984 -0.770938 3
      vertex -8.19984 -0.770938 0.799999
    endloop
  endfacet
  facet normal -0.248702 0.96858 0
    outer loop
      vertex -4.23928 -2.94827 0.799999
      vertex -4.61635 -3.04509 3
      vertex -4.23928 -2.94827 3
    endloop
  endfacet
  facet normal -0.248702 0.96858 0
    outer loop
      vertex -4.61635 -3.04509 3
      vertex -4.23928 -2.94827 0.799999
      vertex -4.61635 -3.04509 0.799999
    endloop
  endfacet
  facet normal -0.125328 0.992115 0
    outer loop
      vertex -4.61635 -3.04509 0.799999
      vertex -5.00258 -3.09388 3
      vertex -4.61635 -3.04509 3
    endloop
  endfacet
  facet normal -0.125328 0.992115 0
    outer loop
      vertex -5.00258 -3.09388 3
      vertex -4.61635 -3.04509 0.799999
      vertex -5.00258 -3.09388 0.799999
    endloop
  endfacet
  facet normal 0.587794 0.80901 -0
    outer loop
      vertex -6.8583 -2.61742 0.799999
      vertex -7.17325 -2.38859 3
      vertex -6.8583 -2.61742 3
    endloop
  endfacet
  facet normal 0.587794 0.80901 0
    outer loop
      vertex -7.17325 -2.38859 3
      vertex -6.8583 -2.61742 0.799999
      vertex -7.17325 -2.38859 0.799999
    endloop
  endfacet
  facet normal 0.125324 0.992116 -0
    outer loop
      vertex -5.39188 -3.09388 0.799999
      vertex -5.77812 -3.04509 3
      vertex -5.39188 -3.09388 3
    endloop
  endfacet
  facet normal 0.125324 0.992116 0
    outer loop
      vertex -5.77812 -3.04509 3
      vertex -5.39188 -3.09388 0.799999
      vertex -5.77812 -3.04509 0.799999
    endloop
  endfacet
  facet normal 0.368124 0.929777 -0
    outer loop
      vertex -6.15519 -2.94827 0.799999
      vertex -6.51715 -2.80496 3
      vertex -6.15519 -2.94827 3
    endloop
  endfacet
  facet normal 0.368124 0.929777 0
    outer loop
      vertex -6.51715 -2.80496 3
      vertex -6.15519 -2.94827 0.799999
      vertex -6.51715 -2.80496 0.799999
    endloop
  endfacet
  facet normal -0.998026 -0.0628037 0
    outer loop
      vertex 3.1 5.19723 0.799999
      vertex 3.07555 5.58577 3
      vertex 3.07555 5.58577 0.799999
    endloop
  endfacet
  facet normal -0.998026 -0.0628037 0
    outer loop
      vertex 3.07555 5.58577 3
      vertex 3.1 5.19723 0.799999
      vertex 3.1 5.19723 3
    endloop
  endfacet
  facet normal 0.998026 -0.0628037 0
    outer loop
      vertex -3.1 5.19723 3
      vertex -3.07555 5.58577 0.799999
      vertex -3.07555 5.58577 3
    endloop
  endfacet
  facet normal 0.998026 -0.0628037 0
    outer loop
      vertex -3.07555 5.58577 0.799999
      vertex -3.1 5.19723 3
      vertex -3.1 5.19723 0.799999
    endloop
  endfacet
  facet normal 0 -1 0
    outer loop
      vertex -0.19465 8.29112 0.799999
      vertex 0.19465 8.29112 3
      vertex -0.19465 8.29112 3
    endloop
  endfacet
  facet normal 0 -1 -0
    outer loop
      vertex 0.19465 8.29112 3
      vertex -0.19465 8.29112 0.799999
      vertex 0.19465 8.29112 0.799999
    endloop
  endfacet
  facet normal 0 1 -0
    outer loop
      vertex 0.19465 2.10335 0.799999
      vertex -0.19465 2.10335 3
      vertex 0.19465 2.10335 3
    endloop
  endfacet
  facet normal 0 1 0
    outer loop
      vertex -0.19465 2.10335 3
      vertex 0.19465 2.10335 0.799999
      vertex -0.19465 2.10335 0.799999
    endloop
  endfacet
  facet normal -0.770511 0.637426 0
    outer loop
      vertex 2.2598 3.07514 0.799999
      vertex 2.50795 3.3751 3
      vertex 2.50795 3.3751 0.799999
    endloop
  endfacet
  facet normal -0.770511 0.637426 0
    outer loop
      vertex 2.50795 3.3751 3
      vertex 2.2598 3.07514 0.799999
      vertex 2.2598 3.07514 3
    endloop
  endfacet
  facet normal -0.684538 -0.728977 0
    outer loop
      vertex 1.97601 7.58582 0.799999
      vertex 2.2598 7.31933 3
      vertex 1.97601 7.58582 3
    endloop
  endfacet
  facet normal -0.684538 -0.728977 -0
    outer loop
      vertex 2.2598 7.31933 3
      vertex 1.97601 7.58582 0.799999
      vertex 2.2598 7.31933 0.799999
    endloop
  endfacet
  facet normal 0.684538 -0.728977 0
    outer loop
      vertex -2.2598 7.31933 0.799999
      vertex -1.97601 7.58582 3
      vertex -2.2598 7.31933 3
    endloop
  endfacet
  facet normal 0.684538 -0.728977 0
    outer loop
      vertex -1.97601 7.58582 3
      vertex -2.2598 7.31933 0.799999
      vertex -1.97601 7.58582 0.799999
    endloop
  endfacet
  facet normal 0.368117 -0.929779 0
    outer loop
      vertex -1.31992 8.0022 0.799999
      vertex -0.957952 8.14551 3
      vertex -1.31992 8.0022 3
    endloop
  endfacet
  facet normal 0.368117 -0.929779 0
    outer loop
      vertex -0.957952 8.14551 3
      vertex -1.31992 8.0022 0.799999
      vertex -0.957952 8.14551 0.799999
    endloop
  endfacet
  facet normal -0.904823 -0.425787 0
    outer loop
      vertex 2.88231 6.33842 0.799999
      vertex 2.71655 6.69067 3
      vertex 2.71655 6.69067 0.799999
    endloop
  endfacet
  facet normal -0.904823 -0.425787 0
    outer loop
      vertex 2.71655 6.69067 3
      vertex 2.88231 6.33842 0.799999
      vertex 2.88231 6.33842 3
    endloop
  endfacet
  facet normal -0.368117 -0.929779 0
    outer loop
      vertex 0.957952 8.14551 0.799999
      vertex 1.31992 8.0022 3
      vertex 0.957952 8.14551 3
    endloop
  endfacet
  facet normal -0.368117 -0.929779 -0
    outer loop
      vertex 1.31992 8.0022 3
      vertex 0.957952 8.14551 0.799999
      vertex 1.31992 8.0022 0.799999
    endloop
  endfacet
  facet normal -0.481767 -0.876299 0
    outer loop
      vertex 1.31992 8.0022 0.799999
      vertex 1.66106 7.81465 3
      vertex 1.31992 8.0022 3
    endloop
  endfacet
  facet normal -0.481767 -0.876299 -0
    outer loop
      vertex 1.66106 7.81465 3
      vertex 1.31992 8.0022 0.799999
      vertex 1.66106 7.81465 0.799999
    endloop
  endfacet
  facet normal 0.904823 -0.425787 0
    outer loop
      vertex -2.88231 6.33842 3
      vertex -2.71655 6.69067 0.799999
      vertex -2.71655 6.69067 3
    endloop
  endfacet
  facet normal 0.904823 -0.425787 0
    outer loop
      vertex -2.71655 6.69067 0.799999
      vertex -2.88231 6.33842 3
      vertex -2.88231 6.33842 0.799999
    endloop
  endfacet
  facet normal 0.844327 -0.535828 0
    outer loop
      vertex -2.71655 6.69067 3
      vertex -2.50795 7.01937 0.799999
      vertex -2.50795 7.01937 3
    endloop
  endfacet
  facet normal 0.844327 -0.535828 0
    outer loop
      vertex -2.50795 7.01937 0.799999
      vertex -2.71655 6.69067 3
      vertex -2.71655 6.69067 0.799999
    endloop
  endfacet
  facet normal 0 0 -1
    outer loop
      vertex 3.07555 4.8087 3
      vertex 3.07555 5.58577 3
      vertex 3.1 5.19723 3
    endloop
  endfacet
  facet normal 0 0 -1
    outer loop
      vertex 3.00261 4.4263 3
      vertex 3.07555 5.58577 3
      vertex 3.07555 4.8087 3
    endloop
  endfacet
  facet normal 0 0 -1
    outer loop
      vertex 3.00261 4.4263 3
      vertex 3.00261 5.96817 3
      vertex 3.07555 5.58577 3
    endloop
  endfacet
  facet normal 0 0 -1
    outer loop
      vertex 2.88231 4.05605 3
      vertex 3.00261 5.96817 3
      vertex 3.00261 4.4263 3
    endloop
  endfacet
  facet normal 0 0 -1
    outer loop
      vertex 2.88231 4.05605 3
      vertex 2.88231 6.33842 3
      vertex 3.00261 5.96817 3
    endloop
  endfacet
  facet normal 0 0 -1
    outer loop
      vertex 2.71655 3.7038 3
      vertex 2.88231 6.33842 3
      vertex 2.88231 4.05605 3
    endloop
  endfacet
  facet normal 0 0 -1
    outer loop
      vertex 2.71655 3.7038 3
      vertex 2.71655 6.69067 3
      vertex 2.88231 6.33842 3
    endloop
  endfacet
  facet normal 0 0 -1
    outer loop
      vertex 2.50795 3.3751 3
      vertex 2.71655 6.69067 3
      vertex 2.71655 3.7038 3
    endloop
  endfacet
  facet normal 0 0 -1
    outer loop
      vertex 2.50795 3.3751 3
      vertex 2.50795 7.01937 3
      vertex 2.71655 6.69067 3
    endloop
  endfacet
  facet normal 0 0 -1
    outer loop
      vertex 2.2598 3.07514 3
      vertex 2.50795 7.01937 3
      vertex 2.50795 3.3751 3
    endloop
  endfacet
  facet normal 0 0 -1
    outer loop
      vertex 2.2598 3.07514 3
      vertex 2.2598 7.31933 3
      vertex 2.50795 7.01937 3
    endloop
  endfacet
  facet normal 0 0 -1
    outer loop
      vertex 1.97601 2.80864 3
      vertex 2.2598 7.31933 3
      vertex 2.2598 3.07514 3
    endloop
  endfacet
  facet normal 0 0 -1
    outer loop
      vertex 1.97601 2.80864 3
      vertex 1.97601 7.58582 3
      vertex 2.2598 7.31933 3
    endloop
  endfacet
  facet normal 0 0 -1
    outer loop
      vertex 1.66106 2.57982 3
      vertex 1.97601 7.58582 3
      vertex 1.97601 2.80864 3
    endloop
  endfacet
  facet normal 0 0 -1
    outer loop
      vertex 1.66106 2.57982 3
      vertex 1.66106 7.81465 3
      vertex 1.97601 7.58582 3
    endloop
  endfacet
  facet normal 0 0 -1
    outer loop
      vertex 1.31992 2.39227 3
      vertex 1.66106 7.81465 3
      vertex 1.66106 2.57982 3
    endloop
  endfacet
  facet normal 0 0 -1
    outer loop
      vertex 1.31992 2.39227 3
      vertex 1.31992 8.0022 3
      vertex 1.66106 7.81465 3
    endloop
  endfacet
  facet normal 0 0 -1
    outer loop
      vertex 0.957952 2.24896 3
      vertex 1.31992 8.0022 3
      vertex 1.31992 2.39227 3
    endloop
  endfacet
  facet normal 0 0 -1
    outer loop
      vertex 0.957952 2.24896 3
      vertex 0.957952 8.14551 3
      vertex 1.31992 8.0022 3
    endloop
  endfacet
  facet normal 0 0 -1
    outer loop
      vertex 0.580882 2.15214 3
      vertex 0.957952 8.14551 3
      vertex 0.957952 2.24896 3
    endloop
  endfacet
  facet normal 0 0 -1
    outer loop
      vertex 0.580882 2.15214 3
      vertex 0.580882 8.24232 3
      vertex 0.957952 8.14551 3
    endloop
  endfacet
  facet normal 0 0 -1
    outer loop
      vertex 0.19465 2.10335 3
      vertex 0.580882 8.24232 3
      vertex 0.580882 2.15214 3
    endloop
  endfacet
  facet normal 0 0 -1
    outer loop
      vertex 0.19465 2.10335 3
      vertex 0.19465 8.29112 3
      vertex 0.580882 8.24232 3
    endloop
  endfacet
  facet normal 0 0 -1
    outer loop
      vertex -0.19465 2.10335 3
      vertex 0.19465 8.29112 3
      vertex 0.19465 2.10335 3
    endloop
  endfacet
  facet normal 0 0 -1
    outer loop
      vertex -0.19465 2.10335 3
      vertex -0.19465 8.29112 3
      vertex 0.19465 8.29112 3
    endloop
  endfacet
  facet normal 0 0 -1
    outer loop
      vertex -0.580882 2.15214 3
      vertex -0.19465 8.29112 3
      vertex -0.19465 2.10335 3
    endloop
  endfacet
  facet normal 0 0 -1
    outer loop
      vertex -0.580882 2.15214 3
      vertex -0.580882 8.24232 3
      vertex -0.19465 8.29112 3
    endloop
  endfacet
  facet normal 0 0 -1
    outer loop
      vertex -0.957952 2.24896 3
      vertex -0.580882 8.24232 3
      vertex -0.580882 2.15214 3
    endloop
  endfacet
  facet normal 0 0 -1
    outer loop
      vertex -0.957952 2.24896 3
      vertex -0.957952 8.14551 3
      vertex -0.580882 8.24232 3
    endloop
  endfacet
  facet normal 0 0 -1
    outer loop
      vertex -1.31992 2.39227 3
      vertex -0.957952 8.14551 3
      vertex -0.957952 2.24896 3
    endloop
  endfacet
  facet normal 0 0 -1
    outer loop
      vertex -1.31992 2.39227 3
      vertex -1.31992 8.0022 3
      vertex -0.957952 8.14551 3
    endloop
  endfacet
  facet normal 0 0 -1
    outer loop
      vertex -1.66106 2.57982 3
      vertex -1.31992 8.0022 3
      vertex -1.31992 2.39227 3
    endloop
  endfacet
  facet normal 0 0 -1
    outer loop
      vertex -1.66106 2.57982 3
      vertex -1.66106 7.81465 3
      vertex -1.31992 8.0022 3
    endloop
  endfacet
  facet normal 0 0 -1
    outer loop
      vertex -1.97601 2.80864 3
      vertex -1.66106 7.81465 3
      vertex -1.66106 2.57982 3
    endloop
  endfacet
  facet normal 0 0 -1
    outer loop
      vertex -1.97601 2.80864 3
      vertex -1.97601 7.58582 3
      vertex -1.66106 7.81465 3
    endloop
  endfacet
  facet normal 0 0 -1
    outer loop
      vertex -2.2598 3.07514 3
      vertex -1.97601 7.58582 3
      vertex -1.97601 2.80864 3
    endloop
  endfacet
  facet normal 0 0 -1
    outer loop
      vertex -2.2598 3.07514 3
      vertex -2.2598 7.31933 3
      vertex -1.97601 7.58582 3
    endloop
  endfacet
  facet normal 0 0 -1
    outer loop
      vertex -2.50795 3.3751 3
      vertex -2.2598 7.31933 3
      vertex -2.2598 3.07514 3
    endloop
  endfacet
  facet normal 0 0 -1
    outer loop
      vertex -2.50795 3.3751 3
      vertex -2.50795 7.01937 3
      vertex -2.2598 7.31933 3
    endloop
  endfacet
  facet normal 0 0 -1
    outer loop
      vertex -2.71655 3.7038 3
      vertex -2.50795 7.01937 3
      vertex -2.50795 3.3751 3
    endloop
  endfacet
  facet normal 0 0 -1
    outer loop
      vertex -2.71655 3.7038 3
      vertex -2.71655 6.69067 3
      vertex -2.50795 7.01937 3
    endloop
  endfacet
  facet normal 0 0 -1
    outer loop
      vertex -2.88231 4.05605 3
      vertex -2.71655 6.69067 3
      vertex -2.71655 3.7038 3
    endloop
  endfacet
  facet normal 0 0 -1
    outer loop
      vertex -2.88231 4.05605 3
      vertex -2.88231 6.33842 3
      vertex -2.71655 6.69067 3
    endloop
  endfacet
  facet normal 0 0 -1
    outer loop
      vertex -3.00261 4.4263 3
      vertex -2.88231 6.33842 3
      vertex -2.88231 4.05605 3
    endloop
  endfacet
  facet normal 0 0 -1
    outer loop
      vertex -3.00261 4.4263 3
      vertex -3.00261 5.96817 3
      vertex -2.88231 6.33842 3
    endloop
  endfacet
  facet normal 0 0 -1
    outer loop
      vertex -3.07555 4.8087 3
      vertex -3.00261 5.96817 3
      vertex -3.00261 4.4263 3
    endloop
  endfacet
  facet normal 0 0 -1
    outer loop
      vertex -3.07555 4.8087 3
      vertex -3.07555 5.58577 3
      vertex -3.00261 5.96817 3
    endloop
  endfacet
  facet normal 0 -0 -1
    outer loop
      vertex -3.07555 5.58577 3
      vertex -3.07555 4.8087 3
      vertex -3.1 5.19723 3
    endloop
  endfacet
  facet normal 0.587794 -0.80901 0
    outer loop
      vertex -1.97601 7.58582 0.799999
      vertex -1.66106 7.81465 3
      vertex -1.97601 7.58582 3
    endloop
  endfacet
  facet normal 0.587794 -0.80901 0
    outer loop
      vertex -1.66106 7.81465 3
      vertex -1.97601 7.58582 0.799999
      vertex -1.66106 7.81465 0.799999
    endloop
  endfacet
  facet normal 0.248678 -0.968586 0
    outer loop
      vertex -0.957952 8.14551 0.799999
      vertex -0.580882 8.24232 3
      vertex -0.957952 8.14551 3
    endloop
  endfacet
  facet normal 0.248678 -0.968586 0
    outer loop
      vertex -0.580882 8.24232 3
      vertex -0.957952 8.14551 0.799999
      vertex -0.580882 8.24232 0.799999
    endloop
  endfacet
  facet normal -0.125327 0.992115 0
    outer loop
      vertex 0.580882 2.15214 0.799999
      vertex 0.19465 2.10335 3
      vertex 0.580882 2.15214 3
    endloop
  endfacet
  facet normal -0.125327 0.992115 0
    outer loop
      vertex 0.19465 2.10335 3
      vertex 0.580882 2.15214 0.799999
      vertex 0.19465 2.10335 0.799999
    endloop
  endfacet
  facet normal -0.951058 -0.309013 0
    outer loop
      vertex 3.00261 5.96817 0.799999
      vertex 2.88231 6.33842 3
      vertex 2.88231 6.33842 0.799999
    endloop
  endfacet
  facet normal -0.951058 -0.309013 0
    outer loop
      vertex 2.88231 6.33842 3
      vertex 3.00261 5.96817 0.799999
      vertex 3.00261 5.96817 3
    endloop
  endfacet
  facet normal -0.98229 -0.187365 0
    outer loop
      vertex 3.07555 5.58577 0.799999
      vertex 3.00261 5.96817 3
      vertex 3.00261 5.96817 0.799999
    endloop
  endfacet
  facet normal -0.98229 -0.187365 0
    outer loop
      vertex 3.00261 5.96817 3
      vertex 3.07555 5.58577 0.799999
      vertex 3.07555 5.58577 3
    endloop
  endfacet
  facet normal -0.770511 -0.637426 0
    outer loop
      vertex 2.50795 7.01937 0.799999
      vertex 2.2598 7.31933 3
      vertex 2.2598 7.31933 0.799999
    endloop
  endfacet
  facet normal -0.770511 -0.637426 0
    outer loop
      vertex 2.2598 7.31933 3
      vertex 2.50795 7.01937 0.799999
      vertex 2.50795 7.01937 3
    endloop
  endfacet
  facet normal -0.844327 -0.535828 0
    outer loop
      vertex 2.71655 6.69067 0.799999
      vertex 2.50795 7.01937 3
      vertex 2.50795 7.01937 0.799999
    endloop
  endfacet
  facet normal -0.844327 -0.535828 0
    outer loop
      vertex 2.50795 7.01937 3
      vertex 2.71655 6.69067 0.799999
      vertex 2.71655 6.69067 3
    endloop
  endfacet
  facet normal -0.248678 -0.968586 0
    outer loop
      vertex 0.580882 8.24232 0.799999
      vertex 0.957952 8.14551 3
      vertex 0.580882 8.24232 3
    endloop
  endfacet
  facet normal -0.248678 -0.968586 -0
    outer loop
      vertex 0.957952 8.14551 3
      vertex 0.580882 8.24232 0.799999
      vertex 0.957952 8.14551 0.799999
    endloop
  endfacet
  facet normal -0.125352 -0.992112 0
    outer loop
      vertex 0.19465 8.29112 0.799999
      vertex 0.580882 8.24232 3
      vertex 0.19465 8.29112 3
    endloop
  endfacet
  facet normal -0.125352 -0.992112 -0
    outer loop
      vertex 0.580882 8.24232 3
      vertex 0.19465 8.29112 0.799999
      vertex 0.580882 8.24232 0.799999
    endloop
  endfacet
  facet normal -0.587794 -0.80901 0
    outer loop
      vertex 1.66106 7.81465 0.799999
      vertex 1.97601 7.58582 3
      vertex 1.66106 7.81465 3
    endloop
  endfacet
  facet normal -0.587794 -0.80901 -0
    outer loop
      vertex 1.97601 7.58582 3
      vertex 1.66106 7.81465 0.799999
      vertex 1.97601 7.58582 0.799999
    endloop
  endfacet
  facet normal 0.951058 -0.309013 0
    outer loop
      vertex -3.00261 5.96817 3
      vertex -2.88231 6.33842 0.799999
      vertex -2.88231 6.33842 3
    endloop
  endfacet
  facet normal 0.951058 -0.309013 0
    outer loop
      vertex -2.88231 6.33842 0.799999
      vertex -3.00261 5.96817 3
      vertex -3.00261 5.96817 0.799999
    endloop
  endfacet
  facet normal 0.98229 -0.187365 0
    outer loop
      vertex -3.07555 5.58577 3
      vertex -3.00261 5.96817 0.799999
      vertex -3.00261 5.96817 3
    endloop
  endfacet
  facet normal 0.98229 -0.187365 0
    outer loop
      vertex -3.00261 5.96817 0.799999
      vertex -3.07555 5.58577 3
      vertex -3.07555 5.58577 0.799999
    endloop
  endfacet
  facet normal 0.481767 -0.876299 0
    outer loop
      vertex -1.66106 7.81465 0.799999
      vertex -1.31992 8.0022 3
      vertex -1.66106 7.81465 3
    endloop
  endfacet
  facet normal 0.481767 -0.876299 0
    outer loop
      vertex -1.31992 8.0022 3
      vertex -1.66106 7.81465 0.799999
      vertex -1.31992 8.0022 0.799999
    endloop
  endfacet
  facet normal 0.125352 -0.992112 0
    outer loop
      vertex -0.580882 8.24232 0.799999
      vertex -0.19465 8.29112 3
      vertex -0.580882 8.24232 3
    endloop
  endfacet
  facet normal 0.125352 -0.992112 0
    outer loop
      vertex -0.19465 8.29112 3
      vertex -0.580882 8.24232 0.799999
      vertex -0.19465 8.29112 0.799999
    endloop
  endfacet
  facet normal -0.998026 0.0628053 0
    outer loop
      vertex 3.07555 4.8087 0.799999
      vertex 3.1 5.19723 3
      vertex 3.1 5.19723 0.799999
    endloop
  endfacet
  facet normal -0.998026 0.0628053 0
    outer loop
      vertex 3.1 5.19723 3
      vertex 3.07555 4.8087 0.799999
      vertex 3.07555 4.8087 3
    endloop
  endfacet
  facet normal 0 0 1
    outer loop
      vertex 3.07555 5.58577 0.799999
      vertex 3.07555 4.8087 0.799999
      vertex 3.1 5.19723 0.799999
    endloop
  endfacet
  facet normal 0 0 1
    outer loop
      vertex 3.00261 5.96817 0.799999
      vertex 3.07555 4.8087 0.799999
      vertex 3.07555 5.58577 0.799999
    endloop
  endfacet
  facet normal 0 0 1
    outer loop
      vertex 3.00261 5.96817 0.799999
      vertex 3.00261 4.4263 0.799999
      vertex 3.07555 4.8087 0.799999
    endloop
  endfacet
  facet normal 0 0 1
    outer loop
      vertex 2.88231 6.33842 0.799999
      vertex 3.00261 4.4263 0.799999
      vertex 3.00261 5.96817 0.799999
    endloop
  endfacet
  facet normal 0 0 1
    outer loop
      vertex 2.88231 6.33842 0.799999
      vertex 2.88231 4.05605 0.799999
      vertex 3.00261 4.4263 0.799999
    endloop
  endfacet
  facet normal 0 0 1
    outer loop
      vertex 2.71655 6.69067 0.799999
      vertex 2.88231 4.05605 0.799999
      vertex 2.88231 6.33842 0.799999
    endloop
  endfacet
  facet normal 0 0 1
    outer loop
      vertex 2.71655 6.69067 0.799999
      vertex 2.71655 3.7038 0.799999
      vertex 2.88231 4.05605 0.799999
    endloop
  endfacet
  facet normal 0 0 1
    outer loop
      vertex 2.50795 7.01937 0.799999
      vertex 2.71655 3.7038 0.799999
      vertex 2.71655 6.69067 0.799999
    endloop
  endfacet
  facet normal 0 0 1
    outer loop
      vertex 2.50795 7.01937 0.799999
      vertex 2.50795 3.3751 0.799999
      vertex 2.71655 3.7038 0.799999
    endloop
  endfacet
  facet normal 0 0 1
    outer loop
      vertex 2.2598 7.31933 0.799999
      vertex 2.50795 3.3751 0.799999
      vertex 2.50795 7.01937 0.799999
    endloop
  endfacet
  facet normal 0 0 1
    outer loop
      vertex 2.2598 7.31933 0.799999
      vertex 2.2598 3.07514 0.799999
      vertex 2.50795 3.3751 0.799999
    endloop
  endfacet
  facet normal 0 0 1
    outer loop
      vertex 1.97601 7.58582 0.799999
      vertex 2.2598 3.07514 0.799999
      vertex 2.2598 7.31933 0.799999
    endloop
  endfacet
  facet normal 0 0 1
    outer loop
      vertex 1.97601 7.58582 0.799999
      vertex 1.97601 2.80864 0.799999
      vertex 2.2598 3.07514 0.799999
    endloop
  endfacet
  facet normal 0 0 1
    outer loop
      vertex 1.66106 7.81465 0.799999
      vertex 1.97601 2.80864 0.799999
      vertex 1.97601 7.58582 0.799999
    endloop
  endfacet
  facet normal 0 0 1
    outer loop
      vertex 1.66106 7.81465 0.799999
      vertex 1.66106 2.57982 0.799999
      vertex 1.97601 2.80864 0.799999
    endloop
  endfacet
  facet normal 0 0 1
    outer loop
      vertex 1.31992 8.0022 0.799999
      vertex 1.66106 2.57982 0.799999
      vertex 1.66106 7.81465 0.799999
    endloop
  endfacet
  facet normal 0 0 1
    outer loop
      vertex 1.31992 8.0022 0.799999
      vertex 1.31992 2.39227 0.799999
      vertex 1.66106 2.57982 0.799999
    endloop
  endfacet
  facet normal 0 0 1
    outer loop
      vertex 0.957952 8.14551 0.799999
      vertex 1.31992 2.39227 0.799999
      vertex 1.31992 8.0022 0.799999
    endloop
  endfacet
  facet normal 0 0 1
    outer loop
      vertex 0.957952 8.14551 0.799999
      vertex 0.957952 2.24896 0.799999
      vertex 1.31992 2.39227 0.799999
    endloop
  endfacet
  facet normal 0 0 1
    outer loop
      vertex 0.580882 8.24232 0.799999
      vertex 0.957952 2.24896 0.799999
      vertex 0.957952 8.14551 0.799999
    endloop
  endfacet
  facet normal 0 0 1
    outer loop
      vertex 0.580882 8.24232 0.799999
      vertex 0.580882 2.15214 0.799999
      vertex 0.957952 2.24896 0.799999
    endloop
  endfacet
  facet normal 0 0 1
    outer loop
      vertex 0.19465 8.29112 0.799999
      vertex 0.580882 2.15214 0.799999
      vertex 0.580882 8.24232 0.799999
    endloop
  endfacet
  facet normal 0 0 1
    outer loop
      vertex 0.19465 8.29112 0.799999
      vertex 0.19465 2.10335 0.799999
      vertex 0.580882 2.15214 0.799999
    endloop
  endfacet
  facet normal -0 0 1
    outer loop
      vertex -0.19465 8.29112 0.799999
      vertex 0.19465 2.10335 0.799999
      vertex 0.19465 8.29112 0.799999
    endloop
  endfacet
  facet normal 0 0 1
    outer loop
      vertex -0.19465 8.29112 0.799999
      vertex -0.19465 2.10335 0.799999
      vertex 0.19465 2.10335 0.799999
    endloop
  endfacet
  facet normal -0 0 1
    outer loop
      vertex -0.580882 8.24232 0.799999
      vertex -0.19465 2.10335 0.799999
      vertex -0.19465 8.29112 0.799999
    endloop
  endfacet
  facet normal 0 0 1
    outer loop
      vertex -0.580882 8.24232 0.799999
      vertex -0.580882 2.15214 0.799999
      vertex -0.19465 2.10335 0.799999
    endloop
  endfacet
  facet normal -0 0 1
    outer loop
      vertex -0.957952 8.14551 0.799999
      vertex -0.580882 2.15214 0.799999
      vertex -0.580882 8.24232 0.799999
    endloop
  endfacet
  facet normal 0 0 1
    outer loop
      vertex -0.957952 8.14551 0.799999
      vertex -0.957952 2.24896 0.799999
      vertex -0.580882 2.15214 0.799999
    endloop
  endfacet
  facet normal -0 0 1
    outer loop
      vertex -1.31992 8.0022 0.799999
      vertex -0.957952 2.24896 0.799999
      vertex -0.957952 8.14551 0.799999
    endloop
  endfacet
  facet normal 0 0 1
    outer loop
      vertex -1.31992 8.0022 0.799999
      vertex -1.31992 2.39227 0.799999
      vertex -0.957952 2.24896 0.799999
    endloop
  endfacet
  facet normal -0 0 1
    outer loop
      vertex -1.66106 7.81465 0.799999
      vertex -1.31992 2.39227 0.799999
      vertex -1.31992 8.0022 0.799999
    endloop
  endfacet
  facet normal 0 0 1
    outer loop
      vertex -1.66106 7.81465 0.799999
      vertex -1.66106 2.57982 0.799999
      vertex -1.31992 2.39227 0.799999
    endloop
  endfacet
  facet normal -0 0 1
    outer loop
      vertex -1.97601 7.58582 0.799999
      vertex -1.66106 2.57982 0.799999
      vertex -1.66106 7.81465 0.799999
    endloop
  endfacet
  facet normal 0 0 1
    outer loop
      vertex -1.97601 7.58582 0.799999
      vertex -1.97601 2.80864 0.799999
      vertex -1.66106 2.57982 0.799999
    endloop
  endfacet
  facet normal -0 0 1
    outer loop
      vertex -2.2598 7.31933 0.799999
      vertex -1.97601 2.80864 0.799999
      vertex -1.97601 7.58582 0.799999
    endloop
  endfacet
  facet normal 0 0 1
    outer loop
      vertex -2.2598 7.31933 0.799999
      vertex -2.2598 3.07514 0.799999
      vertex -1.97601 2.80864 0.799999
    endloop
  endfacet
  facet normal -0 0 1
    outer loop
      vertex -2.50795 7.01937 0.799999
      vertex -2.2598 3.07514 0.799999
      vertex -2.2598 7.31933 0.799999
    endloop
  endfacet
  facet normal 0 0 1
    outer loop
      vertex -2.50795 7.01937 0.799999
      vertex -2.50795 3.3751 0.799999
      vertex -2.2598 3.07514 0.799999
    endloop
  endfacet
  facet normal -0 0 1
    outer loop
      vertex -2.71655 6.69067 0.799999
      vertex -2.50795 3.3751 0.799999
      vertex -2.50795 7.01937 0.799999
    endloop
  endfacet
  facet normal 0 0 1
    outer loop
      vertex -2.71655 6.69067 0.799999
      vertex -2.71655 3.7038 0.799999
      vertex -2.50795 3.3751 0.799999
    endloop
  endfacet
  facet normal -0 0 1
    outer loop
      vertex -2.88231 6.33842 0.799999
      vertex -2.71655 3.7038 0.799999
      vertex -2.71655 6.69067 0.799999
    endloop
  endfacet
  facet normal 0 0 1
    outer loop
      vertex -2.88231 6.33842 0.799999
      vertex -2.88231 4.05605 0.799999
      vertex -2.71655 3.7038 0.799999
    endloop
  endfacet
  facet normal -0 0 1
    outer loop
      vertex -3.00261 5.96817 0.799999
      vertex -2.88231 4.05605 0.799999
      vertex -2.88231 6.33842 0.799999
    endloop
  endfacet
  facet normal 0 0 1
    outer loop
      vertex -3.00261 5.96817 0.799999
      vertex -3.00261 4.4263 0.799999
      vertex -2.88231 4.05605 0.799999
    endloop
  endfacet
  facet normal -0 0 1
    outer loop
      vertex -3.07555 5.58577 0.799999
      vertex -3.00261 4.4263 0.799999
      vertex -3.00261 5.96817 0.799999
    endloop
  endfacet
  facet normal 0 0 1
    outer loop
      vertex -3.07555 5.58577 0.799999
      vertex -3.07555 4.8087 0.799999
      vertex -3.00261 4.4263 0.799999
    endloop
  endfacet
  facet normal 0 -0 1
    outer loop
      vertex -3.07555 4.8087 0.799999
      vertex -3.07555 5.58577 0.799999
      vertex -3.1 5.19723 0.799999
    endloop
  endfacet
  facet normal -0.587778 0.809023 0
    outer loop
      vertex 1.97601 2.80864 0.799999
      vertex 1.66106 2.57982 3
      vertex 1.97601 2.80864 3
    endloop
  endfacet
  facet normal -0.587778 0.809023 0
    outer loop
      vertex 1.66106 2.57982 3
      vertex 1.97601 2.80864 0.799999
      vertex 1.66106 2.57982 0.799999
    endloop
  endfacet
  facet normal -0.368117 0.929779 0
    outer loop
      vertex 1.31992 2.39227 0.799999
      vertex 0.957952 2.24896 3
      vertex 1.31992 2.39227 3
    endloop
  endfacet
  facet normal -0.368117 0.929779 0
    outer loop
      vertex 0.957952 2.24896 3
      vertex 1.31992 2.39227 0.799999
      vertex 0.957952 2.24896 0.799999
    endloop
  endfacet
  facet normal 0.770511 -0.637426 0
    outer loop
      vertex -2.50795 7.01937 3
      vertex -2.2598 7.31933 0.799999
      vertex -2.2598 7.31933 3
    endloop
  endfacet
  facet normal 0.770511 -0.637426 0
    outer loop
      vertex -2.2598 7.31933 0.799999
      vertex -2.50795 7.01937 3
      vertex -2.50795 7.01937 0.799999
    endloop
  endfacet
  facet normal -0.904823 0.425787 0
    outer loop
      vertex 2.71655 3.7038 0.799999
      vertex 2.88231 4.05605 3
      vertex 2.88231 4.05605 0.799999
    endloop
  endfacet
  facet normal -0.904823 0.425787 0
    outer loop
      vertex 2.88231 4.05605 3
      vertex 2.71655 3.7038 0.799999
      vertex 2.71655 3.7038 3
    endloop
  endfacet
  facet normal -0.951058 0.309013 0
    outer loop
      vertex 2.88231 4.05605 0.799999
      vertex 3.00261 4.4263 3
      vertex 3.00261 4.4263 0.799999
    endloop
  endfacet
  facet normal -0.951058 0.309013 0
    outer loop
      vertex 3.00261 4.4263 3
      vertex 2.88231 4.05605 0.799999
      vertex 2.88231 4.05605 3
    endloop
  endfacet
  facet normal 0.368117 0.929779 -0
    outer loop
      vertex -0.957952 2.24896 0.799999
      vertex -1.31992 2.39227 3
      vertex -0.957952 2.24896 3
    endloop
  endfacet
  facet normal 0.368117 0.929779 0
    outer loop
      vertex -1.31992 2.39227 3
      vertex -0.957952 2.24896 0.799999
      vertex -1.31992 2.39227 0.799999
    endloop
  endfacet
  facet normal 0.770511 0.637426 0
    outer loop
      vertex -2.2598 3.07514 3
      vertex -2.50795 3.3751 0.799999
      vertex -2.50795 3.3751 3
    endloop
  endfacet
  facet normal 0.770511 0.637426 0
    outer loop
      vertex -2.50795 3.3751 0.799999
      vertex -2.2598 3.07514 3
      vertex -2.2598 3.07514 0.799999
    endloop
  endfacet
  facet normal 0.951058 0.309013 0
    outer loop
      vertex -2.88231 4.05605 3
      vertex -3.00261 4.4263 0.799999
      vertex -3.00261 4.4263 3
    endloop
  endfacet
  facet normal 0.951058 0.309013 0
    outer loop
      vertex -3.00261 4.4263 0.799999
      vertex -2.88231 4.05605 3
      vertex -2.88231 4.05605 0.799999
    endloop
  endfacet
  facet normal 0.998026 0.0628053 0
    outer loop
      vertex -3.07555 4.8087 3
      vertex -3.1 5.19723 0.799999
      vertex -3.1 5.19723 3
    endloop
  endfacet
  facet normal 0.998026 0.0628053 0
    outer loop
      vertex -3.1 5.19723 0.799999
      vertex -3.07555 4.8087 3
      vertex -3.07555 4.8087 0.799999
    endloop
  endfacet
  facet normal -0.684552 0.728964 0
    outer loop
      vertex 2.2598 3.07514 0.799999
      vertex 1.97601 2.80864 3
      vertex 2.2598 3.07514 3
    endloop
  endfacet
  facet normal -0.684552 0.728964 0
    outer loop
      vertex 1.97601 2.80864 3
      vertex 2.2598 3.07514 0.799999
      vertex 1.97601 2.80864 0.799999
    endloop
  endfacet
  facet normal -0.481767 0.876299 0
    outer loop
      vertex 1.66106 2.57982 0.799999
      vertex 1.31992 2.39227 3
      vertex 1.66106 2.57982 3
    endloop
  endfacet
  facet normal -0.481767 0.876299 0
    outer loop
      vertex 1.31992 2.39227 3
      vertex 1.66106 2.57982 0.799999
      vertex 1.31992 2.39227 0.799999
    endloop
  endfacet
  facet normal -0.248702 0.96858 0
    outer loop
      vertex 0.957952 2.24896 0.799999
      vertex 0.580882 2.15214 3
      vertex 0.957952 2.24896 3
    endloop
  endfacet
  facet normal -0.248702 0.96858 0
    outer loop
      vertex 0.580882 2.15214 3
      vertex 0.957952 2.24896 0.799999
      vertex 0.580882 2.15214 0.799999
    endloop
  endfacet
  facet normal -0.844327 0.535828 0
    outer loop
      vertex 2.50795 3.3751 0.799999
      vertex 2.71655 3.7038 3
      vertex 2.71655 3.7038 0.799999
    endloop
  endfacet
  facet normal -0.844327 0.535828 0
    outer loop
      vertex 2.71655 3.7038 3
      vertex 2.50795 3.3751 0.799999
      vertex 2.50795 3.3751 3
    endloop
  endfacet
  facet normal -0.98229 0.187365 0
    outer loop
      vertex 3.00261 4.4263 0.799999
      vertex 3.07555 4.8087 3
      vertex 3.07555 4.8087 0.799999
    endloop
  endfacet
  facet normal -0.98229 0.187365 0
    outer loop
      vertex 3.07555 4.8087 3
      vertex 3.00261 4.4263 0.799999
      vertex 3.00261 4.4263 3
    endloop
  endfacet
  facet normal 0.587778 0.809023 -0
    outer loop
      vertex -1.66106 2.57982 0.799999
      vertex -1.97601 2.80864 3
      vertex -1.66106 2.57982 3
    endloop
  endfacet
  facet normal 0.587778 0.809023 0
    outer loop
      vertex -1.97601 2.80864 3
      vertex -1.66106 2.57982 0.799999
      vertex -1.97601 2.80864 0.799999
    endloop
  endfacet
  facet normal 0.248702 0.96858 -0
    outer loop
      vertex -0.580882 2.15214 0.799999
      vertex -0.957952 2.24896 3
      vertex -0.580882 2.15214 3
    endloop
  endfacet
  facet normal 0.248702 0.96858 0
    outer loop
      vertex -0.957952 2.24896 3
      vertex -0.580882 2.15214 0.799999
      vertex -0.957952 2.24896 0.799999
    endloop
  endfacet
  facet normal 0.684552 0.728964 -0
    outer loop
      vertex -1.97601 2.80864 0.799999
      vertex -2.2598 3.07514 3
      vertex -1.97601 2.80864 3
    endloop
  endfacet
  facet normal 0.684552 0.728964 0
    outer loop
      vertex -2.2598 3.07514 3
      vertex -1.97601 2.80864 0.799999
      vertex -2.2598 3.07514 0.799999
    endloop
  endfacet
  facet normal 0.844327 0.535828 0
    outer loop
      vertex -2.50795 3.3751 3
      vertex -2.71655 3.7038 0.799999
      vertex -2.71655 3.7038 3
    endloop
  endfacet
  facet normal 0.844327 0.535828 0
    outer loop
      vertex -2.71655 3.7038 0.799999
      vertex -2.50795 3.3751 3
      vertex -2.50795 3.3751 0.799999
    endloop
  endfacet
  facet normal 0.904823 0.425787 0
    outer loop
      vertex -2.71655 3.7038 3
      vertex -2.88231 4.05605 0.799999
      vertex -2.88231 4.05605 3
    endloop
  endfacet
  facet normal 0.904823 0.425787 0
    outer loop
      vertex -2.88231 4.05605 0.799999
      vertex -2.71655 3.7038 3
      vertex -2.71655 3.7038 0.799999
    endloop
  endfacet
  facet normal 0.98229 0.187365 0
    outer loop
      vertex -3.00261 4.4263 3
      vertex -3.07555 4.8087 0.799999
      vertex -3.07555 4.8087 3
    endloop
  endfacet
  facet normal 0.98229 0.187365 0
    outer loop
      vertex -3.07555 4.8087 0.799999
      vertex -3.00261 4.4263 3
      vertex -3.00261 4.4263 0.799999
    endloop
  endfacet
  facet normal 0.481767 0.876299 -0
    outer loop
      vertex -1.31992 2.39227 0.799999
      vertex -1.66106 2.57982 3
      vertex -1.31992 2.39227 3
    endloop
  endfacet
  facet normal 0.481767 0.876299 0
    outer loop
      vertex -1.66106 2.57982 3
      vertex -1.31992 2.39227 0.799999
      vertex -1.66106 2.57982 0.799999
    endloop
  endfacet
  facet normal 0.125327 0.992115 -0
    outer loop
      vertex -0.19465 2.10335 0.799999
      vertex -0.580882 2.15214 3
      vertex -0.19465 2.10335 3
    endloop
  endfacet
  facet normal 0.125327 0.992115 0
    outer loop
      vertex -0.580882 2.15214 3
      vertex -0.19465 2.10335 0.799999
      vertex -0.580882 2.15214 0.799999
    endloop
  endfacet
  facet normal -0.998026 -0.0628053 0
    outer loop
      vertex 3.1 -5.19723 0.799999
      vertex 3.07555 -4.8087 3
      vertex 3.07555 -4.8087 0.799999
    endloop
  endfacet
  facet normal -0.998026 -0.0628053 0
    outer loop
      vertex 3.07555 -4.8087 3
      vertex 3.1 -5.19723 0.799999
      vertex 3.1 -5.19723 3
    endloop
  endfacet
  facet normal 0.125327 -0.992115 0
    outer loop
      vertex -0.580882 -2.15214 0.799999
      vertex -0.19465 -2.10335 3
      vertex -0.580882 -2.15214 3
    endloop
  endfacet
  facet normal 0.125327 -0.992115 0
    outer loop
      vertex -0.19465 -2.10335 3
      vertex -0.580882 -2.15214 0.799999
      vertex -0.19465 -2.10335 0.799999
    endloop
  endfacet
  facet normal -0.684552 -0.728964 0
    outer loop
      vertex 1.97601 -2.80864 0.799999
      vertex 2.2598 -3.07514 3
      vertex 1.97601 -2.80864 3
    endloop
  endfacet
  facet normal -0.684552 -0.728964 -0
    outer loop
      vertex 2.2598 -3.07514 3
      vertex 1.97601 -2.80864 0.799999
      vertex 2.2598 -3.07514 0.799999
    endloop
  endfacet
  facet normal 0.770511 -0.637426 0
    outer loop
      vertex -2.50795 -3.3751 3
      vertex -2.2598 -3.07514 0.799999
      vertex -2.2598 -3.07514 3
    endloop
  endfacet
  facet normal 0.770511 -0.637426 0
    outer loop
      vertex -2.2598 -3.07514 0.799999
      vertex -2.50795 -3.3751 3
      vertex -2.50795 -3.3751 0.799999
    endloop
  endfacet
  facet normal 0.481767 -0.876299 0
    outer loop
      vertex -1.66106 -2.57982 0.799999
      vertex -1.31992 -2.39227 3
      vertex -1.66106 -2.57982 3
    endloop
  endfacet
  facet normal 0.481767 -0.876299 0
    outer loop
      vertex -1.31992 -2.39227 3
      vertex -1.66106 -2.57982 0.799999
      vertex -1.31992 -2.39227 0.799999
    endloop
  endfacet
  facet normal -0.904823 -0.425787 0
    outer loop
      vertex 2.88231 -4.05605 0.799999
      vertex 2.71655 -3.7038 3
      vertex 2.71655 -3.7038 0.799999
    endloop
  endfacet
  facet normal -0.904823 -0.425787 0
    outer loop
      vertex 2.71655 -3.7038 3
      vertex 2.88231 -4.05605 0.799999
      vertex 2.88231 -4.05605 3
    endloop
  endfacet
  facet normal -0.248702 -0.96858 0
    outer loop
      vertex 0.580882 -2.15214 0.799999
      vertex 0.957952 -2.24896 3
      vertex 0.580882 -2.15214 3
    endloop
  endfacet
  facet normal -0.248702 -0.96858 -0
    outer loop
      vertex 0.957952 -2.24896 3
      vertex 0.580882 -2.15214 0.799999
      vertex 0.957952 -2.24896 0.799999
    endloop
  endfacet
  facet normal -0.125327 -0.992115 0
    outer loop
      vertex 0.19465 -2.10335 0.799999
      vertex 0.580882 -2.15214 3
      vertex 0.19465 -2.10335 3
    endloop
  endfacet
  facet normal -0.125327 -0.992115 -0
    outer loop
      vertex 0.580882 -2.15214 3
      vertex 0.19465 -2.10335 0.799999
      vertex 0.580882 -2.15214 0.799999
    endloop
  endfacet
  facet normal 0.951058 -0.309013 0
    outer loop
      vertex -3.00261 -4.4263 3
      vertex -2.88231 -4.05605 0.799999
      vertex -2.88231 -4.05605 3
    endloop
  endfacet
  facet normal 0.951058 -0.309013 0
    outer loop
      vertex -2.88231 -4.05605 0.799999
      vertex -3.00261 -4.4263 3
      vertex -3.00261 -4.4263 0.799999
    endloop
  endfacet
  facet normal 0 0 1
    outer loop
      vertex 3.07555 -4.8087 0.799999
      vertex 3.07555 -5.58577 0.799999
      vertex 3.1 -5.19723 0.799999
    endloop
  endfacet
  facet normal 0 0 1
    outer loop
      vertex 3.00261 -4.4263 0.799999
      vertex 3.07555 -5.58577 0.799999
      vertex 3.07555 -4.8087 0.799999
    endloop
  endfacet
  facet normal 0 0 1
    outer loop
      vertex 3.00261 -4.4263 0.799999
      vertex 3.00261 -5.96817 0.799999
      vertex 3.07555 -5.58577 0.799999
    endloop
  endfacet
  facet normal 0 0 1
    outer loop
      vertex 2.88231 -4.05605 0.799999
      vertex 3.00261 -5.96817 0.799999
      vertex 3.00261 -4.4263 0.799999
    endloop
  endfacet
  facet normal 0 0 1
    outer loop
      vertex 2.88231 -4.05605 0.799999
      vertex 2.88231 -6.33842 0.799999
      vertex 3.00261 -5.96817 0.799999
    endloop
  endfacet
  facet normal 0 0 1
    outer loop
      vertex 2.71655 -3.7038 0.799999
      vertex 2.88231 -6.33842 0.799999
      vertex 2.88231 -4.05605 0.799999
    endloop
  endfacet
  facet normal 0 0 1
    outer loop
      vertex 2.71655 -3.7038 0.799999
      vertex 2.71655 -6.69067 0.799999
      vertex 2.88231 -6.33842 0.799999
    endloop
  endfacet
  facet normal 0 0 1
    outer loop
      vertex 2.50795 -3.3751 0.799999
      vertex 2.71655 -6.69067 0.799999
      vertex 2.71655 -3.7038 0.799999
    endloop
  endfacet
  facet normal 0 0 1
    outer loop
      vertex 2.50795 -3.3751 0.799999
      vertex 2.50795 -7.01937 0.799999
      vertex 2.71655 -6.69067 0.799999
    endloop
  endfacet
  facet normal 0 0 1
    outer loop
      vertex 2.2598 -3.07514 0.799999
      vertex 2.50795 -7.01937 0.799999
      vertex 2.50795 -3.3751 0.799999
    endloop
  endfacet
  facet normal 0 0 1
    outer loop
      vertex 2.2598 -3.07514 0.799999
      vertex 2.2598 -7.31933 0.799999
      vertex 2.50795 -7.01937 0.799999
    endloop
  endfacet
  facet normal 0 0 1
    outer loop
      vertex 1.97601 -2.80864 0.799999
      vertex 2.2598 -7.31933 0.799999
      vertex 2.2598 -3.07514 0.799999
    endloop
  endfacet
  facet normal 0 0 1
    outer loop
      vertex 1.97601 -2.80864 0.799999
      vertex 1.97601 -7.58582 0.799999
      vertex 2.2598 -7.31933 0.799999
    endloop
  endfacet
  facet normal 0 0 1
    outer loop
      vertex 1.66106 -2.57982 0.799999
      vertex 1.97601 -7.58582 0.799999
      vertex 1.97601 -2.80864 0.799999
    endloop
  endfacet
  facet normal 0 0 1
    outer loop
      vertex 1.66106 -2.57982 0.799999
      vertex 1.66106 -7.81465 0.799999
      vertex 1.97601 -7.58582 0.799999
    endloop
  endfacet
  facet normal 0 0 1
    outer loop
      vertex 1.31992 -2.39227 0.799999
      vertex 1.66106 -7.81465 0.799999
      vertex 1.66106 -2.57982 0.799999
    endloop
  endfacet
  facet normal 0 0 1
    outer loop
      vertex 1.31992 -2.39227 0.799999
      vertex 1.31992 -8.0022 0.799999
      vertex 1.66106 -7.81465 0.799999
    endloop
  endfacet
  facet normal 0 0 1
    outer loop
      vertex 0.957952 -2.24896 0.799999
      vertex 1.31992 -8.0022 0.799999
      vertex 1.31992 -2.39227 0.799999
    endloop
  endfacet
  facet normal 0 0 1
    outer loop
      vertex 0.957952 -2.24896 0.799999
      vertex 0.957952 -8.14551 0.799999
      vertex 1.31992 -8.0022 0.799999
    endloop
  endfacet
  facet normal 0 0 1
    outer loop
      vertex 0.580882 -2.15214 0.799999
      vertex 0.957952 -8.14551 0.799999
      vertex 0.957952 -2.24896 0.799999
    endloop
  endfacet
  facet normal 0 0 1
    outer loop
      vertex 0.580882 -2.15214 0.799999
      vertex 0.580882 -8.24232 0.799999
      vertex 0.957952 -8.14551 0.799999
    endloop
  endfacet
  facet normal 0 0 1
    outer loop
      vertex 0.19465 -2.10335 0.799999
      vertex 0.580882 -8.24232 0.799999
      vertex 0.580882 -2.15214 0.799999
    endloop
  endfacet
  facet normal 0 0 1
    outer loop
      vertex 0.19465 -2.10335 0.799999
      vertex 0.19465 -8.29112 0.799999
      vertex 0.580882 -8.24232 0.799999
    endloop
  endfacet
  facet normal -0 0 1
    outer loop
      vertex -0.19465 -2.10335 0.799999
      vertex 0.19465 -8.29112 0.799999
      vertex 0.19465 -2.10335 0.799999
    endloop
  endfacet
  facet normal 0 0 1
    outer loop
      vertex -0.19465 -2.10335 0.799999
      vertex -0.19465 -8.29112 0.799999
      vertex 0.19465 -8.29112 0.799999
    endloop
  endfacet
  facet normal -0 0 1
    outer loop
      vertex -0.580882 -2.15214 0.799999
      vertex -0.19465 -8.29112 0.799999
      vertex -0.19465 -2.10335 0.799999
    endloop
  endfacet
  facet normal 0 0 1
    outer loop
      vertex -0.580882 -2.15214 0.799999
      vertex -0.580882 -8.24232 0.799999
      vertex -0.19465 -8.29112 0.799999
    endloop
  endfacet
  facet normal -0 0 1
    outer loop
      vertex -0.957952 -2.24896 0.799999
      vertex -0.580882 -8.24232 0.799999
      vertex -0.580882 -2.15214 0.799999
    endloop
  endfacet
  facet normal 0 0 1
    outer loop
      vertex -0.957952 -2.24896 0.799999
      vertex -0.957952 -8.14551 0.799999
      vertex -0.580882 -8.24232 0.799999
    endloop
  endfacet
  facet normal -0 0 1
    outer loop
      vertex -1.31992 -2.39227 0.799999
      vertex -0.957952 -8.14551 0.799999
      vertex -0.957952 -2.24896 0.799999
    endloop
  endfacet
  facet normal 0 0 1
    outer loop
      vertex -1.31992 -2.39227 0.799999
      vertex -1.31992 -8.0022 0.799999
      vertex -0.957952 -8.14551 0.799999
    endloop
  endfacet
  facet normal -0 0 1
    outer loop
      vertex -1.66106 -2.57982 0.799999
      vertex -1.31992 -8.0022 0.799999
      vertex -1.31992 -2.39227 0.799999
    endloop
  endfacet
  facet normal 0 0 1
    outer loop
      vertex -1.66106 -2.57982 0.799999
      vertex -1.66106 -7.81465 0.799999
      vertex -1.31992 -8.0022 0.799999
    endloop
  endfacet
  facet normal -0 0 1
    outer loop
      vertex -1.97601 -2.80864 0.799999
      vertex -1.66106 -7.81465 0.799999
      vertex -1.66106 -2.57982 0.799999
    endloop
  endfacet
  facet normal 0 0 1
    outer loop
      vertex -1.97601 -2.80864 0.799999
      vertex -1.97601 -7.58582 0.799999
      vertex -1.66106 -7.81465 0.799999
    endloop
  endfacet
  facet normal -0 0 1
    outer loop
      vertex -2.2598 -3.07514 0.799999
      vertex -1.97601 -7.58582 0.799999
      vertex -1.97601 -2.80864 0.799999
    endloop
  endfacet
  facet normal 0 0 1
    outer loop
      vertex -2.2598 -3.07514 0.799999
      vertex -2.2598 -7.31933 0.799999
      vertex -1.97601 -7.58582 0.799999
    endloop
  endfacet
  facet normal -0 0 1
    outer loop
      vertex -2.50795 -3.3751 0.799999
      vertex -2.2598 -7.31933 0.799999
      vertex -2.2598 -3.07514 0.799999
    endloop
  endfacet
  facet normal 0 0 1
    outer loop
      vertex -2.50795 -3.3751 0.799999
      vertex -2.50795 -7.01937 0.799999
      vertex -2.2598 -7.31933 0.799999
    endloop
  endfacet
  facet normal -0 0 1
    outer loop
      vertex -2.71655 -3.7038 0.799999
      vertex -2.50795 -7.01937 0.799999
      vertex -2.50795 -3.3751 0.799999
    endloop
  endfacet
  facet normal 0 0 1
    outer loop
      vertex -2.71655 -3.7038 0.799999
      vertex -2.71655 -6.69067 0.799999
      vertex -2.50795 -7.01937 0.799999
    endloop
  endfacet
  facet normal -0 0 1
    outer loop
      vertex -2.88231 -4.05605 0.799999
      vertex -2.71655 -6.69067 0.799999
      vertex -2.71655 -3.7038 0.799999
    endloop
  endfacet
  facet normal 0 0 1
    outer loop
      vertex -2.88231 -4.05605 0.799999
      vertex -2.88231 -6.33842 0.799999
      vertex -2.71655 -6.69067 0.799999
    endloop
  endfacet
  facet normal -0 0 1
    outer loop
      vertex -3.00261 -4.4263 0.799999
      vertex -2.88231 -6.33842 0.799999
      vertex -2.88231 -4.05605 0.799999
    endloop
  endfacet
  facet normal 0 0 1
    outer loop
      vertex -3.00261 -4.4263 0.799999
      vertex -3.00261 -5.96817 0.799999
      vertex -2.88231 -6.33842 0.799999
    endloop
  endfacet
  facet normal -0 0 1
    outer loop
      vertex -3.07555 -4.8087 0.799999
      vertex -3.00261 -5.96817 0.799999
      vertex -3.00261 -4.4263 0.799999
    endloop
  endfacet
  facet normal 0 0 1
    outer loop
      vertex -3.07555 -4.8087 0.799999
      vertex -3.07555 -5.58577 0.799999
      vertex -3.00261 -5.96817 0.799999
    endloop
  endfacet
  facet normal 0 -0 1
    outer loop
      vertex -3.07555 -5.58577 0.799999
      vertex -3.07555 -4.8087 0.799999
      vertex -3.1 -5.19723 0.799999
    endloop
  endfacet
  facet normal 0.904823 -0.425787 0
    outer loop
      vertex -2.88231 -4.05605 3
      vertex -2.71655 -3.7038 0.799999
      vertex -2.71655 -3.7038 3
    endloop
  endfacet
  facet normal 0.904823 -0.425787 0
    outer loop
      vertex -2.71655 -3.7038 0.799999
      vertex -2.88231 -4.05605 3
      vertex -2.88231 -4.05605 0.799999
    endloop
  endfacet
  facet normal 0.587778 -0.809023 0
    outer loop
      vertex -1.97601 -2.80864 0.799999
      vertex -1.66106 -2.57982 3
      vertex -1.97601 -2.80864 3
    endloop
  endfacet
  facet normal 0.587778 -0.809023 0
    outer loop
      vertex -1.66106 -2.57982 3
      vertex -1.97601 -2.80864 0.799999
      vertex -1.66106 -2.57982 0.799999
    endloop
  endfacet
  facet normal 0.368117 -0.929779 0
    outer loop
      vertex -1.31992 -2.39227 0.799999
      vertex -0.957952 -2.24896 3
      vertex -1.31992 -2.39227 3
    endloop
  endfacet
  facet normal 0.368117 -0.929779 0
    outer loop
      vertex -0.957952 -2.24896 3
      vertex -1.31992 -2.39227 0.799999
      vertex -0.957952 -2.24896 0.799999
    endloop
  endfacet
  facet normal -0.951058 0.309013 0
    outer loop
      vertex 2.88231 -6.33842 0.799999
      vertex 3.00261 -5.96817 3
      vertex 3.00261 -5.96817 0.799999
    endloop
  endfacet
  facet normal -0.951058 0.309013 0
    outer loop
      vertex 3.00261 -5.96817 3
      vertex 2.88231 -6.33842 0.799999
      vertex 2.88231 -6.33842 3
    endloop
  endfacet
  facet normal 0.368117 0.929779 -0
    outer loop
      vertex -0.957952 -8.14551 0.799999
      vertex -1.31992 -8.0022 3
      vertex -0.957952 -8.14551 3
    endloop
  endfacet
  facet normal 0.368117 0.929779 0
    outer loop
      vertex -1.31992 -8.0022 3
      vertex -0.957952 -8.14551 0.799999
      vertex -1.31992 -8.0022 0.799999
    endloop
  endfacet
  facet normal 0.248678 0.968586 -0
    outer loop
      vertex -0.580882 -8.24232 0.799999
      vertex -0.957952 -8.14551 3
      vertex -0.580882 -8.24232 3
    endloop
  endfacet
  facet normal 0.248678 0.968586 0
    outer loop
      vertex -0.957952 -8.14551 3
      vertex -0.580882 -8.24232 0.799999
      vertex -0.957952 -8.14551 0.799999
    endloop
  endfacet
  facet normal 0.684538 0.728977 -0
    outer loop
      vertex -1.97601 -7.58582 0.799999
      vertex -2.2598 -7.31933 3
      vertex -1.97601 -7.58582 3
    endloop
  endfacet
  facet normal 0.684538 0.728977 0
    outer loop
      vertex -2.2598 -7.31933 3
      vertex -1.97601 -7.58582 0.799999
      vertex -2.2598 -7.31933 0.799999
    endloop
  endfacet
  facet normal -0.951058 -0.309013 0
    outer loop
      vertex 3.00261 -4.4263 0.799999
      vertex 2.88231 -4.05605 3
      vertex 2.88231 -4.05605 0.799999
    endloop
  endfacet
  facet normal -0.951058 -0.309013 0
    outer loop
      vertex 2.88231 -4.05605 3
      vertex 3.00261 -4.4263 0.799999
      vertex 3.00261 -4.4263 3
    endloop
  endfacet
  facet normal -0.98229 -0.187365 0
    outer loop
      vertex 3.07555 -4.8087 0.799999
      vertex 3.00261 -4.4263 3
      vertex 3.00261 -4.4263 0.799999
    endloop
  endfacet
  facet normal -0.98229 -0.187365 0
    outer loop
      vertex 3.00261 -4.4263 3
      vertex 3.07555 -4.8087 0.799999
      vertex 3.07555 -4.8087 3
    endloop
  endfacet
  facet normal -0.770511 -0.637426 0
    outer loop
      vertex 2.50795 -3.3751 0.799999
      vertex 2.2598 -3.07514 3
      vertex 2.2598 -3.07514 0.799999
    endloop
  endfacet
  facet normal -0.770511 -0.637426 0
    outer loop
      vertex 2.2598 -3.07514 3
      vertex 2.50795 -3.3751 0.799999
      vertex 2.50795 -3.3751 3
    endloop
  endfacet
  facet normal -0.844327 -0.535828 0
    outer loop
      vertex 2.71655 -3.7038 0.799999
      vertex 2.50795 -3.3751 3
      vertex 2.50795 -3.3751 0.799999
    endloop
  endfacet
  facet normal -0.844327 -0.535828 0
    outer loop
      vertex 2.50795 -3.3751 3
      vertex 2.71655 -3.7038 0.799999
      vertex 2.71655 -3.7038 3
    endloop
  endfacet
  facet normal 0 -1 0
    outer loop
      vertex -0.19465 -2.10335 0.799999
      vertex 0.19465 -2.10335 3
      vertex -0.19465 -2.10335 3
    endloop
  endfacet
  facet normal 0 -1 -0
    outer loop
      vertex 0.19465 -2.10335 3
      vertex -0.19465 -2.10335 0.799999
      vertex 0.19465 -2.10335 0.799999
    endloop
  endfacet
  facet normal -0.481767 -0.876299 0
    outer loop
      vertex 1.31992 -2.39227 0.799999
      vertex 1.66106 -2.57982 3
      vertex 1.31992 -2.39227 3
    endloop
  endfacet
  facet normal -0.481767 -0.876299 -0
    outer loop
      vertex 1.66106 -2.57982 3
      vertex 1.31992 -2.39227 0.799999
      vertex 1.66106 -2.57982 0.799999
    endloop
  endfacet
  facet normal -0.368117 -0.929779 0
    outer loop
      vertex 0.957952 -2.24896 0.799999
      vertex 1.31992 -2.39227 3
      vertex 0.957952 -2.24896 3
    endloop
  endfacet
  facet normal -0.368117 -0.929779 -0
    outer loop
      vertex 1.31992 -2.39227 3
      vertex 0.957952 -2.24896 0.799999
      vertex 1.31992 -2.39227 0.799999
    endloop
  endfacet
  facet normal -0.587778 -0.809023 0
    outer loop
      vertex 1.66106 -2.57982 0.799999
      vertex 1.97601 -2.80864 3
      vertex 1.66106 -2.57982 3
    endloop
  endfacet
  facet normal -0.587778 -0.809023 -0
    outer loop
      vertex 1.97601 -2.80864 3
      vertex 1.66106 -2.57982 0.799999
      vertex 1.97601 -2.80864 0.799999
    endloop
  endfacet
  facet normal 0.844327 -0.535828 0
    outer loop
      vertex -2.71655 -3.7038 3
      vertex -2.50795 -3.3751 0.799999
      vertex -2.50795 -3.3751 3
    endloop
  endfacet
  facet normal 0.844327 -0.535828 0
    outer loop
      vertex -2.50795 -3.3751 0.799999
      vertex -2.71655 -3.7038 3
      vertex -2.71655 -3.7038 0.799999
    endloop
  endfacet
  facet normal 0.98229 -0.187365 0
    outer loop
      vertex -3.07555 -4.8087 3
      vertex -3.00261 -4.4263 0.799999
      vertex -3.00261 -4.4263 3
    endloop
  endfacet
  facet normal 0.98229 -0.187365 0
    outer loop
      vertex -3.00261 -4.4263 0.799999
      vertex -3.07555 -4.8087 3
      vertex -3.07555 -4.8087 0.799999
    endloop
  endfacet
  facet normal 0.998026 -0.0628053 0
    outer loop
      vertex -3.1 -5.19723 3
      vertex -3.07555 -4.8087 0.799999
      vertex -3.07555 -4.8087 3
    endloop
  endfacet
  facet normal 0.998026 -0.0628053 0
    outer loop
      vertex -3.07555 -4.8087 0.799999
      vertex -3.1 -5.19723 3
      vertex -3.1 -5.19723 0.799999
    endloop
  endfacet
  facet normal 0.998026 0.0628037 0
    outer loop
      vertex -3.07555 -5.58577 3
      vertex -3.1 -5.19723 0.799999
      vertex -3.1 -5.19723 3
    endloop
  endfacet
  facet normal 0.998026 0.0628037 0
    outer loop
      vertex -3.1 -5.19723 0.799999
      vertex -3.07555 -5.58577 3
      vertex -3.07555 -5.58577 0.799999
    endloop
  endfacet
  facet normal 0.684552 -0.728964 0
    outer loop
      vertex -2.2598 -3.07514 0.799999
      vertex -1.97601 -2.80864 3
      vertex -2.2598 -3.07514 3
    endloop
  endfacet
  facet normal 0.684552 -0.728964 0
    outer loop
      vertex -1.97601 -2.80864 3
      vertex -2.2598 -3.07514 0.799999
      vertex -1.97601 -2.80864 0.799999
    endloop
  endfacet
  facet normal 0.248702 -0.96858 0
    outer loop
      vertex -0.957952 -2.24896 0.799999
      vertex -0.580882 -2.15214 3
      vertex -0.957952 -2.24896 3
    endloop
  endfacet
  facet normal 0.248702 -0.96858 0
    outer loop
      vertex -0.580882 -2.15214 3
      vertex -0.957952 -2.24896 0.799999
      vertex -0.580882 -2.15214 0.799999
    endloop
  endfacet
  facet normal -0.125352 0.992112 0
    outer loop
      vertex 0.580882 -8.24232 0.799999
      vertex 0.19465 -8.29112 3
      vertex 0.580882 -8.24232 3
    endloop
  endfacet
  facet normal -0.125352 0.992112 0
    outer loop
      vertex 0.19465 -8.29112 3
      vertex 0.580882 -8.24232 0.799999
      vertex 0.19465 -8.29112 0.799999
    endloop
  endfacet
  facet normal -0.368117 0.929779 0
    outer loop
      vertex 1.31992 -8.0022 0.799999
      vertex 0.957952 -8.14551 3
      vertex 1.31992 -8.0022 3
    endloop
  endfacet
  facet normal -0.368117 0.929779 0
    outer loop
      vertex 0.957952 -8.14551 3
      vertex 1.31992 -8.0022 0.799999
      vertex 0.957952 -8.14551 0.799999
    endloop
  endfacet
  facet normal -0.481767 0.876299 0
    outer loop
      vertex 1.66106 -7.81465 0.799999
      vertex 1.31992 -8.0022 3
      vertex 1.66106 -7.81465 3
    endloop
  endfacet
  facet normal -0.481767 0.876299 0
    outer loop
      vertex 1.31992 -8.0022 3
      vertex 1.66106 -7.81465 0.799999
      vertex 1.31992 -8.0022 0.799999
    endloop
  endfacet
  facet normal -0.684538 0.728977 0
    outer loop
      vertex 2.2598 -7.31933 0.799999
      vertex 1.97601 -7.58582 3
      vertex 2.2598 -7.31933 3
    endloop
  endfacet
  facet normal -0.684538 0.728977 0
    outer loop
      vertex 1.97601 -7.58582 3
      vertex 2.2598 -7.31933 0.799999
      vertex 1.97601 -7.58582 0.799999
    endloop
  endfacet
  facet normal -0.904823 0.425787 0
    outer loop
      vertex 2.71655 -6.69067 0.799999
      vertex 2.88231 -6.33842 3
      vertex 2.88231 -6.33842 0.799999
    endloop
  endfacet
  facet normal -0.904823 0.425787 0
    outer loop
      vertex 2.88231 -6.33842 3
      vertex 2.71655 -6.69067 0.799999
      vertex 2.71655 -6.69067 3
    endloop
  endfacet
  facet normal -0.770511 0.637426 0
    outer loop
      vertex 2.2598 -7.31933 0.799999
      vertex 2.50795 -7.01937 3
      vertex 2.50795 -7.01937 0.799999
    endloop
  endfacet
  facet normal -0.770511 0.637426 0
    outer loop
      vertex 2.50795 -7.01937 3
      vertex 2.2598 -7.31933 0.799999
      vertex 2.2598 -7.31933 3
    endloop
  endfacet
  facet normal -0.844327 0.535828 0
    outer loop
      vertex 2.50795 -7.01937 0.799999
      vertex 2.71655 -6.69067 3
      vertex 2.71655 -6.69067 0.799999
    endloop
  endfacet
  facet normal -0.844327 0.535828 0
    outer loop
      vertex 2.71655 -6.69067 3
      vertex 2.50795 -7.01937 0.799999
      vertex 2.50795 -7.01937 3
    endloop
  endfacet
  facet normal 0.587794 0.80901 -0
    outer loop
      vertex -1.66106 -7.81465 0.799999
      vertex -1.97601 -7.58582 3
      vertex -1.66106 -7.81465 3
    endloop
  endfacet
  facet normal 0.587794 0.80901 0
    outer loop
      vertex -1.97601 -7.58582 3
      vertex -1.66106 -7.81465 0.799999
      vertex -1.97601 -7.58582 0.799999
    endloop
  endfacet
  facet normal 0.481767 0.876299 -0
    outer loop
      vertex -1.31992 -8.0022 0.799999
      vertex -1.66106 -7.81465 3
      vertex -1.31992 -8.0022 3
    endloop
  endfacet
  facet normal 0.481767 0.876299 0
    outer loop
      vertex -1.66106 -7.81465 3
      vertex -1.31992 -8.0022 0.799999
      vertex -1.66106 -7.81465 0.799999
    endloop
  endfacet
  facet normal 0 1 -0
    outer loop
      vertex 0.19465 -8.29112 0.799999
      vertex -0.19465 -8.29112 3
      vertex 0.19465 -8.29112 3
    endloop
  endfacet
  facet normal 0 1 0
    outer loop
      vertex -0.19465 -8.29112 3
      vertex 0.19465 -8.29112 0.799999
      vertex -0.19465 -8.29112 0.799999
    endloop
  endfacet
  facet normal 0.844327 0.535828 0
    outer loop
      vertex -2.50795 -7.01937 3
      vertex -2.71655 -6.69067 0.799999
      vertex -2.71655 -6.69067 3
    endloop
  endfacet
  facet normal 0.844327 0.535828 0
    outer loop
      vertex -2.71655 -6.69067 0.799999
      vertex -2.50795 -7.01937 3
      vertex -2.50795 -7.01937 0.799999
    endloop
  endfacet
  facet normal 0.904823 0.425787 0
    outer loop
      vertex -2.71655 -6.69067 3
      vertex -2.88231 -6.33842 0.799999
      vertex -2.88231 -6.33842 3
    endloop
  endfacet
  facet normal 0.904823 0.425787 0
    outer loop
      vertex -2.88231 -6.33842 0.799999
      vertex -2.71655 -6.69067 3
      vertex -2.71655 -6.69067 0.799999
    endloop
  endfacet
  facet normal 0.98229 0.187365 0
    outer loop
      vertex -3.00261 -5.96817 3
      vertex -3.07555 -5.58577 0.799999
      vertex -3.07555 -5.58577 3
    endloop
  endfacet
  facet normal 0.98229 0.187365 0
    outer loop
      vertex -3.07555 -5.58577 0.799999
      vertex -3.00261 -5.96817 3
      vertex -3.00261 -5.96817 0.799999
    endloop
  endfacet
  facet normal 0 0 -1
    outer loop
      vertex 3.07555 -5.58577 3
      vertex 3.07555 -4.8087 3
      vertex 3.1 -5.19723 3
    endloop
  endfacet
  facet normal 0 0 -1
    outer loop
      vertex 3.00261 -5.96817 3
      vertex 3.07555 -4.8087 3
      vertex 3.07555 -5.58577 3
    endloop
  endfacet
  facet normal 0 0 -1
    outer loop
      vertex 3.00261 -5.96817 3
      vertex 3.00261 -4.4263 3
      vertex 3.07555 -4.8087 3
    endloop
  endfacet
  facet normal 0 0 -1
    outer loop
      vertex 2.88231 -6.33842 3
      vertex 3.00261 -4.4263 3
      vertex 3.00261 -5.96817 3
    endloop
  endfacet
  facet normal 0 0 -1
    outer loop
      vertex 2.88231 -6.33842 3
      vertex 2.88231 -4.05605 3
      vertex 3.00261 -4.4263 3
    endloop
  endfacet
  facet normal 0 0 -1
    outer loop
      vertex 2.71655 -6.69067 3
      vertex 2.88231 -4.05605 3
      vertex 2.88231 -6.33842 3
    endloop
  endfacet
  facet normal 0 0 -1
    outer loop
      vertex 2.71655 -6.69067 3
      vertex 2.71655 -3.7038 3
      vertex 2.88231 -4.05605 3
    endloop
  endfacet
  facet normal 0 0 -1
    outer loop
      vertex 2.50795 -7.01937 3
      vertex 2.71655 -3.7038 3
      vertex 2.71655 -6.69067 3
    endloop
  endfacet
  facet normal 0 0 -1
    outer loop
      vertex 2.50795 -7.01937 3
      vertex 2.50795 -3.3751 3
      vertex 2.71655 -3.7038 3
    endloop
  endfacet
  facet normal 0 0 -1
    outer loop
      vertex 2.2598 -7.31933 3
      vertex 2.50795 -3.3751 3
      vertex 2.50795 -7.01937 3
    endloop
  endfacet
  facet normal 0 0 -1
    outer loop
      vertex 2.2598 -7.31933 3
      vertex 2.2598 -3.07514 3
      vertex 2.50795 -3.3751 3
    endloop
  endfacet
  facet normal 0 0 -1
    outer loop
      vertex 1.97601 -7.58582 3
      vertex 2.2598 -3.07514 3
      vertex 2.2598 -7.31933 3
    endloop
  endfacet
  facet normal 0 0 -1
    outer loop
      vertex 1.97601 -7.58582 3
      vertex 1.97601 -2.80864 3
      vertex 2.2598 -3.07514 3
    endloop
  endfacet
  facet normal 0 0 -1
    outer loop
      vertex 1.66106 -7.81465 3
      vertex 1.97601 -2.80864 3
      vertex 1.97601 -7.58582 3
    endloop
  endfacet
  facet normal 0 0 -1
    outer loop
      vertex 1.66106 -7.81465 3
      vertex 1.66106 -2.57982 3
      vertex 1.97601 -2.80864 3
    endloop
  endfacet
  facet normal 0 0 -1
    outer loop
      vertex 1.31992 -8.0022 3
      vertex 1.66106 -2.57982 3
      vertex 1.66106 -7.81465 3
    endloop
  endfacet
  facet normal 0 0 -1
    outer loop
      vertex 1.31992 -8.0022 3
      vertex 1.31992 -2.39227 3
      vertex 1.66106 -2.57982 3
    endloop
  endfacet
  facet normal 0 0 -1
    outer loop
      vertex 0.957952 -8.14551 3
      vertex 1.31992 -2.39227 3
      vertex 1.31992 -8.0022 3
    endloop
  endfacet
  facet normal 0 0 -1
    outer loop
      vertex 0.957952 -8.14551 3
      vertex 0.957952 -2.24896 3
      vertex 1.31992 -2.39227 3
    endloop
  endfacet
  facet normal 0 0 -1
    outer loop
      vertex 0.580882 -8.24232 3
      vertex 0.957952 -2.24896 3
      vertex 0.957952 -8.14551 3
    endloop
  endfacet
  facet normal 0 0 -1
    outer loop
      vertex 0.580882 -8.24232 3
      vertex 0.580882 -2.15214 3
      vertex 0.957952 -2.24896 3
    endloop
  endfacet
  facet normal 0 0 -1
    outer loop
      vertex 0.19465 -8.29112 3
      vertex 0.580882 -2.15214 3
      vertex 0.580882 -8.24232 3
    endloop
  endfacet
  facet normal 0 0 -1
    outer loop
      vertex 0.19465 -8.29112 3
      vertex 0.19465 -2.10335 3
      vertex 0.580882 -2.15214 3
    endloop
  endfacet
  facet normal 0 0 -1
    outer loop
      vertex -0.19465 -8.29112 3
      vertex 0.19465 -2.10335 3
      vertex 0.19465 -8.29112 3
    endloop
  endfacet
  facet normal 0 0 -1
    outer loop
      vertex -0.19465 -8.29112 3
      vertex -0.19465 -2.10335 3
      vertex 0.19465 -2.10335 3
    endloop
  endfacet
  facet normal 0 0 -1
    outer loop
      vertex -0.580882 -8.24232 3
      vertex -0.19465 -2.10335 3
      vertex -0.19465 -8.29112 3
    endloop
  endfacet
  facet normal 0 0 -1
    outer loop
      vertex -0.580882 -8.24232 3
      vertex -0.580882 -2.15214 3
      vertex -0.19465 -2.10335 3
    endloop
  endfacet
  facet normal 0 0 -1
    outer loop
      vertex -0.957952 -8.14551 3
      vertex -0.580882 -2.15214 3
      vertex -0.580882 -8.24232 3
    endloop
  endfacet
  facet normal 0 0 -1
    outer loop
      vertex -0.957952 -8.14551 3
      vertex -0.957952 -2.24896 3
      vertex -0.580882 -2.15214 3
    endloop
  endfacet
  facet normal 0 0 -1
    outer loop
      vertex -1.31992 -8.0022 3
      vertex -0.957952 -2.24896 3
      vertex -0.957952 -8.14551 3
    endloop
  endfacet
  facet normal 0 0 -1
    outer loop
      vertex -1.31992 -8.0022 3
      vertex -1.31992 -2.39227 3
      vertex -0.957952 -2.24896 3
    endloop
  endfacet
  facet normal 0 0 -1
    outer loop
      vertex -1.66106 -7.81465 3
      vertex -1.31992 -2.39227 3
      vertex -1.31992 -8.0022 3
    endloop
  endfacet
  facet normal 0 0 -1
    outer loop
      vertex -1.66106 -7.81465 3
      vertex -1.66106 -2.57982 3
      vertex -1.31992 -2.39227 3
    endloop
  endfacet
  facet normal 0 0 -1
    outer loop
      vertex -1.97601 -7.58582 3
      vertex -1.66106 -2.57982 3
      vertex -1.66106 -7.81465 3
    endloop
  endfacet
  facet normal 0 0 -1
    outer loop
      vertex -1.97601 -7.58582 3
      vertex -1.97601 -2.80864 3
      vertex -1.66106 -2.57982 3
    endloop
  endfacet
  facet normal 0 0 -1
    outer loop
      vertex -2.2598 -7.31933 3
      vertex -1.97601 -2.80864 3
      vertex -1.97601 -7.58582 3
    endloop
  endfacet
  facet normal 0 0 -1
    outer loop
      vertex -2.2598 -7.31933 3
      vertex -2.2598 -3.07514 3
      vertex -1.97601 -2.80864 3
    endloop
  endfacet
  facet normal 0 0 -1
    outer loop
      vertex -2.50795 -7.01937 3
      vertex -2.2598 -3.07514 3
      vertex -2.2598 -7.31933 3
    endloop
  endfacet
  facet normal 0 0 -1
    outer loop
      vertex -2.50795 -7.01937 3
      vertex -2.50795 -3.3751 3
      vertex -2.2598 -3.07514 3
    endloop
  endfacet
  facet normal 0 0 -1
    outer loop
      vertex -2.71655 -6.69067 3
      vertex -2.50795 -3.3751 3
      vertex -2.50795 -7.01937 3
    endloop
  endfacet
  facet normal 0 0 -1
    outer loop
      vertex -2.71655 -6.69067 3
      vertex -2.71655 -3.7038 3
      vertex -2.50795 -3.3751 3
    endloop
  endfacet
  facet normal 0 0 -1
    outer loop
      vertex -2.88231 -6.33842 3
      vertex -2.71655 -3.7038 3
      vertex -2.71655 -6.69067 3
    endloop
  endfacet
  facet normal 0 0 -1
    outer loop
      vertex -2.88231 -6.33842 3
      vertex -2.88231 -4.05605 3
      vertex -2.71655 -3.7038 3
    endloop
  endfacet
  facet normal 0 0 -1
    outer loop
      vertex -3.00261 -5.96817 3
      vertex -2.88231 -4.05605 3
      vertex -2.88231 -6.33842 3
    endloop
  endfacet
  facet normal 0 0 -1
    outer loop
      vertex -3.00261 -5.96817 3
      vertex -3.00261 -4.4263 3
      vertex -2.88231 -4.05605 3
    endloop
  endfacet
  facet normal 0 0 -1
    outer loop
      vertex -3.07555 -5.58577 3
      vertex -3.00261 -4.4263 3
      vertex -3.00261 -5.96817 3
    endloop
  endfacet
  facet normal 0 0 -1
    outer loop
      vertex -3.07555 -5.58577 3
      vertex -3.07555 -4.8087 3
      vertex -3.00261 -4.4263 3
    endloop
  endfacet
  facet normal 0 -0 -1
    outer loop
      vertex -3.07555 -4.8087 3
      vertex -3.07555 -5.58577 3
      vertex -3.1 -5.19723 3
    endloop
  endfacet
  facet normal -0.248678 0.968586 0
    outer loop
      vertex 0.957952 -8.14551 0.799999
      vertex 0.580882 -8.24232 3
      vertex 0.957952 -8.14551 3
    endloop
  endfacet
  facet normal -0.248678 0.968586 0
    outer loop
      vertex 0.580882 -8.24232 3
      vertex 0.957952 -8.14551 0.799999
      vertex 0.580882 -8.24232 0.799999
    endloop
  endfacet
  facet normal -0.587794 0.80901 0
    outer loop
      vertex 1.97601 -7.58582 0.799999
      vertex 1.66106 -7.81465 3
      vertex 1.97601 -7.58582 3
    endloop
  endfacet
  facet normal -0.587794 0.80901 0
    outer loop
      vertex 1.66106 -7.81465 3
      vertex 1.97601 -7.58582 0.799999
      vertex 1.66106 -7.81465 0.799999
    endloop
  endfacet
  facet normal -0.98229 0.187365 0
    outer loop
      vertex 3.00261 -5.96817 0.799999
      vertex 3.07555 -5.58577 3
      vertex 3.07555 -5.58577 0.799999
    endloop
  endfacet
  facet normal -0.98229 0.187365 0
    outer loop
      vertex 3.07555 -5.58577 3
      vertex 3.00261 -5.96817 0.799999
      vertex 3.00261 -5.96817 3
    endloop
  endfacet
  facet normal -0.998026 0.0628037 0
    outer loop
      vertex 3.07555 -5.58577 0.799999
      vertex 3.1 -5.19723 3
      vertex 3.1 -5.19723 0.799999
    endloop
  endfacet
  facet normal -0.998026 0.0628037 0
    outer loop
      vertex 3.1 -5.19723 3
      vertex 3.07555 -5.58577 0.799999
      vertex 3.07555 -5.58577 3
    endloop
  endfacet
  facet normal 0.125352 0.992112 -0
    outer loop
      vertex -0.19465 -8.29112 0.799999
      vertex -0.580882 -8.24232 3
      vertex -0.19465 -8.29112 3
    endloop
  endfacet
  facet normal 0.125352 0.992112 0
    outer loop
      vertex -0.580882 -8.24232 3
      vertex -0.19465 -8.29112 0.799999
      vertex -0.580882 -8.24232 0.799999
    endloop
  endfacet
  facet normal 0.770511 0.637426 0
    outer loop
      vertex -2.2598 -7.31933 3
      vertex -2.50795 -7.01937 0.799999
      vertex -2.50795 -7.01937 3
    endloop
  endfacet
  facet normal 0.770511 0.637426 0
    outer loop
      vertex -2.50795 -7.01937 0.799999
      vertex -2.2598 -7.31933 3
      vertex -2.2598 -7.31933 0.799999
    endloop
  endfacet
  facet normal 0.951058 0.309013 0
    outer loop
      vertex -2.88231 -6.33842 3
      vertex -3.00261 -5.96817 0.799999
      vertex -3.00261 -5.96817 3
    endloop
  endfacet
  facet normal 0.951058 0.309013 0
    outer loop
      vertex -3.00261 -5.96817 0.799999
      vertex -2.88231 -6.33842 3
      vertex -2.88231 -6.33842 0.799999
    endloop
  endfacet
endsolid OpenSCAD_Model
