solid OpenSCAD_Model
  facet normal 0 1 -0
    outer loop
      vertex 6.50562 15.706 0
      vertex -6.50562 15.706 3.84
      vertex 6.50562 15.706 3.84
    endloop
  endfacet
  facet normal 0 1 0
    outer loop
      vertex -6.50562 15.706 3.84
      vertex 6.50562 15.706 0
      vertex -6.50562 15.706 0
    endloop
  endfacet
  facet normal 0.707107 0.707107 0
    outer loop
      vertex 15.706 6.50562 3.84
      vertex 6.50562 15.706 0
      vertex 6.50562 15.706 3.84
    endloop
  endfacet
  facet normal 0.707107 0.707107 0
    outer loop
      vertex 6.50562 15.706 0
      vertex 15.706 6.50562 3.84
      vertex 15.706 6.50562 0
    endloop
  endfacet
  facet normal 1 -0 0
    outer loop
      vertex 15.706 -6.50562 3.84
      vertex 15.706 6.50562 0
      vertex 15.706 6.50562 3.84
    endloop
  endfacet
  facet normal 1 0 0
    outer loop
      vertex 15.706 6.50562 0
      vertex 15.706 -6.50562 3.84
      vertex 15.706 -6.50562 0
    endloop
  endfacet
  facet normal -0.707107 -0.707107 0
    outer loop
      vertex -6.50562 -15.706 0
      vertex -15.706 -6.50562 3.84
      vertex -15.706 -6.50562 0
    endloop
  endfacet
  facet normal -0.707107 -0.707107 0
    outer loop
      vertex -15.706 -6.50562 3.84
      vertex -6.50562 -15.706 0
      vertex -6.50562 -15.706 3.84
    endloop
  endfacet
  facet normal 0.707107 -0.707107 0
    outer loop
      vertex 6.50562 -15.706 3.84
      vertex 15.706 -6.50562 0
      vertex 15.706 -6.50562 3.84
    endloop
  endfacet
  facet normal 0.707107 -0.707107 0
    outer loop
      vertex 15.706 -6.50562 0
      vertex 6.50562 -15.706 3.84
      vertex 6.50562 -15.706 0
    endloop
  endfacet
  facet normal 0 0 -1
    outer loop
      vertex 6.50562 -15.706 0
      vertex 15.706 6.50562 0
      vertex 15.706 -6.50562 0
    endloop
  endfacet
  facet normal 0 0 -1
    outer loop
      vertex 6.50562 -15.706 0
      vertex 6.50562 15.706 0
      vertex 15.706 6.50562 0
    endloop
  endfacet
  facet normal 0 0 -1
    outer loop
      vertex -6.50562 -15.706 0
      vertex 6.50562 15.706 0
      vertex 6.50562 -15.706 0
    endloop
  endfacet
  facet normal 0 0 -1
    outer loop
      vertex -6.50562 -15.706 0
      vertex -6.50562 15.706 0
      vertex 6.50562 15.706 0
    endloop
  endfacet
  facet normal 0 0 -1
    outer loop
      vertex -15.706 -6.50562 0
      vertex -6.50562 15.706 0
      vertex -6.50562 -15.706 0
    endloop
  endfacet
  facet normal 0 0 -1
    outer loop
      vertex -6.50562 15.706 0
      vertex -15.706 -6.50562 0
      vertex -15.706 6.50562 0
    endloop
  endfacet
  facet normal 0 -1 0
    outer loop
      vertex -6.50562 -15.706 0
      vertex 6.50562 -15.706 3.84
      vertex -6.50562 -15.706 3.84
    endloop
  endfacet
  facet normal 0 -1 -0
    outer loop
      vertex 6.50562 -15.706 3.84
      vertex -6.50562 -15.706 0
      vertex 6.50562 -15.706 0
    endloop
  endfacet
  facet normal -1 0 0
    outer loop
      vertex -15.706 -6.50562 0
      vertex -15.706 6.50562 3.84
      vertex -15.706 6.50562 0
    endloop
  endfacet
  facet normal -1 -0 0
    outer loop
      vertex -15.706 6.50562 3.84
      vertex -15.706 -6.50562 0
      vertex -15.706 -6.50562 3.84
    endloop
  endfacet
  facet normal -0.707107 0.707107 0
    outer loop
      vertex -15.706 6.50562 0
      vertex -6.50562 15.706 3.84
      vertex -6.50562 15.706 0
    endloop
  endfacet
  facet normal -0.707107 0.707107 0
    outer loop
      vertex -6.50562 15.706 3.84
      vertex -15.706 6.50562 0
      vertex -15.706 6.50562 3.84
    endloop
  endfacet
  facet normal 0.420093 0.420093 0.804391
    outer loop
      vertex 6.50562 15.706 3.84
      vertex 14.1354 5.85506 5
      vertex 15.706 6.50562 3.84
    endloop
  endfacet
  facet normal 0.420093 0.420093 0.804391
    outer loop
      vertex 14.1354 5.85506 5
      vertex 6.50562 15.706 3.84
      vertex 5.85506 14.1354 5
    endloop
  endfacet
  facet normal -0.420093 0.420093 0.804391
    outer loop
      vertex -6.50562 15.706 3.84
      vertex -14.1354 5.85506 5
      vertex -5.85506 14.1354 5
    endloop
  endfacet
  facet normal -0.420093 0.420093 0.804391
    outer loop
      vertex -14.1354 5.85506 5
      vertex -6.50562 15.706 3.84
      vertex -15.706 6.50562 3.84
    endloop
  endfacet
  facet normal -0.420093 -0.420093 0.804391
    outer loop
      vertex -14.1354 -5.85506 5
      vertex -6.50562 -15.706 3.84
      vertex -5.85506 -14.1354 5
    endloop
  endfacet
  facet normal -0.420093 -0.420093 0.804391
    outer loop
      vertex -6.50562 -15.706 3.84
      vertex -14.1354 -5.85506 5
      vertex -15.706 -6.50562 3.84
    endloop
  endfacet
  facet normal 0.420093 -0.420093 0.804391
    outer loop
      vertex 14.1354 -5.85506 5
      vertex 6.50562 -15.706 3.84
      vertex 15.706 -6.50562 3.84
    endloop
  endfacet
  facet normal 0.420093 -0.420093 0.804391
    outer loop
      vertex 6.50562 -15.706 3.84
      vertex 14.1354 -5.85506 5
      vertex 5.85506 -14.1354 5
    endloop
  endfacet
  facet normal 0 0.5941 0.804391
    outer loop
      vertex 6.50562 15.706 3.84
      vertex -5.85506 14.1354 5
      vertex 5.85506 14.1354 5
    endloop
  endfacet
  facet normal 0 0.5941 0.804391
    outer loop
      vertex -5.85506 14.1354 5
      vertex 6.50562 15.706 3.84
      vertex -6.50562 15.706 3.84
    endloop
  endfacet
  facet normal 0 -0.5941 0.804391
    outer loop
      vertex -5.85506 -14.1354 5
      vertex 6.50562 -15.706 3.84
      vertex 5.85506 -14.1354 5
    endloop
  endfacet
  facet normal 0 -0.5941 0.804391
    outer loop
      vertex 6.50562 -15.706 3.84
      vertex -5.85506 -14.1354 5
      vertex -6.50562 -15.706 3.84
    endloop
  endfacet
  facet normal 0.5941 0 0.804391
    outer loop
      vertex 14.1354 5.85506 5
      vertex 15.706 -6.50562 3.84
      vertex 15.706 6.50562 3.84
    endloop
  endfacet
  facet normal 0.5941 0 0.804391
    outer loop
      vertex 15.706 -6.50562 3.84
      vertex 14.1354 5.85506 5
      vertex 14.1354 -5.85506 5
    endloop
  endfacet
  facet normal -0.5941 0 0.804391
    outer loop
      vertex -15.706 6.50562 3.84
      vertex -14.1354 -5.85506 5
      vertex -14.1354 5.85506 5
    endloop
  endfacet
  facet normal -0.5941 0 0.804391
    outer loop
      vertex -14.1354 -5.85506 5
      vertex -15.706 6.50562 3.84
      vertex -15.706 -6.50562 3.84
    endloop
  endfacet
  facet normal 0.707107 0.707107 0
    outer loop
      vertex 14.1354 5.85506 5.04
      vertex 5.85506 14.1354 5
      vertex 5.85506 14.1354 5.04
    endloop
  endfacet
  facet normal 0.707107 0.707107 0
    outer loop
      vertex 5.85506 14.1354 5
      vertex 14.1354 5.85506 5.04
      vertex 14.1354 5.85506 5
    endloop
  endfacet
  facet normal 0 1 -0
    outer loop
      vertex 5.85506 14.1354 5
      vertex -5.85506 14.1354 5.04
      vertex 5.85506 14.1354 5.04
    endloop
  endfacet
  facet normal 0 1 0
    outer loop
      vertex -5.85506 14.1354 5.04
      vertex 5.85506 14.1354 5
      vertex -5.85506 14.1354 5
    endloop
  endfacet
  facet normal 0.870333 -0 0.492464
    outer loop
      vertex 8.49969 -3.52069 15
      vertex 14.1354 5.85506 5.04
      vertex 8.49969 3.52069 15
    endloop
  endfacet
  facet normal 0.870333 0 0.492464
    outer loop
      vertex 14.1354 5.85506 5.04
      vertex 8.49969 -3.52069 15
      vertex 14.1354 -5.85506 5.04
    endloop
  endfacet
  facet normal -0.615419 0.615419 0.492463
    outer loop
      vertex -14.1354 5.85506 5.04
      vertex -3.52069 8.49969 15
      vertex -5.85506 14.1354 5.04
    endloop
  endfacet
  facet normal -0.615419 0.615419 0.492463
    outer loop
      vertex -3.52069 8.49969 15
      vertex -14.1354 5.85506 5.04
      vertex -8.49969 3.52069 15
    endloop
  endfacet
  facet normal 0 0.870333 0.492464
    outer loop
      vertex 5.85506 14.1354 5.04
      vertex -3.52069 8.49969 15
      vertex 3.52069 8.49969 15
    endloop
  endfacet
  facet normal 0 0.870333 0.492464
    outer loop
      vertex -3.52069 8.49969 15
      vertex 5.85506 14.1354 5.04
      vertex -5.85506 14.1354 5.04
    endloop
  endfacet
  facet normal 1 -0 0
    outer loop
      vertex 14.1354 -5.85506 5.04
      vertex 14.1354 5.85506 5
      vertex 14.1354 5.85506 5.04
    endloop
  endfacet
  facet normal 1 0 0
    outer loop
      vertex 14.1354 5.85506 5
      vertex 14.1354 -5.85506 5.04
      vertex 14.1354 -5.85506 5
    endloop
  endfacet
  facet normal 0 -1 0
    outer loop
      vertex -5.85506 -14.1354 5
      vertex 5.85506 -14.1354 5.04
      vertex -5.85506 -14.1354 5.04
    endloop
  endfacet
  facet normal 0 -1 -0
    outer loop
      vertex 5.85506 -14.1354 5.04
      vertex -5.85506 -14.1354 5
      vertex 5.85506 -14.1354 5
    endloop
  endfacet
  facet normal -0.870333 0 0.492464
    outer loop
      vertex -14.1354 5.85506 5.04
      vertex -8.49969 -3.52069 15
      vertex -8.49969 3.52069 15
    endloop
  endfacet
  facet normal -0.870333 0 0.492464
    outer loop
      vertex -8.49969 -3.52069 15
      vertex -14.1354 5.85506 5.04
      vertex -14.1354 -5.85506 5.04
    endloop
  endfacet
  facet normal -0.707107 0.707107 0
    outer loop
      vertex -14.1354 5.85506 5
      vertex -5.85506 14.1354 5.04
      vertex -5.85506 14.1354 5
    endloop
  endfacet
  facet normal -0.707107 0.707107 0
    outer loop
      vertex -5.85506 14.1354 5.04
      vertex -14.1354 5.85506 5
      vertex -14.1354 5.85506 5.04
    endloop
  endfacet
  facet normal 0.615419 0.615419 0.492463
    outer loop
      vertex 3.52069 8.49969 15
      vertex 14.1354 5.85506 5.04
      vertex 5.85506 14.1354 5.04
    endloop
  endfacet
  facet normal 0.615419 0.615419 0.492463
    outer loop
      vertex 14.1354 5.85506 5.04
      vertex 3.52069 8.49969 15
      vertex 8.49969 3.52069 15
    endloop
  endfacet
  facet normal -0.707107 -0.707107 0
    outer loop
      vertex -5.85506 -14.1354 5
      vertex -14.1354 -5.85506 5.04
      vertex -14.1354 -5.85506 5
    endloop
  endfacet
  facet normal -0.707107 -0.707107 0
    outer loop
      vertex -14.1354 -5.85506 5.04
      vertex -5.85506 -14.1354 5
      vertex -5.85506 -14.1354 5.04
    endloop
  endfacet
  facet normal -1 0 0
    outer loop
      vertex -14.1354 -5.85506 5
      vertex -14.1354 5.85506 5.04
      vertex -14.1354 5.85506 5
    endloop
  endfacet
  facet normal -1 -0 0
    outer loop
      vertex -14.1354 5.85506 5.04
      vertex -14.1354 -5.85506 5
      vertex -14.1354 -5.85506 5.04
    endloop
  endfacet
  facet normal 0.615419 -0.615419 0.492463
    outer loop
      vertex 3.52069 -8.49969 15
      vertex 14.1354 -5.85506 5.04
      vertex 8.49969 -3.52069 15
    endloop
  endfacet
  facet normal 0.615419 -0.615419 0.492463
    outer loop
      vertex 14.1354 -5.85506 5.04
      vertex 3.52069 -8.49969 15
      vertex 5.85506 -14.1354 5.04
    endloop
  endfacet
  facet normal 0 -0.870333 0.492464
    outer loop
      vertex -5.85506 -14.1354 5.04
      vertex 3.52069 -8.49969 15
      vertex -3.52069 -8.49969 15
    endloop
  endfacet
  facet normal 0 -0.870333 0.492464
    outer loop
      vertex 3.52069 -8.49969 15
      vertex -5.85506 -14.1354 5.04
      vertex 5.85506 -14.1354 5.04
    endloop
  endfacet
  facet normal -0.615419 -0.615419 0.492463
    outer loop
      vertex -14.1354 -5.85506 5.04
      vertex -3.52069 -8.49969 15
      vertex -8.49969 -3.52069 15
    endloop
  endfacet
  facet normal -0.615419 -0.615419 0.492463
    outer loop
      vertex -3.52069 -8.49969 15
      vertex -14.1354 -5.85506 5.04
      vertex -5.85506 -14.1354 5.04
    endloop
  endfacet
  facet normal 0.707107 -0.707107 0
    outer loop
      vertex 5.85506 -14.1354 5.04
      vertex 14.1354 -5.85506 5
      vertex 14.1354 -5.85506 5.04
    endloop
  endfacet
  facet normal 0.707107 -0.707107 0
    outer loop
      vertex 14.1354 -5.85506 5
      vertex 5.85506 -14.1354 5.04
      vertex 5.85506 -14.1354 5
    endloop
  endfacet
  facet normal 0.447947 0.775822 -0.444346
    outer loop
      vertex 1.72937 2.24613 50.8
      vertex -2.0876e-07 5.64838 54.9969
      vertex 0.215475 5.70736 55.3171
    endloop
  endfacet
  facet normal 0.447923 0.775828 -0.44436
    outer loop
      vertex -2.0876e-07 5.64838 54.9969
      vertex 1.72937 2.24613 50.8
      vertex 1.81628e-07 3.24458 50.8
    endloop
  endfacet
  facet normal 0.500001 0.866025 6.46818e-05
    outer loop
      vertex 4.72121 3.47421 55.96
      vertex 0.622626 5.84053 56.04
      vertex 4.74673 3.45947 56.04
    endloop
  endfacet
  facet normal 0.5 0.866026 -3.40467e-05
    outer loop
      vertex 0.622626 5.84053 56.04
      vertex 4.72121 3.47421 55.96
      vertex 0.648151 5.82579 55.96
    endloop
  endfacet
  facet normal -0.895838 0 -0.444382
    outer loop
      vertex -5.32432 -2.39613 55.8692
      vertex -5.32432 2.39613 55.8692
      vertex -5.05045 2.66707 55.3171
    endloop
  endfacet
  facet normal -0.895849 2.50594e-06 -0.444358
    outer loop
      vertex -4.89164 -2.82419 54.9969
      vertex -5.05045 2.66707 55.3171
      vertex -2.80989 -0.374614 50.8
    endloop
  endfacet
  facet normal -0.895849 0 -0.44436
    outer loop
      vertex -4.89164 -2.82419 54.9969
      vertex -2.80989 -0.374614 50.8
      vertex -2.80989 -1.62229 50.8
    endloop
  endfacet
  facet normal -0.895848 2.72877e-06 -0.444361
    outer loop
      vertex -5.32432 -2.39613 55.8692
      vertex -5.05045 2.66707 55.3171
      vertex -4.89164 -2.82419 54.9969
    endloop
  endfacet
  facet normal -0.895843 -0 -0.44437
    outer loop
      vertex -5.36936 2.35158 55.96
      vertex -5.32432 -2.39613 55.8692
      vertex -5.36936 -2.35158 55.96
    endloop
  endfacet
  facet normal -0.895843 -0 -0.44437
    outer loop
      vertex -5.32432 2.39613 55.8692
      vertex -5.32432 -2.39613 55.8692
      vertex -5.36936 2.35158 55.96
    endloop
  endfacet
  facet normal -1 0 0
    outer loop
      vertex -5.36936 -2.35158 55.96
      vertex -5.36936 2.38105 56.04
      vertex -5.36936 2.35158 55.96
    endloop
  endfacet
  facet normal -1 -0 0
    outer loop
      vertex -5.36936 2.38105 56.04
      vertex -5.36936 -2.35158 55.96
      vertex -5.36936 -2.38105 56.04
    endloop
  endfacet
  facet normal 0.447924 0.775827 -0.444361
    outer loop
      vertex 4.89164 2.82419 54.9969
      vertex 0.648151 5.82579 55.96
      vertex 4.72121 3.47421 55.96
    endloop
  endfacet
  facet normal 0.44792 0.775825 -0.444369
    outer loop
      vertex 0.648151 5.82579 55.96
      vertex 4.89164 2.82419 54.9969
      vertex 0.215475 5.70736 55.3171
    endloop
  endfacet
  facet normal 0.447923 0.775828 -0.444359
    outer loop
      vertex 2.80989 1.62229 50.8
      vertex 0.215475 5.70736 55.3171
      vertex 4.89164 2.82419 54.9969
    endloop
  endfacet
  facet normal 0.447926 0.775828 -0.444357
    outer loop
      vertex 0.215475 5.70736 55.3171
      vertex 2.80989 1.62229 50.8
      vertex 1.72937 2.24613 50.8
    endloop
  endfacet
  facet normal 0.447924 -0.775828 -0.444359
    outer loop
      vertex 4.89164 -2.82419 54.9969
      vertex 0.648151 -5.82579 55.96
      vertex 2.0876e-07 -5.64838 54.9969
    endloop
  endfacet
  facet normal 0.447924 -0.775827 -0.444361
    outer loop
      vertex 0.648151 -5.82579 55.96
      vertex 4.89164 -2.82419 54.9969
      vertex 4.72121 -3.47421 55.96
    endloop
  endfacet
  facet normal 0.447924 -0.775828 -0.44436
    outer loop
      vertex 2.80989 -1.62229 50.8
      vertex 2.0876e-07 -5.64838 54.9969
      vertex -1.81628e-07 -3.24458 50.8
    endloop
  endfacet
  facet normal 0.447924 -0.775827 -0.44436
    outer loop
      vertex 2.0876e-07 -5.64838 54.9969
      vertex 2.80989 -1.62229 50.8
      vertex 4.89164 -2.82419 54.9969
    endloop
  endfacet
  facet normal 0.895859 3.54694e-05 -0.444338
    outer loop
      vertex 4.89164 -2.82419 54.9969
      vertex 2.80989 0.374614 50.8
      vertex 5.05045 -2.66707 55.3171
    endloop
  endfacet
  facet normal 0.895849 0 -0.44436
    outer loop
      vertex 2.80989 0.374614 50.8
      vertex 4.89164 -2.82419 54.9969
      vertex 2.80989 -1.62229 50.8
    endloop
  endfacet
  facet normal 0.500001 -0.866025 -3.34318e-05
    outer loop
      vertex 0.648151 -5.82579 55.96
      vertex 4.74673 -3.45947 56.04
      vertex 0.622626 -5.84053 56.04
    endloop
  endfacet
  facet normal 0.5 -0.866026 6.52966e-05
    outer loop
      vertex 4.74673 -3.45947 56.04
      vertex 0.648151 -5.82579 55.96
      vertex 4.72121 -3.47421 55.96
    endloop
  endfacet
  facet normal -0.447924 -0.775827 -0.444361
    outer loop
      vertex -4.89164 -2.82419 54.9969
      vertex -0.648151 -5.82579 55.96
      vertex -4.72121 -3.47421 55.96
    endloop
  endfacet
  facet normal -0.44792 -0.775825 -0.444369
    outer loop
      vertex -0.648151 -5.82579 55.96
      vertex -4.89164 -2.82419 54.9969
      vertex -0.215475 -5.70736 55.3171
    endloop
  endfacet
  facet normal -0.447923 -0.775828 -0.444359
    outer loop
      vertex -2.80989 -1.62229 50.8
      vertex -0.215475 -5.70736 55.3171
      vertex -4.89164 -2.82419 54.9969
    endloop
  endfacet
  facet normal -0.447926 -0.775828 -0.444357
    outer loop
      vertex -0.215475 -5.70736 55.3171
      vertex -2.80989 -1.62229 50.8
      vertex -1.72937 -2.24613 50.8
    endloop
  endfacet
  facet normal -0.500001 -0.866025 6.46818e-05
    outer loop
      vertex -4.72121 -3.47421 55.96
      vertex -0.622626 -5.84053 56.04
      vertex -4.74673 -3.45947 56.04
    endloop
  endfacet
  facet normal -0.5 -0.866026 -3.40467e-05
    outer loop
      vertex -0.622626 -5.84053 56.04
      vertex -4.72121 -3.47421 55.96
      vertex -0.648151 -5.82579 55.96
    endloop
  endfacet
  facet normal -0.447947 -0.775822 -0.444346
    outer loop
      vertex -1.72937 -2.24613 50.8
      vertex 2.0876e-07 -5.64838 54.9969
      vertex -0.215475 -5.70736 55.3171
    endloop
  endfacet
  facet normal -0.447923 -0.775828 -0.44436
    outer loop
      vertex 2.0876e-07 -5.64838 54.9969
      vertex -1.72937 -2.24613 50.8
      vertex -1.81628e-07 -3.24458 50.8
    endloop
  endfacet
  facet normal -0.500001 0.866025 -3.34318e-05
    outer loop
      vertex -0.648151 5.82579 55.96
      vertex -4.74673 3.45947 56.04
      vertex -0.622626 5.84053 56.04
    endloop
  endfacet
  facet normal -0.5 0.866026 6.52966e-05
    outer loop
      vertex -4.74673 3.45947 56.04
      vertex -0.648151 5.82579 55.96
      vertex -4.72121 3.47421 55.96
    endloop
  endfacet
  facet normal 1 0 0
    outer loop
      vertex 5.36936 2.38105 56.04
      vertex 5.36936 -2.35158 55.96
      vertex 5.36936 2.35158 55.96
    endloop
  endfacet
  facet normal 1 0 -0
    outer loop
      vertex 5.36936 -2.35158 55.96
      vertex 5.36936 2.38105 56.04
      vertex 5.36936 -2.38105 56.04
    endloop
  endfacet
  facet normal 0.895848 -2.72877e-06 -0.444361
    outer loop
      vertex 5.05045 -2.66707 55.3171
      vertex 4.89164 2.82419 54.9969
      vertex 5.32432 2.39613 55.8692
    endloop
  endfacet
  facet normal 0.895843 0 -0.44437
    outer loop
      vertex 5.32432 -2.39613 55.8692
      vertex 5.32432 2.39613 55.8692
      vertex 5.36936 2.35158 55.96
    endloop
  endfacet
  facet normal 0.895849 0 -0.44436
    outer loop
      vertex 4.89164 2.82419 54.9969
      vertex 2.80989 0.374614 50.8
      vertex 2.80989 1.62229 50.8
    endloop
  endfacet
  facet normal 0.895843 0 -0.44437
    outer loop
      vertex 5.32432 -2.39613 55.8692
      vertex 5.36936 2.35158 55.96
      vertex 5.36936 -2.35158 55.96
    endloop
  endfacet
  facet normal 0.895838 0 -0.444382
    outer loop
      vertex 5.32432 2.39613 55.8692
      vertex 5.32432 -2.39613 55.8692
      vertex 5.05045 -2.66707 55.3171
    endloop
  endfacet
  facet normal 0.895849 -2.50594e-06 -0.444358
    outer loop
      vertex 4.89164 2.82419 54.9969
      vertex 5.05045 -2.66707 55.3171
      vertex 2.80989 0.374614 50.8
    endloop
  endfacet
  facet normal -0.895849 0 -0.44436
    outer loop
      vertex -2.80989 -0.374614 50.8
      vertex -4.89164 2.82419 54.9969
      vertex -2.80989 1.62229 50.8
    endloop
  endfacet
  facet normal -0.895859 -3.54694e-05 -0.444338
    outer loop
      vertex -4.89164 2.82419 54.9969
      vertex -2.80989 -0.374614 50.8
      vertex -5.05045 2.66707 55.3171
    endloop
  endfacet
  facet normal -0.447924 0.775828 -0.444359
    outer loop
      vertex -4.89164 2.82419 54.9969
      vertex -0.648151 5.82579 55.96
      vertex -2.0876e-07 5.64838 54.9969
    endloop
  endfacet
  facet normal -0.447924 0.775827 -0.444361
    outer loop
      vertex -0.648151 5.82579 55.96
      vertex -4.89164 2.82419 54.9969
      vertex -4.72121 3.47421 55.96
    endloop
  endfacet
  facet normal -0.447924 0.775828 -0.44436
    outer loop
      vertex -2.80989 1.62229 50.8
      vertex -2.0876e-07 5.64838 54.9969
      vertex 1.81628e-07 3.24458 50.8
    endloop
  endfacet
  facet normal -0.447924 0.775827 -0.44436
    outer loop
      vertex -2.0876e-07 5.64838 54.9969
      vertex -2.80989 1.62229 50.8
      vertex -4.89164 2.82419 54.9969
    endloop
  endfacet
  facet normal 0.480806 0.832781 0.274411
    outer loop
      vertex 1.38564 0.8 70
      vertex -3.03937e-07 5.96943 56.7397
      vertex -4.09871e-07 1.6 70
    endloop
  endfacet
  facet normal 0.480771 0.832798 0.274422
    outer loop
      vertex -3.03937e-07 5.96943 56.7397
      vertex 1.38564 0.8 70
      vertex 0.0624843 5.95649 56.6695
    endloop
  endfacet
  facet normal 0 0 1
    outer loop
      vertex 1.38564 0.8 70
      vertex 4.09871e-07 -1.6 70
      vertex 1.38564 -0.8 70
    endloop
  endfacet
  facet normal 0 0 1
    outer loop
      vertex -4.09871e-07 1.6 70
      vertex 4.09871e-07 -1.6 70
      vertex 1.38564 0.8 70
    endloop
  endfacet
  facet normal -0 0 1
    outer loop
      vertex -1.38564 0.8 70
      vertex 4.09871e-07 -1.6 70
      vertex -4.09871e-07 1.6 70
    endloop
  endfacet
  facet normal 0 0 1
    outer loop
      vertex 4.09871e-07 -1.6 70
      vertex -1.38564 0.8 70
      vertex -1.38564 -0.8 70
    endloop
  endfacet
  facet normal 0.480808 0.83278 0.274411
    outer loop
      vertex 5.16967 2.98471 56.7397
      vertex 0.0624843 5.95649 56.6695
      vertex 1.38564 0.8 70
    endloop
  endfacet
  facet normal 0.480805 0.832776 0.274428
    outer loop
      vertex 0.622626 5.84053 56.04
      vertex 5.16967 2.98471 56.7397
      vertex 4.74673 3.45947 56.04
    endloop
  endfacet
  facet normal 0.480806 0.832777 0.274425
    outer loop
      vertex 5.16967 2.98471 56.7397
      vertex 0.622626 5.84053 56.04
      vertex 0.0624843 5.95649 56.6695
    endloop
  endfacet
  facet normal 0.961604 8.18672e-07 0.27444
    outer loop
      vertex 5.18971 -2.92413 56.6695
      vertex 5.33269 2.49191 56.1685
      vertex 5.16967 2.98471 56.7397
    endloop
  endfacet
  facet normal 0.961612 1.19434e-06 0.274411
    outer loop
      vertex 5.18971 -2.92413 56.6695
      vertex 5.16967 2.98471 56.7397
      vertex 1.38564 0.8 70
    endloop
  endfacet
  facet normal 0.961606 0 0.274432
    outer loop
      vertex 5.33269 2.49191 56.1685
      vertex 5.18971 -2.92413 56.6695
      vertex 5.33269 -2.49191 56.1685
    endloop
  endfacet
  facet normal 0.961611 0 0.274415
    outer loop
      vertex 5.36936 2.38105 56.04
      vertex 5.33269 -2.49191 56.1685
      vertex 5.36936 -2.38105 56.04
    endloop
  endfacet
  facet normal 0.961611 0 0.274415
    outer loop
      vertex 5.33269 2.49191 56.1685
      vertex 5.33269 -2.49191 56.1685
      vertex 5.36936 2.38105 56.04
    endloop
  endfacet
  facet normal -0.480806 0.832781 0.274411
    outer loop
      vertex -3.03937e-07 5.96943 56.7397
      vertex -1.38564 0.8 70
      vertex -4.09871e-07 1.6 70
    endloop
  endfacet
  facet normal -0.480807 0.83278 0.274411
    outer loop
      vertex -3.03937e-07 5.96943 56.7397
      vertex -5.16967 2.98471 56.7397
      vertex -1.38564 0.8 70
    endloop
  endfacet
  facet normal -0.480805 0.832776 0.274427
    outer loop
      vertex -0.622626 5.84053 56.04
      vertex -5.16967 2.98471 56.7397
      vertex -3.03937e-07 5.96943 56.7397
    endloop
  endfacet
  facet normal -0.480805 0.832776 0.274428
    outer loop
      vertex -5.16967 2.98471 56.7397
      vertex -0.622626 5.84053 56.04
      vertex -4.74673 3.45947 56.04
    endloop
  endfacet
  facet normal 0.961613 0 0.274411
    outer loop
      vertex 5.16967 -2.98471 56.7397
      vertex 1.38564 0.8 70
      vertex 1.38564 -0.8 70
    endloop
  endfacet
  facet normal 0.961606 -8.77107e-05 0.274434
    outer loop
      vertex 1.38564 0.8 70
      vertex 5.16967 -2.98471 56.7397
      vertex 5.18971 -2.92413 56.6695
    endloop
  endfacet
  facet normal 0.480806 -0.832781 0.274411
    outer loop
      vertex 3.03937e-07 -5.96943 56.7397
      vertex 1.38564 -0.8 70
      vertex 4.09871e-07 -1.6 70
    endloop
  endfacet
  facet normal 0.480807 -0.83278 0.274411
    outer loop
      vertex 3.03937e-07 -5.96943 56.7397
      vertex 5.16967 -2.98471 56.7397
      vertex 1.38564 -0.8 70
    endloop
  endfacet
  facet normal 0.480805 -0.832776 0.274427
    outer loop
      vertex 0.622626 -5.84053 56.04
      vertex 5.16967 -2.98471 56.7397
      vertex 3.03937e-07 -5.96943 56.7397
    endloop
  endfacet
  facet normal 0.480805 -0.832776 0.274428
    outer loop
      vertex 5.16967 -2.98471 56.7397
      vertex 0.622626 -5.84053 56.04
      vertex 4.74673 -3.45947 56.04
    endloop
  endfacet
  facet normal -0.480806 -0.832781 0.274411
    outer loop
      vertex -1.38564 -0.8 70
      vertex 3.03937e-07 -5.96943 56.7397
      vertex 4.09871e-07 -1.6 70
    endloop
  endfacet
  facet normal -0.480771 -0.832798 0.274422
    outer loop
      vertex 3.03937e-07 -5.96943 56.7397
      vertex -1.38564 -0.8 70
      vertex -0.0624843 -5.95649 56.6695
    endloop
  endfacet
  facet normal -0.961606 8.77107e-05 0.274434
    outer loop
      vertex -1.38564 -0.8 70
      vertex -5.16967 2.98471 56.7397
      vertex -5.18971 2.92413 56.6695
    endloop
  endfacet
  facet normal -0.961613 0 0.274411
    outer loop
      vertex -5.16967 2.98471 56.7397
      vertex -1.38564 -0.8 70
      vertex -1.38564 0.8 70
    endloop
  endfacet
  facet normal -0.961606 0 0.274432
    outer loop
      vertex -5.33269 -2.49191 56.1685
      vertex -5.18971 2.92413 56.6695
      vertex -5.33269 2.49191 56.1685
    endloop
  endfacet
  facet normal -0.961611 0 0.274415
    outer loop
      vertex -5.33269 -2.49191 56.1685
      vertex -5.33269 2.49191 56.1685
      vertex -5.36936 2.38105 56.04
    endloop
  endfacet
  facet normal -0.961611 0 0.274415
    outer loop
      vertex -5.33269 -2.49191 56.1685
      vertex -5.36936 2.38105 56.04
      vertex -5.36936 -2.38105 56.04
    endloop
  endfacet
  facet normal -0.961604 -8.18672e-07 0.27444
    outer loop
      vertex -5.18971 2.92413 56.6695
      vertex -5.33269 -2.49191 56.1685
      vertex -5.16967 -2.98471 56.7397
    endloop
  endfacet
  facet normal -0.961612 -1.19434e-06 0.274411
    outer loop
      vertex -5.18971 2.92413 56.6695
      vertex -5.16967 -2.98471 56.7397
      vertex -1.38564 -0.8 70
    endloop
  endfacet
  facet normal -0.480808 -0.83278 0.274411
    outer loop
      vertex -5.16967 -2.98471 56.7397
      vertex -0.0624843 -5.95649 56.6695
      vertex -1.38564 -0.8 70
    endloop
  endfacet
  facet normal -0.480805 -0.832776 0.274428
    outer loop
      vertex -0.622626 -5.84053 56.04
      vertex -5.16967 -2.98471 56.7397
      vertex -4.74673 -3.45947 56.04
    endloop
  endfacet
  facet normal -0.480806 -0.832777 0.274425
    outer loop
      vertex -5.16967 -2.98471 56.7397
      vertex -0.622626 -5.84053 56.04
      vertex -0.0624843 -5.95649 56.6695
    endloop
  endfacet
  facet normal 0.498449 -0.863339 0.0787022
    outer loop
      vertex 7.94536 1.82023 50.8
      vertex 6.93538 2.38756 63.42
      vertex 5.42026 0.362362 50.8
    endloop
  endfacet
  facet normal 0.498447 -0.863341 0.0787021
    outer loop
      vertex 9.42357 2.53146 49.24
      vertex 6.93538 2.38756 63.42
      vertex 7.94536 1.82023 50.8
    endloop
  endfacet
  facet normal 0.498527 -0.863293 0.0787166
    outer loop
      vertex 9.42357 2.53146 49.24
      vertex 9.61384 2.54833 48.22
      vertex 6.93538 2.38756 63.42
    endloop
  endfacet
  facet normal 0.498441 -0.863344 0.0786997
    outer loop
      vertex 9.61384 2.54833 48.22
      vertex 9.42357 2.53146 49.24
      vertex 9.42357 2.43848 48.22
    endloop
  endfacet
  facet normal 0 0 1
    outer loop
      vertex 7.96025 6.21243 63.42
      vertex 6.93538 2.38756 63.42
      vertex 9.36025 3.78756 63.42
    endloop
  endfacet
  facet normal 0 -0 1
    outer loop
      vertex 6.93538 2.38756 63.42
      vertex 7.96025 6.21243 63.42
      vertex 5.53538 4.81244 63.42
    endloop
  endfacet
  facet normal 0.499992 -0.86603 0
    outer loop
      vertex 9.42357 2.43848 48.18
      vertex 9.61384 2.54833 48.22
      vertex 9.42357 2.43848 48.22
    endloop
  endfacet
  facet normal 0.499992 -0.86603 0
    outer loop
      vertex 9.61384 2.54833 48.22
      vertex 9.42357 2.43848 48.18
      vertex 9.61384 2.54833 48.18
    endloop
  endfacet
  facet normal 0.663474 0.748199 -0
    outer loop
      vertex 7.96025 6.21243 63.38
      vertex 7.01384 7.05167 48.22
      vertex 7.96025 6.21243 63.42
    endloop
  endfacet
  facet normal 0.663474 0.748199 0
    outer loop
      vertex 7.01384 7.05167 48.22
      vertex 7.96025 6.21243 63.38
      vertex 7.01384 7.05167 48.18
    endloop
  endfacet
  facet normal -0 0 -1
    outer loop
      vertex 9.61384 2.54833 48.18
      vertex 9.42357 2.43848 48.18
      vertex 9.42357 2.87789 48.18
    endloop
  endfacet
  facet normal 0 0 -1
    outer loop
      vertex 8.02275 5.3042 48.18
      vertex 6.54561 6.78133 48.18
      vertex 7.01384 7.05167 48.18
    endloop
  endfacet
  facet normal 0 0 -1
    outer loop
      vertex -9.42357 -2.87789 48.18
      vertex -9.61384 -2.54833 48.18
      vertex -9.42357 -2.43848 48.18
    endloop
  endfacet
  facet normal 0 0 -1
    outer loop
      vertex -7.01384 -7.05167 48.18
      vertex -8.02275 -5.3042 48.18
      vertex -6.54561 -6.78133 48.18
    endloop
  endfacet
  facet normal 0 0 -1
    outer loop
      vertex -2.6 9.42357 48.18
      vertex 2.6 9.6 48.18
      vertex 2.6 9.42357 48.18
    endloop
  endfacet
  facet normal -0 0 -1
    outer loop
      vertex 2.6 9.6 48.18
      vertex -2.6 9.42357 48.18
      vertex -2.6 9.6 48.18
    endloop
  endfacet
  facet normal 0 0 -1
    outer loop
      vertex -2.6 -9.6 48.18
      vertex 2.6 -9.42357 48.18
      vertex 2.6 -9.6 48.18
    endloop
  endfacet
  facet normal -0 0 -1
    outer loop
      vertex 2.6 -9.42357 48.18
      vertex -2.6 -9.6 48.18
      vertex -2.6 -9.42357 48.18
    endloop
  endfacet
  facet normal -0 0 -1
    outer loop
      vertex -6.54561 6.78133 48.18
      vertex -8.02275 5.3042 48.18
      vertex -7.01384 7.05167 48.18
    endloop
  endfacet
  facet normal 0 0 -1
    outer loop
      vertex -9.42357 2.43848 48.18
      vertex -9.61384 2.54833 48.18
      vertex -9.42357 2.87789 48.18
    endloop
  endfacet
  facet normal 0 0 -1
    outer loop
      vertex 7.01384 -7.05167 48.18
      vertex 6.54561 -6.78133 48.18
      vertex 8.02275 -5.3042 48.18
    endloop
  endfacet
  facet normal -0 0 -1
    outer loop
      vertex 9.61384 -2.54833 48.18
      vertex 9.42357 -2.87789 48.18
      vertex 9.42357 -2.43848 48.18
    endloop
  endfacet
  facet normal -0.498446 0.863341 0.0787025
    outer loop
      vertex 5.53538 4.81244 63.42
      vertex 6.60456 6.72238 49.24
      vertex 5.36939 5.86705 50.8
    endloop
  endfacet
  facet normal -0.498467 0.863329 0.0786994
    outer loop
      vertex 7.01384 7.05167 48.22
      vertex 6.60456 6.72238 49.24
      vertex 5.53538 4.81244 63.42
    endloop
  endfacet
  facet normal -0.498459 0.863333 0.0787036
    outer loop
      vertex 6.60456 6.72238 49.24
      vertex 7.01384 7.05167 48.22
      vertex 6.54561 6.78133 48.22
    endloop
  endfacet
  facet normal -0.49845 0.863339 0.0787023
    outer loop
      vertex 5.53538 4.81244 63.42
      vertex 5.36939 5.86705 50.8
      vertex 3.02394 4.5129 50.8
    endloop
  endfacet
  facet normal 0.865724 0.49983 -0.0262983
    outer loop
      vertex 7.01384 7.05167 48.18
      vertex 8.09895 5.22799 49.24
      vertex 8.02275 5.3042 48.18
    endloop
  endfacet
  facet normal 0.865726 0.499826 -0.0263066
    outer loop
      vertex 9.36025 3.78756 63.38
      vertex 8.09895 5.22799 49.24
      vertex 7.01384 7.05167 48.18
    endloop
  endfacet
  facet normal 0.865724 0.49983 -0.0263061
    outer loop
      vertex 9.36025 3.78756 63.38
      vertex 8.98317 3.72095 49.7048
      vertex 8.09895 5.22799 49.24
    endloop
  endfacet
  facet normal 0.865729 0.499821 -0.0263062
    outer loop
      vertex 9.36025 3.78756 63.38
      vertex 9.42357 2.93368 49.24
      vertex 8.98317 3.72095 49.7048
    endloop
  endfacet
  facet normal 0.865727 0.499824 -0.0263068
    outer loop
      vertex 9.42357 2.93368 49.24
      vertex 9.61384 2.54833 48.18
      vertex 9.42357 2.87789 48.18
    endloop
  endfacet
  facet normal 0.865728 0.499823 -0.0263063
    outer loop
      vertex 9.61384 2.54833 48.18
      vertex 9.42357 2.93368 49.24
      vertex 9.36025 3.78756 63.38
    endloop
  endfacet
  facet normal 0.979698 0.200481 0
    outer loop
      vertex 9.61384 2.54833 48.22
      vertex 9.36025 3.78756 63.38
      vertex 9.36025 3.78756 63.42
    endloop
  endfacet
  facet normal 0.979698 0.200481 0
    outer loop
      vertex 9.36025 3.78756 63.38
      vertex 9.61384 2.54833 48.22
      vertex 9.61384 2.54833 48.18
    endloop
  endfacet
  facet normal 0.866025 0.5 0
    outer loop
      vertex 9.36025 3.78756 63.42
      vertex 7.96025 6.21243 63.38
      vertex 7.96025 6.21243 63.42
    endloop
  endfacet
  facet normal 0.866025 0.5 0
    outer loop
      vertex 7.96025 6.21243 63.38
      vertex 9.36025 3.78756 63.42
      vertex 9.36025 3.78756 63.38
    endloop
  endfacet
  facet normal 0.865726 0.499827 -0.0263063
    outer loop
      vertex 9.36025 3.78756 63.38
      vertex 7.01384 7.05167 48.18
      vertex 7.96025 6.21243 63.38
    endloop
  endfacet
  facet normal 0.498449 -0.863339 0.0787025
    outer loop
      vertex 9.36025 3.78756 63.42
      vertex 6.93538 2.38756 63.42
      vertex 9.61384 2.54833 48.22
    endloop
  endfacet
  facet normal -0.851695 -0.491728 0.181163
    outer loop
      vertex 3.02394 4.5129 50.8
      vertex 4.89164 2.82419 54.9969
      vertex 4.72121 3.47421 55.96
    endloop
  endfacet
  facet normal -0.851695 -0.491728 0.181163
    outer loop
      vertex 5.18263 0.773952 50.8
      vertex 4.89164 2.82419 54.9969
      vertex 3.02394 4.5129 50.8
    endloop
  endfacet
  facet normal -0.851698 -0.491722 0.18116
    outer loop
      vertex 4.89164 2.82419 54.9969
      vertex 5.18263 0.773952 50.8
      vertex 5.32432 2.39613 55.8692
    endloop
  endfacet
  facet normal -0.851693 -0.49173 0.181162
    outer loop
      vertex 4.72121 3.47421 55.96
      vertex 5.53538 4.81244 63.42
      vertex 3.02394 4.5129 50.8
    endloop
  endfacet
  facet normal -0.851784 -0.49158 0.181145
    outer loop
      vertex 4.74673 3.45947 56.04
      vertex 5.53538 4.81244 63.42
      vertex 4.72121 3.47421 55.96
    endloop
  endfacet
  facet normal -0.851692 -0.491732 0.181163
    outer loop
      vertex 5.16967 2.98471 56.7397
      vertex 5.53538 4.81244 63.42
      vertex 4.74673 3.45947 56.04
    endloop
  endfacet
  facet normal -0.851695 -0.491727 0.181162
    outer loop
      vertex 5.53538 4.81244 63.42
      vertex 5.16967 2.98471 56.7397
      vertex 5.33269 2.49191 56.1685
    endloop
  endfacet
  facet normal -0.851697 -0.491724 0.181161
    outer loop
      vertex 5.42026 0.362362 50.8
      vertex 5.32432 2.39613 55.8692
      vertex 5.18263 0.773952 50.8
    endloop
  endfacet
  facet normal -0.851696 -0.491725 0.181162
    outer loop
      vertex 5.33269 2.49191 56.1685
      vertex 6.93538 2.38756 63.42
      vertex 5.53538 4.81244 63.42
    endloop
  endfacet
  facet normal -0.851703 -0.491714 0.181163
    outer loop
      vertex 5.36936 2.38105 56.04
      vertex 6.93538 2.38756 63.42
      vertex 5.33269 2.49191 56.1685
    endloop
  endfacet
  facet normal -0.851671 -0.491772 0.181156
    outer loop
      vertex 5.36936 2.35158 55.96
      vertex 6.93538 2.38756 63.42
      vertex 5.36936 2.38105 56.04
    endloop
  endfacet
  facet normal -0.851669 -0.491766 0.181178
    outer loop
      vertex 5.32432 2.39613 55.8692
      vertex 5.42026 0.362362 50.8
      vertex 5.36936 2.35158 55.96
    endloop
  endfacet
  facet normal -0.851697 -0.491724 0.181162
    outer loop
      vertex 5.36936 2.35158 55.96
      vertex 5.42026 0.362362 50.8
      vertex 6.93538 2.38756 63.42
    endloop
  endfacet
  facet normal -0.498447 0.863341 0.0787029
    outer loop
      vertex 7.01384 7.05167 48.22
      vertex 5.53538 4.81244 63.42
      vertex 7.96025 6.21243 63.42
    endloop
  endfacet
  facet normal -0.50001 0.86602 0
    outer loop
      vertex 7.01384 7.05167 48.18
      vertex 6.54561 6.78133 48.22
      vertex 7.01384 7.05167 48.22
    endloop
  endfacet
  facet normal -0.50001 0.86602 0
    outer loop
      vertex 6.54561 6.78133 48.22
      vertex 7.01384 7.05167 48.18
      vertex 6.54561 6.78133 48.18
    endloop
  endfacet
  facet normal 1 -0 0
    outer loop
      vertex 2.6 9.42357 48.22
      vertex 2.6 9.6 48.18
      vertex 2.6 9.6 48.22
    endloop
  endfacet
  facet normal 1 0 0
    outer loop
      vertex 2.6 9.6 48.18
      vertex 2.6 9.42357 48.22
      vertex 2.6 9.42357 48.18
    endloop
  endfacet
  facet normal -0 0 1
    outer loop
      vertex -1.4 10 63.42
      vertex 1.4 7.2 63.42
      vertex 1.4 10 63.42
    endloop
  endfacet
  facet normal 0 0 1
    outer loop
      vertex 1.4 7.2 63.42
      vertex -1.4 10 63.42
      vertex -1.4 7.2 63.42
    endloop
  endfacet
  facet normal 0 -0.983453 0.181161
    outer loop
      vertex -1.4 7.2 63.42
      vertex -3.03937e-07 5.96943 56.7397
      vertex 1.4 7.2 63.42
    endloop
  endfacet
  facet normal 1.16434e-05 -0.983453 0.181163
    outer loop
      vertex -1.4 7.2 63.42
      vertex -0.622626 5.84053 56.04
      vertex -3.03937e-07 5.96943 56.7397
    endloop
  endfacet
  facet normal 9.26287e-05 -0.983452 0.181171
    outer loop
      vertex -1.4 7.2 63.42
      vertex -0.648151 5.82579 55.96
      vertex -0.622626 5.84053 56.04
    endloop
  endfacet
  facet normal 3.88111e-06 -0.983453 0.181162
    outer loop
      vertex -0.648151 5.82579 55.96
      vertex -2.39632 4.87526 50.8
      vertex -2.0876e-07 5.64838 54.9969
    endloop
  endfacet
  facet normal 1.75524e-06 -0.983453 0.181163
    outer loop
      vertex -2.39632 4.87526 50.8
      vertex -0.648151 5.82579 55.96
      vertex -1.4 7.2 63.42
    endloop
  endfacet
  facet normal -0.000108831 -0.983449 0.181183
    outer loop
      vertex 0.0624843 5.95649 56.6695
      vertex 1.4 7.2 63.42
      vertex -3.03937e-07 5.96943 56.7397
    endloop
  endfacet
  facet normal 3.32909e-07 -0.983453 0.181162
    outer loop
      vertex 0.622626 5.84053 56.04
      vertex 1.4 7.2 63.42
      vertex 0.0624843 5.95649 56.6695
    endloop
  endfacet
  facet normal -9.26287e-05 -0.983452 0.181171
    outer loop
      vertex 0.648151 5.82579 55.96
      vertex 1.4 7.2 63.42
      vertex 0.622626 5.84053 56.04
    endloop
  endfacet
  facet normal 0 -0.983453 0.181164
    outer loop
      vertex 2.39632 4.87526 50.8
      vertex -2.0876e-07 5.64838 54.9969
      vertex -2.39632 4.87526 50.8
    endloop
  endfacet
  facet normal -1.16852e-05 -0.983454 0.181158
    outer loop
      vertex -2.0876e-07 5.64838 54.9969
      vertex 2.39632 4.87526 50.8
      vertex 0.215475 5.70736 55.3171
    endloop
  endfacet
  facet normal -1.75524e-06 -0.983453 0.181163
    outer loop
      vertex 0.648151 5.82579 55.96
      vertex 2.39632 4.87526 50.8
      vertex 1.4 7.2 63.42
    endloop
  endfacet
  facet normal 8.97456e-07 -0.983453 0.181163
    outer loop
      vertex 0.215475 5.70736 55.3171
      vertex 2.39632 4.87526 50.8
      vertex 0.648151 5.82579 55.96
    endloop
  endfacet
  facet normal 0.316228 0.948683 0
    outer loop
      vertex 2.6 9.6 48.22
      vertex 1.4 10 63.38
      vertex 1.4 10 63.42
    endloop
  endfacet
  facet normal 0.316228 0.948683 0
    outer loop
      vertex 1.4 10 63.38
      vertex 2.6 9.6 48.22
      vertex 2.6 9.6 48.18
    endloop
  endfacet
  facet normal -0.996898 0 0.0787061
    outer loop
      vertex -2.51947 9.42357 49.24
      vertex -2.6 9.6 48.22
      vertex -2.6 9.42357 48.22
    endloop
  endfacet
  facet normal -0.996898 -1.80683e-05 0.078703
    outer loop
      vertex -2.6 9.6 48.22
      vertex -2.51947 9.42357 49.24
      vertex -1.4 10 63.42
    endloop
  endfacet
  facet normal -0.996898 4.84306e-06 0.078702
    outer loop
      vertex -2.39632 7.94536 50.8
      vertex -1.4 10 63.42
      vertex -2.51947 9.42357 49.24
    endloop
  endfacet
  facet normal -0.996898 0 0.0787028
    outer loop
      vertex -2.39632 7.94536 50.8
      vertex -1.4 7.2 63.42
      vertex -1.4 10 63.42
    endloop
  endfacet
  facet normal -0.996898 0 0.0787028
    outer loop
      vertex -1.4 7.2 63.42
      vertex -2.39632 7.94536 50.8
      vertex -2.39632 4.87526 50.8
    endloop
  endfacet
  facet normal 0.996898 -1.80683e-05 0.078703
    outer loop
      vertex 1.4 10 63.42
      vertex 2.51947 9.42357 49.24
      vertex 2.6 9.6 48.22
    endloop
  endfacet
  facet normal 0.996898 4.84306e-06 0.078702
    outer loop
      vertex 1.4 10 63.42
      vertex 2.39632 7.94536 50.8
      vertex 2.51947 9.42357 49.24
    endloop
  endfacet
  facet normal 0.996898 -0 0.0787028
    outer loop
      vertex 1.4 7.2 63.42
      vertex 2.39632 7.94536 50.8
      vertex 1.4 10 63.42
    endloop
  endfacet
  facet normal 0.996898 0 0.0787028
    outer loop
      vertex 2.39632 7.94536 50.8
      vertex 1.4 7.2 63.42
      vertex 2.39632 4.87526 50.8
    endloop
  endfacet
  facet normal 0.996898 0 0.0787061
    outer loop
      vertex 2.6 9.6 48.22
      vertex 2.51947 9.42357 49.24
      vertex 2.6 9.42357 48.22
    endloop
  endfacet
  facet normal -1 0 0
    outer loop
      vertex -2.6 9.42357 48.18
      vertex -2.6 9.6 48.22
      vertex -2.6 9.6 48.18
    endloop
  endfacet
  facet normal -1 -0 0
    outer loop
      vertex -2.6 9.6 48.22
      vertex -2.6 9.42357 48.18
      vertex -2.6 9.42357 48.22
    endloop
  endfacet
  facet normal 0 0.999654 -0.0263067
    outer loop
      vertex 2.6 9.6 48.18
      vertex -1.4 10 63.38
      vertex 1.4 10 63.38
    endloop
  endfacet
  facet normal 0 0.999654 -0.0263067
    outer loop
      vertex -1.4 10 63.38
      vertex 2.6 9.6 48.18
      vertex -2.6 9.6 48.18
    endloop
  endfacet
  facet normal 0 1 -0
    outer loop
      vertex 1.4 10 63.38
      vertex -1.4 10 63.42
      vertex 1.4 10 63.42
    endloop
  endfacet
  facet normal 0 1 0
    outer loop
      vertex -1.4 10 63.42
      vertex 1.4 10 63.38
      vertex -1.4 10 63.38
    endloop
  endfacet
  facet normal -0.316228 0.948683 0
    outer loop
      vertex -1.4 10 63.38
      vertex -2.6 9.6 48.22
      vertex -1.4 10 63.42
    endloop
  endfacet
  facet normal -0.316228 0.948683 0
    outer loop
      vertex -2.6 9.6 48.22
      vertex -1.4 10 63.38
      vertex -2.6 9.6 48.18
    endloop
  endfacet
  facet normal 0.49845 0.863339 0.0787023
    outer loop
      vertex -5.36939 5.86705 50.8
      vertex -5.53538 4.81244 63.42
      vertex -3.02394 4.5129 50.8
    endloop
  endfacet
  facet normal 0.498446 0.863341 0.0787025
    outer loop
      vertex -6.60456 6.72238 49.24
      vertex -5.53538 4.81244 63.42
      vertex -5.36939 5.86705 50.8
    endloop
  endfacet
  facet normal 0.498467 0.863329 0.0786994
    outer loop
      vertex -6.60456 6.72238 49.24
      vertex -7.01384 7.05167 48.22
      vertex -5.53538 4.81244 63.42
    endloop
  endfacet
  facet normal 0.498459 0.863333 0.0787036
    outer loop
      vertex -7.01384 7.05167 48.22
      vertex -6.60456 6.72238 49.24
      vertex -6.54561 6.78133 48.22
    endloop
  endfacet
  facet normal -0.979698 0.200481 0
    outer loop
      vertex -9.61384 2.54833 48.22
      vertex -9.36025 3.78756 63.38
      vertex -9.61384 2.54833 48.18
    endloop
  endfacet
  facet normal -0.979698 0.200481 0
    outer loop
      vertex -9.36025 3.78756 63.38
      vertex -9.61384 2.54833 48.22
      vertex -9.36025 3.78756 63.42
    endloop
  endfacet
  facet normal 0.50001 0.86602 -0
    outer loop
      vertex -6.54561 6.78133 48.18
      vertex -7.01384 7.05167 48.22
      vertex -6.54561 6.78133 48.22
    endloop
  endfacet
  facet normal 0.50001 0.86602 0
    outer loop
      vertex -7.01384 7.05167 48.22
      vertex -6.54561 6.78133 48.18
      vertex -7.01384 7.05167 48.18
    endloop
  endfacet
  facet normal 0.851693 -0.49173 0.181162
    outer loop
      vertex -5.53538 4.81244 63.42
      vertex -4.72121 3.47421 55.96
      vertex -3.02394 4.5129 50.8
    endloop
  endfacet
  facet normal 0.851784 -0.49158 0.181145
    outer loop
      vertex -5.53538 4.81244 63.42
      vertex -4.74673 3.45947 56.04
      vertex -4.72121 3.47421 55.96
    endloop
  endfacet
  facet normal 0.851692 -0.491732 0.181163
    outer loop
      vertex -5.53538 4.81244 63.42
      vertex -5.16967 2.98471 56.7397
      vertex -4.74673 3.45947 56.04
    endloop
  endfacet
  facet normal 0.851732 -0.491669 0.181148
    outer loop
      vertex -5.53538 4.81244 63.42
      vertex -5.18971 2.92413 56.6695
      vertex -5.16967 2.98471 56.7397
    endloop
  endfacet
  facet normal 0.851689 -0.491736 0.181165
    outer loop
      vertex -5.18971 2.92413 56.6695
      vertex -5.53538 4.81244 63.42
      vertex -5.33269 2.49191 56.1685
    endloop
  endfacet
  facet normal 0.851695 -0.491728 0.181163
    outer loop
      vertex -4.89164 2.82419 54.9969
      vertex -3.02394 4.5129 50.8
      vertex -4.72121 3.47421 55.96
    endloop
  endfacet
  facet normal 0.851712 -0.491702 0.18115
    outer loop
      vertex -5.18263 0.773952 50.8
      vertex -4.89164 2.82419 54.9969
      vertex -5.05045 2.66707 55.3171
    endloop
  endfacet
  facet normal 0.851689 -0.491737 0.181165
    outer loop
      vertex -5.18263 0.773952 50.8
      vertex -5.05045 2.66707 55.3171
      vertex -5.32432 2.39613 55.8692
    endloop
  endfacet
  facet normal 0.851695 -0.491728 0.181163
    outer loop
      vertex -4.89164 2.82419 54.9969
      vertex -5.18263 0.773952 50.8
      vertex -3.02394 4.5129 50.8
    endloop
  endfacet
  facet normal -0.866025 0.5 0
    outer loop
      vertex -9.36025 3.78756 63.38
      vertex -7.96025 6.21243 63.42
      vertex -7.96025 6.21243 63.38
    endloop
  endfacet
  facet normal -0.866025 0.5 0
    outer loop
      vertex -7.96025 6.21243 63.42
      vertex -9.36025 3.78756 63.38
      vertex -9.36025 3.78756 63.42
    endloop
  endfacet
  facet normal -0.663474 0.748199 0
    outer loop
      vertex -7.01384 7.05167 48.22
      vertex -7.96025 6.21243 63.38
      vertex -7.96025 6.21243 63.42
    endloop
  endfacet
  facet normal -0.663474 0.748199 0
    outer loop
      vertex -7.96025 6.21243 63.38
      vertex -7.01384 7.05167 48.22
      vertex -7.01384 7.05167 48.18
    endloop
  endfacet
  facet normal -0.865726 0.499827 -0.0263063
    outer loop
      vertex -7.01384 7.05167 48.18
      vertex -9.36025 3.78756 63.38
      vertex -7.96025 6.21243 63.38
    endloop
  endfacet
  facet normal -0.865724 0.49983 -0.0262983
    outer loop
      vertex -8.09895 5.22799 49.24
      vertex -7.01384 7.05167 48.18
      vertex -8.02275 5.3042 48.18
    endloop
  endfacet
  facet normal -0.865726 0.499826 -0.0263066
    outer loop
      vertex -8.09895 5.22799 49.24
      vertex -9.36025 3.78756 63.38
      vertex -7.01384 7.05167 48.18
    endloop
  endfacet
  facet normal -0.865724 0.49983 -0.0263061
    outer loop
      vertex -8.98317 3.72095 49.7048
      vertex -9.36025 3.78756 63.38
      vertex -8.09895 5.22799 49.24
    endloop
  endfacet
  facet normal -0.865729 0.499821 -0.0263062
    outer loop
      vertex -9.42357 2.93368 49.24
      vertex -9.36025 3.78756 63.38
      vertex -8.98317 3.72095 49.7048
    endloop
  endfacet
  facet normal -0.865728 0.499823 -0.0263063
    outer loop
      vertex -9.42357 2.93368 49.24
      vertex -9.61384 2.54833 48.18
      vertex -9.36025 3.78756 63.38
    endloop
  endfacet
  facet normal -0.865727 0.499824 -0.0263068
    outer loop
      vertex -9.61384 2.54833 48.18
      vertex -9.42357 2.93368 49.24
      vertex -9.42357 2.87789 48.18
    endloop
  endfacet
  facet normal 0 0 1
    outer loop
      vertex -7.96025 6.21243 63.42
      vertex -6.93538 2.38756 63.42
      vertex -5.53538 4.81244 63.42
    endloop
  endfacet
  facet normal 0 0 1
    outer loop
      vertex -6.93538 2.38756 63.42
      vertex -7.96025 6.21243 63.42
      vertex -9.36025 3.78756 63.42
    endloop
  endfacet
  facet normal 0.498447 0.863341 0.0787029
    outer loop
      vertex -7.01384 7.05167 48.22
      vertex -7.96025 6.21243 63.42
      vertex -5.53538 4.81244 63.42
    endloop
  endfacet
  facet normal -0.498447 -0.863341 0.0787021
    outer loop
      vertex -6.93538 2.38756 63.42
      vertex -9.42357 2.53146 49.24
      vertex -7.94536 1.82023 50.8
    endloop
  endfacet
  facet normal -0.498527 -0.863293 0.0787166
    outer loop
      vertex -9.61384 2.54833 48.22
      vertex -9.42357 2.53146 49.24
      vertex -6.93538 2.38756 63.42
    endloop
  endfacet
  facet normal -0.498441 -0.863344 0.0786997
    outer loop
      vertex -9.42357 2.53146 49.24
      vertex -9.61384 2.54833 48.22
      vertex -9.42357 2.43848 48.22
    endloop
  endfacet
  facet normal -0.498449 -0.863339 0.0787022
    outer loop
      vertex -6.93538 2.38756 63.42
      vertex -7.94536 1.82023 50.8
      vertex -5.42026 0.362362 50.8
    endloop
  endfacet
  facet normal 0.851696 -0.491725 0.181162
    outer loop
      vertex -6.93538 2.38756 63.42
      vertex -5.33269 2.49191 56.1685
      vertex -5.53538 4.81244 63.42
    endloop
  endfacet
  facet normal 0.851703 -0.491714 0.181163
    outer loop
      vertex -6.93538 2.38756 63.42
      vertex -5.36936 2.38105 56.04
      vertex -5.33269 2.49191 56.1685
    endloop
  endfacet
  facet normal 0.851671 -0.491772 0.181156
    outer loop
      vertex -6.93538 2.38756 63.42
      vertex -5.36936 2.35158 55.96
      vertex -5.36936 2.38105 56.04
    endloop
  endfacet
  facet normal 0.851697 -0.491724 0.181162
    outer loop
      vertex -5.42026 0.362362 50.8
      vertex -5.36936 2.35158 55.96
      vertex -6.93538 2.38756 63.42
    endloop
  endfacet
  facet normal 0.851697 -0.491724 0.181162
    outer loop
      vertex -5.36936 2.35158 55.96
      vertex -5.42026 0.362362 50.8
      vertex -5.18263 0.773952 50.8
    endloop
  endfacet
  facet normal 0.851667 -0.491771 0.181175
    outer loop
      vertex -5.32432 2.39613 55.8692
      vertex -5.36936 2.35158 55.96
      vertex -5.18263 0.773952 50.8
    endloop
  endfacet
  facet normal -0.498449 -0.863339 0.0787025
    outer loop
      vertex -9.36025 3.78756 63.42
      vertex -9.61384 2.54833 48.22
      vertex -6.93538 2.38756 63.42
    endloop
  endfacet
  facet normal -0.499992 -0.86603 0
    outer loop
      vertex -9.61384 2.54833 48.18
      vertex -9.42357 2.43848 48.22
      vertex -9.61384 2.54833 48.22
    endloop
  endfacet
  facet normal -0.499992 -0.86603 -0
    outer loop
      vertex -9.42357 2.43848 48.22
      vertex -9.61384 2.54833 48.18
      vertex -9.42357 2.43848 48.18
    endloop
  endfacet
  facet normal -0.498449 0.863339 0.0787022
    outer loop
      vertex -7.94536 -1.82023 50.8
      vertex -6.93538 -2.38756 63.42
      vertex -5.42026 -0.362362 50.8
    endloop
  endfacet
  facet normal -0.498447 0.863341 0.0787021
    outer loop
      vertex -9.42357 -2.53146 49.24
      vertex -6.93538 -2.38756 63.42
      vertex -7.94536 -1.82023 50.8
    endloop
  endfacet
  facet normal -0.498527 0.863293 0.0787166
    outer loop
      vertex -9.42357 -2.53146 49.24
      vertex -9.61384 -2.54833 48.22
      vertex -6.93538 -2.38756 63.42
    endloop
  endfacet
  facet normal -0.498441 0.863344 0.0786997
    outer loop
      vertex -9.61384 -2.54833 48.22
      vertex -9.42357 -2.53146 49.24
      vertex -9.42357 -2.43848 48.22
    endloop
  endfacet
  facet normal -0.663474 -0.748199 0
    outer loop
      vertex -7.96025 -6.21243 63.38
      vertex -7.01384 -7.05167 48.22
      vertex -7.96025 -6.21243 63.42
    endloop
  endfacet
  facet normal -0.663474 -0.748199 -0
    outer loop
      vertex -7.01384 -7.05167 48.22
      vertex -7.96025 -6.21243 63.38
      vertex -7.01384 -7.05167 48.18
    endloop
  endfacet
  facet normal -0.499992 0.86603 0
    outer loop
      vertex -9.42357 -2.43848 48.18
      vertex -9.61384 -2.54833 48.22
      vertex -9.42357 -2.43848 48.22
    endloop
  endfacet
  facet normal -0.499992 0.86603 0
    outer loop
      vertex -9.61384 -2.54833 48.22
      vertex -9.42357 -2.43848 48.18
      vertex -9.61384 -2.54833 48.18
    endloop
  endfacet
  facet normal -0.866025 -0.5 0
    outer loop
      vertex -7.96025 -6.21243 63.38
      vertex -9.36025 -3.78756 63.42
      vertex -9.36025 -3.78756 63.38
    endloop
  endfacet
  facet normal -0.866025 -0.5 0
    outer loop
      vertex -9.36025 -3.78756 63.42
      vertex -7.96025 -6.21243 63.38
      vertex -7.96025 -6.21243 63.42
    endloop
  endfacet
  facet normal 0.498446 -0.863341 0.0787025
    outer loop
      vertex -5.53538 -4.81244 63.42
      vertex -6.60456 -6.72238 49.24
      vertex -5.36939 -5.86705 50.8
    endloop
  endfacet
  facet normal 0.498467 -0.863329 0.0786994
    outer loop
      vertex -7.01384 -7.05167 48.22
      vertex -6.60456 -6.72238 49.24
      vertex -5.53538 -4.81244 63.42
    endloop
  endfacet
  facet normal 0.498459 -0.863333 0.0787036
    outer loop
      vertex -6.60456 -6.72238 49.24
      vertex -7.01384 -7.05167 48.22
      vertex -6.54561 -6.78133 48.22
    endloop
  endfacet
  facet normal 0.49845 -0.863339 0.0787023
    outer loop
      vertex -5.53538 -4.81244 63.42
      vertex -5.36939 -5.86705 50.8
      vertex -3.02394 -4.5129 50.8
    endloop
  endfacet
  facet normal -0.865727 -0.499824 -0.0263068
    outer loop
      vertex -9.42357 -2.93368 49.24
      vertex -9.61384 -2.54833 48.18
      vertex -9.42357 -2.87789 48.18
    endloop
  endfacet
  facet normal -0.865728 -0.499823 -0.0263063
    outer loop
      vertex -9.42357 -2.93368 49.24
      vertex -9.36025 -3.78756 63.38
      vertex -9.61384 -2.54833 48.18
    endloop
  endfacet
  facet normal -0.865729 -0.499821 -0.0263062
    outer loop
      vertex -8.98317 -3.72095 49.7048
      vertex -9.36025 -3.78756 63.38
      vertex -9.42357 -2.93368 49.24
    endloop
  endfacet
  facet normal -0.865724 -0.49983 -0.0263061
    outer loop
      vertex -8.09895 -5.22799 49.24
      vertex -9.36025 -3.78756 63.38
      vertex -8.98317 -3.72095 49.7048
    endloop
  endfacet
  facet normal -0.865726 -0.499826 -0.0263066
    outer loop
      vertex -8.09895 -5.22799 49.24
      vertex -7.01384 -7.05167 48.18
      vertex -9.36025 -3.78756 63.38
    endloop
  endfacet
  facet normal -0.865724 -0.49983 -0.0262983
    outer loop
      vertex -7.01384 -7.05167 48.18
      vertex -8.09895 -5.22799 49.24
      vertex -8.02275 -5.3042 48.18
    endloop
  endfacet
  facet normal -0.979698 -0.200481 0
    outer loop
      vertex -9.36025 -3.78756 63.38
      vertex -9.61384 -2.54833 48.22
      vertex -9.61384 -2.54833 48.18
    endloop
  endfacet
  facet normal -0.979698 -0.200481 0
    outer loop
      vertex -9.61384 -2.54833 48.22
      vertex -9.36025 -3.78756 63.38
      vertex -9.36025 -3.78756 63.42
    endloop
  endfacet
  facet normal -0.865726 -0.499827 -0.0263063
    outer loop
      vertex -7.96025 -6.21243 63.38
      vertex -9.36025 -3.78756 63.38
      vertex -7.01384 -7.05167 48.18
    endloop
  endfacet
  facet normal 0 0 1
    outer loop
      vertex -6.93538 -2.38756 63.42
      vertex -7.96025 -6.21243 63.42
      vertex -5.53538 -4.81244 63.42
    endloop
  endfacet
  facet normal 0 -0 1
    outer loop
      vertex -7.96025 -6.21243 63.42
      vertex -6.93538 -2.38756 63.42
      vertex -9.36025 -3.78756 63.42
    endloop
  endfacet
  facet normal -0.498449 0.863339 0.0787025
    outer loop
      vertex -6.93538 -2.38756 63.42
      vertex -9.61384 -2.54833 48.22
      vertex -9.36025 -3.78756 63.42
    endloop
  endfacet
  facet normal 0.851784 0.49158 0.181145
    outer loop
      vertex -5.53538 -4.81244 63.42
      vertex -4.72121 -3.47421 55.96
      vertex -4.74673 -3.45947 56.04
    endloop
  endfacet
  facet normal 0.851693 0.49173 0.181162
    outer loop
      vertex -4.72121 -3.47421 55.96
      vertex -5.53538 -4.81244 63.42
      vertex -3.02394 -4.5129 50.8
    endloop
  endfacet
  facet normal 0.851692 0.491732 0.181163
    outer loop
      vertex -5.16967 -2.98471 56.7397
      vertex -5.53538 -4.81244 63.42
      vertex -4.74673 -3.45947 56.04
    endloop
  endfacet
  facet normal 0.851695 0.491727 0.181162
    outer loop
      vertex -5.53538 -4.81244 63.42
      vertex -5.16967 -2.98471 56.7397
      vertex -5.33269 -2.49191 56.1685
    endloop
  endfacet
  facet normal 0.851698 0.491722 0.18116
    outer loop
      vertex -4.89164 -2.82419 54.9969
      vertex -5.18263 -0.773952 50.8
      vertex -5.32432 -2.39613 55.8692
    endloop
  endfacet
  facet normal 0.851695 0.491728 0.181163
    outer loop
      vertex -3.02394 -4.5129 50.8
      vertex -4.89164 -2.82419 54.9969
      vertex -4.72121 -3.47421 55.96
    endloop
  endfacet
  facet normal 0.851695 0.491728 0.181163
    outer loop
      vertex -4.89164 -2.82419 54.9969
      vertex -3.02394 -4.5129 50.8
      vertex -5.18263 -0.773952 50.8
    endloop
  endfacet
  facet normal 0.851669 0.491766 0.181178
    outer loop
      vertex -5.32432 -2.39613 55.8692
      vertex -5.42026 -0.362362 50.8
      vertex -5.36936 -2.35158 55.96
    endloop
  endfacet
  facet normal 0.851697 0.491724 0.181162
    outer loop
      vertex -6.93538 -2.38756 63.42
      vertex -5.36936 -2.35158 55.96
      vertex -5.42026 -0.362362 50.8
    endloop
  endfacet
  facet normal 0.851671 0.491772 0.181156
    outer loop
      vertex -5.36936 -2.35158 55.96
      vertex -6.93538 -2.38756 63.42
      vertex -5.36936 -2.38105 56.04
    endloop
  endfacet
  facet normal 0.851703 0.491714 0.181163
    outer loop
      vertex -6.93538 -2.38756 63.42
      vertex -5.33269 -2.49191 56.1685
      vertex -5.36936 -2.38105 56.04
    endloop
  endfacet
  facet normal 0.851696 0.491725 0.181162
    outer loop
      vertex -5.33269 -2.49191 56.1685
      vertex -6.93538 -2.38756 63.42
      vertex -5.53538 -4.81244 63.42
    endloop
  endfacet
  facet normal 0.851697 0.491724 0.181161
    outer loop
      vertex -5.42026 -0.362362 50.8
      vertex -5.32432 -2.39613 55.8692
      vertex -5.18263 -0.773952 50.8
    endloop
  endfacet
  facet normal 0.498447 -0.863341 0.0787029
    outer loop
      vertex -5.53538 -4.81244 63.42
      vertex -7.96025 -6.21243 63.42
      vertex -7.01384 -7.05167 48.22
    endloop
  endfacet
  facet normal 0.50001 -0.86602 0
    outer loop
      vertex -7.01384 -7.05167 48.18
      vertex -6.54561 -6.78133 48.22
      vertex -7.01384 -7.05167 48.22
    endloop
  endfacet
  facet normal 0.50001 -0.86602 0
    outer loop
      vertex -6.54561 -6.78133 48.22
      vertex -7.01384 -7.05167 48.18
      vertex -6.54561 -6.78133 48.18
    endloop
  endfacet
  facet normal -0.996898 0 0.0787061
    outer loop
      vertex -2.6 -9.42357 48.22
      vertex -2.6 -9.6 48.22
      vertex -2.51947 -9.42357 49.24
    endloop
  endfacet
  facet normal -0.996898 0 0.0787028
    outer loop
      vertex -2.39632 -7.94536 50.8
      vertex -1.4 -7.2 63.42
      vertex -2.39632 -4.87526 50.8
    endloop
  endfacet
  facet normal -0.996898 -4.84306e-06 0.078702
    outer loop
      vertex -1.4 -10 63.42
      vertex -2.39632 -7.94536 50.8
      vertex -2.51947 -9.42357 49.24
    endloop
  endfacet
  facet normal -0.996898 1.80683e-05 0.078703
    outer loop
      vertex -1.4 -10 63.42
      vertex -2.51947 -9.42357 49.24
      vertex -2.6 -9.6 48.22
    endloop
  endfacet
  facet normal -0.996898 0 0.0787028
    outer loop
      vertex -2.39632 -7.94536 50.8
      vertex -1.4 -10 63.42
      vertex -1.4 -7.2 63.42
    endloop
  endfacet
  facet normal -1 0 0
    outer loop
      vertex -2.6 -9.6 48.18
      vertex -2.6 -9.42357 48.22
      vertex -2.6 -9.42357 48.18
    endloop
  endfacet
  facet normal -1 -0 0
    outer loop
      vertex -2.6 -9.42357 48.22
      vertex -2.6 -9.6 48.18
      vertex -2.6 -9.6 48.22
    endloop
  endfacet
  facet normal 0.996898 0 0.0787028
    outer loop
      vertex 1.4 -7.2 63.42
      vertex 2.39632 -7.94536 50.8
      vertex 2.39632 -4.87526 50.8
    endloop
  endfacet
  facet normal 0.996898 -0 0.0787028
    outer loop
      vertex 1.4 -10 63.42
      vertex 2.39632 -7.94536 50.8
      vertex 1.4 -7.2 63.42
    endloop
  endfacet
  facet normal 0.996898 0 0.0787061
    outer loop
      vertex 2.51947 -9.42357 49.24
      vertex 2.6 -9.6 48.22
      vertex 2.6 -9.42357 48.22
    endloop
  endfacet
  facet normal 0.996898 -4.84306e-06 0.078702
    outer loop
      vertex 2.39632 -7.94536 50.8
      vertex 1.4 -10 63.42
      vertex 2.51947 -9.42357 49.24
    endloop
  endfacet
  facet normal 0.996898 1.80683e-05 0.078703
    outer loop
      vertex 2.51947 -9.42357 49.24
      vertex 1.4 -10 63.42
      vertex 2.6 -9.6 48.22
    endloop
  endfacet
  facet normal 0 0.983453 0.181161
    outer loop
      vertex 1.4 -7.2 63.42
      vertex 3.03937e-07 -5.96943 56.7397
      vertex -1.4 -7.2 63.42
    endloop
  endfacet
  facet normal -1.16434e-05 0.983453 0.181163
    outer loop
      vertex 1.4 -7.2 63.42
      vertex 0.622626 -5.84053 56.04
      vertex 3.03937e-07 -5.96943 56.7397
    endloop
  endfacet
  facet normal -9.26287e-05 0.983452 0.181171
    outer loop
      vertex 1.4 -7.2 63.42
      vertex 0.648151 -5.82579 55.96
      vertex 0.622626 -5.84053 56.04
    endloop
  endfacet
  facet normal -3.88111e-06 0.983453 0.181162
    outer loop
      vertex 0.648151 -5.82579 55.96
      vertex 2.39632 -4.87526 50.8
      vertex 2.0876e-07 -5.64838 54.9969
    endloop
  endfacet
  facet normal -1.75524e-06 0.983453 0.181163
    outer loop
      vertex 2.39632 -4.87526 50.8
      vertex 0.648151 -5.82579 55.96
      vertex 1.4 -7.2 63.42
    endloop
  endfacet
  facet normal 0.000108831 0.983449 0.181183
    outer loop
      vertex -0.0624843 -5.95649 56.6695
      vertex -1.4 -7.2 63.42
      vertex 3.03937e-07 -5.96943 56.7397
    endloop
  endfacet
  facet normal -3.32909e-07 0.983453 0.181162
    outer loop
      vertex -0.622626 -5.84053 56.04
      vertex -1.4 -7.2 63.42
      vertex -0.0624843 -5.95649 56.6695
    endloop
  endfacet
  facet normal 9.26287e-05 0.983452 0.181171
    outer loop
      vertex -0.648151 -5.82579 55.96
      vertex -1.4 -7.2 63.42
      vertex -0.622626 -5.84053 56.04
    endloop
  endfacet
  facet normal -0 0.983453 0.181164
    outer loop
      vertex -2.39632 -4.87526 50.8
      vertex 2.0876e-07 -5.64838 54.9969
      vertex 2.39632 -4.87526 50.8
    endloop
  endfacet
  facet normal 1.16852e-05 0.983454 0.181158
    outer loop
      vertex 2.0876e-07 -5.64838 54.9969
      vertex -2.39632 -4.87526 50.8
      vertex -0.215475 -5.70736 55.3171
    endloop
  endfacet
  facet normal 1.75524e-06 0.983453 0.181163
    outer loop
      vertex -0.648151 -5.82579 55.96
      vertex -2.39632 -4.87526 50.8
      vertex -1.4 -7.2 63.42
    endloop
  endfacet
  facet normal -8.97456e-07 0.983453 0.181163
    outer loop
      vertex -0.215475 -5.70736 55.3171
      vertex -2.39632 -4.87526 50.8
      vertex -0.648151 -5.82579 55.96
    endloop
  endfacet
  facet normal -0.316228 -0.948683 0
    outer loop
      vertex -2.6 -9.6 48.22
      vertex -1.4 -10 63.38
      vertex -1.4 -10 63.42
    endloop
  endfacet
  facet normal -0.316228 -0.948683 0
    outer loop
      vertex -1.4 -10 63.38
      vertex -2.6 -9.6 48.22
      vertex -2.6 -9.6 48.18
    endloop
  endfacet
  facet normal -0 0 1
    outer loop
      vertex -1.4 -7.2 63.42
      vertex 1.4 -10 63.42
      vertex 1.4 -7.2 63.42
    endloop
  endfacet
  facet normal 0 0 1
    outer loop
      vertex 1.4 -10 63.42
      vertex -1.4 -7.2 63.42
      vertex -1.4 -10 63.42
    endloop
  endfacet
  facet normal 0 -1 0
    outer loop
      vertex -1.4 -10 63.38
      vertex 1.4 -10 63.42
      vertex -1.4 -10 63.42
    endloop
  endfacet
  facet normal 0 -1 -0
    outer loop
      vertex 1.4 -10 63.42
      vertex -1.4 -10 63.38
      vertex 1.4 -10 63.38
    endloop
  endfacet
  facet normal 1 -0 0
    outer loop
      vertex 2.6 -9.6 48.22
      vertex 2.6 -9.42357 48.18
      vertex 2.6 -9.42357 48.22
    endloop
  endfacet
  facet normal 1 0 0
    outer loop
      vertex 2.6 -9.42357 48.18
      vertex 2.6 -9.6 48.22
      vertex 2.6 -9.6 48.18
    endloop
  endfacet
  facet normal 0 -0.999654 -0.0263067
    outer loop
      vertex -2.6 -9.6 48.18
      vertex 1.4 -10 63.38
      vertex -1.4 -10 63.38
    endloop
  endfacet
  facet normal 0 -0.999654 -0.0263067
    outer loop
      vertex 1.4 -10 63.38
      vertex -2.6 -9.6 48.18
      vertex 2.6 -9.6 48.18
    endloop
  endfacet
  facet normal 0.316228 -0.948683 0
    outer loop
      vertex 1.4 -10 63.38
      vertex 2.6 -9.6 48.22
      vertex 1.4 -10 63.42
    endloop
  endfacet
  facet normal 0.316228 -0.948683 0
    outer loop
      vertex 2.6 -9.6 48.22
      vertex 1.4 -10 63.38
      vertex 2.6 -9.6 48.18
    endloop
  endfacet
  facet normal -0.49845 -0.863339 0.0787023
    outer loop
      vertex 5.36939 -5.86705 50.8
      vertex 5.53538 -4.81244 63.42
      vertex 3.02394 -4.5129 50.8
    endloop
  endfacet
  facet normal -0.498446 -0.863341 0.0787025
    outer loop
      vertex 6.60456 -6.72238 49.24
      vertex 5.53538 -4.81244 63.42
      vertex 5.36939 -5.86705 50.8
    endloop
  endfacet
  facet normal -0.498467 -0.863329 0.0786994
    outer loop
      vertex 6.60456 -6.72238 49.24
      vertex 7.01384 -7.05167 48.22
      vertex 5.53538 -4.81244 63.42
    endloop
  endfacet
  facet normal -0.498459 -0.863333 0.0787036
    outer loop
      vertex 7.01384 -7.05167 48.22
      vertex 6.60456 -6.72238 49.24
      vertex 6.54561 -6.78133 48.22
    endloop
  endfacet
  facet normal 0 0 1
    outer loop
      vertex 6.93538 -2.38756 63.42
      vertex 7.96025 -6.21243 63.42
      vertex 9.36025 -3.78756 63.42
    endloop
  endfacet
  facet normal 0 0 1
    outer loop
      vertex 7.96025 -6.21243 63.42
      vertex 6.93538 -2.38756 63.42
      vertex 5.53538 -4.81244 63.42
    endloop
  endfacet
  facet normal -0.50001 -0.86602 0
    outer loop
      vertex 6.54561 -6.78133 48.18
      vertex 7.01384 -7.05167 48.22
      vertex 6.54561 -6.78133 48.22
    endloop
  endfacet
  facet normal -0.50001 -0.86602 -0
    outer loop
      vertex 7.01384 -7.05167 48.22
      vertex 6.54561 -6.78133 48.18
      vertex 7.01384 -7.05167 48.18
    endloop
  endfacet
  facet normal 0.979698 -0.200481 0
    outer loop
      vertex 9.36025 -3.78756 63.38
      vertex 9.61384 -2.54833 48.22
      vertex 9.36025 -3.78756 63.42
    endloop
  endfacet
  facet normal 0.979698 -0.200481 0
    outer loop
      vertex 9.61384 -2.54833 48.22
      vertex 9.36025 -3.78756 63.38
      vertex 9.61384 -2.54833 48.18
    endloop
  endfacet
  facet normal 0.866025 -0.5 0
    outer loop
      vertex 7.96025 -6.21243 63.42
      vertex 9.36025 -3.78756 63.38
      vertex 9.36025 -3.78756 63.42
    endloop
  endfacet
  facet normal 0.866025 -0.5 0
    outer loop
      vertex 9.36025 -3.78756 63.38
      vertex 7.96025 -6.21243 63.42
      vertex 7.96025 -6.21243 63.38
    endloop
  endfacet
  facet normal -0.851689 0.491737 0.181165
    outer loop
      vertex 5.18263 -0.773952 50.8
      vertex 5.05045 -2.66707 55.3171
      vertex 5.32432 -2.39613 55.8692
    endloop
  endfacet
  facet normal -0.851712 0.491702 0.18115
    outer loop
      vertex 5.18263 -0.773952 50.8
      vertex 4.89164 -2.82419 54.9969
      vertex 5.05045 -2.66707 55.3171
    endloop
  endfacet
  facet normal -0.851695 0.491728 0.181163
    outer loop
      vertex 3.02394 -4.5129 50.8
      vertex 4.89164 -2.82419 54.9969
      vertex 5.18263 -0.773952 50.8
    endloop
  endfacet
  facet normal -0.851695 0.491728 0.181163
    outer loop
      vertex 4.89164 -2.82419 54.9969
      vertex 3.02394 -4.5129 50.8
      vertex 4.72121 -3.47421 55.96
    endloop
  endfacet
  facet normal -0.851732 0.491669 0.181148
    outer loop
      vertex 5.53538 -4.81244 63.42
      vertex 5.18971 -2.92413 56.6695
      vertex 5.16967 -2.98471 56.7397
    endloop
  endfacet
  facet normal -0.851693 0.49173 0.181162
    outer loop
      vertex 5.53538 -4.81244 63.42
      vertex 4.72121 -3.47421 55.96
      vertex 3.02394 -4.5129 50.8
    endloop
  endfacet
  facet normal -0.851689 0.491736 0.181165
    outer loop
      vertex 5.18971 -2.92413 56.6695
      vertex 5.53538 -4.81244 63.42
      vertex 5.33269 -2.49191 56.1685
    endloop
  endfacet
  facet normal -0.851692 0.491732 0.181163
    outer loop
      vertex 4.74673 -3.45947 56.04
      vertex 5.53538 -4.81244 63.42
      vertex 5.16967 -2.98471 56.7397
    endloop
  endfacet
  facet normal -0.851784 0.49158 0.181145
    outer loop
      vertex 4.72121 -3.47421 55.96
      vertex 5.53538 -4.81244 63.42
      vertex 4.74673 -3.45947 56.04
    endloop
  endfacet
  facet normal 0.663474 -0.748199 0
    outer loop
      vertex 7.01384 -7.05167 48.22
      vertex 7.96025 -6.21243 63.38
      vertex 7.96025 -6.21243 63.42
    endloop
  endfacet
  facet normal 0.663474 -0.748199 0
    outer loop
      vertex 7.96025 -6.21243 63.38
      vertex 7.01384 -7.05167 48.22
      vertex 7.01384 -7.05167 48.18
    endloop
  endfacet
  facet normal 0.865726 -0.499827 -0.0263063
    outer loop
      vertex 7.96025 -6.21243 63.38
      vertex 7.01384 -7.05167 48.18
      vertex 9.36025 -3.78756 63.38
    endloop
  endfacet
  facet normal 0.865727 -0.499824 -0.0263068
    outer loop
      vertex 9.61384 -2.54833 48.18
      vertex 9.42357 -2.93368 49.24
      vertex 9.42357 -2.87789 48.18
    endloop
  endfacet
  facet normal 0.865728 -0.499823 -0.0263063
    outer loop
      vertex 9.36025 -3.78756 63.38
      vertex 9.42357 -2.93368 49.24
      vertex 9.61384 -2.54833 48.18
    endloop
  endfacet
  facet normal 0.865729 -0.499821 -0.0263062
    outer loop
      vertex 9.36025 -3.78756 63.38
      vertex 8.98317 -3.72095 49.7048
      vertex 9.42357 -2.93368 49.24
    endloop
  endfacet
  facet normal 0.865724 -0.49983 -0.0263061
    outer loop
      vertex 9.36025 -3.78756 63.38
      vertex 8.09895 -5.22799 49.24
      vertex 8.98317 -3.72095 49.7048
    endloop
  endfacet
  facet normal 0.865724 -0.49983 -0.0262983
    outer loop
      vertex 8.09895 -5.22799 49.24
      vertex 7.01384 -7.05167 48.18
      vertex 8.02275 -5.3042 48.18
    endloop
  endfacet
  facet normal 0.865726 -0.499826 -0.0263066
    outer loop
      vertex 7.01384 -7.05167 48.18
      vertex 8.09895 -5.22799 49.24
      vertex 9.36025 -3.78756 63.38
    endloop
  endfacet
  facet normal -0.498447 -0.863341 0.0787029
    outer loop
      vertex 7.96025 -6.21243 63.42
      vertex 5.53538 -4.81244 63.42
      vertex 7.01384 -7.05167 48.22
    endloop
  endfacet
  facet normal 0.498447 0.863341 0.0787021
    outer loop
      vertex 6.93538 -2.38756 63.42
      vertex 9.42357 -2.53146 49.24
      vertex 7.94536 -1.82023 50.8
    endloop
  endfacet
  facet normal 0.498527 0.863293 0.0787166
    outer loop
      vertex 9.61384 -2.54833 48.22
      vertex 9.42357 -2.53146 49.24
      vertex 6.93538 -2.38756 63.42
    endloop
  endfacet
  facet normal 0.498441 0.863344 0.0786997
    outer loop
      vertex 9.42357 -2.53146 49.24
      vertex 9.61384 -2.54833 48.22
      vertex 9.42357 -2.43848 48.22
    endloop
  endfacet
  facet normal 0.498449 0.863339 0.0787022
    outer loop
      vertex 6.93538 -2.38756 63.42
      vertex 7.94536 -1.82023 50.8
      vertex 5.42026 -0.362362 50.8
    endloop
  endfacet
  facet normal -0.851669 0.491766 0.181178
    outer loop
      vertex 5.42026 -0.362362 50.8
      vertex 5.32432 -2.39613 55.8692
      vertex 5.36936 -2.35158 55.96
    endloop
  endfacet
  facet normal -0.851697 0.491724 0.181161
    outer loop
      vertex 5.32432 -2.39613 55.8692
      vertex 5.42026 -0.362362 50.8
      vertex 5.18263 -0.773952 50.8
    endloop
  endfacet
  facet normal -0.851671 0.491772 0.181156
    outer loop
      vertex 6.93538 -2.38756 63.42
      vertex 5.36936 -2.35158 55.96
      vertex 5.36936 -2.38105 56.04
    endloop
  endfacet
  facet normal -0.851697 0.491724 0.181162
    outer loop
      vertex 5.36936 -2.35158 55.96
      vertex 6.93538 -2.38756 63.42
      vertex 5.42026 -0.362362 50.8
    endloop
  endfacet
  facet normal -0.851703 0.491714 0.181163
    outer loop
      vertex 5.33269 -2.49191 56.1685
      vertex 6.93538 -2.38756 63.42
      vertex 5.36936 -2.38105 56.04
    endloop
  endfacet
  facet normal -0.851696 0.491725 0.181162
    outer loop
      vertex 6.93538 -2.38756 63.42
      vertex 5.33269 -2.49191 56.1685
      vertex 5.53538 -4.81244 63.42
    endloop
  endfacet
  facet normal 0.498449 0.863339 0.0787025
    outer loop
      vertex 9.61384 -2.54833 48.22
      vertex 6.93538 -2.38756 63.42
      vertex 9.36025 -3.78756 63.42
    endloop
  endfacet
  facet normal 0.499992 0.86603 -0
    outer loop
      vertex 9.61384 -2.54833 48.18
      vertex 9.42357 -2.43848 48.22
      vertex 9.61384 -2.54833 48.22
    endloop
  endfacet
  facet normal 0.499992 0.86603 0
    outer loop
      vertex 9.42357 -2.43848 48.22
      vertex 9.61384 -2.54833 48.18
      vertex 9.42357 -2.43848 48.18
    endloop
  endfacet
  facet normal 0.707107 0.707107 0
    outer loop
      vertex 8.49969 3.52069 15.04
      vertex 3.52069 8.49969 15
      vertex 3.52069 8.49969 15.04
    endloop
  endfacet
  facet normal 0.707107 0.707107 0
    outer loop
      vertex 3.52069 8.49969 15
      vertex 8.49969 3.52069 15.04
      vertex 8.49969 3.52069 15
    endloop
  endfacet
  facet normal 0 1 -0
    outer loop
      vertex 3.52069 8.49969 15
      vertex -3.52069 8.49969 15.04
      vertex 3.52069 8.49969 15.04
    endloop
  endfacet
  facet normal 0 1 0
    outer loop
      vertex -3.52069 8.49969 15.04
      vertex 3.52069 8.49969 15
      vertex -3.52069 8.49969 15
    endloop
  endfacet
  facet normal -0.707107 0.707107 0
    outer loop
      vertex -8.49969 3.52069 15
      vertex -3.52069 8.49969 15.04
      vertex -3.52069 8.49969 15
    endloop
  endfacet
  facet normal -0.707107 0.707107 0
    outer loop
      vertex -3.52069 8.49969 15.04
      vertex -8.49969 3.52069 15
      vertex -8.49969 3.52069 15.04
    endloop
  endfacet
  facet normal 0.996137 -0 0.0878159
    outer loop
      vertex 6.65193 -2.75532 36
      vertex 8.49969 3.52069 15.04
      vertex 6.65193 2.75532 36
    endloop
  endfacet
  facet normal 0.996137 0 0.0878159
    outer loop
      vertex 8.49969 3.52069 15.04
      vertex 6.65193 -2.75532 36
      vertex 8.49969 -3.52069 15.04
    endloop
  endfacet
  facet normal 0.704375 0.704375 0.087816
    outer loop
      vertex 3.52069 8.49969 15.04
      vertex 6.65193 2.75532 36
      vertex 8.49969 3.52069 15.04
    endloop
  endfacet
  facet normal 0.704375 0.704375 0.087816
    outer loop
      vertex 6.65193 2.75532 36
      vertex 3.52069 8.49969 15.04
      vertex 2.75532 6.65193 36
    endloop
  endfacet
  facet normal 0 -1 0
    outer loop
      vertex -3.52069 -8.49969 15
      vertex 3.52069 -8.49969 15.04
      vertex -3.52069 -8.49969 15.04
    endloop
  endfacet
  facet normal 0 -1 -0
    outer loop
      vertex 3.52069 -8.49969 15.04
      vertex -3.52069 -8.49969 15
      vertex 3.52069 -8.49969 15
    endloop
  endfacet
  facet normal 0 -0.996137 0.0878159
    outer loop
      vertex -3.52069 -8.49969 15.04
      vertex 2.75532 -6.65193 36
      vertex -2.75532 -6.65193 36
    endloop
  endfacet
  facet normal 0 -0.996137 0.0878159
    outer loop
      vertex 2.75532 -6.65193 36
      vertex -3.52069 -8.49969 15.04
      vertex 3.52069 -8.49969 15.04
    endloop
  endfacet
  facet normal 0 0.996137 0.0878159
    outer loop
      vertex 3.52069 8.49969 15.04
      vertex -2.75532 6.65193 36
      vertex 2.75532 6.65193 36
    endloop
  endfacet
  facet normal 0 0.996137 0.0878159
    outer loop
      vertex -2.75532 6.65193 36
      vertex 3.52069 8.49969 15.04
      vertex -3.52069 8.49969 15.04
    endloop
  endfacet
  facet normal -0.704375 -0.704375 0.087816
    outer loop
      vertex -3.52069 -8.49969 15.04
      vertex -6.65193 -2.75532 36
      vertex -8.49969 -3.52069 15.04
    endloop
  endfacet
  facet normal -0.704375 -0.704375 0.087816
    outer loop
      vertex -6.65193 -2.75532 36
      vertex -3.52069 -8.49969 15.04
      vertex -2.75532 -6.65193 36
    endloop
  endfacet
  facet normal 1 -0 0
    outer loop
      vertex 8.49969 -3.52069 15.04
      vertex 8.49969 3.52069 15
      vertex 8.49969 3.52069 15.04
    endloop
  endfacet
  facet normal 1 0 0
    outer loop
      vertex 8.49969 3.52069 15
      vertex 8.49969 -3.52069 15.04
      vertex 8.49969 -3.52069 15
    endloop
  endfacet
  facet normal 0.704375 -0.704375 0.087816
    outer loop
      vertex 3.52069 -8.49969 15.04
      vertex 6.65193 -2.75532 36
      vertex 2.75532 -6.65193 36
    endloop
  endfacet
  facet normal 0.704375 -0.704375 0.087816
    outer loop
      vertex 6.65193 -2.75532 36
      vertex 3.52069 -8.49969 15.04
      vertex 8.49969 -3.52069 15.04
    endloop
  endfacet
  facet normal -0.707107 -0.707107 0
    outer loop
      vertex -3.52069 -8.49969 15
      vertex -8.49969 -3.52069 15.04
      vertex -8.49969 -3.52069 15
    endloop
  endfacet
  facet normal -0.707107 -0.707107 0
    outer loop
      vertex -8.49969 -3.52069 15.04
      vertex -3.52069 -8.49969 15
      vertex -3.52069 -8.49969 15.04
    endloop
  endfacet
  facet normal -1 0 0
    outer loop
      vertex -8.49969 -3.52069 15
      vertex -8.49969 3.52069 15.04
      vertex -8.49969 3.52069 15
    endloop
  endfacet
  facet normal -1 -0 0
    outer loop
      vertex -8.49969 3.52069 15.04
      vertex -8.49969 -3.52069 15
      vertex -8.49969 -3.52069 15.04
    endloop
  endfacet
  facet normal -0.996137 0 0.0878159
    outer loop
      vertex -8.49969 3.52069 15.04
      vertex -6.65193 -2.75532 36
      vertex -6.65193 2.75532 36
    endloop
  endfacet
  facet normal -0.996137 0 0.0878159
    outer loop
      vertex -6.65193 -2.75532 36
      vertex -8.49969 3.52069 15.04
      vertex -8.49969 -3.52069 15.04
    endloop
  endfacet
  facet normal -0.704375 0.704375 0.087816
    outer loop
      vertex -8.49969 3.52069 15.04
      vertex -2.75532 6.65193 36
      vertex -3.52069 8.49969 15.04
    endloop
  endfacet
  facet normal -0.704375 0.704375 0.087816
    outer loop
      vertex -2.75532 6.65193 36
      vertex -8.49969 3.52069 15.04
      vertex -6.65193 2.75532 36
    endloop
  endfacet
  facet normal 0.707107 -0.707107 0
    outer loop
      vertex 3.52069 -8.49969 15.04
      vertex 8.49969 -3.52069 15
      vertex 8.49969 -3.52069 15.04
    endloop
  endfacet
  facet normal 0.707107 -0.707107 0
    outer loop
      vertex 8.49969 -3.52069 15
      vertex 3.52069 -8.49969 15.04
      vertex 3.52069 -8.49969 15
    endloop
  endfacet
  facet normal 0.667783 0.667783 -0.328832
    outer loop
      vertex 9.42357 3.90337 43.96
      vertex 2.75532 6.65193 36
      vertex 3.90337 9.42357 43.96
    endloop
  endfacet
  facet normal 0.667783 0.667783 -0.328832
    outer loop
      vertex 2.75532 6.65193 36
      vertex 9.42357 3.90337 43.96
      vertex 6.65193 2.75532 36
    endloop
  endfacet
  facet normal -0.667783 -0.667783 -0.328832
    outer loop
      vertex -2.75532 -6.65193 36
      vertex -9.42357 -3.90337 43.96
      vertex -6.65193 -2.75532 36
    endloop
  endfacet
  facet normal -0.667783 -0.667783 -0.328832
    outer loop
      vertex -9.42357 -3.90337 43.96
      vertex -2.75532 -6.65193 36
      vertex -3.90337 -9.42357 43.96
    endloop
  endfacet
  facet normal -1 0 0
    outer loop
      vertex -9.42357 2.87789 48.18
      vertex -9.42357 3.90337 49.24
      vertex -9.42357 3.90337 43.96
    endloop
  endfacet
  facet normal -1 -0 0
    outer loop
      vertex -9.42357 3.90337 49.24
      vertex -9.42357 2.87789 48.18
      vertex -9.42357 2.93368 49.24
    endloop
  endfacet
  facet normal -1 0 0
    outer loop
      vertex -9.42357 3.90337 43.96
      vertex -9.42357 2.43848 48.18
      vertex -9.42357 2.87789 48.18
    endloop
  endfacet
  facet normal -1 0 0
    outer loop
      vertex -9.42357 2.43848 48.18
      vertex -9.42357 -2.43848 48.18
      vertex -9.42357 2.43848 48.22
    endloop
  endfacet
  facet normal -1 0 0
    outer loop
      vertex -9.42357 3.90337 43.96
      vertex -9.42357 -2.43848 48.18
      vertex -9.42357 2.43848 48.18
    endloop
  endfacet
  facet normal -1 0 0
    outer loop
      vertex -9.42357 -3.90337 43.96
      vertex -9.42357 -2.43848 48.18
      vertex -9.42357 3.90337 43.96
    endloop
  endfacet
  facet normal -1 -0 0
    outer loop
      vertex -9.42357 -2.43848 48.18
      vertex -9.42357 -3.90337 43.96
      vertex -9.42357 -2.87789 48.18
    endloop
  endfacet
  facet normal -1 0 0
    outer loop
      vertex -9.42357 -3.90337 49.24
      vertex -9.42357 -2.87789 48.18
      vertex -9.42357 -3.90337 43.96
    endloop
  endfacet
  facet normal -1 0 0
    outer loop
      vertex -9.42357 -2.87789 48.18
      vertex -9.42357 -3.90337 49.24
      vertex -9.42357 -2.93368 49.24
    endloop
  endfacet
  facet normal -1 0 0
    outer loop
      vertex -9.42357 -2.43848 48.22
      vertex -9.42357 2.43848 48.22
      vertex -9.42357 -2.43848 48.18
    endloop
  endfacet
  facet normal -1 0 0
    outer loop
      vertex -9.42357 2.43848 48.22
      vertex -9.42357 -2.43848 48.22
      vertex -9.42357 2.53146 49.24
    endloop
  endfacet
  facet normal -1 -0 0
    outer loop
      vertex -9.42357 2.53146 49.24
      vertex -9.42357 -2.43848 48.22
      vertex -9.42357 -2.53146 49.24
    endloop
  endfacet
  facet normal -0.944388 0 -0.328832
    outer loop
      vertex -6.65193 -2.75532 36
      vertex -9.42357 3.90337 43.96
      vertex -6.65193 2.75532 36
    endloop
  endfacet
  facet normal -0.944388 -0 -0.328832
    outer loop
      vertex -9.42357 3.90337 43.96
      vertex -6.65193 -2.75532 36
      vertex -9.42357 -3.90337 43.96
    endloop
  endfacet
  facet normal 0 0.944388 -0.328832
    outer loop
      vertex 2.75532 6.65193 36
      vertex -3.90337 9.42357 43.96
      vertex 3.90337 9.42357 43.96
    endloop
  endfacet
  facet normal 0 0.944388 -0.328832
    outer loop
      vertex -3.90337 9.42357 43.96
      vertex 2.75532 6.65193 36
      vertex -2.75532 6.65193 36
    endloop
  endfacet
  facet normal -0.707107 0.707107 0
    outer loop
      vertex -3.90337 9.42357 43.96
      vertex -6.54561 6.78133 48.18
      vertex -3.90337 9.42357 49.24
    endloop
  endfacet
  facet normal -0.707107 0.707107 0
    outer loop
      vertex -9.42357 3.90337 43.96
      vertex -6.54561 6.78133 48.18
      vertex -3.90337 9.42357 43.96
    endloop
  endfacet
  facet normal -0.707104 0.707109 -3.26465e-06
    outer loop
      vertex -6.54561 6.78133 48.18
      vertex -9.42357 3.90337 43.96
      vertex -8.02275 5.3042 48.18
    endloop
  endfacet
  facet normal -0.707109 0.707104 0
    outer loop
      vertex -9.42357 3.90337 49.24
      vertex -8.02275 5.3042 48.18
      vertex -9.42357 3.90337 43.96
    endloop
  endfacet
  facet normal -0.707107 0.707107 6.67082e-06
    outer loop
      vertex -8.02275 5.3042 48.18
      vertex -9.42357 3.90337 49.24
      vertex -8.09895 5.22799 49.24
    endloop
  endfacet
  facet normal -0.707107 0.707107 0
    outer loop
      vertex -6.54561 6.78133 48.22
      vertex -3.90337 9.42357 49.24
      vertex -6.54561 6.78133 48.18
    endloop
  endfacet
  facet normal -0.707107 0.707107 -4.5589e-16
    outer loop
      vertex -3.90337 9.42357 49.24
      vertex -6.54561 6.78133 48.22
      vertex -6.60456 6.72238 49.24
    endloop
  endfacet
  facet normal 0 1 0
    outer loop
      vertex 3.90337 9.42357 49.24
      vertex 2.6 9.42357 48.22
      vertex 2.51947 9.42357 49.24
    endloop
  endfacet
  facet normal 0 1 0
    outer loop
      vertex 3.90337 9.42357 49.24
      vertex 2.6 9.42357 48.18
      vertex 2.6 9.42357 48.22
    endloop
  endfacet
  facet normal 0 1 0
    outer loop
      vertex 2.6 9.42357 48.18
      vertex 3.90337 9.42357 43.96
      vertex -2.6 9.42357 48.18
    endloop
  endfacet
  facet normal 0 1 -0
    outer loop
      vertex 3.90337 9.42357 43.96
      vertex 2.6 9.42357 48.18
      vertex 3.90337 9.42357 49.24
    endloop
  endfacet
  facet normal 0 1 -0
    outer loop
      vertex -2.6 9.42357 48.22
      vertex -3.90337 9.42357 49.24
      vertex -2.51947 9.42357 49.24
    endloop
  endfacet
  facet normal 0 1 -0
    outer loop
      vertex -2.6 9.42357 48.18
      vertex -3.90337 9.42357 49.24
      vertex -2.6 9.42357 48.22
    endloop
  endfacet
  facet normal 0 1 0
    outer loop
      vertex -2.6 9.42357 48.18
      vertex -3.90337 9.42357 43.96
      vertex -3.90337 9.42357 49.24
    endloop
  endfacet
  facet normal 0 1 0
    outer loop
      vertex -3.90337 9.42357 43.96
      vertex -2.6 9.42357 48.18
      vertex 3.90337 9.42357 43.96
    endloop
  endfacet
  facet normal 0.707107 -0.707107 0
    outer loop
      vertex 6.54561 -6.78133 48.22
      vertex 3.90337 -9.42357 49.24
      vertex 6.54561 -6.78133 48.18
    endloop
  endfacet
  facet normal 0.707107 -0.707107 -4.5589e-16
    outer loop
      vertex 3.90337 -9.42357 49.24
      vertex 6.54561 -6.78133 48.22
      vertex 6.60456 -6.72238 49.24
    endloop
  endfacet
  facet normal 0.707107 -0.707107 6.67082e-06
    outer loop
      vertex 8.02275 -5.3042 48.18
      vertex 9.42357 -3.90337 49.24
      vertex 8.09895 -5.22799 49.24
    endloop
  endfacet
  facet normal 0.707109 -0.707104 0
    outer loop
      vertex 9.42357 -3.90337 49.24
      vertex 8.02275 -5.3042 48.18
      vertex 9.42357 -3.90337 43.96
    endloop
  endfacet
  facet normal 0.707104 -0.707109 -3.26465e-06
    outer loop
      vertex 6.54561 -6.78133 48.18
      vertex 9.42357 -3.90337 43.96
      vertex 8.02275 -5.3042 48.18
    endloop
  endfacet
  facet normal 0.707107 -0.707107 0
    outer loop
      vertex 3.90337 -9.42357 43.96
      vertex 6.54561 -6.78133 48.18
      vertex 3.90337 -9.42357 49.24
    endloop
  endfacet
  facet normal 0.707107 -0.707107 0
    outer loop
      vertex 6.54561 -6.78133 48.18
      vertex 3.90337 -9.42357 43.96
      vertex 9.42357 -3.90337 43.96
    endloop
  endfacet
  facet normal -0.707109 -0.707104 0
    outer loop
      vertex -8.02275 -5.3042 48.18
      vertex -9.42357 -3.90337 49.24
      vertex -9.42357 -3.90337 43.96
    endloop
  endfacet
  facet normal -0.707107 -0.707107 6.67082e-06
    outer loop
      vertex -9.42357 -3.90337 49.24
      vertex -8.02275 -5.3042 48.18
      vertex -8.09895 -5.22799 49.24
    endloop
  endfacet
  facet normal -0.707104 -0.707109 -3.26465e-06
    outer loop
      vertex -9.42357 -3.90337 43.96
      vertex -6.54561 -6.78133 48.18
      vertex -8.02275 -5.3042 48.18
    endloop
  endfacet
  facet normal -0.707107 -0.707107 -0
    outer loop
      vertex -3.90337 -9.42357 49.24
      vertex -6.54561 -6.78133 48.18
      vertex -3.90337 -9.42357 43.96
    endloop
  endfacet
  facet normal -0.707107 -0.707107 0
    outer loop
      vertex -3.90337 -9.42357 43.96
      vertex -6.54561 -6.78133 48.18
      vertex -9.42357 -3.90337 43.96
    endloop
  endfacet
  facet normal -0.707107 -0.707107 0
    outer loop
      vertex -6.54561 -6.78133 48.18
      vertex -3.90337 -9.42357 49.24
      vertex -6.54561 -6.78133 48.22
    endloop
  endfacet
  facet normal -0.707107 -0.707107 -6.05479e-16
    outer loop
      vertex -6.54561 -6.78133 48.22
      vertex -3.90337 -9.42357 49.24
      vertex -6.60456 -6.72238 49.24
    endloop
  endfacet
  facet normal 0.667783 -0.667783 -0.328832
    outer loop
      vertex 9.42357 -3.90337 43.96
      vertex 2.75532 -6.65193 36
      vertex 6.65193 -2.75532 36
    endloop
  endfacet
  facet normal 0.667783 -0.667783 -0.328832
    outer loop
      vertex 2.75532 -6.65193 36
      vertex 9.42357 -3.90337 43.96
      vertex 3.90337 -9.42357 43.96
    endloop
  endfacet
  facet normal 1 0 0
    outer loop
      vertex 9.42357 2.43848 48.22
      vertex 9.42357 -2.43848 48.22
      vertex 9.42357 2.43848 48.18
    endloop
  endfacet
  facet normal 1 0 0
    outer loop
      vertex 9.42357 2.53146 49.24
      vertex 9.42357 -2.43848 48.22
      vertex 9.42357 2.43848 48.22
    endloop
  endfacet
  facet normal 1 0 -0
    outer loop
      vertex 9.42357 -2.43848 48.22
      vertex 9.42357 2.53146 49.24
      vertex 9.42357 -2.53146 49.24
    endloop
  endfacet
  facet normal 1 0 0
    outer loop
      vertex 9.42357 2.87789 48.18
      vertex 9.42357 3.90337 49.24
      vertex 9.42357 2.93368 49.24
    endloop
  endfacet
  facet normal 1 0 0
    outer loop
      vertex 9.42357 3.90337 49.24
      vertex 9.42357 2.87789 48.18
      vertex 9.42357 3.90337 43.96
    endloop
  endfacet
  facet normal 1 -0 0
    outer loop
      vertex 9.42357 2.43848 48.18
      vertex 9.42357 3.90337 43.96
      vertex 9.42357 2.87789 48.18
    endloop
  endfacet
  facet normal 1 0 0
    outer loop
      vertex 9.42357 -2.43848 48.18
      vertex 9.42357 2.43848 48.18
      vertex 9.42357 -2.43848 48.22
    endloop
  endfacet
  facet normal 1 0 0
    outer loop
      vertex 9.42357 2.43848 48.18
      vertex 9.42357 -2.43848 48.18
      vertex 9.42357 3.90337 43.96
    endloop
  endfacet
  facet normal 1 0 0
    outer loop
      vertex 9.42357 -3.90337 43.96
      vertex 9.42357 -2.43848 48.18
      vertex 9.42357 -2.87789 48.18
    endloop
  endfacet
  facet normal 1 -0 0
    outer loop
      vertex 9.42357 -3.90337 49.24
      vertex 9.42357 -2.87789 48.18
      vertex 9.42357 -2.93368 49.24
    endloop
  endfacet
  facet normal 1 0 0
    outer loop
      vertex 9.42357 -2.43848 48.18
      vertex 9.42357 -3.90337 43.96
      vertex 9.42357 3.90337 43.96
    endloop
  endfacet
  facet normal 1 0 0
    outer loop
      vertex 9.42357 -3.90337 43.96
      vertex 9.42357 -2.87789 48.18
      vertex 9.42357 -3.90337 49.24
    endloop
  endfacet
  facet normal 0.707107 0.707107 -0
    outer loop
      vertex 6.54561 6.78133 48.18
      vertex 3.90337 9.42357 49.24
      vertex 6.54561 6.78133 48.22
    endloop
  endfacet
  facet normal 0.707107 0.707107 -6.05479e-16
    outer loop
      vertex 6.54561 6.78133 48.22
      vertex 3.90337 9.42357 49.24
      vertex 6.60456 6.72238 49.24
    endloop
  endfacet
  facet normal 0.707107 0.707107 0
    outer loop
      vertex 3.90337 9.42357 49.24
      vertex 6.54561 6.78133 48.18
      vertex 3.90337 9.42357 43.96
    endloop
  endfacet
  facet normal 0.707104 0.707109 -3.26465e-06
    outer loop
      vertex 9.42357 3.90337 43.96
      vertex 6.54561 6.78133 48.18
      vertex 8.02275 5.3042 48.18
    endloop
  endfacet
  facet normal 0.707107 0.707107 6.67082e-06
    outer loop
      vertex 9.42357 3.90337 49.24
      vertex 8.02275 5.3042 48.18
      vertex 8.09895 5.22799 49.24
    endloop
  endfacet
  facet normal 0.707109 0.707104 -0
    outer loop
      vertex 9.42357 3.90337 43.96
      vertex 8.02275 5.3042 48.18
      vertex 9.42357 3.90337 49.24
    endloop
  endfacet
  facet normal 0.707107 0.707107 0
    outer loop
      vertex 6.54561 6.78133 48.18
      vertex 9.42357 3.90337 43.96
      vertex 3.90337 9.42357 43.96
    endloop
  endfacet
  facet normal -0.667783 0.667783 -0.328832
    outer loop
      vertex -2.75532 6.65193 36
      vertex -9.42357 3.90337 43.96
      vertex -3.90337 9.42357 43.96
    endloop
  endfacet
  facet normal -0.667783 0.667783 -0.328832
    outer loop
      vertex -9.42357 3.90337 43.96
      vertex -2.75532 6.65193 36
      vertex -6.65193 2.75532 36
    endloop
  endfacet
  facet normal 0 -1 0
    outer loop
      vertex -3.90337 -9.42357 49.24
      vertex -2.6 -9.42357 48.22
      vertex -2.51947 -9.42357 49.24
    endloop
  endfacet
  facet normal 0 -1 0
    outer loop
      vertex -3.90337 -9.42357 49.24
      vertex -2.6 -9.42357 48.18
      vertex -2.6 -9.42357 48.22
    endloop
  endfacet
  facet normal 0 -1 -0
    outer loop
      vertex -2.6 -9.42357 48.18
      vertex -3.90337 -9.42357 43.96
      vertex 2.6 -9.42357 48.18
    endloop
  endfacet
  facet normal 0 -1 0
    outer loop
      vertex -3.90337 -9.42357 43.96
      vertex -2.6 -9.42357 48.18
      vertex -3.90337 -9.42357 49.24
    endloop
  endfacet
  facet normal 0 -1 0
    outer loop
      vertex 2.6 -9.42357 48.22
      vertex 3.90337 -9.42357 49.24
      vertex 2.51947 -9.42357 49.24
    endloop
  endfacet
  facet normal 0 -1 0
    outer loop
      vertex 2.6 -9.42357 48.18
      vertex 3.90337 -9.42357 49.24
      vertex 2.6 -9.42357 48.22
    endloop
  endfacet
  facet normal 0 -1 0
    outer loop
      vertex 2.6 -9.42357 48.18
      vertex 3.90337 -9.42357 43.96
      vertex 3.90337 -9.42357 49.24
    endloop
  endfacet
  facet normal 0 -1 0
    outer loop
      vertex 3.90337 -9.42357 43.96
      vertex 2.6 -9.42357 48.18
      vertex -3.90337 -9.42357 43.96
    endloop
  endfacet
  facet normal 0 -0.944388 -0.328832
    outer loop
      vertex -2.75532 -6.65193 36
      vertex 3.90337 -9.42357 43.96
      vertex -3.90337 -9.42357 43.96
    endloop
  endfacet
  facet normal 0 -0.944388 -0.328832
    outer loop
      vertex 3.90337 -9.42357 43.96
      vertex -2.75532 -6.65193 36
      vertex 2.75532 -6.65193 36
    endloop
  endfacet
  facet normal 0.944388 0 -0.328832
    outer loop
      vertex 9.42357 3.90337 43.96
      vertex 6.65193 -2.75532 36
      vertex 6.65193 2.75532 36
    endloop
  endfacet
  facet normal 0.944388 0 -0.328832
    outer loop
      vertex 6.65193 -2.75532 36
      vertex 9.42357 3.90337 43.96
      vertex 9.42357 -3.90337 43.96
    endloop
  endfacet
  facet normal 0 0 1
    outer loop
      vertex -2.80989 -0.374614 50.8
      vertex -5.18263 -0.773952 50.8
      vertex -2.80989 -1.62229 50.8
    endloop
  endfacet
  facet normal 0 0 1
    outer loop
      vertex -2.80989 -1.62229 50.8
      vertex -5.18263 -0.773952 50.8
      vertex -3.02394 -4.5129 50.8
    endloop
  endfacet
  facet normal -0 0 1
    outer loop
      vertex -5.42026 0.362362 50.8
      vertex -5.18263 -0.773952 50.8
      vertex -5.18263 0.773952 50.8
    endloop
  endfacet
  facet normal 0 0 1
    outer loop
      vertex -5.42026 0.362362 50.8
      vertex -5.42026 -0.362362 50.8
      vertex -5.18263 -0.773952 50.8
    endloop
  endfacet
  facet normal 0 0 1
    outer loop
      vertex -7.94536 1.82023 50.8
      vertex -5.42026 -0.362362 50.8
      vertex -5.42026 0.362362 50.8
    endloop
  endfacet
  facet normal 0 0 1
    outer loop
      vertex -5.42026 -0.362362 50.8
      vertex -7.94536 1.82023 50.8
      vertex -7.94536 -1.82023 50.8
    endloop
  endfacet
  facet normal -0 0 1
    outer loop
      vertex -3.29108 7.94536 50.8
      vertex -2.39632 4.87526 50.8
      vertex -2.39632 7.94536 50.8
    endloop
  endfacet
  facet normal 0 0 1
    outer loop
      vertex -2.80989 1.62229 50.8
      vertex -5.18263 0.773952 50.8
      vertex -2.80989 -0.374614 50.8
    endloop
  endfacet
  facet normal 0 0 1
    outer loop
      vertex -5.18263 0.773952 50.8
      vertex -2.80989 1.62229 50.8
      vertex -3.02394 4.5129 50.8
    endloop
  endfacet
  facet normal 0 0 1
    outer loop
      vertex -2.39632 4.87526 50.8
      vertex -3.02394 4.5129 50.8
      vertex -2.80989 1.62229 50.8
    endloop
  endfacet
  facet normal 0 0 1
    outer loop
      vertex -2.39632 4.87526 50.8
      vertex -3.29108 7.94536 50.8
      vertex -3.02394 4.5129 50.8
    endloop
  endfacet
  facet normal 0 0 1
    outer loop
      vertex -3.02394 4.5129 50.8
      vertex -3.29108 7.94536 50.8
      vertex -5.36939 5.86705 50.8
    endloop
  endfacet
  facet normal -0 0 1
    outer loop
      vertex -1.81628e-07 -3.24458 50.8
      vertex 2.39632 -4.87526 50.8
      vertex 2.80989 -1.62229 50.8
    endloop
  endfacet
  facet normal 0 0 1
    outer loop
      vertex -2.39632 -4.87526 50.8
      vertex -1.81628e-07 -3.24458 50.8
      vertex -1.72937 -2.24613 50.8
    endloop
  endfacet
  facet normal 0 0 1
    outer loop
      vertex -1.81628e-07 -3.24458 50.8
      vertex -2.39632 -4.87526 50.8
      vertex 2.39632 -4.87526 50.8
    endloop
  endfacet
  facet normal 0 0 1
    outer loop
      vertex -3.02394 -4.5129 50.8
      vertex -1.72937 -2.24613 50.8
      vertex -2.80989 -1.62229 50.8
    endloop
  endfacet
  facet normal 0 0 1
    outer loop
      vertex -1.72937 -2.24613 50.8
      vertex -3.02394 -4.5129 50.8
      vertex -2.39632 -4.87526 50.8
    endloop
  endfacet
  facet normal 0 0 1
    outer loop
      vertex -5.18263 -0.773952 50.8
      vertex -2.80989 -0.374614 50.8
      vertex -5.18263 0.773952 50.8
    endloop
  endfacet
  facet normal 0 0 1
    outer loop
      vertex -3.29108 -7.94536 50.8
      vertex -2.39632 -4.87526 50.8
      vertex -3.02394 -4.5129 50.8
    endloop
  endfacet
  facet normal 0 0 1
    outer loop
      vertex -2.39632 -4.87526 50.8
      vertex -3.29108 -7.94536 50.8
      vertex -2.39632 -7.94536 50.8
    endloop
  endfacet
  facet normal 0 -0 1
    outer loop
      vertex -3.29108 -7.94536 50.8
      vertex -3.02394 -4.5129 50.8
      vertex -5.36939 -5.86705 50.8
    endloop
  endfacet
  facet normal 0 0 1
    outer loop
      vertex 3.29108 7.94536 50.8
      vertex 3.02394 4.5129 50.8
      vertex 5.36939 5.86705 50.8
    endloop
  endfacet
  facet normal 0 0 1
    outer loop
      vertex 5.18263 0.773952 50.8
      vertex 2.80989 0.374614 50.8
      vertex 5.18263 -0.773952 50.8
    endloop
  endfacet
  facet normal 0 0 1
    outer loop
      vertex 2.39632 4.87526 50.8
      vertex 3.29108 7.94536 50.8
      vertex 2.39632 7.94536 50.8
    endloop
  endfacet
  facet normal 0 0 1
    outer loop
      vertex 3.29108 7.94536 50.8
      vertex 2.39632 4.87526 50.8
      vertex 3.02394 4.5129 50.8
    endloop
  endfacet
  facet normal 0 0 1
    outer loop
      vertex 1.72937 2.24613 50.8
      vertex 3.02394 4.5129 50.8
      vertex 2.39632 4.87526 50.8
    endloop
  endfacet
  facet normal 0 0 1
    outer loop
      vertex 3.02394 4.5129 50.8
      vertex 1.72937 2.24613 50.8
      vertex 2.80989 1.62229 50.8
    endloop
  endfacet
  facet normal 0 0 1
    outer loop
      vertex 2.39632 4.87526 50.8
      vertex 1.81628e-07 3.24458 50.8
      vertex 1.72937 2.24613 50.8
    endloop
  endfacet
  facet normal -0 0 1
    outer loop
      vertex -2.39632 4.87526 50.8
      vertex 1.81628e-07 3.24458 50.8
      vertex 2.39632 4.87526 50.8
    endloop
  endfacet
  facet normal 0 0 1
    outer loop
      vertex 1.81628e-07 3.24458 50.8
      vertex -2.39632 4.87526 50.8
      vertex -2.80989 1.62229 50.8
    endloop
  endfacet
  facet normal -0 0 1
    outer loop
      vertex 5.42026 0.362362 50.8
      vertex 7.94536 -1.82023 50.8
      vertex 7.94536 1.82023 50.8
    endloop
  endfacet
  facet normal 0 0 1
    outer loop
      vertex 5.42026 0.362362 50.8
      vertex 5.42026 -0.362362 50.8
      vertex 7.94536 -1.82023 50.8
    endloop
  endfacet
  facet normal 0 0 1
    outer loop
      vertex 5.18263 0.773952 50.8
      vertex 5.42026 -0.362362 50.8
      vertex 5.42026 0.362362 50.8
    endloop
  endfacet
  facet normal 0 0 1
    outer loop
      vertex 5.18263 0.773952 50.8
      vertex 5.18263 -0.773952 50.8
      vertex 5.42026 -0.362362 50.8
    endloop
  endfacet
  facet normal -0 0 1
    outer loop
      vertex 2.80989 1.62229 50.8
      vertex 5.18263 0.773952 50.8
      vertex 3.02394 4.5129 50.8
    endloop
  endfacet
  facet normal 0 0 1
    outer loop
      vertex 2.80989 0.374614 50.8
      vertex 5.18263 0.773952 50.8
      vertex 2.80989 1.62229 50.8
    endloop
  endfacet
  facet normal 0 0 1
    outer loop
      vertex 3.02394 -4.5129 50.8
      vertex 3.29108 -7.94536 50.8
      vertex 5.36939 -5.86705 50.8
    endloop
  endfacet
  facet normal 0 0 1
    outer loop
      vertex 2.80989 -1.62229 50.8
      vertex 5.18263 -0.773952 50.8
      vertex 2.80989 0.374614 50.8
    endloop
  endfacet
  facet normal 0 0 1
    outer loop
      vertex 5.18263 -0.773952 50.8
      vertex 2.80989 -1.62229 50.8
      vertex 3.02394 -4.5129 50.8
    endloop
  endfacet
  facet normal 0 0 1
    outer loop
      vertex 2.39632 -4.87526 50.8
      vertex 3.02394 -4.5129 50.8
      vertex 2.80989 -1.62229 50.8
    endloop
  endfacet
  facet normal -0 0 1
    outer loop
      vertex 2.39632 -4.87526 50.8
      vertex 3.29108 -7.94536 50.8
      vertex 3.02394 -4.5129 50.8
    endloop
  endfacet
  facet normal 0 0 1
    outer loop
      vertex 3.29108 -7.94536 50.8
      vertex 2.39632 -4.87526 50.8
      vertex 2.39632 -7.94536 50.8
    endloop
  endfacet
  facet normal 0.725903 0 0.687797
    outer loop
      vertex 9.42357 -2.93368 49.24
      vertex 8.98317 -3.72095 49.7048
      vertex 9.42357 -3.90337 49.24
    endloop
  endfacet
  facet normal 0.725903 0 0.687797
    outer loop
      vertex 9.42357 3.90337 49.24
      vertex 8.98317 3.72095 49.7048
      vertex 9.42357 2.93368 49.24
    endloop
  endfacet
  facet normal 0.725879 -0 0.687822
    outer loop
      vertex 7.94536 -1.82023 50.8
      vertex 9.42357 2.53146 49.24
      vertex 7.94536 1.82023 50.8
    endloop
  endfacet
  facet normal 0.725879 0 0.687822
    outer loop
      vertex 9.42357 2.53146 49.24
      vertex 7.94536 -1.82023 50.8
      vertex 9.42357 -2.53146 49.24
    endloop
  endfacet
  facet normal -0.725903 0 0.687797
    outer loop
      vertex -9.42357 -2.93368 49.24
      vertex -9.42357 -3.90337 49.24
      vertex -8.98317 -3.72095 49.7048
    endloop
  endfacet
  facet normal -0.725903 0 0.687797
    outer loop
      vertex -9.42357 3.90337 49.24
      vertex -9.42357 2.93368 49.24
      vertex -8.98317 3.72095 49.7048
    endloop
  endfacet
  facet normal -0.725879 0 0.687822
    outer loop
      vertex -9.42357 2.53146 49.24
      vertex -7.94536 -1.82023 50.8
      vertex -7.94536 1.82023 50.8
    endloop
  endfacet
  facet normal -0.725879 0 0.687822
    outer loop
      vertex -7.94536 -1.82023 50.8
      vertex -9.42357 2.53146 49.24
      vertex -9.42357 -2.53146 49.24
    endloop
  endfacet
  facet normal -0.513275 0.513275 0.687821
    outer loop
      vertex -6.60456 6.72238 49.24
      vertex -3.29108 7.94536 50.8
      vertex -3.90337 9.42357 49.24
    endloop
  endfacet
  facet normal -0.513275 0.513275 0.687821
    outer loop
      vertex -3.29108 7.94536 50.8
      vertex -6.60456 6.72238 49.24
      vertex -5.36939 5.86705 50.8
    endloop
  endfacet
  facet normal -0.513291 0.513291 0.687797
    outer loop
      vertex -8.09895 5.22799 49.24
      vertex -9.42357 3.90337 49.24
      vertex -8.98317 3.72095 49.7048
    endloop
  endfacet
  facet normal 0 0.725879 0.687822
    outer loop
      vertex -2.51947 9.42357 49.24
      vertex -3.29108 7.94536 50.8
      vertex -2.39632 7.94536 50.8
    endloop
  endfacet
  facet normal 0 0.725879 0.687822
    outer loop
      vertex -3.29108 7.94536 50.8
      vertex -2.51947 9.42357 49.24
      vertex -3.90337 9.42357 49.24
    endloop
  endfacet
  facet normal -0 0.725879 0.687822
    outer loop
      vertex 2.51947 9.42357 49.24
      vertex 3.29108 7.94536 50.8
      vertex 3.90337 9.42357 49.24
    endloop
  endfacet
  facet normal 0 0.725879 0.687822
    outer loop
      vertex 3.29108 7.94536 50.8
      vertex 2.51947 9.42357 49.24
      vertex 2.39632 7.94536 50.8
    endloop
  endfacet
  facet normal 0.513275 0.513275 0.687821
    outer loop
      vertex 3.29108 7.94536 50.8
      vertex 6.60456 6.72238 49.24
      vertex 3.90337 9.42357 49.24
    endloop
  endfacet
  facet normal 0.513275 0.513275 0.687821
    outer loop
      vertex 6.60456 6.72238 49.24
      vertex 3.29108 7.94536 50.8
      vertex 5.36939 5.86705 50.8
    endloop
  endfacet
  facet normal 0.513291 0.513291 0.687797
    outer loop
      vertex 9.42357 3.90337 49.24
      vertex 8.09895 5.22799 49.24
      vertex 8.98317 3.72095 49.7048
    endloop
  endfacet
  facet normal 0.513291 -0.513291 0.687797
    outer loop
      vertex 8.98317 -3.72095 49.7048
      vertex 8.09895 -5.22799 49.24
      vertex 9.42357 -3.90337 49.24
    endloop
  endfacet
  facet normal 0.513275 -0.513275 0.687821
    outer loop
      vertex 3.29108 -7.94536 50.8
      vertex 6.60456 -6.72238 49.24
      vertex 5.36939 -5.86705 50.8
    endloop
  endfacet
  facet normal 0.513275 -0.513275 0.687821
    outer loop
      vertex 6.60456 -6.72238 49.24
      vertex 3.29108 -7.94536 50.8
      vertex 3.90337 -9.42357 49.24
    endloop
  endfacet
  facet normal 0 -0.725879 0.687822
    outer loop
      vertex 2.51947 -9.42357 49.24
      vertex 3.29108 -7.94536 50.8
      vertex 2.39632 -7.94536 50.8
    endloop
  endfacet
  facet normal 0 -0.725879 0.687822
    outer loop
      vertex 3.29108 -7.94536 50.8
      vertex 2.51947 -9.42357 49.24
      vertex 3.90337 -9.42357 49.24
    endloop
  endfacet
  facet normal 0 -0.725879 0.687822
    outer loop
      vertex -2.51947 -9.42357 49.24
      vertex -3.29108 -7.94536 50.8
      vertex -3.90337 -9.42357 49.24
    endloop
  endfacet
  facet normal 0 -0.725879 0.687822
    outer loop
      vertex -3.29108 -7.94536 50.8
      vertex -2.51947 -9.42357 49.24
      vertex -2.39632 -7.94536 50.8
    endloop
  endfacet
  facet normal -0.513291 -0.513291 0.687797
    outer loop
      vertex -8.98317 -3.72095 49.7048
      vertex -9.42357 -3.90337 49.24
      vertex -8.09895 -5.22799 49.24
    endloop
  endfacet
  facet normal -0.513275 -0.513275 0.687821
    outer loop
      vertex -6.60456 -6.72238 49.24
      vertex -3.29108 -7.94536 50.8
      vertex -5.36939 -5.86705 50.8
    endloop
  endfacet
  facet normal -0.513275 -0.513275 0.687821
    outer loop
      vertex -3.29108 -7.94536 50.8
      vertex -6.60456 -6.72238 49.24
      vertex -3.90337 -9.42357 49.24
    endloop
  endfacet
  facet normal -0.998027 -0.0627792 0
    outer loop
      vertex 8.29723 0 0.799999
      vertex 8.27279 0.388533 3
      vertex 8.27279 0.388533 0.799999
    endloop
  endfacet
  facet normal -0.998027 -0.0627792 0
    outer loop
      vertex 8.27279 0.388533 3
      vertex 8.29723 0 0.799999
      vertex 8.29723 0 3
    endloop
  endfacet
  facet normal 0 -1 0
    outer loop
      vertex 5.00258 3.09388 0.799999
      vertex 5.39188 3.09388 3
      vertex 5.00258 3.09388 3
    endloop
  endfacet
  facet normal 0 -1 -0
    outer loop
      vertex 5.39188 3.09388 3
      vertex 5.00258 3.09388 0.799999
      vertex 5.39188 3.09388 0.799999
    endloop
  endfacet
  facet normal -0.684538 -0.728977 0
    outer loop
      vertex 7.17325 2.38859 0.799999
      vertex 7.45704 2.1221 3
      vertex 7.17325 2.38859 3
    endloop
  endfacet
  facet normal -0.684538 -0.728977 -0
    outer loop
      vertex 7.45704 2.1221 3
      vertex 7.17325 2.38859 0.799999
      vertex 7.45704 2.1221 0.799999
    endloop
  endfacet
  facet normal 0.770522 -0.637414 0
    outer loop
      vertex 2.68928 1.82213 3
      vertex 2.93743 2.1221 0.799999
      vertex 2.93743 2.1221 3
    endloop
  endfacet
  facet normal 0.770522 -0.637414 0
    outer loop
      vertex 2.93743 2.1221 0.799999
      vertex 2.68928 1.82213 3
      vertex 2.68928 1.82213 0.799999
    endloop
  endfacet
  facet normal 0.481736 -0.876316 0
    outer loop
      vertex 3.53617 2.61742 0.799999
      vertex 3.87732 2.80496 3
      vertex 3.53617 2.61742 3
    endloop
  endfacet
  facet normal 0.481736 -0.876316 0
    outer loop
      vertex 3.87732 2.80496 3
      vertex 3.53617 2.61742 0.799999
      vertex 3.87732 2.80496 0.799999
    endloop
  endfacet
  facet normal -0.844331 0.535821 0
    outer loop
      vertex 7.70519 -1.82213 0.799999
      vertex 7.91378 -1.49344 3
      vertex 7.91378 -1.49344 0.799999
    endloop
  endfacet
  facet normal -0.844331 0.535821 0
    outer loop
      vertex 7.91378 -1.49344 3
      vertex 7.70519 -1.82213 0.799999
      vertex 7.70519 -1.82213 3
    endloop
  endfacet
  facet normal -0.904823 -0.425787 0
    outer loop
      vertex 8.07954 1.14119 0.799999
      vertex 7.91378 1.49344 3
      vertex 7.91378 1.49344 0.799999
    endloop
  endfacet
  facet normal -0.904823 -0.425787 0
    outer loop
      vertex 7.91378 1.49344 3
      vertex 8.07954 1.14119 0.799999
      vertex 8.07954 1.14119 3
    endloop
  endfacet
  facet normal -0.982286 -0.187387 0
    outer loop
      vertex 8.27279 0.388533 0.799999
      vertex 8.19984 0.770938 3
      vertex 8.19984 0.770938 0.799999
    endloop
  endfacet
  facet normal -0.982286 -0.187387 0
    outer loop
      vertex 8.19984 0.770938 3
      vertex 8.27279 0.388533 0.799999
      vertex 8.27279 0.388533 3
    endloop
  endfacet
  facet normal -0.844331 -0.535821 0
    outer loop
      vertex 7.91378 1.49344 0.799999
      vertex 7.70519 1.82213 3
      vertex 7.70519 1.82213 0.799999
    endloop
  endfacet
  facet normal -0.844331 -0.535821 0
    outer loop
      vertex 7.70519 1.82213 3
      vertex 7.91378 1.49344 0.799999
      vertex 7.91378 1.49344 3
    endloop
  endfacet
  facet normal -0.368124 -0.929777 0
    outer loop
      vertex 6.15519 2.94827 0.799999
      vertex 6.51715 2.80496 3
      vertex 6.15519 2.94827 3
    endloop
  endfacet
  facet normal -0.368124 -0.929777 -0
    outer loop
      vertex 6.51715 2.80496 3
      vertex 6.15519 2.94827 0.799999
      vertex 6.51715 2.80496 0.799999
    endloop
  endfacet
  facet normal -0.587794 -0.80901 0
    outer loop
      vertex 6.8583 2.61742 0.799999
      vertex 7.17325 2.38859 3
      vertex 6.8583 2.61742 3
    endloop
  endfacet
  facet normal -0.587794 -0.80901 -0
    outer loop
      vertex 7.17325 2.38859 3
      vertex 6.8583 2.61742 0.799999
      vertex 7.17325 2.38859 0.799999
    endloop
  endfacet
  facet normal 0.951058 -0.309012 0
    outer loop
      vertex 2.19463 0.770938 3
      vertex 2.31493 1.14119 0.799999
      vertex 2.31493 1.14119 3
    endloop
  endfacet
  facet normal 0.951058 -0.309012 0
    outer loop
      vertex 2.31493 1.14119 0.799999
      vertex 2.19463 0.770938 3
      vertex 2.19463 0.770938 0.799999
    endloop
  endfacet
  facet normal 0.904833 -0.425766 0
    outer loop
      vertex 2.31493 1.14119 3
      vertex 2.48068 1.49344 0.799999
      vertex 2.48068 1.49344 3
    endloop
  endfacet
  facet normal 0.904833 -0.425766 0
    outer loop
      vertex 2.48068 1.49344 0.799999
      vertex 2.31493 1.14119 3
      vertex 2.31493 1.14119 0.799999
    endloop
  endfacet
  facet normal 0.982286 -0.187387 0
    outer loop
      vertex 2.12168 0.388533 3
      vertex 2.19463 0.770938 0.799999
      vertex 2.19463 0.770938 3
    endloop
  endfacet
  facet normal 0.982286 -0.187387 0
    outer loop
      vertex 2.19463 0.770938 0.799999
      vertex 2.12168 0.388533 3
      vertex 2.12168 0.388533 0.799999
    endloop
  endfacet
  facet normal 0.587794 -0.80901 0
    outer loop
      vertex 3.22122 2.38859 0.799999
      vertex 3.53617 2.61742 3
      vertex 3.22122 2.38859 3
    endloop
  endfacet
  facet normal 0.587794 -0.80901 0
    outer loop
      vertex 3.53617 2.61742 3
      vertex 3.22122 2.38859 0.799999
      vertex 3.53617 2.61742 0.799999
    endloop
  endfacet
  facet normal 0.248702 -0.96858 0
    outer loop
      vertex 4.23928 2.94827 0.799999
      vertex 4.61635 3.04509 3
      vertex 4.23928 2.94827 3
    endloop
  endfacet
  facet normal 0.248702 -0.96858 0
    outer loop
      vertex 4.61635 3.04509 3
      vertex 4.23928 2.94827 0.799999
      vertex 4.61635 3.04509 0.799999
    endloop
  endfacet
  facet normal -0.368124 0.929777 0
    outer loop
      vertex 6.51715 -2.80496 0.799999
      vertex 6.15519 -2.94827 3
      vertex 6.51715 -2.80496 3
    endloop
  endfacet
  facet normal -0.368124 0.929777 0
    outer loop
      vertex 6.15519 -2.94827 3
      vertex 6.51715 -2.80496 0.799999
      vertex 6.15519 -2.94827 0.799999
    endloop
  endfacet
  facet normal -0.770522 0.637414 0
    outer loop
      vertex 7.45704 -2.1221 0.799999
      vertex 7.70519 -1.82213 3
      vertex 7.70519 -1.82213 0.799999
    endloop
  endfacet
  facet normal -0.770522 0.637414 0
    outer loop
      vertex 7.70519 -1.82213 3
      vertex 7.45704 -2.1221 0.799999
      vertex 7.45704 -2.1221 3
    endloop
  endfacet
  facet normal -0.587794 0.80901 0
    outer loop
      vertex 7.17325 -2.38859 0.799999
      vertex 6.8583 -2.61742 3
      vertex 7.17325 -2.38859 3
    endloop
  endfacet
  facet normal -0.587794 0.80901 0
    outer loop
      vertex 6.8583 -2.61742 3
      vertex 7.17325 -2.38859 0.799999
      vertex 6.8583 -2.61742 0.799999
    endloop
  endfacet
  facet normal 0.587794 0.80901 -0
    outer loop
      vertex 3.53617 -2.61742 0.799999
      vertex 3.22122 -2.38859 3
      vertex 3.53617 -2.61742 3
    endloop
  endfacet
  facet normal 0.587794 0.80901 0
    outer loop
      vertex 3.22122 -2.38859 3
      vertex 3.53617 -2.61742 0.799999
      vertex 3.22122 -2.38859 0.799999
    endloop
  endfacet
  facet normal 0.248702 0.96858 -0
    outer loop
      vertex 4.61635 -3.04509 0.799999
      vertex 4.23928 -2.94827 3
      vertex 4.61635 -3.04509 3
    endloop
  endfacet
  facet normal 0.248702 0.96858 0
    outer loop
      vertex 4.23928 -2.94827 3
      vertex 4.61635 -3.04509 0.799999
      vertex 4.23928 -2.94827 0.799999
    endloop
  endfacet
  facet normal 0.84432 0.53584 0
    outer loop
      vertex 2.68928 -1.82213 3
      vertex 2.48068 -1.49344 0.799999
      vertex 2.48068 -1.49344 3
    endloop
  endfacet
  facet normal 0.84432 0.53584 0
    outer loop
      vertex 2.48068 -1.49344 0.799999
      vertex 2.68928 -1.82213 3
      vertex 2.68928 -1.82213 0.799999
    endloop
  endfacet
  facet normal 0.770522 0.637414 0
    outer loop
      vertex 2.93743 -2.1221 3
      vertex 2.68928 -1.82213 0.799999
      vertex 2.68928 -1.82213 3
    endloop
  endfacet
  facet normal 0.770522 0.637414 0
    outer loop
      vertex 2.68928 -1.82213 0.799999
      vertex 2.93743 -2.1221 3
      vertex 2.93743 -2.1221 0.799999
    endloop
  endfacet
  facet normal -0.951058 -0.309012 0
    outer loop
      vertex 8.19984 0.770938 0.799999
      vertex 8.07954 1.14119 3
      vertex 8.07954 1.14119 0.799999
    endloop
  endfacet
  facet normal -0.951058 -0.309012 0
    outer loop
      vertex 8.07954 1.14119 3
      vertex 8.19984 0.770938 0.799999
      vertex 8.19984 0.770938 3
    endloop
  endfacet
  facet normal -0.770522 -0.637414 0
    outer loop
      vertex 7.70519 1.82213 0.799999
      vertex 7.45704 2.1221 3
      vertex 7.45704 2.1221 0.799999
    endloop
  endfacet
  facet normal -0.770522 -0.637414 0
    outer loop
      vertex 7.45704 2.1221 3
      vertex 7.70519 1.82213 0.799999
      vertex 7.70519 1.82213 3
    endloop
  endfacet
  facet normal -0.248702 -0.96858 0
    outer loop
      vertex 5.77812 3.04509 0.799999
      vertex 6.15519 2.94827 3
      vertex 5.77812 3.04509 3
    endloop
  endfacet
  facet normal -0.248702 -0.96858 -0
    outer loop
      vertex 6.15519 2.94827 3
      vertex 5.77812 3.04509 0.799999
      vertex 6.15519 2.94827 0.799999
    endloop
  endfacet
  facet normal -0.125324 -0.992116 0
    outer loop
      vertex 5.39188 3.09388 0.799999
      vertex 5.77812 3.04509 3
      vertex 5.39188 3.09388 3
    endloop
  endfacet
  facet normal -0.125324 -0.992116 -0
    outer loop
      vertex 5.77812 3.04509 3
      vertex 5.39188 3.09388 0.799999
      vertex 5.77812 3.04509 0.799999
    endloop
  endfacet
  facet normal -0.481736 -0.876316 0
    outer loop
      vertex 6.51715 2.80496 0.799999
      vertex 6.8583 2.61742 3
      vertex 6.51715 2.80496 3
    endloop
  endfacet
  facet normal -0.481736 -0.876316 -0
    outer loop
      vertex 6.8583 2.61742 3
      vertex 6.51715 2.80496 0.799999
      vertex 6.8583 2.61742 0.799999
    endloop
  endfacet
  facet normal 0 0 1
    outer loop
      vertex 8.27279 0.388533 0.799999
      vertex 8.27279 -0.388533 0.799999
      vertex 8.29723 0 0.799999
    endloop
  endfacet
  facet normal 0 0 1
    outer loop
      vertex 8.19984 0.770938 0.799999
      vertex 8.27279 -0.388533 0.799999
      vertex 8.27279 0.388533 0.799999
    endloop
  endfacet
  facet normal 0 0 1
    outer loop
      vertex 8.19984 0.770938 0.799999
      vertex 8.19984 -0.770938 0.799999
      vertex 8.27279 -0.388533 0.799999
    endloop
  endfacet
  facet normal 0 0 1
    outer loop
      vertex 8.07954 1.14119 0.799999
      vertex 8.19984 -0.770938 0.799999
      vertex 8.19984 0.770938 0.799999
    endloop
  endfacet
  facet normal 0 0 1
    outer loop
      vertex 8.07954 1.14119 0.799999
      vertex 8.07954 -1.14119 0.799999
      vertex 8.19984 -0.770938 0.799999
    endloop
  endfacet
  facet normal 0 0 1
    outer loop
      vertex 7.91378 1.49344 0.799999
      vertex 8.07954 -1.14119 0.799999
      vertex 8.07954 1.14119 0.799999
    endloop
  endfacet
  facet normal 0 0 1
    outer loop
      vertex 7.91378 1.49344 0.799999
      vertex 7.91378 -1.49344 0.799999
      vertex 8.07954 -1.14119 0.799999
    endloop
  endfacet
  facet normal 0 0 1
    outer loop
      vertex 7.70519 1.82213 0.799999
      vertex 7.91378 -1.49344 0.799999
      vertex 7.91378 1.49344 0.799999
    endloop
  endfacet
  facet normal 0 0 1
    outer loop
      vertex 7.70519 1.82213 0.799999
      vertex 7.70519 -1.82213 0.799999
      vertex 7.91378 -1.49344 0.799999
    endloop
  endfacet
  facet normal 0 0 1
    outer loop
      vertex 7.45704 2.1221 0.799999
      vertex 7.70519 -1.82213 0.799999
      vertex 7.70519 1.82213 0.799999
    endloop
  endfacet
  facet normal 0 0 1
    outer loop
      vertex 7.45704 2.1221 0.799999
      vertex 7.45704 -2.1221 0.799999
      vertex 7.70519 -1.82213 0.799999
    endloop
  endfacet
  facet normal 0 0 1
    outer loop
      vertex 7.17325 2.38859 0.799999
      vertex 7.45704 -2.1221 0.799999
      vertex 7.45704 2.1221 0.799999
    endloop
  endfacet
  facet normal 0 0 1
    outer loop
      vertex 7.17325 2.38859 0.799999
      vertex 7.17325 -2.38859 0.799999
      vertex 7.45704 -2.1221 0.799999
    endloop
  endfacet
  facet normal 0 0 1
    outer loop
      vertex 6.8583 2.61742 0.799999
      vertex 7.17325 -2.38859 0.799999
      vertex 7.17325 2.38859 0.799999
    endloop
  endfacet
  facet normal 0 0 1
    outer loop
      vertex 6.8583 2.61742 0.799999
      vertex 6.8583 -2.61742 0.799999
      vertex 7.17325 -2.38859 0.799999
    endloop
  endfacet
  facet normal 0 0 1
    outer loop
      vertex 6.51715 2.80496 0.799999
      vertex 6.8583 -2.61742 0.799999
      vertex 6.8583 2.61742 0.799999
    endloop
  endfacet
  facet normal 0 0 1
    outer loop
      vertex 6.51715 2.80496 0.799999
      vertex 6.51715 -2.80496 0.799999
      vertex 6.8583 -2.61742 0.799999
    endloop
  endfacet
  facet normal 0 0 1
    outer loop
      vertex 6.15519 2.94827 0.799999
      vertex 6.51715 -2.80496 0.799999
      vertex 6.51715 2.80496 0.799999
    endloop
  endfacet
  facet normal 0 0 1
    outer loop
      vertex 6.15519 2.94827 0.799999
      vertex 6.15519 -2.94827 0.799999
      vertex 6.51715 -2.80496 0.799999
    endloop
  endfacet
  facet normal 0 0 1
    outer loop
      vertex 5.77812 3.04509 0.799999
      vertex 6.15519 -2.94827 0.799999
      vertex 6.15519 2.94827 0.799999
    endloop
  endfacet
  facet normal 0 0 1
    outer loop
      vertex 5.77812 3.04509 0.799999
      vertex 5.77812 -3.04509 0.799999
      vertex 6.15519 -2.94827 0.799999
    endloop
  endfacet
  facet normal 0 0 1
    outer loop
      vertex 5.39188 3.09388 0.799999
      vertex 5.77812 -3.04509 0.799999
      vertex 5.77812 3.04509 0.799999
    endloop
  endfacet
  facet normal 0 0 1
    outer loop
      vertex 5.39188 3.09388 0.799999
      vertex 5.39188 -3.09388 0.799999
      vertex 5.77812 -3.04509 0.799999
    endloop
  endfacet
  facet normal -0 0 1
    outer loop
      vertex 5.00258 3.09388 0.799999
      vertex 5.39188 -3.09388 0.799999
      vertex 5.39188 3.09388 0.799999
    endloop
  endfacet
  facet normal 0 0 1
    outer loop
      vertex 5.00258 3.09388 0.799999
      vertex 5.00258 -3.09388 0.799999
      vertex 5.39188 -3.09388 0.799999
    endloop
  endfacet
  facet normal -0 0 1
    outer loop
      vertex 4.61635 3.04509 0.799999
      vertex 5.00258 -3.09388 0.799999
      vertex 5.00258 3.09388 0.799999
    endloop
  endfacet
  facet normal 0 0 1
    outer loop
      vertex 4.61635 3.04509 0.799999
      vertex 4.61635 -3.04509 0.799999
      vertex 5.00258 -3.09388 0.799999
    endloop
  endfacet
  facet normal -0 0 1
    outer loop
      vertex 4.23928 2.94827 0.799999
      vertex 4.61635 -3.04509 0.799999
      vertex 4.61635 3.04509 0.799999
    endloop
  endfacet
  facet normal 0 0 1
    outer loop
      vertex 4.23928 2.94827 0.799999
      vertex 4.23928 -2.94827 0.799999
      vertex 4.61635 -3.04509 0.799999
    endloop
  endfacet
  facet normal -0 0 1
    outer loop
      vertex 3.87732 2.80496 0.799999
      vertex 4.23928 -2.94827 0.799999
      vertex 4.23928 2.94827 0.799999
    endloop
  endfacet
  facet normal 0 0 1
    outer loop
      vertex 3.87732 2.80496 0.799999
      vertex 3.87732 -2.80496 0.799999
      vertex 4.23928 -2.94827 0.799999
    endloop
  endfacet
  facet normal -0 0 1
    outer loop
      vertex 3.53617 2.61742 0.799999
      vertex 3.87732 -2.80496 0.799999
      vertex 3.87732 2.80496 0.799999
    endloop
  endfacet
  facet normal 0 0 1
    outer loop
      vertex 3.53617 2.61742 0.799999
      vertex 3.53617 -2.61742 0.799999
      vertex 3.87732 -2.80496 0.799999
    endloop
  endfacet
  facet normal -0 0 1
    outer loop
      vertex 3.22122 2.38859 0.799999
      vertex 3.53617 -2.61742 0.799999
      vertex 3.53617 2.61742 0.799999
    endloop
  endfacet
  facet normal 0 0 1
    outer loop
      vertex 3.22122 2.38859 0.799999
      vertex 3.22122 -2.38859 0.799999
      vertex 3.53617 -2.61742 0.799999
    endloop
  endfacet
  facet normal -0 0 1
    outer loop
      vertex 2.93743 2.1221 0.799999
      vertex 3.22122 -2.38859 0.799999
      vertex 3.22122 2.38859 0.799999
    endloop
  endfacet
  facet normal 0 0 1
    outer loop
      vertex 2.93743 2.1221 0.799999
      vertex 2.93743 -2.1221 0.799999
      vertex 3.22122 -2.38859 0.799999
    endloop
  endfacet
  facet normal -0 0 1
    outer loop
      vertex 2.68928 1.82213 0.799999
      vertex 2.93743 -2.1221 0.799999
      vertex 2.93743 2.1221 0.799999
    endloop
  endfacet
  facet normal 0 0 1
    outer loop
      vertex 2.68928 1.82213 0.799999
      vertex 2.68928 -1.82213 0.799999
      vertex 2.93743 -2.1221 0.799999
    endloop
  endfacet
  facet normal -0 0 1
    outer loop
      vertex 2.48068 1.49344 0.799999
      vertex 2.68928 -1.82213 0.799999
      vertex 2.68928 1.82213 0.799999
    endloop
  endfacet
  facet normal 0 0 1
    outer loop
      vertex 2.48068 1.49344 0.799999
      vertex 2.48068 -1.49344 0.799999
      vertex 2.68928 -1.82213 0.799999
    endloop
  endfacet
  facet normal -0 0 1
    outer loop
      vertex 2.31493 1.14119 0.799999
      vertex 2.48068 -1.49344 0.799999
      vertex 2.48068 1.49344 0.799999
    endloop
  endfacet
  facet normal 0 0 1
    outer loop
      vertex 2.31493 1.14119 0.799999
      vertex 2.31493 -1.14119 0.799999
      vertex 2.48068 -1.49344 0.799999
    endloop
  endfacet
  facet normal -0 0 1
    outer loop
      vertex 2.19463 0.770938 0.799999
      vertex 2.31493 -1.14119 0.799999
      vertex 2.31493 1.14119 0.799999
    endloop
  endfacet
  facet normal 0 0 1
    outer loop
      vertex 2.19463 0.770938 0.799999
      vertex 2.19463 -0.770938 0.799999
      vertex 2.31493 -1.14119 0.799999
    endloop
  endfacet
  facet normal -0 0 1
    outer loop
      vertex 2.12168 0.388533 0.799999
      vertex 2.19463 -0.770938 0.799999
      vertex 2.19463 0.770938 0.799999
    endloop
  endfacet
  facet normal 0 0 1
    outer loop
      vertex 2.12168 0.388533 0.799999
      vertex 2.12168 -0.388533 0.799999
      vertex 2.19463 -0.770938 0.799999
    endloop
  endfacet
  facet normal 0 -0 1
    outer loop
      vertex 2.12168 -0.388533 0.799999
      vertex 2.12168 0.388533 0.799999
      vertex 2.09723 0 0.799999
    endloop
  endfacet
  facet normal 0.84432 -0.53584 0
    outer loop
      vertex 2.48068 1.49344 3
      vertex 2.68928 1.82213 0.799999
      vertex 2.68928 1.82213 3
    endloop
  endfacet
  facet normal 0.84432 -0.53584 0
    outer loop
      vertex 2.68928 1.82213 0.799999
      vertex 2.48068 1.49344 3
      vertex 2.48068 1.49344 0.799999
    endloop
  endfacet
  facet normal 0.998026 -0.0628048 0
    outer loop
      vertex 2.09723 0 3
      vertex 2.12168 0.388533 0.799999
      vertex 2.12168 0.388533 3
    endloop
  endfacet
  facet normal 0.998026 -0.0628048 0
    outer loop
      vertex 2.12168 0.388533 0.799999
      vertex 2.09723 0 3
      vertex 2.09723 0 0.799999
    endloop
  endfacet
  facet normal 0 0 -1
    outer loop
      vertex 8.27279 -0.388533 3
      vertex 8.27279 0.388533 3
      vertex 8.29723 0 3
    endloop
  endfacet
  facet normal 0 0 -1
    outer loop
      vertex 8.19984 -0.770938 3
      vertex 8.27279 0.388533 3
      vertex 8.27279 -0.388533 3
    endloop
  endfacet
  facet normal 0 0 -1
    outer loop
      vertex 8.19984 -0.770938 3
      vertex 8.19984 0.770938 3
      vertex 8.27279 0.388533 3
    endloop
  endfacet
  facet normal 0 0 -1
    outer loop
      vertex 8.07954 -1.14119 3
      vertex 8.19984 0.770938 3
      vertex 8.19984 -0.770938 3
    endloop
  endfacet
  facet normal 0 0 -1
    outer loop
      vertex 8.07954 -1.14119 3
      vertex 8.07954 1.14119 3
      vertex 8.19984 0.770938 3
    endloop
  endfacet
  facet normal 0 0 -1
    outer loop
      vertex 7.91378 -1.49344 3
      vertex 8.07954 1.14119 3
      vertex 8.07954 -1.14119 3
    endloop
  endfacet
  facet normal 0 0 -1
    outer loop
      vertex 7.91378 -1.49344 3
      vertex 7.91378 1.49344 3
      vertex 8.07954 1.14119 3
    endloop
  endfacet
  facet normal 0 0 -1
    outer loop
      vertex 7.70519 -1.82213 3
      vertex 7.91378 1.49344 3
      vertex 7.91378 -1.49344 3
    endloop
  endfacet
  facet normal 0 0 -1
    outer loop
      vertex 7.70519 -1.82213 3
      vertex 7.70519 1.82213 3
      vertex 7.91378 1.49344 3
    endloop
  endfacet
  facet normal 0 0 -1
    outer loop
      vertex 7.45704 -2.1221 3
      vertex 7.70519 1.82213 3
      vertex 7.70519 -1.82213 3
    endloop
  endfacet
  facet normal 0 0 -1
    outer loop
      vertex 7.45704 -2.1221 3
      vertex 7.45704 2.1221 3
      vertex 7.70519 1.82213 3
    endloop
  endfacet
  facet normal 0 0 -1
    outer loop
      vertex 7.17325 -2.38859 3
      vertex 7.45704 2.1221 3
      vertex 7.45704 -2.1221 3
    endloop
  endfacet
  facet normal 0 0 -1
    outer loop
      vertex 7.17325 -2.38859 3
      vertex 7.17325 2.38859 3
      vertex 7.45704 2.1221 3
    endloop
  endfacet
  facet normal 0 0 -1
    outer loop
      vertex 6.8583 -2.61742 3
      vertex 7.17325 2.38859 3
      vertex 7.17325 -2.38859 3
    endloop
  endfacet
  facet normal 0 0 -1
    outer loop
      vertex 6.8583 -2.61742 3
      vertex 6.8583 2.61742 3
      vertex 7.17325 2.38859 3
    endloop
  endfacet
  facet normal 0 0 -1
    outer loop
      vertex 6.51715 -2.80496 3
      vertex 6.8583 2.61742 3
      vertex 6.8583 -2.61742 3
    endloop
  endfacet
  facet normal 0 0 -1
    outer loop
      vertex 6.51715 -2.80496 3
      vertex 6.51715 2.80496 3
      vertex 6.8583 2.61742 3
    endloop
  endfacet
  facet normal 0 0 -1
    outer loop
      vertex 6.15519 -2.94827 3
      vertex 6.51715 2.80496 3
      vertex 6.51715 -2.80496 3
    endloop
  endfacet
  facet normal 0 0 -1
    outer loop
      vertex 6.15519 -2.94827 3
      vertex 6.15519 2.94827 3
      vertex 6.51715 2.80496 3
    endloop
  endfacet
  facet normal 0 0 -1
    outer loop
      vertex 5.77812 -3.04509 3
      vertex 6.15519 2.94827 3
      vertex 6.15519 -2.94827 3
    endloop
  endfacet
  facet normal 0 0 -1
    outer loop
      vertex 5.77812 -3.04509 3
      vertex 5.77812 3.04509 3
      vertex 6.15519 2.94827 3
    endloop
  endfacet
  facet normal 0 0 -1
    outer loop
      vertex 5.39188 -3.09388 3
      vertex 5.77812 3.04509 3
      vertex 5.77812 -3.04509 3
    endloop
  endfacet
  facet normal 0 0 -1
    outer loop
      vertex 5.39188 -3.09388 3
      vertex 5.39188 3.09388 3
      vertex 5.77812 3.04509 3
    endloop
  endfacet
  facet normal 0 0 -1
    outer loop
      vertex 5.00258 -3.09388 3
      vertex 5.39188 3.09388 3
      vertex 5.39188 -3.09388 3
    endloop
  endfacet
  facet normal 0 0 -1
    outer loop
      vertex 5.00258 -3.09388 3
      vertex 5.00258 3.09388 3
      vertex 5.39188 3.09388 3
    endloop
  endfacet
  facet normal 0 0 -1
    outer loop
      vertex 4.61635 -3.04509 3
      vertex 5.00258 3.09388 3
      vertex 5.00258 -3.09388 3
    endloop
  endfacet
  facet normal 0 0 -1
    outer loop
      vertex 4.61635 -3.04509 3
      vertex 4.61635 3.04509 3
      vertex 5.00258 3.09388 3
    endloop
  endfacet
  facet normal 0 0 -1
    outer loop
      vertex 4.23928 -2.94827 3
      vertex 4.61635 3.04509 3
      vertex 4.61635 -3.04509 3
    endloop
  endfacet
  facet normal 0 0 -1
    outer loop
      vertex 4.23928 -2.94827 3
      vertex 4.23928 2.94827 3
      vertex 4.61635 3.04509 3
    endloop
  endfacet
  facet normal 0 0 -1
    outer loop
      vertex 3.87732 -2.80496 3
      vertex 4.23928 2.94827 3
      vertex 4.23928 -2.94827 3
    endloop
  endfacet
  facet normal 0 0 -1
    outer loop
      vertex 3.87732 -2.80496 3
      vertex 3.87732 2.80496 3
      vertex 4.23928 2.94827 3
    endloop
  endfacet
  facet normal 0 0 -1
    outer loop
      vertex 3.53617 -2.61742 3
      vertex 3.87732 2.80496 3
      vertex 3.87732 -2.80496 3
    endloop
  endfacet
  facet normal 0 0 -1
    outer loop
      vertex 3.53617 -2.61742 3
      vertex 3.53617 2.61742 3
      vertex 3.87732 2.80496 3
    endloop
  endfacet
  facet normal 0 0 -1
    outer loop
      vertex 3.22122 -2.38859 3
      vertex 3.53617 2.61742 3
      vertex 3.53617 -2.61742 3
    endloop
  endfacet
  facet normal 0 0 -1
    outer loop
      vertex 3.22122 -2.38859 3
      vertex 3.22122 2.38859 3
      vertex 3.53617 2.61742 3
    endloop
  endfacet
  facet normal 0 0 -1
    outer loop
      vertex 2.93743 -2.1221 3
      vertex 3.22122 2.38859 3
      vertex 3.22122 -2.38859 3
    endloop
  endfacet
  facet normal 0 0 -1
    outer loop
      vertex 2.93743 -2.1221 3
      vertex 2.93743 2.1221 3
      vertex 3.22122 2.38859 3
    endloop
  endfacet
  facet normal 0 0 -1
    outer loop
      vertex 2.68928 -1.82213 3
      vertex 2.93743 2.1221 3
      vertex 2.93743 -2.1221 3
    endloop
  endfacet
  facet normal 0 0 -1
    outer loop
      vertex 2.68928 -1.82213 3
      vertex 2.68928 1.82213 3
      vertex 2.93743 2.1221 3
    endloop
  endfacet
  facet normal 0 0 -1
    outer loop
      vertex 2.48068 -1.49344 3
      vertex 2.68928 1.82213 3
      vertex 2.68928 -1.82213 3
    endloop
  endfacet
  facet normal 0 0 -1
    outer loop
      vertex 2.48068 -1.49344 3
      vertex 2.48068 1.49344 3
      vertex 2.68928 1.82213 3
    endloop
  endfacet
  facet normal 0 0 -1
    outer loop
      vertex 2.31493 -1.14119 3
      vertex 2.48068 1.49344 3
      vertex 2.48068 -1.49344 3
    endloop
  endfacet
  facet normal 0 0 -1
    outer loop
      vertex 2.31493 -1.14119 3
      vertex 2.31493 1.14119 3
      vertex 2.48068 1.49344 3
    endloop
  endfacet
  facet normal 0 0 -1
    outer loop
      vertex 2.19463 -0.770938 3
      vertex 2.31493 1.14119 3
      vertex 2.31493 -1.14119 3
    endloop
  endfacet
  facet normal 0 0 -1
    outer loop
      vertex 2.19463 -0.770938 3
      vertex 2.19463 0.770938 3
      vertex 2.31493 1.14119 3
    endloop
  endfacet
  facet normal 0 0 -1
    outer loop
      vertex 2.12168 -0.388533 3
      vertex 2.19463 0.770938 3
      vertex 2.19463 -0.770938 3
    endloop
  endfacet
  facet normal 0 0 -1
    outer loop
      vertex 2.12168 -0.388533 3
      vertex 2.12168 0.388533 3
      vertex 2.19463 0.770938 3
    endloop
  endfacet
  facet normal 0 -0 -1
    outer loop
      vertex 2.12168 0.388533 3
      vertex 2.12168 -0.388533 3
      vertex 2.09723 0 3
    endloop
  endfacet
  facet normal 0.684538 -0.728977 0
    outer loop
      vertex 2.93743 2.1221 0.799999
      vertex 3.22122 2.38859 3
      vertex 2.93743 2.1221 3
    endloop
  endfacet
  facet normal 0.684538 -0.728977 0
    outer loop
      vertex 3.22122 2.38859 3
      vertex 2.93743 2.1221 0.799999
      vertex 3.22122 2.38859 0.799999
    endloop
  endfacet
  facet normal 0.125328 -0.992115 0
    outer loop
      vertex 4.61635 3.04509 0.799999
      vertex 5.00258 3.09388 3
      vertex 4.61635 3.04509 3
    endloop
  endfacet
  facet normal 0.125328 -0.992115 0
    outer loop
      vertex 5.00258 3.09388 3
      vertex 4.61635 3.04509 0.799999
      vertex 5.00258 3.09388 0.799999
    endloop
  endfacet
  facet normal -0.125324 0.992116 0
    outer loop
      vertex 5.77812 -3.04509 0.799999
      vertex 5.39188 -3.09388 3
      vertex 5.77812 -3.04509 3
    endloop
  endfacet
  facet normal -0.125324 0.992116 0
    outer loop
      vertex 5.39188 -3.09388 3
      vertex 5.77812 -3.04509 0.799999
      vertex 5.39188 -3.09388 0.799999
    endloop
  endfacet
  facet normal -0.684538 0.728977 0
    outer loop
      vertex 7.45704 -2.1221 0.799999
      vertex 7.17325 -2.38859 3
      vertex 7.45704 -2.1221 3
    endloop
  endfacet
  facet normal -0.684538 0.728977 0
    outer loop
      vertex 7.17325 -2.38859 3
      vertex 7.45704 -2.1221 0.799999
      vertex 7.17325 -2.38859 0.799999
    endloop
  endfacet
  facet normal -0.982286 0.187387 0
    outer loop
      vertex 8.19984 -0.770938 0.799999
      vertex 8.27279 -0.388533 3
      vertex 8.27279 -0.388533 0.799999
    endloop
  endfacet
  facet normal -0.982286 0.187387 0
    outer loop
      vertex 8.27279 -0.388533 3
      vertex 8.19984 -0.770938 0.799999
      vertex 8.19984 -0.770938 3
    endloop
  endfacet
  facet normal 0.481736 0.876316 -0
    outer loop
      vertex 3.87732 -2.80496 0.799999
      vertex 3.53617 -2.61742 3
      vertex 3.87732 -2.80496 3
    endloop
  endfacet
  facet normal 0.481736 0.876316 0
    outer loop
      vertex 3.53617 -2.61742 3
      vertex 3.87732 -2.80496 0.799999
      vertex 3.53617 -2.61742 0.799999
    endloop
  endfacet
  facet normal 0 1 -0
    outer loop
      vertex 5.39188 -3.09388 0.799999
      vertex 5.00258 -3.09388 3
      vertex 5.39188 -3.09388 3
    endloop
  endfacet
  facet normal 0 1 0
    outer loop
      vertex 5.00258 -3.09388 3
      vertex 5.39188 -3.09388 0.799999
      vertex 5.00258 -3.09388 0.799999
    endloop
  endfacet
  facet normal 0.684538 0.728977 -0
    outer loop
      vertex 3.22122 -2.38859 0.799999
      vertex 2.93743 -2.1221 3
      vertex 3.22122 -2.38859 3
    endloop
  endfacet
  facet normal 0.684538 0.728977 0
    outer loop
      vertex 2.93743 -2.1221 3
      vertex 3.22122 -2.38859 0.799999
      vertex 2.93743 -2.1221 0.799999
    endloop
  endfacet
  facet normal 0.904833 0.425766 0
    outer loop
      vertex 2.48068 -1.49344 3
      vertex 2.31493 -1.14119 0.799999
      vertex 2.31493 -1.14119 3
    endloop
  endfacet
  facet normal 0.904833 0.425766 0
    outer loop
      vertex 2.31493 -1.14119 0.799999
      vertex 2.48068 -1.49344 3
      vertex 2.48068 -1.49344 0.799999
    endloop
  endfacet
  facet normal 0.982286 0.187387 0
    outer loop
      vertex 2.19463 -0.770938 3
      vertex 2.12168 -0.388533 0.799999
      vertex 2.12168 -0.388533 3
    endloop
  endfacet
  facet normal 0.982286 0.187387 0
    outer loop
      vertex 2.12168 -0.388533 0.799999
      vertex 2.19463 -0.770938 3
      vertex 2.19463 -0.770938 0.799999
    endloop
  endfacet
  facet normal 0.998026 0.0628048 0
    outer loop
      vertex 2.12168 -0.388533 3
      vertex 2.09723 0 0.799999
      vertex 2.09723 0 3
    endloop
  endfacet
  facet normal 0.998026 0.0628048 0
    outer loop
      vertex 2.09723 0 0.799999
      vertex 2.12168 -0.388533 3
      vertex 2.12168 -0.388533 0.799999
    endloop
  endfacet
  facet normal 0.368124 -0.929777 0
    outer loop
      vertex 3.87732 2.80496 0.799999
      vertex 4.23928 2.94827 3
      vertex 3.87732 2.80496 3
    endloop
  endfacet
  facet normal 0.368124 -0.929777 0
    outer loop
      vertex 4.23928 2.94827 3
      vertex 3.87732 2.80496 0.799999
      vertex 4.23928 2.94827 0.799999
    endloop
  endfacet
  facet normal -0.248702 0.96858 0
    outer loop
      vertex 6.15519 -2.94827 0.799999
      vertex 5.77812 -3.04509 3
      vertex 6.15519 -2.94827 3
    endloop
  endfacet
  facet normal -0.248702 0.96858 0
    outer loop
      vertex 5.77812 -3.04509 3
      vertex 6.15519 -2.94827 0.799999
      vertex 5.77812 -3.04509 0.799999
    endloop
  endfacet
  facet normal -0.481736 0.876316 0
    outer loop
      vertex 6.8583 -2.61742 0.799999
      vertex 6.51715 -2.80496 3
      vertex 6.8583 -2.61742 3
    endloop
  endfacet
  facet normal -0.481736 0.876316 0
    outer loop
      vertex 6.51715 -2.80496 3
      vertex 6.8583 -2.61742 0.799999
      vertex 6.51715 -2.80496 0.799999
    endloop
  endfacet
  facet normal -0.951058 0.309012 0
    outer loop
      vertex 8.07954 -1.14119 0.799999
      vertex 8.19984 -0.770938 3
      vertex 8.19984 -0.770938 0.799999
    endloop
  endfacet
  facet normal -0.951058 0.309012 0
    outer loop
      vertex 8.19984 -0.770938 3
      vertex 8.07954 -1.14119 0.799999
      vertex 8.07954 -1.14119 3
    endloop
  endfacet
  facet normal -0.904823 0.425787 0
    outer loop
      vertex 7.91378 -1.49344 0.799999
      vertex 8.07954 -1.14119 3
      vertex 8.07954 -1.14119 0.799999
    endloop
  endfacet
  facet normal -0.904823 0.425787 0
    outer loop
      vertex 8.07954 -1.14119 3
      vertex 7.91378 -1.49344 0.799999
      vertex 7.91378 -1.49344 3
    endloop
  endfacet
  facet normal -0.998027 0.0627792 0
    outer loop
      vertex 8.27279 -0.388533 0.799999
      vertex 8.29723 0 3
      vertex 8.29723 0 0.799999
    endloop
  endfacet
  facet normal -0.998027 0.0627792 0
    outer loop
      vertex 8.29723 0 3
      vertex 8.27279 -0.388533 0.799999
      vertex 8.27279 -0.388533 3
    endloop
  endfacet
  facet normal 0.368124 0.929777 -0
    outer loop
      vertex 4.23928 -2.94827 0.799999
      vertex 3.87732 -2.80496 3
      vertex 4.23928 -2.94827 3
    endloop
  endfacet
  facet normal 0.368124 0.929777 0
    outer loop
      vertex 3.87732 -2.80496 3
      vertex 4.23928 -2.94827 0.799999
      vertex 3.87732 -2.80496 0.799999
    endloop
  endfacet
  facet normal 0.125328 0.992115 -0
    outer loop
      vertex 5.00258 -3.09388 0.799999
      vertex 4.61635 -3.04509 3
      vertex 5.00258 -3.09388 3
    endloop
  endfacet
  facet normal 0.125328 0.992115 0
    outer loop
      vertex 4.61635 -3.04509 3
      vertex 5.00258 -3.09388 0.799999
      vertex 4.61635 -3.04509 0.799999
    endloop
  endfacet
  facet normal 0.951058 0.309012 0
    outer loop
      vertex 2.31493 -1.14119 3
      vertex 2.19463 -0.770938 0.799999
      vertex 2.19463 -0.770938 3
    endloop
  endfacet
  facet normal 0.951058 0.309012 0
    outer loop
      vertex 2.19463 -0.770938 0.799999
      vertex 2.31493 -1.14119 3
      vertex 2.31493 -1.14119 0.799999
    endloop
  endfacet
  facet normal -0.998026 -0.0628048 0
    outer loop
      vertex -2.09723 0 0.799999
      vertex -2.12168 0.388533 3
      vertex -2.12168 0.388533 0.799999
    endloop
  endfacet
  facet normal -0.998026 -0.0628048 0
    outer loop
      vertex -2.12168 0.388533 3
      vertex -2.09723 0 0.799999
      vertex -2.09723 0 3
    endloop
  endfacet
  facet normal 0.998027 -0.0627792 0
    outer loop
      vertex -8.29723 0 3
      vertex -8.27279 0.388533 0.799999
      vertex -8.27279 0.388533 3
    endloop
  endfacet
  facet normal 0.998027 -0.0627792 0
    outer loop
      vertex -8.27279 0.388533 0.799999
      vertex -8.29723 0 3
      vertex -8.29723 0 0.799999
    endloop
  endfacet
  facet normal 0 -1 0
    outer loop
      vertex -5.39188 3.09388 0.799999
      vertex -5.00258 3.09388 3
      vertex -5.39188 3.09388 3
    endloop
  endfacet
  facet normal 0 -1 -0
    outer loop
      vertex -5.00258 3.09388 3
      vertex -5.39188 3.09388 0.799999
      vertex -5.00258 3.09388 0.799999
    endloop
  endfacet
  facet normal 0 1 -0
    outer loop
      vertex -5.00258 -3.09388 0.799999
      vertex -5.39188 -3.09388 3
      vertex -5.00258 -3.09388 3
    endloop
  endfacet
  facet normal 0 1 0
    outer loop
      vertex -5.39188 -3.09388 3
      vertex -5.00258 -3.09388 0.799999
      vertex -5.39188 -3.09388 0.799999
    endloop
  endfacet
  facet normal -0.770522 0.637414 0
    outer loop
      vertex -2.93743 -2.1221 0.799999
      vertex -2.68928 -1.82213 3
      vertex -2.68928 -1.82213 0.799999
    endloop
  endfacet
  facet normal -0.770522 0.637414 0
    outer loop
      vertex -2.68928 -1.82213 3
      vertex -2.93743 -2.1221 0.799999
      vertex -2.93743 -2.1221 3
    endloop
  endfacet
  facet normal -0.684538 -0.728977 0
    outer loop
      vertex -3.22122 2.38859 0.799999
      vertex -2.93743 2.1221 3
      vertex -3.22122 2.38859 3
    endloop
  endfacet
  facet normal -0.684538 -0.728977 -0
    outer loop
      vertex -2.93743 2.1221 3
      vertex -3.22122 2.38859 0.799999
      vertex -2.93743 2.1221 0.799999
    endloop
  endfacet
  facet normal 0.684538 -0.728977 0
    outer loop
      vertex -7.45704 2.1221 0.799999
      vertex -7.17325 2.38859 3
      vertex -7.45704 2.1221 3
    endloop
  endfacet
  facet normal 0.684538 -0.728977 0
    outer loop
      vertex -7.17325 2.38859 3
      vertex -7.45704 2.1221 0.799999
      vertex -7.17325 2.38859 0.799999
    endloop
  endfacet
  facet normal 0.368124 -0.929777 0
    outer loop
      vertex -6.51715 2.80496 0.799999
      vertex -6.15519 2.94827 3
      vertex -6.51715 2.80496 3
    endloop
  endfacet
  facet normal 0.368124 -0.929777 0
    outer loop
      vertex -6.15519 2.94827 3
      vertex -6.51715 2.80496 0.799999
      vertex -6.15519 2.94827 0.799999
    endloop
  endfacet
  facet normal -0.904833 -0.425766 0
    outer loop
      vertex -2.31493 1.14119 0.799999
      vertex -2.48068 1.49344 3
      vertex -2.48068 1.49344 0.799999
    endloop
  endfacet
  facet normal -0.904833 -0.425766 0
    outer loop
      vertex -2.48068 1.49344 3
      vertex -2.31493 1.14119 0.799999
      vertex -2.31493 1.14119 3
    endloop
  endfacet
  facet normal -0.84432 -0.53584 0
    outer loop
      vertex -2.48068 1.49344 0.799999
      vertex -2.68928 1.82213 3
      vertex -2.68928 1.82213 0.799999
    endloop
  endfacet
  facet normal -0.84432 -0.53584 0
    outer loop
      vertex -2.68928 1.82213 3
      vertex -2.48068 1.49344 0.799999
      vertex -2.48068 1.49344 3
    endloop
  endfacet
  facet normal -0.368124 -0.929777 0
    outer loop
      vertex -4.23928 2.94827 0.799999
      vertex -3.87732 2.80496 3
      vertex -4.23928 2.94827 3
    endloop
  endfacet
  facet normal -0.368124 -0.929777 -0
    outer loop
      vertex -3.87732 2.80496 3
      vertex -4.23928 2.94827 0.799999
      vertex -3.87732 2.80496 0.799999
    endloop
  endfacet
  facet normal -0.587794 -0.80901 0
    outer loop
      vertex -3.53617 2.61742 0.799999
      vertex -3.22122 2.38859 3
      vertex -3.53617 2.61742 3
    endloop
  endfacet
  facet normal -0.587794 -0.80901 -0
    outer loop
      vertex -3.22122 2.38859 3
      vertex -3.53617 2.61742 0.799999
      vertex -3.22122 2.38859 0.799999
    endloop
  endfacet
  facet normal 0.844331 -0.535821 0
    outer loop
      vertex -7.91378 1.49344 3
      vertex -7.70519 1.82213 0.799999
      vertex -7.70519 1.82213 3
    endloop
  endfacet
  facet normal 0.844331 -0.535821 0
    outer loop
      vertex -7.70519 1.82213 0.799999
      vertex -7.91378 1.49344 3
      vertex -7.91378 1.49344 0.799999
    endloop
  endfacet
  facet normal 0.770522 -0.637414 0
    outer loop
      vertex -7.70519 1.82213 3
      vertex -7.45704 2.1221 0.799999
      vertex -7.45704 2.1221 3
    endloop
  endfacet
  facet normal 0.770522 -0.637414 0
    outer loop
      vertex -7.45704 2.1221 0.799999
      vertex -7.70519 1.82213 3
      vertex -7.70519 1.82213 0.799999
    endloop
  endfacet
  facet normal 0.951058 -0.309012 0
    outer loop
      vertex -8.19984 0.770938 3
      vertex -8.07954 1.14119 0.799999
      vertex -8.07954 1.14119 3
    endloop
  endfacet
  facet normal 0.951058 -0.309012 0
    outer loop
      vertex -8.07954 1.14119 0.799999
      vertex -8.19984 0.770938 3
      vertex -8.19984 0.770938 0.799999
    endloop
  endfacet
  facet normal 0.481736 -0.876316 0
    outer loop
      vertex -6.8583 2.61742 0.799999
      vertex -6.51715 2.80496 3
      vertex -6.8583 2.61742 3
    endloop
  endfacet
  facet normal 0.481736 -0.876316 0
    outer loop
      vertex -6.51715 2.80496 3
      vertex -6.8583 2.61742 0.799999
      vertex -6.51715 2.80496 0.799999
    endloop
  endfacet
  facet normal 0.248702 -0.96858 0
    outer loop
      vertex -6.15519 2.94827 0.799999
      vertex -5.77812 3.04509 3
      vertex -6.15519 2.94827 3
    endloop
  endfacet
  facet normal 0.248702 -0.96858 0
    outer loop
      vertex -5.77812 3.04509 3
      vertex -6.15519 2.94827 0.799999
      vertex -5.77812 3.04509 0.799999
    endloop
  endfacet
  facet normal -0.368124 0.929777 0
    outer loop
      vertex -3.87732 -2.80496 0.799999
      vertex -4.23928 -2.94827 3
      vertex -3.87732 -2.80496 3
    endloop
  endfacet
  facet normal -0.368124 0.929777 0
    outer loop
      vertex -4.23928 -2.94827 3
      vertex -3.87732 -2.80496 0.799999
      vertex -4.23928 -2.94827 0.799999
    endloop
  endfacet
  facet normal -0.951058 -0.309012 0
    outer loop
      vertex -2.19463 0.770938 0.799999
      vertex -2.31493 1.14119 3
      vertex -2.31493 1.14119 0.799999
    endloop
  endfacet
  facet normal -0.951058 -0.309012 0
    outer loop
      vertex -2.31493 1.14119 3
      vertex -2.19463 0.770938 0.799999
      vertex -2.19463 0.770938 3
    endloop
  endfacet
  facet normal -0.982286 -0.187387 0
    outer loop
      vertex -2.12168 0.388533 0.799999
      vertex -2.19463 0.770938 3
      vertex -2.19463 0.770938 0.799999
    endloop
  endfacet
  facet normal -0.982286 -0.187387 0
    outer loop
      vertex -2.19463 0.770938 3
      vertex -2.12168 0.388533 0.799999
      vertex -2.12168 0.388533 3
    endloop
  endfacet
  facet normal -0.770522 -0.637414 0
    outer loop
      vertex -2.68928 1.82213 0.799999
      vertex -2.93743 2.1221 3
      vertex -2.93743 2.1221 0.799999
    endloop
  endfacet
  facet normal -0.770522 -0.637414 0
    outer loop
      vertex -2.93743 2.1221 3
      vertex -2.68928 1.82213 0.799999
      vertex -2.68928 1.82213 3
    endloop
  endfacet
  facet normal -0.248702 -0.96858 0
    outer loop
      vertex -4.61635 3.04509 0.799999
      vertex -4.23928 2.94827 3
      vertex -4.61635 3.04509 3
    endloop
  endfacet
  facet normal -0.248702 -0.96858 -0
    outer loop
      vertex -4.23928 2.94827 3
      vertex -4.61635 3.04509 0.799999
      vertex -4.23928 2.94827 0.799999
    endloop
  endfacet
  facet normal -0.125328 -0.992115 0
    outer loop
      vertex -5.00258 3.09388 0.799999
      vertex -4.61635 3.04509 3
      vertex -5.00258 3.09388 3
    endloop
  endfacet
  facet normal -0.125328 -0.992115 -0
    outer loop
      vertex -4.61635 3.04509 3
      vertex -5.00258 3.09388 0.799999
      vertex -4.61635 3.04509 0.799999
    endloop
  endfacet
  facet normal -0.481736 -0.876316 0
    outer loop
      vertex -3.87732 2.80496 0.799999
      vertex -3.53617 2.61742 3
      vertex -3.87732 2.80496 3
    endloop
  endfacet
  facet normal -0.481736 -0.876316 -0
    outer loop
      vertex -3.53617 2.61742 3
      vertex -3.87732 2.80496 0.799999
      vertex -3.53617 2.61742 0.799999
    endloop
  endfacet
  facet normal 0.904823 -0.425787 0
    outer loop
      vertex -8.07954 1.14119 3
      vertex -7.91378 1.49344 0.799999
      vertex -7.91378 1.49344 3
    endloop
  endfacet
  facet normal 0.904823 -0.425787 0
    outer loop
      vertex -7.91378 1.49344 0.799999
      vertex -8.07954 1.14119 3
      vertex -8.07954 1.14119 0.799999
    endloop
  endfacet
  facet normal 0.982286 -0.187387 0
    outer loop
      vertex -8.27279 0.388533 3
      vertex -8.19984 0.770938 0.799999
      vertex -8.19984 0.770938 3
    endloop
  endfacet
  facet normal 0.982286 -0.187387 0
    outer loop
      vertex -8.19984 0.770938 0.799999
      vertex -8.27279 0.388533 3
      vertex -8.27279 0.388533 0.799999
    endloop
  endfacet
  facet normal 0 0 -1
    outer loop
      vertex -2.12168 -0.388533 3
      vertex -2.12168 0.388533 3
      vertex -2.09723 0 3
    endloop
  endfacet
  facet normal 0 0 -1
    outer loop
      vertex -2.19463 -0.770938 3
      vertex -2.12168 0.388533 3
      vertex -2.12168 -0.388533 3
    endloop
  endfacet
  facet normal 0 0 -1
    outer loop
      vertex -2.19463 -0.770938 3
      vertex -2.19463 0.770938 3
      vertex -2.12168 0.388533 3
    endloop
  endfacet
  facet normal 0 0 -1
    outer loop
      vertex -2.31493 -1.14119 3
      vertex -2.19463 0.770938 3
      vertex -2.19463 -0.770938 3
    endloop
  endfacet
  facet normal 0 0 -1
    outer loop
      vertex -2.31493 -1.14119 3
      vertex -2.31493 1.14119 3
      vertex -2.19463 0.770938 3
    endloop
  endfacet
  facet normal 0 0 -1
    outer loop
      vertex -2.48068 -1.49344 3
      vertex -2.31493 1.14119 3
      vertex -2.31493 -1.14119 3
    endloop
  endfacet
  facet normal 0 0 -1
    outer loop
      vertex -2.48068 -1.49344 3
      vertex -2.48068 1.49344 3
      vertex -2.31493 1.14119 3
    endloop
  endfacet
  facet normal 0 0 -1
    outer loop
      vertex -2.68928 -1.82213 3
      vertex -2.48068 1.49344 3
      vertex -2.48068 -1.49344 3
    endloop
  endfacet
  facet normal 0 0 -1
    outer loop
      vertex -2.68928 -1.82213 3
      vertex -2.68928 1.82213 3
      vertex -2.48068 1.49344 3
    endloop
  endfacet
  facet normal 0 0 -1
    outer loop
      vertex -2.93743 -2.1221 3
      vertex -2.68928 1.82213 3
      vertex -2.68928 -1.82213 3
    endloop
  endfacet
  facet normal 0 0 -1
    outer loop
      vertex -2.93743 -2.1221 3
      vertex -2.93743 2.1221 3
      vertex -2.68928 1.82213 3
    endloop
  endfacet
  facet normal 0 0 -1
    outer loop
      vertex -3.22122 -2.38859 3
      vertex -2.93743 2.1221 3
      vertex -2.93743 -2.1221 3
    endloop
  endfacet
  facet normal 0 0 -1
    outer loop
      vertex -3.22122 -2.38859 3
      vertex -3.22122 2.38859 3
      vertex -2.93743 2.1221 3
    endloop
  endfacet
  facet normal 0 0 -1
    outer loop
      vertex -3.53617 -2.61742 3
      vertex -3.22122 2.38859 3
      vertex -3.22122 -2.38859 3
    endloop
  endfacet
  facet normal 0 0 -1
    outer loop
      vertex -3.53617 -2.61742 3
      vertex -3.53617 2.61742 3
      vertex -3.22122 2.38859 3
    endloop
  endfacet
  facet normal 0 0 -1
    outer loop
      vertex -3.87732 -2.80496 3
      vertex -3.53617 2.61742 3
      vertex -3.53617 -2.61742 3
    endloop
  endfacet
  facet normal 0 0 -1
    outer loop
      vertex -3.87732 -2.80496 3
      vertex -3.87732 2.80496 3
      vertex -3.53617 2.61742 3
    endloop
  endfacet
  facet normal 0 0 -1
    outer loop
      vertex -4.23928 -2.94827 3
      vertex -3.87732 2.80496 3
      vertex -3.87732 -2.80496 3
    endloop
  endfacet
  facet normal 0 0 -1
    outer loop
      vertex -4.23928 -2.94827 3
      vertex -4.23928 2.94827 3
      vertex -3.87732 2.80496 3
    endloop
  endfacet
  facet normal 0 0 -1
    outer loop
      vertex -4.61635 -3.04509 3
      vertex -4.23928 2.94827 3
      vertex -4.23928 -2.94827 3
    endloop
  endfacet
  facet normal 0 0 -1
    outer loop
      vertex -4.61635 -3.04509 3
      vertex -4.61635 3.04509 3
      vertex -4.23928 2.94827 3
    endloop
  endfacet
  facet normal 0 0 -1
    outer loop
      vertex -5.00258 -3.09388 3
      vertex -4.61635 3.04509 3
      vertex -4.61635 -3.04509 3
    endloop
  endfacet
  facet normal 0 0 -1
    outer loop
      vertex -5.00258 -3.09388 3
      vertex -5.00258 3.09388 3
      vertex -4.61635 3.04509 3
    endloop
  endfacet
  facet normal 0 0 -1
    outer loop
      vertex -5.39188 -3.09388 3
      vertex -5.00258 3.09388 3
      vertex -5.00258 -3.09388 3
    endloop
  endfacet
  facet normal 0 0 -1
    outer loop
      vertex -5.39188 -3.09388 3
      vertex -5.39188 3.09388 3
      vertex -5.00258 3.09388 3
    endloop
  endfacet
  facet normal 0 0 -1
    outer loop
      vertex -5.77812 -3.04509 3
      vertex -5.39188 3.09388 3
      vertex -5.39188 -3.09388 3
    endloop
  endfacet
  facet normal 0 0 -1
    outer loop
      vertex -5.77812 -3.04509 3
      vertex -5.77812 3.04509 3
      vertex -5.39188 3.09388 3
    endloop
  endfacet
  facet normal 0 0 -1
    outer loop
      vertex -6.15519 -2.94827 3
      vertex -5.77812 3.04509 3
      vertex -5.77812 -3.04509 3
    endloop
  endfacet
  facet normal 0 0 -1
    outer loop
      vertex -6.15519 -2.94827 3
      vertex -6.15519 2.94827 3
      vertex -5.77812 3.04509 3
    endloop
  endfacet
  facet normal 0 0 -1
    outer loop
      vertex -6.51715 -2.80496 3
      vertex -6.15519 2.94827 3
      vertex -6.15519 -2.94827 3
    endloop
  endfacet
  facet normal 0 0 -1
    outer loop
      vertex -6.51715 -2.80496 3
      vertex -6.51715 2.80496 3
      vertex -6.15519 2.94827 3
    endloop
  endfacet
  facet normal 0 0 -1
    outer loop
      vertex -6.8583 -2.61742 3
      vertex -6.51715 2.80496 3
      vertex -6.51715 -2.80496 3
    endloop
  endfacet
  facet normal 0 0 -1
    outer loop
      vertex -6.8583 -2.61742 3
      vertex -6.8583 2.61742 3
      vertex -6.51715 2.80496 3
    endloop
  endfacet
  facet normal 0 0 -1
    outer loop
      vertex -7.17325 -2.38859 3
      vertex -6.8583 2.61742 3
      vertex -6.8583 -2.61742 3
    endloop
  endfacet
  facet normal 0 0 -1
    outer loop
      vertex -7.17325 -2.38859 3
      vertex -7.17325 2.38859 3
      vertex -6.8583 2.61742 3
    endloop
  endfacet
  facet normal 0 0 -1
    outer loop
      vertex -7.45704 -2.1221 3
      vertex -7.17325 2.38859 3
      vertex -7.17325 -2.38859 3
    endloop
  endfacet
  facet normal 0 0 -1
    outer loop
      vertex -7.45704 -2.1221 3
      vertex -7.45704 2.1221 3
      vertex -7.17325 2.38859 3
    endloop
  endfacet
  facet normal 0 0 -1
    outer loop
      vertex -7.70519 -1.82213 3
      vertex -7.45704 2.1221 3
      vertex -7.45704 -2.1221 3
    endloop
  endfacet
  facet normal 0 0 -1
    outer loop
      vertex -7.70519 -1.82213 3
      vertex -7.70519 1.82213 3
      vertex -7.45704 2.1221 3
    endloop
  endfacet
  facet normal 0 0 -1
    outer loop
      vertex -7.91378 -1.49344 3
      vertex -7.70519 1.82213 3
      vertex -7.70519 -1.82213 3
    endloop
  endfacet
  facet normal 0 0 -1
    outer loop
      vertex -7.91378 -1.49344 3
      vertex -7.91378 1.49344 3
      vertex -7.70519 1.82213 3
    endloop
  endfacet
  facet normal 0 0 -1
    outer loop
      vertex -8.07954 -1.14119 3
      vertex -7.91378 1.49344 3
      vertex -7.91378 -1.49344 3
    endloop
  endfacet
  facet normal 0 0 -1
    outer loop
      vertex -8.07954 -1.14119 3
      vertex -8.07954 1.14119 3
      vertex -7.91378 1.49344 3
    endloop
  endfacet
  facet normal 0 0 -1
    outer loop
      vertex -8.19984 -0.770938 3
      vertex -8.07954 1.14119 3
      vertex -8.07954 -1.14119 3
    endloop
  endfacet
  facet normal 0 0 -1
    outer loop
      vertex -8.19984 -0.770938 3
      vertex -8.19984 0.770938 3
      vertex -8.07954 1.14119 3
    endloop
  endfacet
  facet normal 0 0 -1
    outer loop
      vertex -8.27279 -0.388533 3
      vertex -8.19984 0.770938 3
      vertex -8.19984 -0.770938 3
    endloop
  endfacet
  facet normal 0 0 -1
    outer loop
      vertex -8.27279 -0.388533 3
      vertex -8.27279 0.388533 3
      vertex -8.19984 0.770938 3
    endloop
  endfacet
  facet normal 0 -0 -1
    outer loop
      vertex -8.27279 0.388533 3
      vertex -8.27279 -0.388533 3
      vertex -8.29723 0 3
    endloop
  endfacet
  facet normal 0.125324 -0.992116 0
    outer loop
      vertex -5.77812 3.04509 0.799999
      vertex -5.39188 3.09388 3
      vertex -5.77812 3.04509 3
    endloop
  endfacet
  facet normal 0.125324 -0.992116 0
    outer loop
      vertex -5.39188 3.09388 3
      vertex -5.77812 3.04509 0.799999
      vertex -5.39188 3.09388 0.799999
    endloop
  endfacet
  facet normal -0.951058 0.309012 0
    outer loop
      vertex -2.31493 -1.14119 0.799999
      vertex -2.19463 -0.770938 3
      vertex -2.19463 -0.770938 0.799999
    endloop
  endfacet
  facet normal -0.951058 0.309012 0
    outer loop
      vertex -2.19463 -0.770938 3
      vertex -2.31493 -1.14119 0.799999
      vertex -2.31493 -1.14119 3
    endloop
  endfacet
  facet normal -0.982286 0.187387 0
    outer loop
      vertex -2.19463 -0.770938 0.799999
      vertex -2.12168 -0.388533 3
      vertex -2.12168 -0.388533 0.799999
    endloop
  endfacet
  facet normal -0.982286 0.187387 0
    outer loop
      vertex -2.12168 -0.388533 3
      vertex -2.19463 -0.770938 0.799999
      vertex -2.19463 -0.770938 3
    endloop
  endfacet
  facet normal 0.904823 0.425787 0
    outer loop
      vertex -7.91378 -1.49344 3
      vertex -8.07954 -1.14119 0.799999
      vertex -8.07954 -1.14119 3
    endloop
  endfacet
  facet normal 0.904823 0.425787 0
    outer loop
      vertex -8.07954 -1.14119 0.799999
      vertex -7.91378 -1.49344 3
      vertex -7.91378 -1.49344 0.799999
    endloop
  endfacet
  facet normal 0 0 1
    outer loop
      vertex -2.12168 0.388533 0.799999
      vertex -2.12168 -0.388533 0.799999
      vertex -2.09723 0 0.799999
    endloop
  endfacet
  facet normal 0 0 1
    outer loop
      vertex -2.19463 0.770938 0.799999
      vertex -2.12168 -0.388533 0.799999
      vertex -2.12168 0.388533 0.799999
    endloop
  endfacet
  facet normal 0 0 1
    outer loop
      vertex -2.19463 0.770938 0.799999
      vertex -2.19463 -0.770938 0.799999
      vertex -2.12168 -0.388533 0.799999
    endloop
  endfacet
  facet normal 0 0 1
    outer loop
      vertex -2.31493 1.14119 0.799999
      vertex -2.19463 -0.770938 0.799999
      vertex -2.19463 0.770938 0.799999
    endloop
  endfacet
  facet normal 0 0 1
    outer loop
      vertex -2.31493 1.14119 0.799999
      vertex -2.31493 -1.14119 0.799999
      vertex -2.19463 -0.770938 0.799999
    endloop
  endfacet
  facet normal 0 0 1
    outer loop
      vertex -2.48068 1.49344 0.799999
      vertex -2.31493 -1.14119 0.799999
      vertex -2.31493 1.14119 0.799999
    endloop
  endfacet
  facet normal 0 0 1
    outer loop
      vertex -2.48068 1.49344 0.799999
      vertex -2.48068 -1.49344 0.799999
      vertex -2.31493 -1.14119 0.799999
    endloop
  endfacet
  facet normal 0 0 1
    outer loop
      vertex -2.68928 1.82213 0.799999
      vertex -2.48068 -1.49344 0.799999
      vertex -2.48068 1.49344 0.799999
    endloop
  endfacet
  facet normal 0 0 1
    outer loop
      vertex -2.68928 1.82213 0.799999
      vertex -2.68928 -1.82213 0.799999
      vertex -2.48068 -1.49344 0.799999
    endloop
  endfacet
  facet normal 0 0 1
    outer loop
      vertex -2.93743 2.1221 0.799999
      vertex -2.68928 -1.82213 0.799999
      vertex -2.68928 1.82213 0.799999
    endloop
  endfacet
  facet normal 0 0 1
    outer loop
      vertex -2.93743 2.1221 0.799999
      vertex -2.93743 -2.1221 0.799999
      vertex -2.68928 -1.82213 0.799999
    endloop
  endfacet
  facet normal 0 0 1
    outer loop
      vertex -3.22122 2.38859 0.799999
      vertex -2.93743 -2.1221 0.799999
      vertex -2.93743 2.1221 0.799999
    endloop
  endfacet
  facet normal 0 0 1
    outer loop
      vertex -3.22122 2.38859 0.799999
      vertex -3.22122 -2.38859 0.799999
      vertex -2.93743 -2.1221 0.799999
    endloop
  endfacet
  facet normal 0 0 1
    outer loop
      vertex -3.53617 2.61742 0.799999
      vertex -3.22122 -2.38859 0.799999
      vertex -3.22122 2.38859 0.799999
    endloop
  endfacet
  facet normal 0 0 1
    outer loop
      vertex -3.53617 2.61742 0.799999
      vertex -3.53617 -2.61742 0.799999
      vertex -3.22122 -2.38859 0.799999
    endloop
  endfacet
  facet normal 0 0 1
    outer loop
      vertex -3.87732 2.80496 0.799999
      vertex -3.53617 -2.61742 0.799999
      vertex -3.53617 2.61742 0.799999
    endloop
  endfacet
  facet normal 0 0 1
    outer loop
      vertex -3.87732 2.80496 0.799999
      vertex -3.87732 -2.80496 0.799999
      vertex -3.53617 -2.61742 0.799999
    endloop
  endfacet
  facet normal 0 0 1
    outer loop
      vertex -4.23928 2.94827 0.799999
      vertex -3.87732 -2.80496 0.799999
      vertex -3.87732 2.80496 0.799999
    endloop
  endfacet
  facet normal 0 0 1
    outer loop
      vertex -4.23928 2.94827 0.799999
      vertex -4.23928 -2.94827 0.799999
      vertex -3.87732 -2.80496 0.799999
    endloop
  endfacet
  facet normal 0 0 1
    outer loop
      vertex -4.61635 3.04509 0.799999
      vertex -4.23928 -2.94827 0.799999
      vertex -4.23928 2.94827 0.799999
    endloop
  endfacet
  facet normal 0 0 1
    outer loop
      vertex -4.61635 3.04509 0.799999
      vertex -4.61635 -3.04509 0.799999
      vertex -4.23928 -2.94827 0.799999
    endloop
  endfacet
  facet normal 0 0 1
    outer loop
      vertex -5.00258 3.09388 0.799999
      vertex -4.61635 -3.04509 0.799999
      vertex -4.61635 3.04509 0.799999
    endloop
  endfacet
  facet normal 0 0 1
    outer loop
      vertex -5.00258 3.09388 0.799999
      vertex -5.00258 -3.09388 0.799999
      vertex -4.61635 -3.04509 0.799999
    endloop
  endfacet
  facet normal -0 0 1
    outer loop
      vertex -5.39188 3.09388 0.799999
      vertex -5.00258 -3.09388 0.799999
      vertex -5.00258 3.09388 0.799999
    endloop
  endfacet
  facet normal 0 0 1
    outer loop
      vertex -5.39188 3.09388 0.799999
      vertex -5.39188 -3.09388 0.799999
      vertex -5.00258 -3.09388 0.799999
    endloop
  endfacet
  facet normal -0 0 1
    outer loop
      vertex -5.77812 3.04509 0.799999
      vertex -5.39188 -3.09388 0.799999
      vertex -5.39188 3.09388 0.799999
    endloop
  endfacet
  facet normal 0 0 1
    outer loop
      vertex -5.77812 3.04509 0.799999
      vertex -5.77812 -3.04509 0.799999
      vertex -5.39188 -3.09388 0.799999
    endloop
  endfacet
  facet normal -0 0 1
    outer loop
      vertex -6.15519 2.94827 0.799999
      vertex -5.77812 -3.04509 0.799999
      vertex -5.77812 3.04509 0.799999
    endloop
  endfacet
  facet normal 0 0 1
    outer loop
      vertex -6.15519 2.94827 0.799999
      vertex -6.15519 -2.94827 0.799999
      vertex -5.77812 -3.04509 0.799999
    endloop
  endfacet
  facet normal -0 0 1
    outer loop
      vertex -6.51715 2.80496 0.799999
      vertex -6.15519 -2.94827 0.799999
      vertex -6.15519 2.94827 0.799999
    endloop
  endfacet
  facet normal 0 0 1
    outer loop
      vertex -6.51715 2.80496 0.799999
      vertex -6.51715 -2.80496 0.799999
      vertex -6.15519 -2.94827 0.799999
    endloop
  endfacet
  facet normal -0 0 1
    outer loop
      vertex -6.8583 2.61742 0.799999
      vertex -6.51715 -2.80496 0.799999
      vertex -6.51715 2.80496 0.799999
    endloop
  endfacet
  facet normal 0 0 1
    outer loop
      vertex -6.8583 2.61742 0.799999
      vertex -6.8583 -2.61742 0.799999
      vertex -6.51715 -2.80496 0.799999
    endloop
  endfacet
  facet normal -0 0 1
    outer loop
      vertex -7.17325 2.38859 0.799999
      vertex -6.8583 -2.61742 0.799999
      vertex -6.8583 2.61742 0.799999
    endloop
  endfacet
  facet normal 0 0 1
    outer loop
      vertex -7.17325 2.38859 0.799999
      vertex -7.17325 -2.38859 0.799999
      vertex -6.8583 -2.61742 0.799999
    endloop
  endfacet
  facet normal -0 0 1
    outer loop
      vertex -7.45704 2.1221 0.799999
      vertex -7.17325 -2.38859 0.799999
      vertex -7.17325 2.38859 0.799999
    endloop
  endfacet
  facet normal 0 0 1
    outer loop
      vertex -7.45704 2.1221 0.799999
      vertex -7.45704 -2.1221 0.799999
      vertex -7.17325 -2.38859 0.799999
    endloop
  endfacet
  facet normal -0 0 1
    outer loop
      vertex -7.70519 1.82213 0.799999
      vertex -7.45704 -2.1221 0.799999
      vertex -7.45704 2.1221 0.799999
    endloop
  endfacet
  facet normal 0 0 1
    outer loop
      vertex -7.70519 1.82213 0.799999
      vertex -7.70519 -1.82213 0.799999
      vertex -7.45704 -2.1221 0.799999
    endloop
  endfacet
  facet normal -0 0 1
    outer loop
      vertex -7.91378 1.49344 0.799999
      vertex -7.70519 -1.82213 0.799999
      vertex -7.70519 1.82213 0.799999
    endloop
  endfacet
  facet normal 0 0 1
    outer loop
      vertex -7.91378 1.49344 0.799999
      vertex -7.91378 -1.49344 0.799999
      vertex -7.70519 -1.82213 0.799999
    endloop
  endfacet
  facet normal -0 0 1
    outer loop
      vertex -8.07954 1.14119 0.799999
      vertex -7.91378 -1.49344 0.799999
      vertex -7.91378 1.49344 0.799999
    endloop
  endfacet
  facet normal 0 0 1
    outer loop
      vertex -8.07954 1.14119 0.799999
      vertex -8.07954 -1.14119 0.799999
      vertex -7.91378 -1.49344 0.799999
    endloop
  endfacet
  facet normal -0 0 1
    outer loop
      vertex -8.19984 0.770938 0.799999
      vertex -8.07954 -1.14119 0.799999
      vertex -8.07954 1.14119 0.799999
    endloop
  endfacet
  facet normal 0 0 1
    outer loop
      vertex -8.19984 0.770938 0.799999
      vertex -8.19984 -0.770938 0.799999
      vertex -8.07954 -1.14119 0.799999
    endloop
  endfacet
  facet normal -0 0 1
    outer loop
      vertex -8.27279 0.388533 0.799999
      vertex -8.19984 -0.770938 0.799999
      vertex -8.19984 0.770938 0.799999
    endloop
  endfacet
  facet normal 0 0 1
    outer loop
      vertex -8.27279 0.388533 0.799999
      vertex -8.27279 -0.388533 0.799999
      vertex -8.19984 -0.770938 0.799999
    endloop
  endfacet
  facet normal 0 -0 1
    outer loop
      vertex -8.27279 -0.388533 0.799999
      vertex -8.27279 0.388533 0.799999
      vertex -8.29723 0 0.799999
    endloop
  endfacet
  facet normal -0.587794 0.80901 0
    outer loop
      vertex -3.22122 -2.38859 0.799999
      vertex -3.53617 -2.61742 3
      vertex -3.22122 -2.38859 3
    endloop
  endfacet
  facet normal -0.587794 0.80901 0
    outer loop
      vertex -3.53617 -2.61742 3
      vertex -3.22122 -2.38859 0.799999
      vertex -3.53617 -2.61742 0.799999
    endloop
  endfacet
  facet normal -0.481736 0.876316 0
    outer loop
      vertex -3.53617 -2.61742 0.799999
      vertex -3.87732 -2.80496 3
      vertex -3.53617 -2.61742 3
    endloop
  endfacet
  facet normal -0.481736 0.876316 0
    outer loop
      vertex -3.87732 -2.80496 3
      vertex -3.53617 -2.61742 0.799999
      vertex -3.87732 -2.80496 0.799999
    endloop
  endfacet
  facet normal 0.587794 -0.80901 0
    outer loop
      vertex -7.17325 2.38859 0.799999
      vertex -6.8583 2.61742 3
      vertex -7.17325 2.38859 3
    endloop
  endfacet
  facet normal 0.587794 -0.80901 0
    outer loop
      vertex -6.8583 2.61742 3
      vertex -7.17325 2.38859 0.799999
      vertex -6.8583 2.61742 0.799999
    endloop
  endfacet
  facet normal -0.998026 0.0628048 0
    outer loop
      vertex -2.12168 -0.388533 0.799999
      vertex -2.09723 0 3
      vertex -2.09723 0 0.799999
    endloop
  endfacet
  facet normal -0.998026 0.0628048 0
    outer loop
      vertex -2.09723 0 3
      vertex -2.12168 -0.388533 0.799999
      vertex -2.12168 -0.388533 3
    endloop
  endfacet
  facet normal 0.844331 0.535821 0
    outer loop
      vertex -7.70519 -1.82213 3
      vertex -7.91378 -1.49344 0.799999
      vertex -7.91378 -1.49344 3
    endloop
  endfacet
  facet normal 0.844331 0.535821 0
    outer loop
      vertex -7.91378 -1.49344 0.799999
      vertex -7.70519 -1.82213 3
      vertex -7.70519 -1.82213 0.799999
    endloop
  endfacet
  facet normal 0.770522 0.637414 0
    outer loop
      vertex -7.45704 -2.1221 3
      vertex -7.70519 -1.82213 0.799999
      vertex -7.70519 -1.82213 3
    endloop
  endfacet
  facet normal 0.770522 0.637414 0
    outer loop
      vertex -7.70519 -1.82213 0.799999
      vertex -7.45704 -2.1221 3
      vertex -7.45704 -2.1221 0.799999
    endloop
  endfacet
  facet normal 0.951058 0.309012 0
    outer loop
      vertex -8.07954 -1.14119 3
      vertex -8.19984 -0.770938 0.799999
      vertex -8.19984 -0.770938 3
    endloop
  endfacet
  facet normal 0.951058 0.309012 0
    outer loop
      vertex -8.19984 -0.770938 0.799999
      vertex -8.07954 -1.14119 3
      vertex -8.07954 -1.14119 0.799999
    endloop
  endfacet
  facet normal 0.998027 0.0627792 0
    outer loop
      vertex -8.27279 -0.388533 3
      vertex -8.29723 0 0.799999
      vertex -8.29723 0 3
    endloop
  endfacet
  facet normal 0.998027 0.0627792 0
    outer loop
      vertex -8.29723 0 0.799999
      vertex -8.27279 -0.388533 3
      vertex -8.27279 -0.388533 0.799999
    endloop
  endfacet
  facet normal -0.125328 0.992115 0
    outer loop
      vertex -4.61635 -3.04509 0.799999
      vertex -5.00258 -3.09388 3
      vertex -4.61635 -3.04509 3
    endloop
  endfacet
  facet normal -0.125328 0.992115 0
    outer loop
      vertex -5.00258 -3.09388 3
      vertex -4.61635 -3.04509 0.799999
      vertex -5.00258 -3.09388 0.799999
    endloop
  endfacet
  facet normal -0.684538 0.728977 0
    outer loop
      vertex -2.93743 -2.1221 0.799999
      vertex -3.22122 -2.38859 3
      vertex -2.93743 -2.1221 3
    endloop
  endfacet
  facet normal -0.684538 0.728977 0
    outer loop
      vertex -3.22122 -2.38859 3
      vertex -2.93743 -2.1221 0.799999
      vertex -3.22122 -2.38859 0.799999
    endloop
  endfacet
  facet normal -0.904833 0.425766 0
    outer loop
      vertex -2.48068 -1.49344 0.799999
      vertex -2.31493 -1.14119 3
      vertex -2.31493 -1.14119 0.799999
    endloop
  endfacet
  facet normal -0.904833 0.425766 0
    outer loop
      vertex -2.31493 -1.14119 3
      vertex -2.48068 -1.49344 0.799999
      vertex -2.48068 -1.49344 3
    endloop
  endfacet
  facet normal -0.84432 0.53584 0
    outer loop
      vertex -2.68928 -1.82213 0.799999
      vertex -2.48068 -1.49344 3
      vertex -2.48068 -1.49344 0.799999
    endloop
  endfacet
  facet normal -0.84432 0.53584 0
    outer loop
      vertex -2.48068 -1.49344 3
      vertex -2.68928 -1.82213 0.799999
      vertex -2.68928 -1.82213 3
    endloop
  endfacet
  facet normal 0.125324 0.992116 -0
    outer loop
      vertex -5.39188 -3.09388 0.799999
      vertex -5.77812 -3.04509 3
      vertex -5.39188 -3.09388 3
    endloop
  endfacet
  facet normal 0.125324 0.992116 0
    outer loop
      vertex -5.77812 -3.04509 3
      vertex -5.39188 -3.09388 0.799999
      vertex -5.77812 -3.04509 0.799999
    endloop
  endfacet
  facet normal 0.481736 0.876316 -0
    outer loop
      vertex -6.51715 -2.80496 0.799999
      vertex -6.8583 -2.61742 3
      vertex -6.51715 -2.80496 3
    endloop
  endfacet
  facet normal 0.481736 0.876316 0
    outer loop
      vertex -6.8583 -2.61742 3
      vertex -6.51715 -2.80496 0.799999
      vertex -6.8583 -2.61742 0.799999
    endloop
  endfacet
  facet normal 0.248702 0.96858 -0
    outer loop
      vertex -5.77812 -3.04509 0.799999
      vertex -6.15519 -2.94827 3
      vertex -5.77812 -3.04509 3
    endloop
  endfacet
  facet normal 0.248702 0.96858 0
    outer loop
      vertex -6.15519 -2.94827 3
      vertex -5.77812 -3.04509 0.799999
      vertex -6.15519 -2.94827 0.799999
    endloop
  endfacet
  facet normal 0.684538 0.728977 -0
    outer loop
      vertex -7.17325 -2.38859 0.799999
      vertex -7.45704 -2.1221 3
      vertex -7.17325 -2.38859 3
    endloop
  endfacet
  facet normal 0.684538 0.728977 0
    outer loop
      vertex -7.45704 -2.1221 3
      vertex -7.17325 -2.38859 0.799999
      vertex -7.45704 -2.1221 0.799999
    endloop
  endfacet
  facet normal 0.982286 0.187387 0
    outer loop
      vertex -8.19984 -0.770938 3
      vertex -8.27279 -0.388533 0.799999
      vertex -8.27279 -0.388533 3
    endloop
  endfacet
  facet normal 0.982286 0.187387 0
    outer loop
      vertex -8.27279 -0.388533 0.799999
      vertex -8.19984 -0.770938 3
      vertex -8.19984 -0.770938 0.799999
    endloop
  endfacet
  facet normal -0.248702 0.96858 0
    outer loop
      vertex -4.23928 -2.94827 0.799999
      vertex -4.61635 -3.04509 3
      vertex -4.23928 -2.94827 3
    endloop
  endfacet
  facet normal -0.248702 0.96858 0
    outer loop
      vertex -4.61635 -3.04509 3
      vertex -4.23928 -2.94827 0.799999
      vertex -4.61635 -3.04509 0.799999
    endloop
  endfacet
  facet normal 0.587794 0.80901 -0
    outer loop
      vertex -6.8583 -2.61742 0.799999
      vertex -7.17325 -2.38859 3
      vertex -6.8583 -2.61742 3
    endloop
  endfacet
  facet normal 0.587794 0.80901 0
    outer loop
      vertex -7.17325 -2.38859 3
      vertex -6.8583 -2.61742 0.799999
      vertex -7.17325 -2.38859 0.799999
    endloop
  endfacet
  facet normal 0.368124 0.929777 -0
    outer loop
      vertex -6.15519 -2.94827 0.799999
      vertex -6.51715 -2.80496 3
      vertex -6.15519 -2.94827 3
    endloop
  endfacet
  facet normal 0.368124 0.929777 0
    outer loop
      vertex -6.51715 -2.80496 3
      vertex -6.15519 -2.94827 0.799999
      vertex -6.51715 -2.80496 0.799999
    endloop
  endfacet
  facet normal -0.998026 -0.0628037 0
    outer loop
      vertex 3.1 5.19723 0.799999
      vertex 3.07555 5.58577 3
      vertex 3.07555 5.58577 0.799999
    endloop
  endfacet
  facet normal -0.998026 -0.0628037 0
    outer loop
      vertex 3.07555 5.58577 3
      vertex 3.1 5.19723 0.799999
      vertex 3.1 5.19723 3
    endloop
  endfacet
  facet normal 0.998026 -0.0628037 0
    outer loop
      vertex -3.1 5.19723 3
      vertex -3.07555 5.58577 0.799999
      vertex -3.07555 5.58577 3
    endloop
  endfacet
  facet normal 0.998026 -0.0628037 0
    outer loop
      vertex -3.07555 5.58577 0.799999
      vertex -3.1 5.19723 3
      vertex -3.1 5.19723 0.799999
    endloop
  endfacet
  facet normal 0 -1 0
    outer loop
      vertex -0.19465 8.29112 0.799999
      vertex 0.19465 8.29112 3
      vertex -0.19465 8.29112 3
    endloop
  endfacet
  facet normal 0 -1 -0
    outer loop
      vertex 0.19465 8.29112 3
      vertex -0.19465 8.29112 0.799999
      vertex 0.19465 8.29112 0.799999
    endloop
  endfacet
  facet normal 0 1 -0
    outer loop
      vertex 0.19465 2.10335 0.799999
      vertex -0.19465 2.10335 3
      vertex 0.19465 2.10335 3
    endloop
  endfacet
  facet normal 0 1 0
    outer loop
      vertex -0.19465 2.10335 3
      vertex 0.19465 2.10335 0.799999
      vertex -0.19465 2.10335 0.799999
    endloop
  endfacet
  facet normal -0.770511 0.637426 0
    outer loop
      vertex 2.2598 3.07514 0.799999
      vertex 2.50795 3.3751 3
      vertex 2.50795 3.3751 0.799999
    endloop
  endfacet
  facet normal -0.770511 0.637426 0
    outer loop
      vertex 2.50795 3.3751 3
      vertex 2.2598 3.07514 0.799999
      vertex 2.2598 3.07514 3
    endloop
  endfacet
  facet normal -0.684538 -0.728977 0
    outer loop
      vertex 1.97601 7.58582 0.799999
      vertex 2.2598 7.31933 3
      vertex 1.97601 7.58582 3
    endloop
  endfacet
  facet normal -0.684538 -0.728977 -0
    outer loop
      vertex 2.2598 7.31933 3
      vertex 1.97601 7.58582 0.799999
      vertex 2.2598 7.31933 0.799999
    endloop
  endfacet
  facet normal 0.684538 -0.728977 0
    outer loop
      vertex -2.2598 7.31933 0.799999
      vertex -1.97601 7.58582 3
      vertex -2.2598 7.31933 3
    endloop
  endfacet
  facet normal 0.684538 -0.728977 0
    outer loop
      vertex -1.97601 7.58582 3
      vertex -2.2598 7.31933 0.799999
      vertex -1.97601 7.58582 0.799999
    endloop
  endfacet
  facet normal 0.368117 -0.929779 0
    outer loop
      vertex -1.31992 8.0022 0.799999
      vertex -0.957952 8.14551 3
      vertex -1.31992 8.0022 3
    endloop
  endfacet
  facet normal 0.368117 -0.929779 0
    outer loop
      vertex -0.957952 8.14551 3
      vertex -1.31992 8.0022 0.799999
      vertex -0.957952 8.14551 0.799999
    endloop
  endfacet
  facet normal -0.904823 -0.425787 0
    outer loop
      vertex 2.88231 6.33842 0.799999
      vertex 2.71655 6.69067 3
      vertex 2.71655 6.69067 0.799999
    endloop
  endfacet
  facet normal -0.904823 -0.425787 0
    outer loop
      vertex 2.71655 6.69067 3
      vertex 2.88231 6.33842 0.799999
      vertex 2.88231 6.33842 3
    endloop
  endfacet
  facet normal -0.368117 -0.929779 0
    outer loop
      vertex 0.957952 8.14551 0.799999
      vertex 1.31992 8.0022 3
      vertex 0.957952 8.14551 3
    endloop
  endfacet
  facet normal -0.368117 -0.929779 -0
    outer loop
      vertex 1.31992 8.0022 3
      vertex 0.957952 8.14551 0.799999
      vertex 1.31992 8.0022 0.799999
    endloop
  endfacet
  facet normal -0.481767 -0.876299 0
    outer loop
      vertex 1.31992 8.0022 0.799999
      vertex 1.66106 7.81465 3
      vertex 1.31992 8.0022 3
    endloop
  endfacet
  facet normal -0.481767 -0.876299 -0
    outer loop
      vertex 1.66106 7.81465 3
      vertex 1.31992 8.0022 0.799999
      vertex 1.66106 7.81465 0.799999
    endloop
  endfacet
  facet normal 0.904823 -0.425787 0
    outer loop
      vertex -2.88231 6.33842 3
      vertex -2.71655 6.69067 0.799999
      vertex -2.71655 6.69067 3
    endloop
  endfacet
  facet normal 0.904823 -0.425787 0
    outer loop
      vertex -2.71655 6.69067 0.799999
      vertex -2.88231 6.33842 3
      vertex -2.88231 6.33842 0.799999
    endloop
  endfacet
  facet normal 0 0 -1
    outer loop
      vertex 3.07555 4.8087 3
      vertex 3.07555 5.58577 3
      vertex 3.1 5.19723 3
    endloop
  endfacet
  facet normal 0 0 -1
    outer loop
      vertex 3.00261 4.4263 3
      vertex 3.07555 5.58577 3
      vertex 3.07555 4.8087 3
    endloop
  endfacet
  facet normal 0 0 -1
    outer loop
      vertex 3.00261 4.4263 3
      vertex 3.00261 5.96817 3
      vertex 3.07555 5.58577 3
    endloop
  endfacet
  facet normal 0 0 -1
    outer loop
      vertex 2.88231 4.05605 3
      vertex 3.00261 5.96817 3
      vertex 3.00261 4.4263 3
    endloop
  endfacet
  facet normal 0 0 -1
    outer loop
      vertex 2.88231 4.05605 3
      vertex 2.88231 6.33842 3
      vertex 3.00261 5.96817 3
    endloop
  endfacet
  facet normal 0 0 -1
    outer loop
      vertex 2.71655 3.7038 3
      vertex 2.88231 6.33842 3
      vertex 2.88231 4.05605 3
    endloop
  endfacet
  facet normal 0 0 -1
    outer loop
      vertex 2.71655 3.7038 3
      vertex 2.71655 6.69067 3
      vertex 2.88231 6.33842 3
    endloop
  endfacet
  facet normal 0 0 -1
    outer loop
      vertex 2.50795 3.3751 3
      vertex 2.71655 6.69067 3
      vertex 2.71655 3.7038 3
    endloop
  endfacet
  facet normal 0 0 -1
    outer loop
      vertex 2.50795 3.3751 3
      vertex 2.50795 7.01937 3
      vertex 2.71655 6.69067 3
    endloop
  endfacet
  facet normal 0 0 -1
    outer loop
      vertex 2.2598 3.07514 3
      vertex 2.50795 7.01937 3
      vertex 2.50795 3.3751 3
    endloop
  endfacet
  facet normal 0 0 -1
    outer loop
      vertex 2.2598 3.07514 3
      vertex 2.2598 7.31933 3
      vertex 2.50795 7.01937 3
    endloop
  endfacet
  facet normal 0 0 -1
    outer loop
      vertex 1.97601 2.80864 3
      vertex 2.2598 7.31933 3
      vertex 2.2598 3.07514 3
    endloop
  endfacet
  facet normal 0 0 -1
    outer loop
      vertex 1.97601 2.80864 3
      vertex 1.97601 7.58582 3
      vertex 2.2598 7.31933 3
    endloop
  endfacet
  facet normal 0 0 -1
    outer loop
      vertex 1.66106 2.57982 3
      vertex 1.97601 7.58582 3
      vertex 1.97601 2.80864 3
    endloop
  endfacet
  facet normal 0 0 -1
    outer loop
      vertex 1.66106 2.57982 3
      vertex 1.66106 7.81465 3
      vertex 1.97601 7.58582 3
    endloop
  endfacet
  facet normal 0 0 -1
    outer loop
      vertex 1.31992 2.39227 3
      vertex 1.66106 7.81465 3
      vertex 1.66106 2.57982 3
    endloop
  endfacet
  facet normal 0 0 -1
    outer loop
      vertex 1.31992 2.39227 3
      vertex 1.31992 8.0022 3
      vertex 1.66106 7.81465 3
    endloop
  endfacet
  facet normal 0 0 -1
    outer loop
      vertex 0.957952 2.24896 3
      vertex 1.31992 8.0022 3
      vertex 1.31992 2.39227 3
    endloop
  endfacet
  facet normal 0 0 -1
    outer loop
      vertex 0.957952 2.24896 3
      vertex 0.957952 8.14551 3
      vertex 1.31992 8.0022 3
    endloop
  endfacet
  facet normal 0 0 -1
    outer loop
      vertex 0.580882 2.15214 3
      vertex 0.957952 8.14551 3
      vertex 0.957952 2.24896 3
    endloop
  endfacet
  facet normal 0 0 -1
    outer loop
      vertex 0.580882 2.15214 3
      vertex 0.580882 8.24232 3
      vertex 0.957952 8.14551 3
    endloop
  endfacet
  facet normal 0 0 -1
    outer loop
      vertex 0.19465 2.10335 3
      vertex 0.580882 8.24232 3
      vertex 0.580882 2.15214 3
    endloop
  endfacet
  facet normal 0 0 -1
    outer loop
      vertex 0.19465 2.10335 3
      vertex 0.19465 8.29112 3
      vertex 0.580882 8.24232 3
    endloop
  endfacet
  facet normal 0 0 -1
    outer loop
      vertex -0.19465 2.10335 3
      vertex 0.19465 8.29112 3
      vertex 0.19465 2.10335 3
    endloop
  endfacet
  facet normal 0 0 -1
    outer loop
      vertex -0.19465 2.10335 3
      vertex -0.19465 8.29112 3
      vertex 0.19465 8.29112 3
    endloop
  endfacet
  facet normal 0 0 -1
    outer loop
      vertex -0.580882 2.15214 3
      vertex -0.19465 8.29112 3
      vertex -0.19465 2.10335 3
    endloop
  endfacet
  facet normal 0 0 -1
    outer loop
      vertex -0.580882 2.15214 3
      vertex -0.580882 8.24232 3
      vertex -0.19465 8.29112 3
    endloop
  endfacet
  facet normal 0 0 -1
    outer loop
      vertex -0.957952 2.24896 3
      vertex -0.580882 8.24232 3
      vertex -0.580882 2.15214 3
    endloop
  endfacet
  facet normal 0 0 -1
    outer loop
      vertex -0.957952 2.24896 3
      vertex -0.957952 8.14551 3
      vertex -0.580882 8.24232 3
    endloop
  endfacet
  facet normal 0 0 -1
    outer loop
      vertex -1.31992 2.39227 3
      vertex -0.957952 8.14551 3
      vertex -0.957952 2.24896 3
    endloop
  endfacet
  facet normal 0 0 -1
    outer loop
      vertex -1.31992 2.39227 3
      vertex -1.31992 8.0022 3
      vertex -0.957952 8.14551 3
    endloop
  endfacet
  facet normal 0 0 -1
    outer loop
      vertex -1.66106 2.57982 3
      vertex -1.31992 8.0022 3
      vertex -1.31992 2.39227 3
    endloop
  endfacet
  facet normal 0 0 -1
    outer loop
      vertex -1.66106 2.57982 3
      vertex -1.66106 7.81465 3
      vertex -1.31992 8.0022 3
    endloop
  endfacet
  facet normal 0 0 -1
    outer loop
      vertex -1.97601 2.80864 3
      vertex -1.66106 7.81465 3
      vertex -1.66106 2.57982 3
    endloop
  endfacet
  facet normal 0 0 -1
    outer loop
      vertex -1.97601 2.80864 3
      vertex -1.97601 7.58582 3
      vertex -1.66106 7.81465 3
    endloop
  endfacet
  facet normal 0 0 -1
    outer loop
      vertex -2.2598 3.07514 3
      vertex -1.97601 7.58582 3
      vertex -1.97601 2.80864 3
    endloop
  endfacet
  facet normal 0 0 -1
    outer loop
      vertex -2.2598 3.07514 3
      vertex -2.2598 7.31933 3
      vertex -1.97601 7.58582 3
    endloop
  endfacet
  facet normal 0 0 -1
    outer loop
      vertex -2.50795 3.3751 3
      vertex -2.2598 7.31933 3
      vertex -2.2598 3.07514 3
    endloop
  endfacet
  facet normal 0 0 -1
    outer loop
      vertex -2.50795 3.3751 3
      vertex -2.50795 7.01937 3
      vertex -2.2598 7.31933 3
    endloop
  endfacet
  facet normal 0 0 -1
    outer loop
      vertex -2.71655 3.7038 3
      vertex -2.50795 7.01937 3
      vertex -2.50795 3.3751 3
    endloop
  endfacet
  facet normal 0 0 -1
    outer loop
      vertex -2.71655 3.7038 3
      vertex -2.71655 6.69067 3
      vertex -2.50795 7.01937 3
    endloop
  endfacet
  facet normal 0 0 -1
    outer loop
      vertex -2.88231 4.05605 3
      vertex -2.71655 6.69067 3
      vertex -2.71655 3.7038 3
    endloop
  endfacet
  facet normal 0 0 -1
    outer loop
      vertex -2.88231 4.05605 3
      vertex -2.88231 6.33842 3
      vertex -2.71655 6.69067 3
    endloop
  endfacet
  facet normal 0 0 -1
    outer loop
      vertex -3.00261 4.4263 3
      vertex -2.88231 6.33842 3
      vertex -2.88231 4.05605 3
    endloop
  endfacet
  facet normal 0 0 -1
    outer loop
      vertex -3.00261 4.4263 3
      vertex -3.00261 5.96817 3
      vertex -2.88231 6.33842 3
    endloop
  endfacet
  facet normal 0 0 -1
    outer loop
      vertex -3.07555 4.8087 3
      vertex -3.00261 5.96817 3
      vertex -3.00261 4.4263 3
    endloop
  endfacet
  facet normal 0 0 -1
    outer loop
      vertex -3.07555 4.8087 3
      vertex -3.07555 5.58577 3
      vertex -3.00261 5.96817 3
    endloop
  endfacet
  facet normal 0 -0 -1
    outer loop
      vertex -3.07555 5.58577 3
      vertex -3.07555 4.8087 3
      vertex -3.1 5.19723 3
    endloop
  endfacet
  facet normal 0.248678 -0.968586 0
    outer loop
      vertex -0.957952 8.14551 0.799999
      vertex -0.580882 8.24232 3
      vertex -0.957952 8.14551 3
    endloop
  endfacet
  facet normal 0.248678 -0.968586 0
    outer loop
      vertex -0.580882 8.24232 3
      vertex -0.957952 8.14551 0.799999
      vertex -0.580882 8.24232 0.799999
    endloop
  endfacet
  facet normal -0.125327 0.992115 0
    outer loop
      vertex 0.580882 2.15214 0.799999
      vertex 0.19465 2.10335 3
      vertex 0.580882 2.15214 3
    endloop
  endfacet
  facet normal -0.125327 0.992115 0
    outer loop
      vertex 0.19465 2.10335 3
      vertex 0.580882 2.15214 0.799999
      vertex 0.19465 2.10335 0.799999
    endloop
  endfacet
  facet normal -0.98229 0.187365 0
    outer loop
      vertex 3.00261 4.4263 0.799999
      vertex 3.07555 4.8087 3
      vertex 3.07555 4.8087 0.799999
    endloop
  endfacet
  facet normal -0.98229 0.187365 0
    outer loop
      vertex 3.07555 4.8087 3
      vertex 3.00261 4.4263 0.799999
      vertex 3.00261 4.4263 3
    endloop
  endfacet
  facet normal -0.951058 -0.309013 0
    outer loop
      vertex 3.00261 5.96817 0.799999
      vertex 2.88231 6.33842 3
      vertex 2.88231 6.33842 0.799999
    endloop
  endfacet
  facet normal -0.951058 -0.309013 0
    outer loop
      vertex 2.88231 6.33842 3
      vertex 3.00261 5.96817 0.799999
      vertex 3.00261 5.96817 3
    endloop
  endfacet
  facet normal -0.98229 -0.187365 0
    outer loop
      vertex 3.07555 5.58577 0.799999
      vertex 3.00261 5.96817 3
      vertex 3.00261 5.96817 0.799999
    endloop
  endfacet
  facet normal -0.98229 -0.187365 0
    outer loop
      vertex 3.00261 5.96817 3
      vertex 3.07555 5.58577 0.799999
      vertex 3.07555 5.58577 3
    endloop
  endfacet
  facet normal -0.770511 -0.637426 0
    outer loop
      vertex 2.50795 7.01937 0.799999
      vertex 2.2598 7.31933 3
      vertex 2.2598 7.31933 0.799999
    endloop
  endfacet
  facet normal -0.770511 -0.637426 0
    outer loop
      vertex 2.2598 7.31933 3
      vertex 2.50795 7.01937 0.799999
      vertex 2.50795 7.01937 3
    endloop
  endfacet
  facet normal -0.844327 -0.535828 0
    outer loop
      vertex 2.71655 6.69067 0.799999
      vertex 2.50795 7.01937 3
      vertex 2.50795 7.01937 0.799999
    endloop
  endfacet
  facet normal -0.844327 -0.535828 0
    outer loop
      vertex 2.50795 7.01937 3
      vertex 2.71655 6.69067 0.799999
      vertex 2.71655 6.69067 3
    endloop
  endfacet
  facet normal -0.248678 -0.968586 0
    outer loop
      vertex 0.580882 8.24232 0.799999
      vertex 0.957952 8.14551 3
      vertex 0.580882 8.24232 3
    endloop
  endfacet
  facet normal -0.248678 -0.968586 -0
    outer loop
      vertex 0.957952 8.14551 3
      vertex 0.580882 8.24232 0.799999
      vertex 0.957952 8.14551 0.799999
    endloop
  endfacet
  facet normal -0.125352 -0.992112 0
    outer loop
      vertex 0.19465 8.29112 0.799999
      vertex 0.580882 8.24232 3
      vertex 0.19465 8.29112 3
    endloop
  endfacet
  facet normal -0.125352 -0.992112 -0
    outer loop
      vertex 0.580882 8.24232 3
      vertex 0.19465 8.29112 0.799999
      vertex 0.580882 8.24232 0.799999
    endloop
  endfacet
  facet normal -0.587794 -0.80901 0
    outer loop
      vertex 1.66106 7.81465 0.799999
      vertex 1.97601 7.58582 3
      vertex 1.66106 7.81465 3
    endloop
  endfacet
  facet normal -0.587794 -0.80901 -0
    outer loop
      vertex 1.97601 7.58582 3
      vertex 1.66106 7.81465 0.799999
      vertex 1.97601 7.58582 0.799999
    endloop
  endfacet
  facet normal 0.844327 -0.535828 0
    outer loop
      vertex -2.71655 6.69067 3
      vertex -2.50795 7.01937 0.799999
      vertex -2.50795 7.01937 3
    endloop
  endfacet
  facet normal 0.844327 -0.535828 0
    outer loop
      vertex -2.50795 7.01937 0.799999
      vertex -2.71655 6.69067 3
      vertex -2.71655 6.69067 0.799999
    endloop
  endfacet
  facet normal 0.770511 -0.637426 0
    outer loop
      vertex -2.50795 7.01937 3
      vertex -2.2598 7.31933 0.799999
      vertex -2.2598 7.31933 3
    endloop
  endfacet
  facet normal 0.770511 -0.637426 0
    outer loop
      vertex -2.2598 7.31933 0.799999
      vertex -2.50795 7.01937 3
      vertex -2.50795 7.01937 0.799999
    endloop
  endfacet
  facet normal 0.951058 -0.309013 0
    outer loop
      vertex -3.00261 5.96817 3
      vertex -2.88231 6.33842 0.799999
      vertex -2.88231 6.33842 3
    endloop
  endfacet
  facet normal 0.951058 -0.309013 0
    outer loop
      vertex -2.88231 6.33842 0.799999
      vertex -3.00261 5.96817 3
      vertex -3.00261 5.96817 0.799999
    endloop
  endfacet
  facet normal 0.98229 -0.187365 0
    outer loop
      vertex -3.07555 5.58577 3
      vertex -3.00261 5.96817 0.799999
      vertex -3.00261 5.96817 3
    endloop
  endfacet
  facet normal 0.98229 -0.187365 0
    outer loop
      vertex -3.00261 5.96817 0.799999
      vertex -3.07555 5.58577 3
      vertex -3.07555 5.58577 0.799999
    endloop
  endfacet
  facet normal 0.481767 -0.876299 0
    outer loop
      vertex -1.66106 7.81465 0.799999
      vertex -1.31992 8.0022 3
      vertex -1.66106 7.81465 3
    endloop
  endfacet
  facet normal 0.481767 -0.876299 0
    outer loop
      vertex -1.31992 8.0022 3
      vertex -1.66106 7.81465 0.799999
      vertex -1.31992 8.0022 0.799999
    endloop
  endfacet
  facet normal 0.587794 -0.80901 0
    outer loop
      vertex -1.97601 7.58582 0.799999
      vertex -1.66106 7.81465 3
      vertex -1.97601 7.58582 3
    endloop
  endfacet
  facet normal 0.587794 -0.80901 0
    outer loop
      vertex -1.66106 7.81465 3
      vertex -1.97601 7.58582 0.799999
      vertex -1.66106 7.81465 0.799999
    endloop
  endfacet
  facet normal 0.125352 -0.992112 0
    outer loop
      vertex -0.580882 8.24232 0.799999
      vertex -0.19465 8.29112 3
      vertex -0.580882 8.24232 3
    endloop
  endfacet
  facet normal 0.125352 -0.992112 0
    outer loop
      vertex -0.19465 8.29112 3
      vertex -0.580882 8.24232 0.799999
      vertex -0.19465 8.29112 0.799999
    endloop
  endfacet
  facet normal -0.998026 0.0628053 0
    outer loop
      vertex 3.07555 4.8087 0.799999
      vertex 3.1 5.19723 3
      vertex 3.1 5.19723 0.799999
    endloop
  endfacet
  facet normal -0.998026 0.0628053 0
    outer loop
      vertex 3.1 5.19723 3
      vertex 3.07555 4.8087 0.799999
      vertex 3.07555 4.8087 3
    endloop
  endfacet
  facet normal 0.904823 0.425787 0
    outer loop
      vertex -2.71655 3.7038 3
      vertex -2.88231 4.05605 0.799999
      vertex -2.88231 4.05605 3
    endloop
  endfacet
  facet normal 0.904823 0.425787 0
    outer loop
      vertex -2.88231 4.05605 0.799999
      vertex -2.71655 3.7038 3
      vertex -2.71655 3.7038 0.799999
    endloop
  endfacet
  facet normal 0 0 1
    outer loop
      vertex 3.07555 5.58577 0.799999
      vertex 3.07555 4.8087 0.799999
      vertex 3.1 5.19723 0.799999
    endloop
  endfacet
  facet normal 0 0 1
    outer loop
      vertex 3.00261 5.96817 0.799999
      vertex 3.07555 4.8087 0.799999
      vertex 3.07555 5.58577 0.799999
    endloop
  endfacet
  facet normal 0 0 1
    outer loop
      vertex 3.00261 5.96817 0.799999
      vertex 3.00261 4.4263 0.799999
      vertex 3.07555 4.8087 0.799999
    endloop
  endfacet
  facet normal 0 0 1
    outer loop
      vertex 2.88231 6.33842 0.799999
      vertex 3.00261 4.4263 0.799999
      vertex 3.00261 5.96817 0.799999
    endloop
  endfacet
  facet normal 0 0 1
    outer loop
      vertex 2.88231 6.33842 0.799999
      vertex 2.88231 4.05605 0.799999
      vertex 3.00261 4.4263 0.799999
    endloop
  endfacet
  facet normal 0 0 1
    outer loop
      vertex 2.71655 6.69067 0.799999
      vertex 2.88231 4.05605 0.799999
      vertex 2.88231 6.33842 0.799999
    endloop
  endfacet
  facet normal 0 0 1
    outer loop
      vertex 2.71655 6.69067 0.799999
      vertex 2.71655 3.7038 0.799999
      vertex 2.88231 4.05605 0.799999
    endloop
  endfacet
  facet normal 0 0 1
    outer loop
      vertex 2.50795 7.01937 0.799999
      vertex 2.71655 3.7038 0.799999
      vertex 2.71655 6.69067 0.799999
    endloop
  endfacet
  facet normal 0 0 1
    outer loop
      vertex 2.50795 7.01937 0.799999
      vertex 2.50795 3.3751 0.799999
      vertex 2.71655 3.7038 0.799999
    endloop
  endfacet
  facet normal 0 0 1
    outer loop
      vertex 2.2598 7.31933 0.799999
      vertex 2.50795 3.3751 0.799999
      vertex 2.50795 7.01937 0.799999
    endloop
  endfacet
  facet normal 0 0 1
    outer loop
      vertex 2.2598 7.31933 0.799999
      vertex 2.2598 3.07514 0.799999
      vertex 2.50795 3.3751 0.799999
    endloop
  endfacet
  facet normal 0 0 1
    outer loop
      vertex 1.97601 7.58582 0.799999
      vertex 2.2598 3.07514 0.799999
      vertex 2.2598 7.31933 0.799999
    endloop
  endfacet
  facet normal 0 0 1
    outer loop
      vertex 1.97601 7.58582 0.799999
      vertex 1.97601 2.80864 0.799999
      vertex 2.2598 3.07514 0.799999
    endloop
  endfacet
  facet normal 0 0 1
    outer loop
      vertex 1.66106 7.81465 0.799999
      vertex 1.97601 2.80864 0.799999
      vertex 1.97601 7.58582 0.799999
    endloop
  endfacet
  facet normal 0 0 1
    outer loop
      vertex 1.66106 7.81465 0.799999
      vertex 1.66106 2.57982 0.799999
      vertex 1.97601 2.80864 0.799999
    endloop
  endfacet
  facet normal 0 0 1
    outer loop
      vertex 1.31992 8.0022 0.799999
      vertex 1.66106 2.57982 0.799999
      vertex 1.66106 7.81465 0.799999
    endloop
  endfacet
  facet normal 0 0 1
    outer loop
      vertex 1.31992 8.0022 0.799999
      vertex 1.31992 2.39227 0.799999
      vertex 1.66106 2.57982 0.799999
    endloop
  endfacet
  facet normal 0 0 1
    outer loop
      vertex 0.957952 8.14551 0.799999
      vertex 1.31992 2.39227 0.799999
      vertex 1.31992 8.0022 0.799999
    endloop
  endfacet
  facet normal 0 0 1
    outer loop
      vertex 0.957952 8.14551 0.799999
      vertex 0.957952 2.24896 0.799999
      vertex 1.31992 2.39227 0.799999
    endloop
  endfacet
  facet normal 0 0 1
    outer loop
      vertex 0.580882 8.24232 0.799999
      vertex 0.957952 2.24896 0.799999
      vertex 0.957952 8.14551 0.799999
    endloop
  endfacet
  facet normal 0 0 1
    outer loop
      vertex 0.580882 8.24232 0.799999
      vertex 0.580882 2.15214 0.799999
      vertex 0.957952 2.24896 0.799999
    endloop
  endfacet
  facet normal 0 0 1
    outer loop
      vertex 0.19465 8.29112 0.799999
      vertex 0.580882 2.15214 0.799999
      vertex 0.580882 8.24232 0.799999
    endloop
  endfacet
  facet normal 0 0 1
    outer loop
      vertex 0.19465 8.29112 0.799999
      vertex 0.19465 2.10335 0.799999
      vertex 0.580882 2.15214 0.799999
    endloop
  endfacet
  facet normal -0 0 1
    outer loop
      vertex -0.19465 8.29112 0.799999
      vertex 0.19465 2.10335 0.799999
      vertex 0.19465 8.29112 0.799999
    endloop
  endfacet
  facet normal 0 0 1
    outer loop
      vertex -0.19465 8.29112 0.799999
      vertex -0.19465 2.10335 0.799999
      vertex 0.19465 2.10335 0.799999
    endloop
  endfacet
  facet normal -0 0 1
    outer loop
      vertex -0.580882 8.24232 0.799999
      vertex -0.19465 2.10335 0.799999
      vertex -0.19465 8.29112 0.799999
    endloop
  endfacet
  facet normal 0 0 1
    outer loop
      vertex -0.580882 8.24232 0.799999
      vertex -0.580882 2.15214 0.799999
      vertex -0.19465 2.10335 0.799999
    endloop
  endfacet
  facet normal -0 0 1
    outer loop
      vertex -0.957952 8.14551 0.799999
      vertex -0.580882 2.15214 0.799999
      vertex -0.580882 8.24232 0.799999
    endloop
  endfacet
  facet normal 0 0 1
    outer loop
      vertex -0.957952 8.14551 0.799999
      vertex -0.957952 2.24896 0.799999
      vertex -0.580882 2.15214 0.799999
    endloop
  endfacet
  facet normal -0 0 1
    outer loop
      vertex -1.31992 8.0022 0.799999
      vertex -0.957952 2.24896 0.799999
      vertex -0.957952 8.14551 0.799999
    endloop
  endfacet
  facet normal 0 0 1
    outer loop
      vertex -1.31992 8.0022 0.799999
      vertex -1.31992 2.39227 0.799999
      vertex -0.957952 2.24896 0.799999
    endloop
  endfacet
  facet normal -0 0 1
    outer loop
      vertex -1.66106 7.81465 0.799999
      vertex -1.31992 2.39227 0.799999
      vertex -1.31992 8.0022 0.799999
    endloop
  endfacet
  facet normal 0 0 1
    outer loop
      vertex -1.66106 7.81465 0.799999
      vertex -1.66106 2.57982 0.799999
      vertex -1.31992 2.39227 0.799999
    endloop
  endfacet
  facet normal -0 0 1
    outer loop
      vertex -1.97601 7.58582 0.799999
      vertex -1.66106 2.57982 0.799999
      vertex -1.66106 7.81465 0.799999
    endloop
  endfacet
  facet normal 0 0 1
    outer loop
      vertex -1.97601 7.58582 0.799999
      vertex -1.97601 2.80864 0.799999
      vertex -1.66106 2.57982 0.799999
    endloop
  endfacet
  facet normal -0 0 1
    outer loop
      vertex -2.2598 7.31933 0.799999
      vertex -1.97601 2.80864 0.799999
      vertex -1.97601 7.58582 0.799999
    endloop
  endfacet
  facet normal 0 0 1
    outer loop
      vertex -2.2598 7.31933 0.799999
      vertex -2.2598 3.07514 0.799999
      vertex -1.97601 2.80864 0.799999
    endloop
  endfacet
  facet normal -0 0 1
    outer loop
      vertex -2.50795 7.01937 0.799999
      vertex -2.2598 3.07514 0.799999
      vertex -2.2598 7.31933 0.799999
    endloop
  endfacet
  facet normal 0 0 1
    outer loop
      vertex -2.50795 7.01937 0.799999
      vertex -2.50795 3.3751 0.799999
      vertex -2.2598 3.07514 0.799999
    endloop
  endfacet
  facet normal -0 0 1
    outer loop
      vertex -2.71655 6.69067 0.799999
      vertex -2.50795 3.3751 0.799999
      vertex -2.50795 7.01937 0.799999
    endloop
  endfacet
  facet normal 0 0 1
    outer loop
      vertex -2.71655 6.69067 0.799999
      vertex -2.71655 3.7038 0.799999
      vertex -2.50795 3.3751 0.799999
    endloop
  endfacet
  facet normal -0 0 1
    outer loop
      vertex -2.88231 6.33842 0.799999
      vertex -2.71655 3.7038 0.799999
      vertex -2.71655 6.69067 0.799999
    endloop
  endfacet
  facet normal 0 0 1
    outer loop
      vertex -2.88231 6.33842 0.799999
      vertex -2.88231 4.05605 0.799999
      vertex -2.71655 3.7038 0.799999
    endloop
  endfacet
  facet normal -0 0 1
    outer loop
      vertex -3.00261 5.96817 0.799999
      vertex -2.88231 4.05605 0.799999
      vertex -2.88231 6.33842 0.799999
    endloop
  endfacet
  facet normal 0 0 1
    outer loop
      vertex -3.00261 5.96817 0.799999
      vertex -3.00261 4.4263 0.799999
      vertex -2.88231 4.05605 0.799999
    endloop
  endfacet
  facet normal -0 0 1
    outer loop
      vertex -3.07555 5.58577 0.799999
      vertex -3.00261 4.4263 0.799999
      vertex -3.00261 5.96817 0.799999
    endloop
  endfacet
  facet normal 0 0 1
    outer loop
      vertex -3.07555 5.58577 0.799999
      vertex -3.07555 4.8087 0.799999
      vertex -3.00261 4.4263 0.799999
    endloop
  endfacet
  facet normal 0 -0 1
    outer loop
      vertex -3.07555 4.8087 0.799999
      vertex -3.07555 5.58577 0.799999
      vertex -3.1 5.19723 0.799999
    endloop
  endfacet
  facet normal -0.481767 0.876299 0
    outer loop
      vertex 1.66106 2.57982 0.799999
      vertex 1.31992 2.39227 3
      vertex 1.66106 2.57982 3
    endloop
  endfacet
  facet normal -0.481767 0.876299 0
    outer loop
      vertex 1.31992 2.39227 3
      vertex 1.66106 2.57982 0.799999
      vertex 1.31992 2.39227 0.799999
    endloop
  endfacet
  facet normal -0.951058 0.309013 0
    outer loop
      vertex 2.88231 4.05605 0.799999
      vertex 3.00261 4.4263 3
      vertex 3.00261 4.4263 0.799999
    endloop
  endfacet
  facet normal -0.951058 0.309013 0
    outer loop
      vertex 3.00261 4.4263 3
      vertex 2.88231 4.05605 0.799999
      vertex 2.88231 4.05605 3
    endloop
  endfacet
  facet normal 0.951058 0.309013 0
    outer loop
      vertex -2.88231 4.05605 3
      vertex -3.00261 4.4263 0.799999
      vertex -3.00261 4.4263 3
    endloop
  endfacet
  facet normal 0.951058 0.309013 0
    outer loop
      vertex -3.00261 4.4263 0.799999
      vertex -2.88231 4.05605 3
      vertex -2.88231 4.05605 0.799999
    endloop
  endfacet
  facet normal 0.998026 0.0628053 0
    outer loop
      vertex -3.07555 4.8087 3
      vertex -3.1 5.19723 0.799999
      vertex -3.1 5.19723 3
    endloop
  endfacet
  facet normal 0.998026 0.0628053 0
    outer loop
      vertex -3.1 5.19723 0.799999
      vertex -3.07555 4.8087 3
      vertex -3.07555 4.8087 0.799999
    endloop
  endfacet
  facet normal -0.684552 0.728964 0
    outer loop
      vertex 2.2598 3.07514 0.799999
      vertex 1.97601 2.80864 3
      vertex 2.2598 3.07514 3
    endloop
  endfacet
  facet normal -0.684552 0.728964 0
    outer loop
      vertex 1.97601 2.80864 3
      vertex 2.2598 3.07514 0.799999
      vertex 1.97601 2.80864 0.799999
    endloop
  endfacet
  facet normal -0.368117 0.929779 0
    outer loop
      vertex 1.31992 2.39227 0.799999
      vertex 0.957952 2.24896 3
      vertex 1.31992 2.39227 3
    endloop
  endfacet
  facet normal -0.368117 0.929779 0
    outer loop
      vertex 0.957952 2.24896 3
      vertex 1.31992 2.39227 0.799999
      vertex 0.957952 2.24896 0.799999
    endloop
  endfacet
  facet normal -0.248702 0.96858 0
    outer loop
      vertex 0.957952 2.24896 0.799999
      vertex 0.580882 2.15214 3
      vertex 0.957952 2.24896 3
    endloop
  endfacet
  facet normal -0.248702 0.96858 0
    outer loop
      vertex 0.580882 2.15214 3
      vertex 0.957952 2.24896 0.799999
      vertex 0.580882 2.15214 0.799999
    endloop
  endfacet
  facet normal -0.844327 0.535828 0
    outer loop
      vertex 2.50795 3.3751 0.799999
      vertex 2.71655 3.7038 3
      vertex 2.71655 3.7038 0.799999
    endloop
  endfacet
  facet normal -0.844327 0.535828 0
    outer loop
      vertex 2.71655 3.7038 3
      vertex 2.50795 3.3751 0.799999
      vertex 2.50795 3.3751 3
    endloop
  endfacet
  facet normal 0.125327 0.992115 -0
    outer loop
      vertex -0.19465 2.10335 0.799999
      vertex -0.580882 2.15214 3
      vertex -0.19465 2.10335 3
    endloop
  endfacet
  facet normal 0.125327 0.992115 0
    outer loop
      vertex -0.580882 2.15214 3
      vertex -0.19465 2.10335 0.799999
      vertex -0.580882 2.15214 0.799999
    endloop
  endfacet
  facet normal 0.368117 0.929779 -0
    outer loop
      vertex -0.957952 2.24896 0.799999
      vertex -1.31992 2.39227 3
      vertex -0.957952 2.24896 3
    endloop
  endfacet
  facet normal 0.368117 0.929779 0
    outer loop
      vertex -1.31992 2.39227 3
      vertex -0.957952 2.24896 0.799999
      vertex -1.31992 2.39227 0.799999
    endloop
  endfacet
  facet normal 0.248702 0.96858 -0
    outer loop
      vertex -0.580882 2.15214 0.799999
      vertex -0.957952 2.24896 3
      vertex -0.580882 2.15214 3
    endloop
  endfacet
  facet normal 0.248702 0.96858 0
    outer loop
      vertex -0.957952 2.24896 3
      vertex -0.580882 2.15214 0.799999
      vertex -0.957952 2.24896 0.799999
    endloop
  endfacet
  facet normal 0.770511 0.637426 0
    outer loop
      vertex -2.2598 3.07514 3
      vertex -2.50795 3.3751 0.799999
      vertex -2.50795 3.3751 3
    endloop
  endfacet
  facet normal 0.770511 0.637426 0
    outer loop
      vertex -2.50795 3.3751 0.799999
      vertex -2.2598 3.07514 3
      vertex -2.2598 3.07514 0.799999
    endloop
  endfacet
  facet normal 0.844327 0.535828 0
    outer loop
      vertex -2.50795 3.3751 3
      vertex -2.71655 3.7038 0.799999
      vertex -2.71655 3.7038 3
    endloop
  endfacet
  facet normal 0.844327 0.535828 0
    outer loop
      vertex -2.71655 3.7038 0.799999
      vertex -2.50795 3.3751 3
      vertex -2.50795 3.3751 0.799999
    endloop
  endfacet
  facet normal 0.684552 0.728964 -0
    outer loop
      vertex -1.97601 2.80864 0.799999
      vertex -2.2598 3.07514 3
      vertex -1.97601 2.80864 3
    endloop
  endfacet
  facet normal 0.684552 0.728964 0
    outer loop
      vertex -2.2598 3.07514 3
      vertex -1.97601 2.80864 0.799999
      vertex -2.2598 3.07514 0.799999
    endloop
  endfacet
  facet normal 0.98229 0.187365 0
    outer loop
      vertex -3.00261 4.4263 3
      vertex -3.07555 4.8087 0.799999
      vertex -3.07555 4.8087 3
    endloop
  endfacet
  facet normal 0.98229 0.187365 0
    outer loop
      vertex -3.07555 4.8087 0.799999
      vertex -3.00261 4.4263 3
      vertex -3.00261 4.4263 0.799999
    endloop
  endfacet
  facet normal -0.587778 0.809023 0
    outer loop
      vertex 1.97601 2.80864 0.799999
      vertex 1.66106 2.57982 3
      vertex 1.97601 2.80864 3
    endloop
  endfacet
  facet normal -0.587778 0.809023 0
    outer loop
      vertex 1.66106 2.57982 3
      vertex 1.97601 2.80864 0.799999
      vertex 1.66106 2.57982 0.799999
    endloop
  endfacet
  facet normal -0.904823 0.425787 0
    outer loop
      vertex 2.71655 3.7038 0.799999
      vertex 2.88231 4.05605 3
      vertex 2.88231 4.05605 0.799999
    endloop
  endfacet
  facet normal -0.904823 0.425787 0
    outer loop
      vertex 2.88231 4.05605 3
      vertex 2.71655 3.7038 0.799999
      vertex 2.71655 3.7038 3
    endloop
  endfacet
  facet normal 0.587778 0.809023 -0
    outer loop
      vertex -1.66106 2.57982 0.799999
      vertex -1.97601 2.80864 3
      vertex -1.66106 2.57982 3
    endloop
  endfacet
  facet normal 0.587778 0.809023 0
    outer loop
      vertex -1.97601 2.80864 3
      vertex -1.66106 2.57982 0.799999
      vertex -1.97601 2.80864 0.799999
    endloop
  endfacet
  facet normal 0.481767 0.876299 -0
    outer loop
      vertex -1.31992 2.39227 0.799999
      vertex -1.66106 2.57982 3
      vertex -1.31992 2.39227 3
    endloop
  endfacet
  facet normal 0.481767 0.876299 0
    outer loop
      vertex -1.66106 2.57982 3
      vertex -1.31992 2.39227 0.799999
      vertex -1.66106 2.57982 0.799999
    endloop
  endfacet
  facet normal -0.998026 -0.0628053 0
    outer loop
      vertex 3.1 -5.19723 0.799999
      vertex 3.07555 -4.8087 3
      vertex 3.07555 -4.8087 0.799999
    endloop
  endfacet
  facet normal -0.998026 -0.0628053 0
    outer loop
      vertex 3.07555 -4.8087 3
      vertex 3.1 -5.19723 0.799999
      vertex 3.1 -5.19723 3
    endloop
  endfacet
  facet normal 0.125327 -0.992115 0
    outer loop
      vertex -0.580882 -2.15214 0.799999
      vertex -0.19465 -2.10335 3
      vertex -0.580882 -2.15214 3
    endloop
  endfacet
  facet normal 0.125327 -0.992115 0
    outer loop
      vertex -0.19465 -2.10335 3
      vertex -0.580882 -2.15214 0.799999
      vertex -0.19465 -2.10335 0.799999
    endloop
  endfacet
  facet normal -0.684552 -0.728964 0
    outer loop
      vertex 1.97601 -2.80864 0.799999
      vertex 2.2598 -3.07514 3
      vertex 1.97601 -2.80864 3
    endloop
  endfacet
  facet normal -0.684552 -0.728964 -0
    outer loop
      vertex 2.2598 -3.07514 3
      vertex 1.97601 -2.80864 0.799999
      vertex 2.2598 -3.07514 0.799999
    endloop
  endfacet
  facet normal 0.770511 -0.637426 0
    outer loop
      vertex -2.50795 -3.3751 3
      vertex -2.2598 -3.07514 0.799999
      vertex -2.2598 -3.07514 3
    endloop
  endfacet
  facet normal 0.770511 -0.637426 0
    outer loop
      vertex -2.2598 -3.07514 0.799999
      vertex -2.50795 -3.3751 3
      vertex -2.50795 -3.3751 0.799999
    endloop
  endfacet
  facet normal 0.481767 -0.876299 0
    outer loop
      vertex -1.66106 -2.57982 0.799999
      vertex -1.31992 -2.39227 3
      vertex -1.66106 -2.57982 3
    endloop
  endfacet
  facet normal 0.481767 -0.876299 0
    outer loop
      vertex -1.31992 -2.39227 3
      vertex -1.66106 -2.57982 0.799999
      vertex -1.31992 -2.39227 0.799999
    endloop
  endfacet
  facet normal -0.904823 -0.425787 0
    outer loop
      vertex 2.88231 -4.05605 0.799999
      vertex 2.71655 -3.7038 3
      vertex 2.71655 -3.7038 0.799999
    endloop
  endfacet
  facet normal -0.904823 -0.425787 0
    outer loop
      vertex 2.71655 -3.7038 3
      vertex 2.88231 -4.05605 0.799999
      vertex 2.88231 -4.05605 3
    endloop
  endfacet
  facet normal -0.248702 -0.96858 0
    outer loop
      vertex 0.580882 -2.15214 0.799999
      vertex 0.957952 -2.24896 3
      vertex 0.580882 -2.15214 3
    endloop
  endfacet
  facet normal -0.248702 -0.96858 -0
    outer loop
      vertex 0.957952 -2.24896 3
      vertex 0.580882 -2.15214 0.799999
      vertex 0.957952 -2.24896 0.799999
    endloop
  endfacet
  facet normal -0.125327 -0.992115 0
    outer loop
      vertex 0.19465 -2.10335 0.799999
      vertex 0.580882 -2.15214 3
      vertex 0.19465 -2.10335 3
    endloop
  endfacet
  facet normal -0.125327 -0.992115 -0
    outer loop
      vertex 0.580882 -2.15214 3
      vertex 0.19465 -2.10335 0.799999
      vertex 0.580882 -2.15214 0.799999
    endloop
  endfacet
  facet normal -0.481767 -0.876299 0
    outer loop
      vertex 1.31992 -2.39227 0.799999
      vertex 1.66106 -2.57982 3
      vertex 1.31992 -2.39227 3
    endloop
  endfacet
  facet normal -0.481767 -0.876299 -0
    outer loop
      vertex 1.66106 -2.57982 3
      vertex 1.31992 -2.39227 0.799999
      vertex 1.66106 -2.57982 0.799999
    endloop
  endfacet
  facet normal 0.951058 -0.309013 0
    outer loop
      vertex -3.00261 -4.4263 3
      vertex -2.88231 -4.05605 0.799999
      vertex -2.88231 -4.05605 3
    endloop
  endfacet
  facet normal 0.951058 -0.309013 0
    outer loop
      vertex -2.88231 -4.05605 0.799999
      vertex -3.00261 -4.4263 3
      vertex -3.00261 -4.4263 0.799999
    endloop
  endfacet
  facet normal 0 0 1
    outer loop
      vertex 3.07555 -4.8087 0.799999
      vertex 3.07555 -5.58577 0.799999
      vertex 3.1 -5.19723 0.799999
    endloop
  endfacet
  facet normal 0 0 1
    outer loop
      vertex 3.00261 -4.4263 0.799999
      vertex 3.07555 -5.58577 0.799999
      vertex 3.07555 -4.8087 0.799999
    endloop
  endfacet
  facet normal 0 0 1
    outer loop
      vertex 3.00261 -4.4263 0.799999
      vertex 3.00261 -5.96817 0.799999
      vertex 3.07555 -5.58577 0.799999
    endloop
  endfacet
  facet normal 0 0 1
    outer loop
      vertex 2.88231 -4.05605 0.799999
      vertex 3.00261 -5.96817 0.799999
      vertex 3.00261 -4.4263 0.799999
    endloop
  endfacet
  facet normal 0 0 1
    outer loop
      vertex 2.88231 -4.05605 0.799999
      vertex 2.88231 -6.33842 0.799999
      vertex 3.00261 -5.96817 0.799999
    endloop
  endfacet
  facet normal 0 0 1
    outer loop
      vertex 2.71655 -3.7038 0.799999
      vertex 2.88231 -6.33842 0.799999
      vertex 2.88231 -4.05605 0.799999
    endloop
  endfacet
  facet normal 0 0 1
    outer loop
      vertex 2.71655 -3.7038 0.799999
      vertex 2.71655 -6.69067 0.799999
      vertex 2.88231 -6.33842 0.799999
    endloop
  endfacet
  facet normal 0 0 1
    outer loop
      vertex 2.50795 -3.3751 0.799999
      vertex 2.71655 -6.69067 0.799999
      vertex 2.71655 -3.7038 0.799999
    endloop
  endfacet
  facet normal 0 0 1
    outer loop
      vertex 2.50795 -3.3751 0.799999
      vertex 2.50795 -7.01937 0.799999
      vertex 2.71655 -6.69067 0.799999
    endloop
  endfacet
  facet normal 0 0 1
    outer loop
      vertex 2.2598 -3.07514 0.799999
      vertex 2.50795 -7.01937 0.799999
      vertex 2.50795 -3.3751 0.799999
    endloop
  endfacet
  facet normal 0 0 1
    outer loop
      vertex 2.2598 -3.07514 0.799999
      vertex 2.2598 -7.31933 0.799999
      vertex 2.50795 -7.01937 0.799999
    endloop
  endfacet
  facet normal 0 0 1
    outer loop
      vertex 1.97601 -2.80864 0.799999
      vertex 2.2598 -7.31933 0.799999
      vertex 2.2598 -3.07514 0.799999
    endloop
  endfacet
  facet normal 0 0 1
    outer loop
      vertex 1.97601 -2.80864 0.799999
      vertex 1.97601 -7.58582 0.799999
      vertex 2.2598 -7.31933 0.799999
    endloop
  endfacet
  facet normal 0 0 1
    outer loop
      vertex 1.66106 -2.57982 0.799999
      vertex 1.97601 -7.58582 0.799999
      vertex 1.97601 -2.80864 0.799999
    endloop
  endfacet
  facet normal 0 0 1
    outer loop
      vertex 1.66106 -2.57982 0.799999
      vertex 1.66106 -7.81465 0.799999
      vertex 1.97601 -7.58582 0.799999
    endloop
  endfacet
  facet normal 0 0 1
    outer loop
      vertex 1.31992 -2.39227 0.799999
      vertex 1.66106 -7.81465 0.799999
      vertex 1.66106 -2.57982 0.799999
    endloop
  endfacet
  facet normal 0 0 1
    outer loop
      vertex 1.31992 -2.39227 0.799999
      vertex 1.31992 -8.0022 0.799999
      vertex 1.66106 -7.81465 0.799999
    endloop
  endfacet
  facet normal 0 0 1
    outer loop
      vertex 0.957952 -2.24896 0.799999
      vertex 1.31992 -8.0022 0.799999
      vertex 1.31992 -2.39227 0.799999
    endloop
  endfacet
  facet normal 0 0 1
    outer loop
      vertex 0.957952 -2.24896 0.799999
      vertex 0.957952 -8.14551 0.799999
      vertex 1.31992 -8.0022 0.799999
    endloop
  endfacet
  facet normal 0 0 1
    outer loop
      vertex 0.580882 -2.15214 0.799999
      vertex 0.957952 -8.14551 0.799999
      vertex 0.957952 -2.24896 0.799999
    endloop
  endfacet
  facet normal 0 0 1
    outer loop
      vertex 0.580882 -2.15214 0.799999
      vertex 0.580882 -8.24232 0.799999
      vertex 0.957952 -8.14551 0.799999
    endloop
  endfacet
  facet normal 0 0 1
    outer loop
      vertex 0.19465 -2.10335 0.799999
      vertex 0.580882 -8.24232 0.799999
      vertex 0.580882 -2.15214 0.799999
    endloop
  endfacet
  facet normal 0 0 1
    outer loop
      vertex 0.19465 -2.10335 0.799999
      vertex 0.19465 -8.29112 0.799999
      vertex 0.580882 -8.24232 0.799999
    endloop
  endfacet
  facet normal -0 0 1
    outer loop
      vertex -0.19465 -2.10335 0.799999
      vertex 0.19465 -8.29112 0.799999
      vertex 0.19465 -2.10335 0.799999
    endloop
  endfacet
  facet normal 0 0 1
    outer loop
      vertex -0.19465 -2.10335 0.799999
      vertex -0.19465 -8.29112 0.799999
      vertex 0.19465 -8.29112 0.799999
    endloop
  endfacet
  facet normal -0 0 1
    outer loop
      vertex -0.580882 -2.15214 0.799999
      vertex -0.19465 -8.29112 0.799999
      vertex -0.19465 -2.10335 0.799999
    endloop
  endfacet
  facet normal 0 0 1
    outer loop
      vertex -0.580882 -2.15214 0.799999
      vertex -0.580882 -8.24232 0.799999
      vertex -0.19465 -8.29112 0.799999
    endloop
  endfacet
  facet normal -0 0 1
    outer loop
      vertex -0.957952 -2.24896 0.799999
      vertex -0.580882 -8.24232 0.799999
      vertex -0.580882 -2.15214 0.799999
    endloop
  endfacet
  facet normal 0 0 1
    outer loop
      vertex -0.957952 -2.24896 0.799999
      vertex -0.957952 -8.14551 0.799999
      vertex -0.580882 -8.24232 0.799999
    endloop
  endfacet
  facet normal -0 0 1
    outer loop
      vertex -1.31992 -2.39227 0.799999
      vertex -0.957952 -8.14551 0.799999
      vertex -0.957952 -2.24896 0.799999
    endloop
  endfacet
  facet normal 0 0 1
    outer loop
      vertex -1.31992 -2.39227 0.799999
      vertex -1.31992 -8.0022 0.799999
      vertex -0.957952 -8.14551 0.799999
    endloop
  endfacet
  facet normal -0 0 1
    outer loop
      vertex -1.66106 -2.57982 0.799999
      vertex -1.31992 -8.0022 0.799999
      vertex -1.31992 -2.39227 0.799999
    endloop
  endfacet
  facet normal 0 0 1
    outer loop
      vertex -1.66106 -2.57982 0.799999
      vertex -1.66106 -7.81465 0.799999
      vertex -1.31992 -8.0022 0.799999
    endloop
  endfacet
  facet normal -0 0 1
    outer loop
      vertex -1.97601 -2.80864 0.799999
      vertex -1.66106 -7.81465 0.799999
      vertex -1.66106 -2.57982 0.799999
    endloop
  endfacet
  facet normal 0 0 1
    outer loop
      vertex -1.97601 -2.80864 0.799999
      vertex -1.97601 -7.58582 0.799999
      vertex -1.66106 -7.81465 0.799999
    endloop
  endfacet
  facet normal -0 0 1
    outer loop
      vertex -2.2598 -3.07514 0.799999
      vertex -1.97601 -7.58582 0.799999
      vertex -1.97601 -2.80864 0.799999
    endloop
  endfacet
  facet normal 0 0 1
    outer loop
      vertex -2.2598 -3.07514 0.799999
      vertex -2.2598 -7.31933 0.799999
      vertex -1.97601 -7.58582 0.799999
    endloop
  endfacet
  facet normal -0 0 1
    outer loop
      vertex -2.50795 -3.3751 0.799999
      vertex -2.2598 -7.31933 0.799999
      vertex -2.2598 -3.07514 0.799999
    endloop
  endfacet
  facet normal 0 0 1
    outer loop
      vertex -2.50795 -3.3751 0.799999
      vertex -2.50795 -7.01937 0.799999
      vertex -2.2598 -7.31933 0.799999
    endloop
  endfacet
  facet normal -0 0 1
    outer loop
      vertex -2.71655 -3.7038 0.799999
      vertex -2.50795 -7.01937 0.799999
      vertex -2.50795 -3.3751 0.799999
    endloop
  endfacet
  facet normal 0 0 1
    outer loop
      vertex -2.71655 -3.7038 0.799999
      vertex -2.71655 -6.69067 0.799999
      vertex -2.50795 -7.01937 0.799999
    endloop
  endfacet
  facet normal -0 0 1
    outer loop
      vertex -2.88231 -4.05605 0.799999
      vertex -2.71655 -6.69067 0.799999
      vertex -2.71655 -3.7038 0.799999
    endloop
  endfacet
  facet normal 0 0 1
    outer loop
      vertex -2.88231 -4.05605 0.799999
      vertex -2.88231 -6.33842 0.799999
      vertex -2.71655 -6.69067 0.799999
    endloop
  endfacet
  facet normal -0 0 1
    outer loop
      vertex -3.00261 -4.4263 0.799999
      vertex -2.88231 -6.33842 0.799999
      vertex -2.88231 -4.05605 0.799999
    endloop
  endfacet
  facet normal 0 0 1
    outer loop
      vertex -3.00261 -4.4263 0.799999
      vertex -3.00261 -5.96817 0.799999
      vertex -2.88231 -6.33842 0.799999
    endloop
  endfacet
  facet normal -0 0 1
    outer loop
      vertex -3.07555 -4.8087 0.799999
      vertex -3.00261 -5.96817 0.799999
      vertex -3.00261 -4.4263 0.799999
    endloop
  endfacet
  facet normal 0 0 1
    outer loop
      vertex -3.07555 -4.8087 0.799999
      vertex -3.07555 -5.58577 0.799999
      vertex -3.00261 -5.96817 0.799999
    endloop
  endfacet
  facet normal 0 -0 1
    outer loop
      vertex -3.07555 -5.58577 0.799999
      vertex -3.07555 -4.8087 0.799999
      vertex -3.1 -5.19723 0.799999
    endloop
  endfacet
  facet normal 0 0 -1
    outer loop
      vertex 3.07555 -5.58577 3
      vertex 3.07555 -4.8087 3
      vertex 3.1 -5.19723 3
    endloop
  endfacet
  facet normal 0 0 -1
    outer loop
      vertex 3.00261 -5.96817 3
      vertex 3.07555 -4.8087 3
      vertex 3.07555 -5.58577 3
    endloop
  endfacet
  facet normal 0 0 -1
    outer loop
      vertex 3.00261 -5.96817 3
      vertex 3.00261 -4.4263 3
      vertex 3.07555 -4.8087 3
    endloop
  endfacet
  facet normal 0 0 -1
    outer loop
      vertex 2.88231 -6.33842 3
      vertex 3.00261 -4.4263 3
      vertex 3.00261 -5.96817 3
    endloop
  endfacet
  facet normal 0 0 -1
    outer loop
      vertex 2.88231 -6.33842 3
      vertex 2.88231 -4.05605 3
      vertex 3.00261 -4.4263 3
    endloop
  endfacet
  facet normal 0 0 -1
    outer loop
      vertex 2.71655 -6.69067 3
      vertex 2.88231 -4.05605 3
      vertex 2.88231 -6.33842 3
    endloop
  endfacet
  facet normal 0 0 -1
    outer loop
      vertex 2.71655 -6.69067 3
      vertex 2.71655 -3.7038 3
      vertex 2.88231 -4.05605 3
    endloop
  endfacet
  facet normal 0 0 -1
    outer loop
      vertex 2.50795 -7.01937 3
      vertex 2.71655 -3.7038 3
      vertex 2.71655 -6.69067 3
    endloop
  endfacet
  facet normal 0 0 -1
    outer loop
      vertex 2.50795 -7.01937 3
      vertex 2.50795 -3.3751 3
      vertex 2.71655 -3.7038 3
    endloop
  endfacet
  facet normal 0 0 -1
    outer loop
      vertex 2.2598 -7.31933 3
      vertex 2.50795 -3.3751 3
      vertex 2.50795 -7.01937 3
    endloop
  endfacet
  facet normal 0 0 -1
    outer loop
      vertex 2.2598 -7.31933 3
      vertex 2.2598 -3.07514 3
      vertex 2.50795 -3.3751 3
    endloop
  endfacet
  facet normal 0 0 -1
    outer loop
      vertex 1.97601 -7.58582 3
      vertex 2.2598 -3.07514 3
      vertex 2.2598 -7.31933 3
    endloop
  endfacet
  facet normal 0 0 -1
    outer loop
      vertex 1.97601 -7.58582 3
      vertex 1.97601 -2.80864 3
      vertex 2.2598 -3.07514 3
    endloop
  endfacet
  facet normal 0 0 -1
    outer loop
      vertex 1.66106 -7.81465 3
      vertex 1.97601 -2.80864 3
      vertex 1.97601 -7.58582 3
    endloop
  endfacet
  facet normal 0 0 -1
    outer loop
      vertex 1.66106 -7.81465 3
      vertex 1.66106 -2.57982 3
      vertex 1.97601 -2.80864 3
    endloop
  endfacet
  facet normal 0 0 -1
    outer loop
      vertex 1.31992 -8.0022 3
      vertex 1.66106 -2.57982 3
      vertex 1.66106 -7.81465 3
    endloop
  endfacet
  facet normal 0 0 -1
    outer loop
      vertex 1.31992 -8.0022 3
      vertex 1.31992 -2.39227 3
      vertex 1.66106 -2.57982 3
    endloop
  endfacet
  facet normal 0 0 -1
    outer loop
      vertex 0.957952 -8.14551 3
      vertex 1.31992 -2.39227 3
      vertex 1.31992 -8.0022 3
    endloop
  endfacet
  facet normal 0 0 -1
    outer loop
      vertex 0.957952 -8.14551 3
      vertex 0.957952 -2.24896 3
      vertex 1.31992 -2.39227 3
    endloop
  endfacet
  facet normal 0 0 -1
    outer loop
      vertex 0.580882 -8.24232 3
      vertex 0.957952 -2.24896 3
      vertex 0.957952 -8.14551 3
    endloop
  endfacet
  facet normal 0 0 -1
    outer loop
      vertex 0.580882 -8.24232 3
      vertex 0.580882 -2.15214 3
      vertex 0.957952 -2.24896 3
    endloop
  endfacet
  facet normal 0 0 -1
    outer loop
      vertex 0.19465 -8.29112 3
      vertex 0.580882 -2.15214 3
      vertex 0.580882 -8.24232 3
    endloop
  endfacet
  facet normal 0 0 -1
    outer loop
      vertex 0.19465 -8.29112 3
      vertex 0.19465 -2.10335 3
      vertex 0.580882 -2.15214 3
    endloop
  endfacet
  facet normal 0 0 -1
    outer loop
      vertex -0.19465 -8.29112 3
      vertex 0.19465 -2.10335 3
      vertex 0.19465 -8.29112 3
    endloop
  endfacet
  facet normal 0 0 -1
    outer loop
      vertex -0.19465 -8.29112 3
      vertex -0.19465 -2.10335 3
      vertex 0.19465 -2.10335 3
    endloop
  endfacet
  facet normal 0 0 -1
    outer loop
      vertex -0.580882 -8.24232 3
      vertex -0.19465 -2.10335 3
      vertex -0.19465 -8.29112 3
    endloop
  endfacet
  facet normal 0 0 -1
    outer loop
      vertex -0.580882 -8.24232 3
      vertex -0.580882 -2.15214 3
      vertex -0.19465 -2.10335 3
    endloop
  endfacet
  facet normal 0 0 -1
    outer loop
      vertex -0.957952 -8.14551 3
      vertex -0.580882 -2.15214 3
      vertex -0.580882 -8.24232 3
    endloop
  endfacet
  facet normal 0 0 -1
    outer loop
      vertex -0.957952 -8.14551 3
      vertex -0.957952 -2.24896 3
      vertex -0.580882 -2.15214 3
    endloop
  endfacet
  facet normal 0 0 -1
    outer loop
      vertex -1.31992 -8.0022 3
      vertex -0.957952 -2.24896 3
      vertex -0.957952 -8.14551 3
    endloop
  endfacet
  facet normal 0 0 -1
    outer loop
      vertex -1.31992 -8.0022 3
      vertex -1.31992 -2.39227 3
      vertex -0.957952 -2.24896 3
    endloop
  endfacet
  facet normal 0 0 -1
    outer loop
      vertex -1.66106 -7.81465 3
      vertex -1.31992 -2.39227 3
      vertex -1.31992 -8.0022 3
    endloop
  endfacet
  facet normal 0 0 -1
    outer loop
      vertex -1.66106 -7.81465 3
      vertex -1.66106 -2.57982 3
      vertex -1.31992 -2.39227 3
    endloop
  endfacet
  facet normal 0 0 -1
    outer loop
      vertex -1.97601 -7.58582 3
      vertex -1.66106 -2.57982 3
      vertex -1.66106 -7.81465 3
    endloop
  endfacet
  facet normal 0 0 -1
    outer loop
      vertex -1.97601 -7.58582 3
      vertex -1.97601 -2.80864 3
      vertex -1.66106 -2.57982 3
    endloop
  endfacet
  facet normal 0 0 -1
    outer loop
      vertex -2.2598 -7.31933 3
      vertex -1.97601 -2.80864 3
      vertex -1.97601 -7.58582 3
    endloop
  endfacet
  facet normal 0 0 -1
    outer loop
      vertex -2.2598 -7.31933 3
      vertex -2.2598 -3.07514 3
      vertex -1.97601 -2.80864 3
    endloop
  endfacet
  facet normal 0 0 -1
    outer loop
      vertex -2.50795 -7.01937 3
      vertex -2.2598 -3.07514 3
      vertex -2.2598 -7.31933 3
    endloop
  endfacet
  facet normal 0 0 -1
    outer loop
      vertex -2.50795 -7.01937 3
      vertex -2.50795 -3.3751 3
      vertex -2.2598 -3.07514 3
    endloop
  endfacet
  facet normal 0 0 -1
    outer loop
      vertex -2.71655 -6.69067 3
      vertex -2.50795 -3.3751 3
      vertex -2.50795 -7.01937 3
    endloop
  endfacet
  facet normal 0 0 -1
    outer loop
      vertex -2.71655 -6.69067 3
      vertex -2.71655 -3.7038 3
      vertex -2.50795 -3.3751 3
    endloop
  endfacet
  facet normal 0 0 -1
    outer loop
      vertex -2.88231 -6.33842 3
      vertex -2.71655 -3.7038 3
      vertex -2.71655 -6.69067 3
    endloop
  endfacet
  facet normal 0 0 -1
    outer loop
      vertex -2.88231 -6.33842 3
      vertex -2.88231 -4.05605 3
      vertex -2.71655 -3.7038 3
    endloop
  endfacet
  facet normal 0 0 -1
    outer loop
      vertex -3.00261 -5.96817 3
      vertex -2.88231 -4.05605 3
      vertex -2.88231 -6.33842 3
    endloop
  endfacet
  facet normal 0 0 -1
    outer loop
      vertex -3.00261 -5.96817 3
      vertex -3.00261 -4.4263 3
      vertex -2.88231 -4.05605 3
    endloop
  endfacet
  facet normal 0 0 -1
    outer loop
      vertex -3.07555 -5.58577 3
      vertex -3.00261 -4.4263 3
      vertex -3.00261 -5.96817 3
    endloop
  endfacet
  facet normal 0 0 -1
    outer loop
      vertex -3.07555 -5.58577 3
      vertex -3.07555 -4.8087 3
      vertex -3.00261 -4.4263 3
    endloop
  endfacet
  facet normal 0 -0 -1
    outer loop
      vertex -3.07555 -4.8087 3
      vertex -3.07555 -5.58577 3
      vertex -3.1 -5.19723 3
    endloop
  endfacet
  facet normal 0.587778 -0.809023 0
    outer loop
      vertex -1.97601 -2.80864 0.799999
      vertex -1.66106 -2.57982 3
      vertex -1.97601 -2.80864 3
    endloop
  endfacet
  facet normal 0.587778 -0.809023 0
    outer loop
      vertex -1.66106 -2.57982 3
      vertex -1.97601 -2.80864 0.799999
      vertex -1.66106 -2.57982 0.799999
    endloop
  endfacet
  facet normal 0.368117 -0.929779 0
    outer loop
      vertex -1.31992 -2.39227 0.799999
      vertex -0.957952 -2.24896 3
      vertex -1.31992 -2.39227 3
    endloop
  endfacet
  facet normal 0.368117 -0.929779 0
    outer loop
      vertex -0.957952 -2.24896 3
      vertex -1.31992 -2.39227 0.799999
      vertex -0.957952 -2.24896 0.799999
    endloop
  endfacet
  facet normal -0.951058 0.309013 0
    outer loop
      vertex 2.88231 -6.33842 0.799999
      vertex 3.00261 -5.96817 3
      vertex 3.00261 -5.96817 0.799999
    endloop
  endfacet
  facet normal -0.951058 0.309013 0
    outer loop
      vertex 3.00261 -5.96817 3
      vertex 2.88231 -6.33842 0.799999
      vertex 2.88231 -6.33842 3
    endloop
  endfacet
  facet normal -0.951058 -0.309013 0
    outer loop
      vertex 3.00261 -4.4263 0.799999
      vertex 2.88231 -4.05605 3
      vertex 2.88231 -4.05605 0.799999
    endloop
  endfacet
  facet normal -0.951058 -0.309013 0
    outer loop
      vertex 2.88231 -4.05605 3
      vertex 3.00261 -4.4263 0.799999
      vertex 3.00261 -4.4263 3
    endloop
  endfacet
  facet normal -0.98229 -0.187365 0
    outer loop
      vertex 3.07555 -4.8087 0.799999
      vertex 3.00261 -4.4263 3
      vertex 3.00261 -4.4263 0.799999
    endloop
  endfacet
  facet normal -0.98229 -0.187365 0
    outer loop
      vertex 3.00261 -4.4263 3
      vertex 3.07555 -4.8087 0.799999
      vertex 3.07555 -4.8087 3
    endloop
  endfacet
  facet normal -0.770511 -0.637426 0
    outer loop
      vertex 2.50795 -3.3751 0.799999
      vertex 2.2598 -3.07514 3
      vertex 2.2598 -3.07514 0.799999
    endloop
  endfacet
  facet normal -0.770511 -0.637426 0
    outer loop
      vertex 2.2598 -3.07514 3
      vertex 2.50795 -3.3751 0.799999
      vertex 2.50795 -3.3751 3
    endloop
  endfacet
  facet normal -0.844327 -0.535828 0
    outer loop
      vertex 2.71655 -3.7038 0.799999
      vertex 2.50795 -3.3751 3
      vertex 2.50795 -3.3751 0.799999
    endloop
  endfacet
  facet normal -0.844327 -0.535828 0
    outer loop
      vertex 2.50795 -3.3751 3
      vertex 2.71655 -3.7038 0.799999
      vertex 2.71655 -3.7038 3
    endloop
  endfacet
  facet normal 0 -1 0
    outer loop
      vertex -0.19465 -2.10335 0.799999
      vertex 0.19465 -2.10335 3
      vertex -0.19465 -2.10335 3
    endloop
  endfacet
  facet normal 0 -1 -0
    outer loop
      vertex 0.19465 -2.10335 3
      vertex -0.19465 -2.10335 0.799999
      vertex 0.19465 -2.10335 0.799999
    endloop
  endfacet
  facet normal -0.368117 -0.929779 0
    outer loop
      vertex 0.957952 -2.24896 0.799999
      vertex 1.31992 -2.39227 3
      vertex 0.957952 -2.24896 3
    endloop
  endfacet
  facet normal -0.368117 -0.929779 -0
    outer loop
      vertex 1.31992 -2.39227 3
      vertex 0.957952 -2.24896 0.799999
      vertex 1.31992 -2.39227 0.799999
    endloop
  endfacet
  facet normal -0.587778 -0.809023 0
    outer loop
      vertex 1.66106 -2.57982 0.799999
      vertex 1.97601 -2.80864 3
      vertex 1.66106 -2.57982 3
    endloop
  endfacet
  facet normal -0.587778 -0.809023 -0
    outer loop
      vertex 1.97601 -2.80864 3
      vertex 1.66106 -2.57982 0.799999
      vertex 1.97601 -2.80864 0.799999
    endloop
  endfacet
  facet normal 0.904823 -0.425787 0
    outer loop
      vertex -2.88231 -4.05605 3
      vertex -2.71655 -3.7038 0.799999
      vertex -2.71655 -3.7038 3
    endloop
  endfacet
  facet normal 0.904823 -0.425787 0
    outer loop
      vertex -2.71655 -3.7038 0.799999
      vertex -2.88231 -4.05605 3
      vertex -2.88231 -4.05605 0.799999
    endloop
  endfacet
  facet normal 0.844327 -0.535828 0
    outer loop
      vertex -2.71655 -3.7038 3
      vertex -2.50795 -3.3751 0.799999
      vertex -2.50795 -3.3751 3
    endloop
  endfacet
  facet normal 0.844327 -0.535828 0
    outer loop
      vertex -2.50795 -3.3751 0.799999
      vertex -2.71655 -3.7038 3
      vertex -2.71655 -3.7038 0.799999
    endloop
  endfacet
  facet normal 0.98229 -0.187365 0
    outer loop
      vertex -3.07555 -4.8087 3
      vertex -3.00261 -4.4263 0.799999
      vertex -3.00261 -4.4263 3
    endloop
  endfacet
  facet normal 0.98229 -0.187365 0
    outer loop
      vertex -3.00261 -4.4263 0.799999
      vertex -3.07555 -4.8087 3
      vertex -3.07555 -4.8087 0.799999
    endloop
  endfacet
  facet normal 0.998026 -0.0628053 0
    outer loop
      vertex -3.1 -5.19723 3
      vertex -3.07555 -4.8087 0.799999
      vertex -3.07555 -4.8087 3
    endloop
  endfacet
  facet normal 0.998026 -0.0628053 0
    outer loop
      vertex -3.07555 -4.8087 0.799999
      vertex -3.1 -5.19723 3
      vertex -3.1 -5.19723 0.799999
    endloop
  endfacet
  facet normal 0.998026 0.0628037 0
    outer loop
      vertex -3.07555 -5.58577 3
      vertex -3.1 -5.19723 0.799999
      vertex -3.1 -5.19723 3
    endloop
  endfacet
  facet normal 0.998026 0.0628037 0
    outer loop
      vertex -3.1 -5.19723 0.799999
      vertex -3.07555 -5.58577 3
      vertex -3.07555 -5.58577 0.799999
    endloop
  endfacet
  facet normal 0.684552 -0.728964 0
    outer loop
      vertex -2.2598 -3.07514 0.799999
      vertex -1.97601 -2.80864 3
      vertex -2.2598 -3.07514 3
    endloop
  endfacet
  facet normal 0.684552 -0.728964 0
    outer loop
      vertex -1.97601 -2.80864 3
      vertex -2.2598 -3.07514 0.799999
      vertex -1.97601 -2.80864 0.799999
    endloop
  endfacet
  facet normal 0.248702 -0.96858 0
    outer loop
      vertex -0.957952 -2.24896 0.799999
      vertex -0.580882 -2.15214 3
      vertex -0.957952 -2.24896 3
    endloop
  endfacet
  facet normal 0.248702 -0.96858 0
    outer loop
      vertex -0.580882 -2.15214 3
      vertex -0.957952 -2.24896 0.799999
      vertex -0.580882 -2.15214 0.799999
    endloop
  endfacet
  facet normal -0.125352 0.992112 0
    outer loop
      vertex 0.580882 -8.24232 0.799999
      vertex 0.19465 -8.29112 3
      vertex 0.580882 -8.24232 3
    endloop
  endfacet
  facet normal -0.125352 0.992112 0
    outer loop
      vertex 0.19465 -8.29112 3
      vertex 0.580882 -8.24232 0.799999
      vertex 0.19465 -8.29112 0.799999
    endloop
  endfacet
  facet normal -0.368117 0.929779 0
    outer loop
      vertex 1.31992 -8.0022 0.799999
      vertex 0.957952 -8.14551 3
      vertex 1.31992 -8.0022 3
    endloop
  endfacet
  facet normal -0.368117 0.929779 0
    outer loop
      vertex 0.957952 -8.14551 3
      vertex 1.31992 -8.0022 0.799999
      vertex 0.957952 -8.14551 0.799999
    endloop
  endfacet
  facet normal -0.684538 0.728977 0
    outer loop
      vertex 2.2598 -7.31933 0.799999
      vertex 1.97601 -7.58582 3
      vertex 2.2598 -7.31933 3
    endloop
  endfacet
  facet normal -0.684538 0.728977 0
    outer loop
      vertex 1.97601 -7.58582 3
      vertex 2.2598 -7.31933 0.799999
      vertex 1.97601 -7.58582 0.799999
    endloop
  endfacet
  facet normal -0.481767 0.876299 0
    outer loop
      vertex 1.66106 -7.81465 0.799999
      vertex 1.31992 -8.0022 3
      vertex 1.66106 -7.81465 3
    endloop
  endfacet
  facet normal -0.481767 0.876299 0
    outer loop
      vertex 1.31992 -8.0022 3
      vertex 1.66106 -7.81465 0.799999
      vertex 1.31992 -8.0022 0.799999
    endloop
  endfacet
  facet normal -0.770511 0.637426 0
    outer loop
      vertex 2.2598 -7.31933 0.799999
      vertex 2.50795 -7.01937 3
      vertex 2.50795 -7.01937 0.799999
    endloop
  endfacet
  facet normal -0.770511 0.637426 0
    outer loop
      vertex 2.50795 -7.01937 3
      vertex 2.2598 -7.31933 0.799999
      vertex 2.2598 -7.31933 3
    endloop
  endfacet
  facet normal -0.904823 0.425787 0
    outer loop
      vertex 2.71655 -6.69067 0.799999
      vertex 2.88231 -6.33842 3
      vertex 2.88231 -6.33842 0.799999
    endloop
  endfacet
  facet normal -0.904823 0.425787 0
    outer loop
      vertex 2.88231 -6.33842 3
      vertex 2.71655 -6.69067 0.799999
      vertex 2.71655 -6.69067 3
    endloop
  endfacet
  facet normal 0.587794 0.80901 -0
    outer loop
      vertex -1.66106 -7.81465 0.799999
      vertex -1.97601 -7.58582 3
      vertex -1.66106 -7.81465 3
    endloop
  endfacet
  facet normal 0.587794 0.80901 0
    outer loop
      vertex -1.97601 -7.58582 3
      vertex -1.66106 -7.81465 0.799999
      vertex -1.97601 -7.58582 0.799999
    endloop
  endfacet
  facet normal 0.368117 0.929779 -0
    outer loop
      vertex -0.957952 -8.14551 0.799999
      vertex -1.31992 -8.0022 3
      vertex -0.957952 -8.14551 3
    endloop
  endfacet
  facet normal 0.368117 0.929779 0
    outer loop
      vertex -1.31992 -8.0022 3
      vertex -0.957952 -8.14551 0.799999
      vertex -1.31992 -8.0022 0.799999
    endloop
  endfacet
  facet normal 0.248678 0.968586 -0
    outer loop
      vertex -0.580882 -8.24232 0.799999
      vertex -0.957952 -8.14551 3
      vertex -0.580882 -8.24232 3
    endloop
  endfacet
  facet normal 0.248678 0.968586 0
    outer loop
      vertex -0.957952 -8.14551 3
      vertex -0.580882 -8.24232 0.799999
      vertex -0.957952 -8.14551 0.799999
    endloop
  endfacet
  facet normal 0 1 -0
    outer loop
      vertex 0.19465 -8.29112 0.799999
      vertex -0.19465 -8.29112 3
      vertex 0.19465 -8.29112 3
    endloop
  endfacet
  facet normal 0 1 0
    outer loop
      vertex -0.19465 -8.29112 3
      vertex 0.19465 -8.29112 0.799999
      vertex -0.19465 -8.29112 0.799999
    endloop
  endfacet
  facet normal 0.844327 0.535828 0
    outer loop
      vertex -2.50795 -7.01937 3
      vertex -2.71655 -6.69067 0.799999
      vertex -2.71655 -6.69067 3
    endloop
  endfacet
  facet normal 0.844327 0.535828 0
    outer loop
      vertex -2.71655 -6.69067 0.799999
      vertex -2.50795 -7.01937 3
      vertex -2.50795 -7.01937 0.799999
    endloop
  endfacet
  facet normal 0.684538 0.728977 -0
    outer loop
      vertex -1.97601 -7.58582 0.799999
      vertex -2.2598 -7.31933 3
      vertex -1.97601 -7.58582 3
    endloop
  endfacet
  facet normal 0.684538 0.728977 0
    outer loop
      vertex -2.2598 -7.31933 3
      vertex -1.97601 -7.58582 0.799999
      vertex -2.2598 -7.31933 0.799999
    endloop
  endfacet
  facet normal 0.904823 0.425787 0
    outer loop
      vertex -2.71655 -6.69067 3
      vertex -2.88231 -6.33842 0.799999
      vertex -2.88231 -6.33842 3
    endloop
  endfacet
  facet normal 0.904823 0.425787 0
    outer loop
      vertex -2.88231 -6.33842 0.799999
      vertex -2.71655 -6.69067 3
      vertex -2.71655 -6.69067 0.799999
    endloop
  endfacet
  facet normal 0.98229 0.187365 0
    outer loop
      vertex -3.00261 -5.96817 3
      vertex -3.07555 -5.58577 0.799999
      vertex -3.07555 -5.58577 3
    endloop
  endfacet
  facet normal 0.98229 0.187365 0
    outer loop
      vertex -3.07555 -5.58577 0.799999
      vertex -3.00261 -5.96817 3
      vertex -3.00261 -5.96817 0.799999
    endloop
  endfacet
  facet normal -0.248678 0.968586 0
    outer loop
      vertex 0.957952 -8.14551 0.799999
      vertex 0.580882 -8.24232 3
      vertex 0.957952 -8.14551 3
    endloop
  endfacet
  facet normal -0.248678 0.968586 0
    outer loop
      vertex 0.580882 -8.24232 3
      vertex 0.957952 -8.14551 0.799999
      vertex 0.580882 -8.24232 0.799999
    endloop
  endfacet
  facet normal -0.587794 0.80901 0
    outer loop
      vertex 1.97601 -7.58582 0.799999
      vertex 1.66106 -7.81465 3
      vertex 1.97601 -7.58582 3
    endloop
  endfacet
  facet normal -0.587794 0.80901 0
    outer loop
      vertex 1.66106 -7.81465 3
      vertex 1.97601 -7.58582 0.799999
      vertex 1.66106 -7.81465 0.799999
    endloop
  endfacet
  facet normal -0.844327 0.535828 0
    outer loop
      vertex 2.50795 -7.01937 0.799999
      vertex 2.71655 -6.69067 3
      vertex 2.71655 -6.69067 0.799999
    endloop
  endfacet
  facet normal -0.844327 0.535828 0
    outer loop
      vertex 2.71655 -6.69067 3
      vertex 2.50795 -7.01937 0.799999
      vertex 2.50795 -7.01937 3
    endloop
  endfacet
  facet normal -0.98229 0.187365 0
    outer loop
      vertex 3.00261 -5.96817 0.799999
      vertex 3.07555 -5.58577 3
      vertex 3.07555 -5.58577 0.799999
    endloop
  endfacet
  facet normal -0.98229 0.187365 0
    outer loop
      vertex 3.07555 -5.58577 3
      vertex 3.00261 -5.96817 0.799999
      vertex 3.00261 -5.96817 3
    endloop
  endfacet
  facet normal -0.998026 0.0628037 0
    outer loop
      vertex 3.07555 -5.58577 0.799999
      vertex 3.1 -5.19723 3
      vertex 3.1 -5.19723 0.799999
    endloop
  endfacet
  facet normal -0.998026 0.0628037 0
    outer loop
      vertex 3.1 -5.19723 3
      vertex 3.07555 -5.58577 0.799999
      vertex 3.07555 -5.58577 3
    endloop
  endfacet
  facet normal 0.481767 0.876299 -0
    outer loop
      vertex -1.31992 -8.0022 0.799999
      vertex -1.66106 -7.81465 3
      vertex -1.31992 -8.0022 3
    endloop
  endfacet
  facet normal 0.481767 0.876299 0
    outer loop
      vertex -1.66106 -7.81465 3
      vertex -1.31992 -8.0022 0.799999
      vertex -1.66106 -7.81465 0.799999
    endloop
  endfacet
  facet normal 0.125352 0.992112 -0
    outer loop
      vertex -0.19465 -8.29112 0.799999
      vertex -0.580882 -8.24232 3
      vertex -0.19465 -8.29112 3
    endloop
  endfacet
  facet normal 0.125352 0.992112 0
    outer loop
      vertex -0.580882 -8.24232 3
      vertex -0.19465 -8.29112 0.799999
      vertex -0.580882 -8.24232 0.799999
    endloop
  endfacet
  facet normal 0.770511 0.637426 0
    outer loop
      vertex -2.2598 -7.31933 3
      vertex -2.50795 -7.01937 0.799999
      vertex -2.50795 -7.01937 3
    endloop
  endfacet
  facet normal 0.770511 0.637426 0
    outer loop
      vertex -2.50795 -7.01937 0.799999
      vertex -2.2598 -7.31933 3
      vertex -2.2598 -7.31933 0.799999
    endloop
  endfacet
  facet normal 0.951058 0.309013 0
    outer loop
      vertex -2.88231 -6.33842 3
      vertex -3.00261 -5.96817 0.799999
      vertex -3.00261 -5.96817 3
    endloop
  endfacet
  facet normal 0.951058 0.309013 0
    outer loop
      vertex -3.00261 -5.96817 0.799999
      vertex -2.88231 -6.33842 3
      vertex -2.88231 -6.33842 0.799999
    endloop
  endfacet
endsolid OpenSCAD_Model
