solid OpenSCAD_Model
  facet normal 0 1 -0
    outer loop
      vertex 5.35757 12.9343 0
      vertex -5.35757 12.9343 3.84
      vertex 5.35757 12.9343 3.84
    endloop
  endfacet
  facet normal 0 1 0
    outer loop
      vertex -5.35757 12.9343 3.84
      vertex 5.35757 12.9343 0
      vertex -5.35757 12.9343 0
    endloop
  endfacet
  facet normal 0.707107 0.707107 0
    outer loop
      vertex 12.9343 5.35757 3.84
      vertex 5.35757 12.9343 0
      vertex 5.35757 12.9343 3.84
    endloop
  endfacet
  facet normal 0.707107 0.707107 0
    outer loop
      vertex 5.35757 12.9343 0
      vertex 12.9343 5.35757 3.84
      vertex 12.9343 5.35757 0
    endloop
  endfacet
  facet normal 1 -0 0
    outer loop
      vertex 12.9343 -5.35757 3.84
      vertex 12.9343 5.35757 0
      vertex 12.9343 5.35757 3.84
    endloop
  endfacet
  facet normal 1 0 0
    outer loop
      vertex 12.9343 5.35757 0
      vertex 12.9343 -5.35757 3.84
      vertex 12.9343 -5.35757 0
    endloop
  endfacet
  facet normal -1 0 0
    outer loop
      vertex -12.9343 -5.35757 0
      vertex -12.9343 5.35757 3.84
      vertex -12.9343 5.35757 0
    endloop
  endfacet
  facet normal -1 -0 0
    outer loop
      vertex -12.9343 5.35757 3.84
      vertex -12.9343 -5.35757 0
      vertex -12.9343 -5.35757 3.84
    endloop
  endfacet
  facet normal -0.707107 -0.707107 0
    outer loop
      vertex -5.35757 -12.9343 0
      vertex -12.9343 -5.35757 3.84
      vertex -12.9343 -5.35757 0
    endloop
  endfacet
  facet normal -0.707107 -0.707107 0
    outer loop
      vertex -12.9343 -5.35757 3.84
      vertex -5.35757 -12.9343 0
      vertex -5.35757 -12.9343 3.84
    endloop
  endfacet
  facet normal -0.707107 0.707107 0
    outer loop
      vertex -12.9343 5.35757 0
      vertex -5.35757 12.9343 3.84
      vertex -5.35757 12.9343 0
    endloop
  endfacet
  facet normal -0.707107 0.707107 0
    outer loop
      vertex -5.35757 12.9343 3.84
      vertex -12.9343 5.35757 0
      vertex -12.9343 5.35757 3.84
    endloop
  endfacet
  facet normal 0.707107 -0.707107 0
    outer loop
      vertex 5.35757 -12.9343 3.84
      vertex 12.9343 -5.35757 0
      vertex 12.9343 -5.35757 3.84
    endloop
  endfacet
  facet normal 0.707107 -0.707107 0
    outer loop
      vertex 12.9343 -5.35757 0
      vertex 5.35757 -12.9343 3.84
      vertex 5.35757 -12.9343 0
    endloop
  endfacet
  facet normal 0 0 1
    outer loop
      vertex 236 28 0
      vertex 225.706 6.50562 0
      vertex 236 -28 0
    endloop
  endfacet
  facet normal 0 0 1
    outer loop
      vertex 236 28 0
      vertex 216.506 15.706 0
      vertex 225.706 6.50562 0
    endloop
  endfacet
  facet normal 0 0 1
    outer loop
      vertex 236 28 0
      vertex 203.494 15.706 0
      vertex 216.506 15.706 0
    endloop
  endfacet
  facet normal 0 0 1
    outer loop
      vertex 194.294 6.50562 0
      vertex 183.706 6.50562 0
      vertex 194.294 -6.50562 0
    endloop
  endfacet
  facet normal 0 0 1
    outer loop
      vertex 203.494 15.706 0
      vertex 183.706 6.50562 0
      vertex 194.294 6.50562 0
    endloop
  endfacet
  facet normal 0 0 1
    outer loop
      vertex 203.494 15.706 0
      vertex 174.506 15.706 0
      vertex 183.706 6.50562 0
    endloop
  endfacet
  facet normal 0 0 1
    outer loop
      vertex 236 28 0
      vertex 174.506 15.706 0
      vertex 203.494 15.706 0
    endloop
  endfacet
  facet normal 0 0 1
    outer loop
      vertex 236 28 0
      vertex 161.494 15.706 0
      vertex 174.506 15.706 0
    endloop
  endfacet
  facet normal 0 0 1
    outer loop
      vertex 152.294 6.50562 0
      vertex 138.934 5.35757 0
      vertex 152.294 -6.50562 0
    endloop
  endfacet
  facet normal -0 0 1
    outer loop
      vertex 131.358 12.9343 0
      vertex 152.294 6.50562 0
      vertex 161.494 15.706 0
    endloop
  endfacet
  facet normal 0 0 1
    outer loop
      vertex 152.294 6.50562 0
      vertex 131.358 12.9343 0
      vertex 138.934 5.35757 0
    endloop
  endfacet
  facet normal 0 0 1
    outer loop
      vertex 120.642 12.9343 0
      vertex 161.494 15.706 0
      vertex 236 28 0
    endloop
  endfacet
  facet normal 0 0 1
    outer loop
      vertex 161.494 15.706 0
      vertex 120.642 12.9343 0
      vertex 131.358 12.9343 0
    endloop
  endfacet
  facet normal 0 0 1
    outer loop
      vertex 113.066 5.35757 0
      vertex 96.9343 5.35757 0
      vertex 113.066 -5.35757 0
    endloop
  endfacet
  facet normal 0 0 1
    outer loop
      vertex 120.642 12.9343 0
      vertex 96.9343 5.35757 0
      vertex 113.066 5.35757 0
    endloop
  endfacet
  facet normal 0 0 1
    outer loop
      vertex 120.642 12.9343 0
      vertex 89.3576 12.9343 0
      vertex 96.9343 5.35757 0
    endloop
  endfacet
  facet normal 0 0 1
    outer loop
      vertex 236 28 0
      vertex 89.3576 12.9343 0
      vertex 120.642 12.9343 0
    endloop
  endfacet
  facet normal -0 0 1
    outer loop
      vertex -26 28 0
      vertex 89.3576 12.9343 0
      vertex 236 28 0
    endloop
  endfacet
  facet normal 0 0 1
    outer loop
      vertex 71.0657 5.35757 0
      vertex 54.9343 5.35757 0
      vertex 71.0657 -5.35757 0
    endloop
  endfacet
  facet normal 0 0 1
    outer loop
      vertex 78.6424 12.9343 0
      vertex 54.9343 5.35757 0
      vertex 71.0657 5.35757 0
    endloop
  endfacet
  facet normal 0 0 1
    outer loop
      vertex 78.6424 12.9343 0
      vertex 47.3576 12.9343 0
      vertex 54.9343 5.35757 0
    endloop
  endfacet
  facet normal 0 0 1
    outer loop
      vertex 89.3576 12.9343 0
      vertex -26 28 0
      vertex 78.6424 12.9343 0
    endloop
  endfacet
  facet normal 0 0 1
    outer loop
      vertex 78.6424 12.9343 0
      vertex -26 28 0
      vertex 47.3576 12.9343 0
    endloop
  endfacet
  facet normal 0 0 1
    outer loop
      vertex 29.0657 5.35757 0
      vertex 12.9343 5.35757 0
      vertex 29.0657 -5.35757 0
    endloop
  endfacet
  facet normal 0 0 1
    outer loop
      vertex 36.6424 12.9343 0
      vertex 12.9343 5.35757 0
      vertex 29.0657 5.35757 0
    endloop
  endfacet
  facet normal 0 0 1
    outer loop
      vertex 36.6424 12.9343 0
      vertex 5.35757 12.9343 0
      vertex 12.9343 5.35757 0
    endloop
  endfacet
  facet normal 0 0 1
    outer loop
      vertex 47.3576 12.9343 0
      vertex -26 28 0
      vertex 36.6424 12.9343 0
    endloop
  endfacet
  facet normal 0 0 1
    outer loop
      vertex 36.6424 12.9343 0
      vertex -26 28 0
      vertex 5.35757 12.9343 0
    endloop
  endfacet
  facet normal 0 0 1
    outer loop
      vertex -12.9343 5.35757 0
      vertex -26 28 0
      vertex -12.9343 -5.35757 0
    endloop
  endfacet
  facet normal 0 0 1
    outer loop
      vertex -5.35757 12.9343 0
      vertex -26 28 0
      vertex -12.9343 5.35757 0
    endloop
  endfacet
  facet normal 0 0 1
    outer loop
      vertex 5.35757 12.9343 0
      vertex -26 28 0
      vertex -5.35757 12.9343 0
    endloop
  endfacet
  facet normal -0 0 1
    outer loop
      vertex 225.706 -6.50562 0
      vertex 236 -28 0
      vertex 225.706 6.50562 0
    endloop
  endfacet
  facet normal -0 0 1
    outer loop
      vertex 216.506 -15.706 0
      vertex 236 -28 0
      vertex 225.706 -6.50562 0
    endloop
  endfacet
  facet normal -0 0 1
    outer loop
      vertex 203.494 -15.706 0
      vertex 236 -28 0
      vertex 216.506 -15.706 0
    endloop
  endfacet
  facet normal 0 0 1
    outer loop
      vertex 183.706 -6.50562 0
      vertex 194.294 -6.50562 0
      vertex 183.706 6.50562 0
    endloop
  endfacet
  facet normal -0 0 1
    outer loop
      vertex 183.706 -6.50562 0
      vertex 203.494 -15.706 0
      vertex 194.294 -6.50562 0
    endloop
  endfacet
  facet normal 0 0 1
    outer loop
      vertex 174.506 -15.706 0
      vertex 203.494 -15.706 0
      vertex 183.706 -6.50562 0
    endloop
  endfacet
  facet normal -0 0 1
    outer loop
      vertex 174.506 -15.706 0
      vertex 236 -28 0
      vertex 203.494 -15.706 0
    endloop
  endfacet
  facet normal -0 0 1
    outer loop
      vertex 161.494 -15.706 0
      vertex 236 -28 0
      vertex 174.506 -15.706 0
    endloop
  endfacet
  facet normal -0 0 1
    outer loop
      vertex 138.934 -5.35757 0
      vertex 152.294 -6.50562 0
      vertex 138.934 5.35757 0
    endloop
  endfacet
  facet normal 0 0 1
    outer loop
      vertex 131.358 -12.9343 0
      vertex 152.294 -6.50562 0
      vertex 138.934 -5.35757 0
    endloop
  endfacet
  facet normal 0 0 1
    outer loop
      vertex 152.294 -6.50562 0
      vertex 131.358 -12.9343 0
      vertex 161.494 -15.706 0
    endloop
  endfacet
  facet normal -0 0 1
    outer loop
      vertex 120.642 -12.9343 0
      vertex 161.494 -15.706 0
      vertex 131.358 -12.9343 0
    endloop
  endfacet
  facet normal 0 0 1
    outer loop
      vertex 161.494 -15.706 0
      vertex 120.642 -12.9343 0
      vertex 236 -28 0
    endloop
  endfacet
  facet normal 0 0 1
    outer loop
      vertex 96.9343 -5.35757 0
      vertex 113.066 -5.35757 0
      vertex 96.9343 5.35757 0
    endloop
  endfacet
  facet normal 0 0 1
    outer loop
      vertex 113.066 -5.35757 0
      vertex 96.9343 -5.35757 0
      vertex 120.642 -12.9343 0
    endloop
  endfacet
  facet normal 0 0 1
    outer loop
      vertex 89.3576 -12.9343 0
      vertex 120.642 -12.9343 0
      vertex 96.9343 -5.35757 0
    endloop
  endfacet
  facet normal -0 0 1
    outer loop
      vertex 89.3576 -12.9343 0
      vertex 236 -28 0
      vertex 120.642 -12.9343 0
    endloop
  endfacet
  facet normal 0 0 1
    outer loop
      vertex -26 -28 0
      vertex 89.3576 -12.9343 0
      vertex 78.6424 -12.9343 0
    endloop
  endfacet
  facet normal 0 0 1
    outer loop
      vertex 54.9343 -5.35757 0
      vertex 71.0657 -5.35757 0
      vertex 54.9343 5.35757 0
    endloop
  endfacet
  facet normal 0 0 1
    outer loop
      vertex 71.0657 -5.35757 0
      vertex 54.9343 -5.35757 0
      vertex 78.6424 -12.9343 0
    endloop
  endfacet
  facet normal 0 0 1
    outer loop
      vertex 47.3576 -12.9343 0
      vertex 78.6424 -12.9343 0
      vertex 54.9343 -5.35757 0
    endloop
  endfacet
  facet normal 0 0 1
    outer loop
      vertex -26 -28 0
      vertex 78.6424 -12.9343 0
      vertex 47.3576 -12.9343 0
    endloop
  endfacet
  facet normal 0 0 1
    outer loop
      vertex -26 -28 0
      vertex 47.3576 -12.9343 0
      vertex 36.6424 -12.9343 0
    endloop
  endfacet
  facet normal 0 0 1
    outer loop
      vertex 12.9343 -5.35757 0
      vertex 29.0657 -5.35757 0
      vertex 12.9343 5.35757 0
    endloop
  endfacet
  facet normal 0 0 1
    outer loop
      vertex 29.0657 -5.35757 0
      vertex 12.9343 -5.35757 0
      vertex 36.6424 -12.9343 0
    endloop
  endfacet
  facet normal 0 0 1
    outer loop
      vertex 5.35757 -12.9343 0
      vertex 36.6424 -12.9343 0
      vertex 12.9343 -5.35757 0
    endloop
  endfacet
  facet normal 0 0 1
    outer loop
      vertex -26 -28 0
      vertex 36.6424 -12.9343 0
      vertex 5.35757 -12.9343 0
    endloop
  endfacet
  facet normal 0 0 1
    outer loop
      vertex -26 -28 0
      vertex 5.35757 -12.9343 0
      vertex -5.35757 -12.9343 0
    endloop
  endfacet
  facet normal 0 0 1
    outer loop
      vertex 89.3576 -12.9343 0
      vertex -26 -28 0
      vertex 236 -28 0
    endloop
  endfacet
  facet normal 0 0 1
    outer loop
      vertex -12.9343 -5.35757 0
      vertex -26 -28 0
      vertex -5.35757 -12.9343 0
    endloop
  endfacet
  facet normal 0 0 1
    outer loop
      vertex -26 -28 0
      vertex -12.9343 -5.35757 0
      vertex -26 28 0
    endloop
  endfacet
  facet normal 0 -1 0
    outer loop
      vertex -5.35757 -12.9343 0
      vertex 5.35757 -12.9343 3.84
      vertex -5.35757 -12.9343 3.84
    endloop
  endfacet
  facet normal 0 -1 -0
    outer loop
      vertex 5.35757 -12.9343 3.84
      vertex -5.35757 -12.9343 0
      vertex 5.35757 -12.9343 0
    endloop
  endfacet
  facet normal 0.420093 0.420093 0.804391
    outer loop
      vertex 5.35757 12.9343 3.84
      vertex 11.3637 4.70701 5
      vertex 12.9343 5.35757 3.84
    endloop
  endfacet
  facet normal 0.420093 0.420093 0.804391
    outer loop
      vertex 11.3637 4.70701 5
      vertex 5.35757 12.9343 3.84
      vertex 4.70701 11.3637 5
    endloop
  endfacet
  facet normal -0.420093 0.420093 0.804391
    outer loop
      vertex -5.35757 12.9343 3.84
      vertex -11.3637 4.70701 5
      vertex -4.70701 11.3637 5
    endloop
  endfacet
  facet normal -0.420093 0.420093 0.804391
    outer loop
      vertex -11.3637 4.70701 5
      vertex -5.35757 12.9343 3.84
      vertex -12.9343 5.35757 3.84
    endloop
  endfacet
  facet normal -0.420093 -0.420093 0.804391
    outer loop
      vertex -11.3637 -4.70701 5
      vertex -5.35757 -12.9343 3.84
      vertex -4.70701 -11.3637 5
    endloop
  endfacet
  facet normal -0.420093 -0.420093 0.804391
    outer loop
      vertex -5.35757 -12.9343 3.84
      vertex -11.3637 -4.70701 5
      vertex -12.9343 -5.35757 3.84
    endloop
  endfacet
  facet normal 0.420093 -0.420093 0.804391
    outer loop
      vertex 11.3637 -4.70701 5
      vertex 5.35757 -12.9343 3.84
      vertex 12.9343 -5.35757 3.84
    endloop
  endfacet
  facet normal 0.420093 -0.420093 0.804391
    outer loop
      vertex 5.35757 -12.9343 3.84
      vertex 11.3637 -4.70701 5
      vertex 4.70701 -11.3637 5
    endloop
  endfacet
  facet normal 0 0.5941 0.804391
    outer loop
      vertex 5.35757 12.9343 3.84
      vertex -4.70701 11.3637 5
      vertex 4.70701 11.3637 5
    endloop
  endfacet
  facet normal 0 0.5941 0.804391
    outer loop
      vertex -4.70701 11.3637 5
      vertex 5.35757 12.9343 3.84
      vertex -5.35757 12.9343 3.84
    endloop
  endfacet
  facet normal 0 -0.5941 0.804391
    outer loop
      vertex -4.70701 -11.3637 5
      vertex 5.35757 -12.9343 3.84
      vertex 4.70701 -11.3637 5
    endloop
  endfacet
  facet normal 0 -0.5941 0.804391
    outer loop
      vertex 5.35757 -12.9343 3.84
      vertex -4.70701 -11.3637 5
      vertex -5.35757 -12.9343 3.84
    endloop
  endfacet
  facet normal -0.5941 0 0.804391
    outer loop
      vertex -12.9343 5.35757 3.84
      vertex -11.3637 -4.70701 5
      vertex -11.3637 4.70701 5
    endloop
  endfacet
  facet normal -0.5941 0 0.804391
    outer loop
      vertex -11.3637 -4.70701 5
      vertex -12.9343 5.35757 3.84
      vertex -12.9343 -5.35757 3.84
    endloop
  endfacet
  facet normal 0.5941 0 0.804391
    outer loop
      vertex 11.3637 4.70701 5
      vertex 12.9343 -5.35757 3.84
      vertex 12.9343 5.35757 3.84
    endloop
  endfacet
  facet normal 0.5941 0 0.804391
    outer loop
      vertex 12.9343 -5.35757 3.84
      vertex 11.3637 4.70701 5
      vertex 11.3637 -4.70701 5
    endloop
  endfacet
  facet normal 0.707107 0.707107 0
    outer loop
      vertex 11.3637 4.70701 5.04
      vertex 4.70701 11.3637 5
      vertex 4.70701 11.3637 5.04
    endloop
  endfacet
  facet normal 0.707107 0.707107 0
    outer loop
      vertex 4.70701 11.3637 5
      vertex 11.3637 4.70701 5.04
      vertex 11.3637 4.70701 5
    endloop
  endfacet
  facet normal 0 1 -0
    outer loop
      vertex 4.70701 11.3637 5
      vertex -4.70701 11.3637 5.04
      vertex 4.70701 11.3637 5.04
    endloop
  endfacet
  facet normal 0 1 0
    outer loop
      vertex -4.70701 11.3637 5.04
      vertex 4.70701 11.3637 5
      vertex -4.70701 11.3637 5
    endloop
  endfacet
  facet normal 0.83804 -0 0.545609
    outer loop
      vertex 7.48342 -3.09974 11
      vertex 11.3637 4.70701 5.04
      vertex 7.48342 3.09974 11
    endloop
  endfacet
  facet normal 0.83804 0 0.545609
    outer loop
      vertex 11.3637 4.70701 5.04
      vertex 7.48342 -3.09974 11
      vertex 11.3637 -4.70701 5.04
    endloop
  endfacet
  facet normal 0 -1 0
    outer loop
      vertex -4.70701 -11.3637 5
      vertex 4.70701 -11.3637 5.04
      vertex -4.70701 -11.3637 5.04
    endloop
  endfacet
  facet normal 0 -1 -0
    outer loop
      vertex 4.70701 -11.3637 5.04
      vertex -4.70701 -11.3637 5
      vertex 4.70701 -11.3637 5
    endloop
  endfacet
  facet normal 0 0.83804 0.545609
    outer loop
      vertex 4.70701 11.3637 5.04
      vertex -3.09974 7.48342 11
      vertex 3.09974 7.48342 11
    endloop
  endfacet
  facet normal 0 0.83804 0.545609
    outer loop
      vertex -3.09974 7.48342 11
      vertex 4.70701 11.3637 5.04
      vertex -4.70701 11.3637 5.04
    endloop
  endfacet
  facet normal -0.707107 -0.707107 0
    outer loop
      vertex -4.70701 -11.3637 5
      vertex -11.3637 -4.70701 5.04
      vertex -11.3637 -4.70701 5
    endloop
  endfacet
  facet normal -0.707107 -0.707107 0
    outer loop
      vertex -11.3637 -4.70701 5.04
      vertex -4.70701 -11.3637 5
      vertex -4.70701 -11.3637 5.04
    endloop
  endfacet
  facet normal -0.83804 0 0.545609
    outer loop
      vertex -11.3637 4.70701 5.04
      vertex -7.48342 -3.09974 11
      vertex -7.48342 3.09974 11
    endloop
  endfacet
  facet normal -0.83804 0 0.545609
    outer loop
      vertex -7.48342 -3.09974 11
      vertex -11.3637 4.70701 5.04
      vertex -11.3637 -4.70701 5.04
    endloop
  endfacet
  facet normal 0.707107 -0.707107 0
    outer loop
      vertex 4.70701 -11.3637 5.04
      vertex 11.3637 -4.70701 5
      vertex 11.3637 -4.70701 5.04
    endloop
  endfacet
  facet normal 0.707107 -0.707107 0
    outer loop
      vertex 11.3637 -4.70701 5
      vertex 4.70701 -11.3637 5.04
      vertex 4.70701 -11.3637 5
    endloop
  endfacet
  facet normal -0.592584 0.592584 0.545609
    outer loop
      vertex -4.70701 11.3637 5.04
      vertex -7.48342 3.09974 11
      vertex -3.09974 7.48342 11
    endloop
  endfacet
  facet normal -0.592584 0.592584 0.545609
    outer loop
      vertex -7.48342 3.09974 11
      vertex -4.70701 11.3637 5.04
      vertex -11.3637 4.70701 5.04
    endloop
  endfacet
  facet normal 0.592584 -0.592584 0.545609
    outer loop
      vertex 3.09974 -7.48342 11
      vertex 11.3637 -4.70701 5.04
      vertex 7.48342 -3.09974 11
    endloop
  endfacet
  facet normal 0.592584 -0.592584 0.545609
    outer loop
      vertex 11.3637 -4.70701 5.04
      vertex 3.09974 -7.48342 11
      vertex 4.70701 -11.3637 5.04
    endloop
  endfacet
  facet normal 0.592584 0.592584 0.545609
    outer loop
      vertex 3.09974 7.48342 11
      vertex 11.3637 4.70701 5.04
      vertex 4.70701 11.3637 5.04
    endloop
  endfacet
  facet normal 0.592584 0.592584 0.545609
    outer loop
      vertex 11.3637 4.70701 5.04
      vertex 3.09974 7.48342 11
      vertex 7.48342 3.09974 11
    endloop
  endfacet
  facet normal 0 -0.83804 0.545609
    outer loop
      vertex -4.70701 -11.3637 5.04
      vertex 3.09974 -7.48342 11
      vertex -3.09974 -7.48342 11
    endloop
  endfacet
  facet normal 0 -0.83804 0.545609
    outer loop
      vertex 3.09974 -7.48342 11
      vertex -4.70701 -11.3637 5.04
      vertex 4.70701 -11.3637 5.04
    endloop
  endfacet
  facet normal -1 0 0
    outer loop
      vertex -11.3637 -4.70701 5
      vertex -11.3637 4.70701 5.04
      vertex -11.3637 4.70701 5
    endloop
  endfacet
  facet normal -1 -0 0
    outer loop
      vertex -11.3637 4.70701 5.04
      vertex -11.3637 -4.70701 5
      vertex -11.3637 -4.70701 5.04
    endloop
  endfacet
  facet normal -0.707107 0.707107 0
    outer loop
      vertex -11.3637 4.70701 5
      vertex -4.70701 11.3637 5.04
      vertex -4.70701 11.3637 5
    endloop
  endfacet
  facet normal -0.707107 0.707107 0
    outer loop
      vertex -4.70701 11.3637 5.04
      vertex -11.3637 4.70701 5
      vertex -11.3637 4.70701 5.04
    endloop
  endfacet
  facet normal -0.592584 -0.592584 0.545609
    outer loop
      vertex -4.70701 -11.3637 5.04
      vertex -7.48342 -3.09974 11
      vertex -11.3637 -4.70701 5.04
    endloop
  endfacet
  facet normal -0.592584 -0.592584 0.545609
    outer loop
      vertex -7.48342 -3.09974 11
      vertex -4.70701 -11.3637 5.04
      vertex -3.09974 -7.48342 11
    endloop
  endfacet
  facet normal 1 -0 0
    outer loop
      vertex 11.3637 -4.70701 5.04
      vertex 11.3637 4.70701 5
      vertex 11.3637 4.70701 5.04
    endloop
  endfacet
  facet normal 1 0 0
    outer loop
      vertex 11.3637 4.70701 5
      vertex 11.3637 -4.70701 5.04
      vertex 11.3637 -4.70701 5
    endloop
  endfacet
  facet normal 0.707107 0.707107 0
    outer loop
      vertex 7.48342 3.09974 11.04
      vertex 3.09974 7.48342 11
      vertex 3.09974 7.48342 11.04
    endloop
  endfacet
  facet normal 0.707107 0.707107 0
    outer loop
      vertex 3.09974 7.48342 11
      vertex 7.48342 3.09974 11.04
      vertex 7.48342 3.09974 11
    endloop
  endfacet
  facet normal -0.707107 0.707107 0
    outer loop
      vertex -7.48342 3.09974 11
      vertex -3.09974 7.48342 11.04
      vertex -3.09974 7.48342 11
    endloop
  endfacet
  facet normal -0.707107 0.707107 0
    outer loop
      vertex -3.09974 7.48342 11.04
      vertex -7.48342 3.09974 11
      vertex -7.48342 3.09974 11.04
    endloop
  endfacet
  facet normal 0.991135 -0 0.132856
    outer loop
      vertex 6.28238 -2.60225 20
      vertex 7.48342 3.09974 11.04
      vertex 6.28238 2.60225 20
    endloop
  endfacet
  facet normal 0.991135 0 0.132856
    outer loop
      vertex 7.48342 3.09974 11.04
      vertex 6.28238 -2.60225 20
      vertex 7.48342 -3.09974 11.04
    endloop
  endfacet
  facet normal 0.700838 0.700838 0.132857
    outer loop
      vertex 2.60225 6.28238 20
      vertex 7.48342 3.09974 11.04
      vertex 3.09974 7.48342 11.04
    endloop
  endfacet
  facet normal 0.700838 0.700838 0.132857
    outer loop
      vertex 7.48342 3.09974 11.04
      vertex 2.60225 6.28238 20
      vertex 6.28238 2.60225 20
    endloop
  endfacet
  facet normal 0 -1 0
    outer loop
      vertex -3.09974 -7.48342 11
      vertex 3.09974 -7.48342 11.04
      vertex -3.09974 -7.48342 11.04
    endloop
  endfacet
  facet normal 0 -1 -0
    outer loop
      vertex 3.09974 -7.48342 11.04
      vertex -3.09974 -7.48342 11
      vertex 3.09974 -7.48342 11
    endloop
  endfacet
  facet normal 0.700838 -0.700838 0.132857
    outer loop
      vertex 2.60225 -6.28238 20
      vertex 7.48342 -3.09974 11.04
      vertex 6.28238 -2.60225 20
    endloop
  endfacet
  facet normal 0.700838 -0.700838 0.132857
    outer loop
      vertex 7.48342 -3.09974 11.04
      vertex 2.60225 -6.28238 20
      vertex 3.09974 -7.48342 11.04
    endloop
  endfacet
  facet normal 1 -0 0
    outer loop
      vertex 7.48342 -3.09974 11.04
      vertex 7.48342 3.09974 11
      vertex 7.48342 3.09974 11.04
    endloop
  endfacet
  facet normal 1 0 0
    outer loop
      vertex 7.48342 3.09974 11
      vertex 7.48342 -3.09974 11.04
      vertex 7.48342 -3.09974 11
    endloop
  endfacet
  facet normal 0 -0.991135 0.132856
    outer loop
      vertex -3.09974 -7.48342 11.04
      vertex 2.60225 -6.28238 20
      vertex -2.60225 -6.28238 20
    endloop
  endfacet
  facet normal 0 -0.991135 0.132856
    outer loop
      vertex 2.60225 -6.28238 20
      vertex -3.09974 -7.48342 11.04
      vertex 3.09974 -7.48342 11.04
    endloop
  endfacet
  facet normal 0 0.991135 0.132856
    outer loop
      vertex 3.09974 7.48342 11.04
      vertex -2.60225 6.28238 20
      vertex 2.60225 6.28238 20
    endloop
  endfacet
  facet normal 0 0.991135 0.132856
    outer loop
      vertex -2.60225 6.28238 20
      vertex 3.09974 7.48342 11.04
      vertex -3.09974 7.48342 11.04
    endloop
  endfacet
  facet normal 0 1 -0
    outer loop
      vertex 3.09974 7.48342 11
      vertex -3.09974 7.48342 11.04
      vertex 3.09974 7.48342 11.04
    endloop
  endfacet
  facet normal 0 1 0
    outer loop
      vertex -3.09974 7.48342 11.04
      vertex 3.09974 7.48342 11
      vertex -3.09974 7.48342 11
    endloop
  endfacet
  facet normal -0.700838 -0.700838 0.132857
    outer loop
      vertex -7.48342 -3.09974 11.04
      vertex -2.60225 -6.28238 20
      vertex -6.28238 -2.60225 20
    endloop
  endfacet
  facet normal -0.700838 -0.700838 0.132857
    outer loop
      vertex -2.60225 -6.28238 20
      vertex -7.48342 -3.09974 11.04
      vertex -3.09974 -7.48342 11.04
    endloop
  endfacet
  facet normal -0.707107 -0.707107 0
    outer loop
      vertex -3.09974 -7.48342 11
      vertex -7.48342 -3.09974 11.04
      vertex -7.48342 -3.09974 11
    endloop
  endfacet
  facet normal -0.707107 -0.707107 0
    outer loop
      vertex -7.48342 -3.09974 11.04
      vertex -3.09974 -7.48342 11
      vertex -3.09974 -7.48342 11.04
    endloop
  endfacet
  facet normal -1 0 0
    outer loop
      vertex -7.48342 -3.09974 11
      vertex -7.48342 3.09974 11.04
      vertex -7.48342 3.09974 11
    endloop
  endfacet
  facet normal -1 -0 0
    outer loop
      vertex -7.48342 3.09974 11.04
      vertex -7.48342 -3.09974 11
      vertex -7.48342 -3.09974 11.04
    endloop
  endfacet
  facet normal -0.991135 0 0.132856
    outer loop
      vertex -7.48342 3.09974 11.04
      vertex -6.28238 -2.60225 20
      vertex -6.28238 2.60225 20
    endloop
  endfacet
  facet normal -0.991135 0 0.132856
    outer loop
      vertex -6.28238 -2.60225 20
      vertex -7.48342 3.09974 11.04
      vertex -7.48342 -3.09974 11.04
    endloop
  endfacet
  facet normal -0.700838 0.700838 0.132857
    outer loop
      vertex -3.09974 7.48342 11.04
      vertex -6.28238 2.60225 20
      vertex -2.60225 6.28238 20
    endloop
  endfacet
  facet normal -0.700838 0.700838 0.132857
    outer loop
      vertex -6.28238 2.60225 20
      vertex -3.09974 7.48342 11.04
      vertex -7.48342 3.09974 11.04
    endloop
  endfacet
  facet normal 0.707107 -0.707107 0
    outer loop
      vertex 3.09974 -7.48342 11.04
      vertex 7.48342 -3.09974 11
      vertex 7.48342 -3.09974 11.04
    endloop
  endfacet
  facet normal 0.707107 -0.707107 0
    outer loop
      vertex 7.48342 -3.09974 11
      vertex 3.09974 -7.48342 11.04
      vertex 3.09974 -7.48342 11
    endloop
  endfacet
  facet normal 0.707107 0.707107 0
    outer loop
      vertex 6.28238 2.60225 20.04
      vertex 2.60225 6.28238 20
      vertex 2.60225 6.28238 20.04
    endloop
  endfacet
  facet normal 0.707107 0.707107 0
    outer loop
      vertex 2.60225 6.28238 20
      vertex 6.28238 2.60225 20.04
      vertex 6.28238 2.60225 20
    endloop
  endfacet
  facet normal 0 1 -0
    outer loop
      vertex 2.60225 6.28238 20
      vertex -2.60225 6.28238 20.04
      vertex 2.60225 6.28238 20.04
    endloop
  endfacet
  facet normal 0 1 0
    outer loop
      vertex -2.60225 6.28238 20.04
      vertex 2.60225 6.28238 20
      vertex -2.60225 6.28238 20
    endloop
  endfacet
  facet normal 0.706871 0.706871 0.0257988
    outer loop
      vertex 2.52571 6.0976 27.2
      vertex 6.28238 2.60225 20.04
      vertex 2.60225 6.28238 20.04
    endloop
  endfacet
  facet normal 0.706871 0.706871 0.0257988
    outer loop
      vertex 6.28238 2.60225 20.04
      vertex 2.52571 6.0976 27.2
      vertex 6.0976 2.52571 27.2
    endloop
  endfacet
  facet normal -0.706871 -0.706871 0.0257988
    outer loop
      vertex -6.28238 -2.60225 20.04
      vertex -2.52571 -6.0976 27.2
      vertex -6.0976 -2.52571 27.2
    endloop
  endfacet
  facet normal -0.706871 -0.706871 0.0257988
    outer loop
      vertex -2.52571 -6.0976 27.2
      vertex -6.28238 -2.60225 20.04
      vertex -2.60225 -6.28238 20.04
    endloop
  endfacet
  facet normal -1 0 0
    outer loop
      vertex -6.28238 -2.60225 20
      vertex -6.28238 2.60225 20.04
      vertex -6.28238 2.60225 20
    endloop
  endfacet
  facet normal -1 -0 0
    outer loop
      vertex -6.28238 2.60225 20.04
      vertex -6.28238 -2.60225 20
      vertex -6.28238 -2.60225 20.04
    endloop
  endfacet
  facet normal 0 -0.999667 0.0257987
    outer loop
      vertex -2.60225 -6.28238 20.04
      vertex 2.52571 -6.0976 27.2
      vertex -2.52571 -6.0976 27.2
    endloop
  endfacet
  facet normal 0 -0.999667 0.0257987
    outer loop
      vertex 2.52571 -6.0976 27.2
      vertex -2.60225 -6.28238 20.04
      vertex 2.60225 -6.28238 20.04
    endloop
  endfacet
  facet normal -0.707107 -0.707107 0
    outer loop
      vertex -2.60225 -6.28238 20
      vertex -6.28238 -2.60225 20.04
      vertex -6.28238 -2.60225 20
    endloop
  endfacet
  facet normal -0.707107 -0.707107 0
    outer loop
      vertex -6.28238 -2.60225 20.04
      vertex -2.60225 -6.28238 20
      vertex -2.60225 -6.28238 20.04
    endloop
  endfacet
  facet normal 0.999667 -0 0.0257987
    outer loop
      vertex 6.0976 -2.52571 27.2
      vertex 6.28238 2.60225 20.04
      vertex 6.0976 2.52571 27.2
    endloop
  endfacet
  facet normal 0.999667 0 0.0257987
    outer loop
      vertex 6.28238 2.60225 20.04
      vertex 6.0976 -2.52571 27.2
      vertex 6.28238 -2.60225 20.04
    endloop
  endfacet
  facet normal 1 -0 0
    outer loop
      vertex 6.28238 -2.60225 20.04
      vertex 6.28238 2.60225 20
      vertex 6.28238 2.60225 20.04
    endloop
  endfacet
  facet normal 1 0 0
    outer loop
      vertex 6.28238 2.60225 20
      vertex 6.28238 -2.60225 20.04
      vertex 6.28238 -2.60225 20
    endloop
  endfacet
  facet normal 0 0.999667 0.0257987
    outer loop
      vertex 2.60225 6.28238 20.04
      vertex -2.52571 6.0976 27.2
      vertex 2.52571 6.0976 27.2
    endloop
  endfacet
  facet normal 0 0.999667 0.0257987
    outer loop
      vertex -2.52571 6.0976 27.2
      vertex 2.60225 6.28238 20.04
      vertex -2.60225 6.28238 20.04
    endloop
  endfacet
  facet normal 0.706871 -0.706871 0.0257988
    outer loop
      vertex 2.52571 -6.0976 27.2
      vertex 6.28238 -2.60225 20.04
      vertex 6.0976 -2.52571 27.2
    endloop
  endfacet
  facet normal 0.706871 -0.706871 0.0257988
    outer loop
      vertex 6.28238 -2.60225 20.04
      vertex 2.52571 -6.0976 27.2
      vertex 2.60225 -6.28238 20.04
    endloop
  endfacet
  facet normal 0 -1 0
    outer loop
      vertex -2.60225 -6.28238 20
      vertex 2.60225 -6.28238 20.04
      vertex -2.60225 -6.28238 20.04
    endloop
  endfacet
  facet normal 0 -1 -0
    outer loop
      vertex 2.60225 -6.28238 20.04
      vertex -2.60225 -6.28238 20
      vertex 2.60225 -6.28238 20
    endloop
  endfacet
  facet normal -0.707107 0.707107 0
    outer loop
      vertex -6.28238 2.60225 20
      vertex -2.60225 6.28238 20.04
      vertex -2.60225 6.28238 20
    endloop
  endfacet
  facet normal -0.707107 0.707107 0
    outer loop
      vertex -2.60225 6.28238 20.04
      vertex -6.28238 2.60225 20
      vertex -6.28238 2.60225 20.04
    endloop
  endfacet
  facet normal 0.707107 -0.707107 0
    outer loop
      vertex 2.60225 -6.28238 20.04
      vertex 6.28238 -2.60225 20
      vertex 6.28238 -2.60225 20.04
    endloop
  endfacet
  facet normal 0.707107 -0.707107 0
    outer loop
      vertex 6.28238 -2.60225 20
      vertex 2.60225 -6.28238 20.04
      vertex 2.60225 -6.28238 20
    endloop
  endfacet
  facet normal -0.999667 0 0.0257987
    outer loop
      vertex -6.28238 2.60225 20.04
      vertex -6.0976 -2.52571 27.2
      vertex -6.0976 2.52571 27.2
    endloop
  endfacet
  facet normal -0.999667 0 0.0257987
    outer loop
      vertex -6.0976 -2.52571 27.2
      vertex -6.28238 2.60225 20.04
      vertex -6.28238 -2.60225 20.04
    endloop
  endfacet
  facet normal -0.706871 0.706871 0.0257988
    outer loop
      vertex -2.60225 6.28238 20.04
      vertex -6.0976 2.52571 27.2
      vertex -2.52571 6.0976 27.2
    endloop
  endfacet
  facet normal -0.706871 0.706871 0.0257988
    outer loop
      vertex -6.0976 2.52571 27.2
      vertex -2.60225 6.28238 20.04
      vertex -6.28238 2.60225 20.04
    endloop
  endfacet
  facet normal 0.913374 0 -0.407121
    outer loop
      vertex 8.13014 3.36761 31.76
      vertex 6.0976 -2.52571 27.2
      vertex 6.0976 2.52571 27.2
    endloop
  endfacet
  facet normal 0.913374 0 -0.407121
    outer loop
      vertex 6.0976 -2.52571 27.2
      vertex 8.13014 3.36761 31.76
      vertex 8.13014 -3.36761 31.76
    endloop
  endfacet
  facet normal 0.645853 0.645853 -0.40712
    outer loop
      vertex 8.13014 3.36761 31.76
      vertex 2.52571 6.0976 27.2
      vertex 3.36761 8.13014 31.76
    endloop
  endfacet
  facet normal 0.645853 0.645853 -0.40712
    outer loop
      vertex 2.52571 6.0976 27.2
      vertex 8.13014 3.36761 31.76
      vertex 6.0976 2.52571 27.2
    endloop
  endfacet
  facet normal 0.707107 0.707107 0
    outer loop
      vertex 8.13014 3.36761 33.24
      vertex 3.36761 8.13014 31.76
      vertex 3.36761 8.13014 33.24
    endloop
  endfacet
  facet normal 0.707107 0.707107 0
    outer loop
      vertex 3.36761 8.13014 31.76
      vertex 8.13014 3.36761 33.24
      vertex 8.13014 3.36761 31.76
    endloop
  endfacet
  facet normal -1 0 0
    outer loop
      vertex -8.13014 -3.36761 31.76
      vertex -8.13014 3.36761 33.24
      vertex -8.13014 3.36761 31.76
    endloop
  endfacet
  facet normal -1 -0 0
    outer loop
      vertex -8.13014 3.36761 33.24
      vertex -8.13014 -3.36761 31.76
      vertex -8.13014 -3.36761 33.24
    endloop
  endfacet
  facet normal -0.913374 0 -0.407121
    outer loop
      vertex -6.0976 -2.52571 27.2
      vertex -8.13014 3.36761 31.76
      vertex -6.0976 2.52571 27.2
    endloop
  endfacet
  facet normal -0.913374 -0 -0.407121
    outer loop
      vertex -8.13014 3.36761 31.76
      vertex -6.0976 -2.52571 27.2
      vertex -8.13014 -3.36761 31.76
    endloop
  endfacet
  facet normal 1 -0 0
    outer loop
      vertex 8.13014 -3.36761 33.24
      vertex 8.13014 3.36761 31.76
      vertex 8.13014 3.36761 33.24
    endloop
  endfacet
  facet normal 1 0 0
    outer loop
      vertex 8.13014 3.36761 31.76
      vertex 8.13014 -3.36761 33.24
      vertex 8.13014 -3.36761 31.76
    endloop
  endfacet
  facet normal -0.645853 0.645853 -0.40712
    outer loop
      vertex -2.52571 6.0976 27.2
      vertex -8.13014 3.36761 31.76
      vertex -3.36761 8.13014 31.76
    endloop
  endfacet
  facet normal -0.645853 0.645853 -0.40712
    outer loop
      vertex -8.13014 3.36761 31.76
      vertex -2.52571 6.0976 27.2
      vertex -6.0976 2.52571 27.2
    endloop
  endfacet
  facet normal 0 -0.913374 -0.407121
    outer loop
      vertex -2.52571 -6.0976 27.2
      vertex 3.36761 -8.13014 31.76
      vertex -3.36761 -8.13014 31.76
    endloop
  endfacet
  facet normal 0 -0.913374 -0.407121
    outer loop
      vertex 3.36761 -8.13014 31.76
      vertex -2.52571 -6.0976 27.2
      vertex 2.52571 -6.0976 27.2
    endloop
  endfacet
  facet normal 0 0.913374 -0.407121
    outer loop
      vertex 2.52571 6.0976 27.2
      vertex -3.36761 8.13014 31.76
      vertex 3.36761 8.13014 31.76
    endloop
  endfacet
  facet normal 0 0.913374 -0.407121
    outer loop
      vertex -3.36761 8.13014 31.76
      vertex 2.52571 6.0976 27.2
      vertex -2.52571 6.0976 27.2
    endloop
  endfacet
  facet normal 0.645853 -0.645853 -0.40712
    outer loop
      vertex 8.13014 -3.36761 31.76
      vertex 2.52571 -6.0976 27.2
      vertex 6.0976 -2.52571 27.2
    endloop
  endfacet
  facet normal 0.645853 -0.645853 -0.40712
    outer loop
      vertex 2.52571 -6.0976 27.2
      vertex 8.13014 -3.36761 31.76
      vertex 3.36761 -8.13014 31.76
    endloop
  endfacet
  facet normal 0.707107 -0.707107 0
    outer loop
      vertex 3.36761 -8.13014 33.24
      vertex 8.13014 -3.36761 31.76
      vertex 8.13014 -3.36761 33.24
    endloop
  endfacet
  facet normal 0.707107 -0.707107 0
    outer loop
      vertex 8.13014 -3.36761 31.76
      vertex 3.36761 -8.13014 33.24
      vertex 3.36761 -8.13014 31.76
    endloop
  endfacet
  facet normal -0.645853 -0.645853 -0.40712
    outer loop
      vertex -2.52571 -6.0976 27.2
      vertex -8.13014 -3.36761 31.76
      vertex -6.0976 -2.52571 27.2
    endloop
  endfacet
  facet normal -0.645853 -0.645853 -0.40712
    outer loop
      vertex -8.13014 -3.36761 31.76
      vertex -2.52571 -6.0976 27.2
      vertex -3.36761 -8.13014 31.76
    endloop
  endfacet
  facet normal -0.707107 -0.707107 0
    outer loop
      vertex -3.36761 -8.13014 31.76
      vertex -8.13014 -3.36761 33.24
      vertex -8.13014 -3.36761 31.76
    endloop
  endfacet
  facet normal -0.707107 -0.707107 0
    outer loop
      vertex -8.13014 -3.36761 33.24
      vertex -3.36761 -8.13014 31.76
      vertex -3.36761 -8.13014 33.24
    endloop
  endfacet
  facet normal 0 -1 0
    outer loop
      vertex -3.36761 -8.13014 31.76
      vertex 3.36761 -8.13014 33.24
      vertex -3.36761 -8.13014 33.24
    endloop
  endfacet
  facet normal 0 -1 -0
    outer loop
      vertex 3.36761 -8.13014 33.24
      vertex -3.36761 -8.13014 31.76
      vertex 3.36761 -8.13014 31.76
    endloop
  endfacet
  facet normal -0.707107 0.707107 0
    outer loop
      vertex -8.13014 3.36761 31.76
      vertex -3.36761 8.13014 33.24
      vertex -3.36761 8.13014 31.76
    endloop
  endfacet
  facet normal -0.707107 0.707107 0
    outer loop
      vertex -3.36761 8.13014 33.24
      vertex -8.13014 3.36761 31.76
      vertex -8.13014 3.36761 33.24
    endloop
  endfacet
  facet normal 0 1 -0
    outer loop
      vertex 3.36761 8.13014 31.76
      vertex -3.36761 8.13014 33.24
      vertex 3.36761 8.13014 33.24
    endloop
  endfacet
  facet normal 0 1 0
    outer loop
      vertex -3.36761 8.13014 33.24
      vertex 3.36761 8.13014 31.76
      vertex -3.36761 8.13014 31.76
    endloop
  endfacet
  facet normal 0.566431 0.566431 0.598592
    outer loop
      vertex 3.36761 8.13014 33.24
      vertex 7.11387 2.94666 34.6
      vertex 8.13014 3.36761 33.24
    endloop
  endfacet
  facet normal 0.566431 0.566431 0.598592
    outer loop
      vertex 7.11387 2.94666 34.6
      vertex 3.36761 8.13014 33.24
      vertex 2.94666 7.11387 34.6
    endloop
  endfacet
  facet normal -0.566431 -0.566431 0.598592
    outer loop
      vertex -7.11387 -2.94666 34.6
      vertex -3.36761 -8.13014 33.24
      vertex -2.94666 -7.11387 34.6
    endloop
  endfacet
  facet normal -0.566431 -0.566431 0.598592
    outer loop
      vertex -3.36761 -8.13014 33.24
      vertex -7.11387 -2.94666 34.6
      vertex -8.13014 -3.36761 33.24
    endloop
  endfacet
  facet normal 0 -0.801053 0.598593
    outer loop
      vertex -3.36761 -8.13014 33.24
      vertex 2.94666 -7.11387 34.6
      vertex -2.94666 -7.11387 34.6
    endloop
  endfacet
  facet normal 0 -0.801053 0.598593
    outer loop
      vertex 2.94666 -7.11387 34.6
      vertex -3.36761 -8.13014 33.24
      vertex 3.36761 -8.13014 33.24
    endloop
  endfacet
  facet normal 0 0 1
    outer loop
      vertex 7.11387 2.94666 34.6
      vertex 6.91839 0 34.6
      vertex 7.11387 -2.94666 34.6
    endloop
  endfacet
  facet normal 0 0 1
    outer loop
      vertex 7.11387 2.94666 34.6
      vertex 6.61667 0.522601 34.6
      vertex 6.91839 0 34.6
    endloop
  endfacet
  facet normal 0 0 1
    outer loop
      vertex 7.11387 2.94666 34.6
      vertex 3.45919 5.9915 34.6
      vertex 6.61667 0.522601 34.6
    endloop
  endfacet
  facet normal 0 0 1
    outer loop
      vertex 2.94666 7.11387 34.6
      vertex 3.45919 5.9915 34.6
      vertex 7.11387 2.94666 34.6
    endloop
  endfacet
  facet normal -0 0 1
    outer loop
      vertex -2.94666 7.11387 34.6
      vertex 3.45919 5.9915 34.6
      vertex 2.94666 7.11387 34.6
    endloop
  endfacet
  facet normal 0 0 1
    outer loop
      vertex -2.94666 7.11387 34.6
      vertex -3.45919 5.9915 34.6
      vertex 3.45919 5.9915 34.6
    endloop
  endfacet
  facet normal 0 0 1
    outer loop
      vertex -7.11387 2.94666 34.6
      vertex -3.45919 5.9915 34.6
      vertex -2.94666 7.11387 34.6
    endloop
  endfacet
  facet normal 0 0 1
    outer loop
      vertex -3.45919 5.9915 34.6
      vertex -7.11387 2.94666 34.6
      vertex -6.61667 0.522601 34.6
    endloop
  endfacet
  facet normal 0 0 1
    outer loop
      vertex -6.61667 0.522601 34.6
      vertex -7.11387 2.94666 34.6
      vertex -6.91839 0 34.6
    endloop
  endfacet
  facet normal -0 0 1
    outer loop
      vertex 6.61667 -0.522601 34.6
      vertex 7.11387 -2.94666 34.6
      vertex 6.91839 0 34.6
    endloop
  endfacet
  facet normal 0 0 1
    outer loop
      vertex 3.45919 -5.9915 34.6
      vertex 7.11387 -2.94666 34.6
      vertex 6.61667 -0.522601 34.6
    endloop
  endfacet
  facet normal -0 0 1
    outer loop
      vertex 3.45919 -5.9915 34.6
      vertex 2.94666 -7.11387 34.6
      vertex 7.11387 -2.94666 34.6
    endloop
  endfacet
  facet normal 0 0 1
    outer loop
      vertex 3.45919 -5.9915 34.6
      vertex -2.94666 -7.11387 34.6
      vertex 2.94666 -7.11387 34.6
    endloop
  endfacet
  facet normal -0 0 1
    outer loop
      vertex -3.45919 -5.9915 34.6
      vertex -2.94666 -7.11387 34.6
      vertex 3.45919 -5.9915 34.6
    endloop
  endfacet
  facet normal -0 0 1
    outer loop
      vertex -7.11387 -2.94666 34.6
      vertex -3.45919 -5.9915 34.6
      vertex -6.61667 -0.522601 34.6
    endloop
  endfacet
  facet normal 0 0 1
    outer loop
      vertex -7.11387 -2.94666 34.6
      vertex -6.61667 -0.522601 34.6
      vertex -6.91839 0 34.6
    endloop
  endfacet
  facet normal 0 0 1
    outer loop
      vertex -3.45919 -5.9915 34.6
      vertex -7.11387 -2.94666 34.6
      vertex -2.94666 -7.11387 34.6
    endloop
  endfacet
  facet normal 0 0 1
    outer loop
      vertex -7.11387 -2.94666 34.6
      vertex -6.91839 0 34.6
      vertex -7.11387 2.94666 34.6
    endloop
  endfacet
  facet normal 0.801053 -0 0.598593
    outer loop
      vertex 7.11387 -2.94666 34.6
      vertex 8.13014 3.36761 33.24
      vertex 7.11387 2.94666 34.6
    endloop
  endfacet
  facet normal 0.801053 0 0.598593
    outer loop
      vertex 8.13014 3.36761 33.24
      vertex 7.11387 -2.94666 34.6
      vertex 8.13014 -3.36761 33.24
    endloop
  endfacet
  facet normal 0 0.801053 0.598593
    outer loop
      vertex 3.36761 8.13014 33.24
      vertex -2.94666 7.11387 34.6
      vertex 2.94666 7.11387 34.6
    endloop
  endfacet
  facet normal 0 0.801053 0.598593
    outer loop
      vertex -2.94666 7.11387 34.6
      vertex 3.36761 8.13014 33.24
      vertex -3.36761 8.13014 33.24
    endloop
  endfacet
  facet normal 0.566431 -0.566431 0.598592
    outer loop
      vertex 7.11387 -2.94666 34.6
      vertex 3.36761 -8.13014 33.24
      vertex 8.13014 -3.36761 33.24
    endloop
  endfacet
  facet normal 0.566431 -0.566431 0.598592
    outer loop
      vertex 3.36761 -8.13014 33.24
      vertex 7.11387 -2.94666 34.6
      vertex 2.94666 -7.11387 34.6
    endloop
  endfacet
  facet normal -0.801053 0 0.598593
    outer loop
      vertex -8.13014 3.36761 33.24
      vertex -7.11387 -2.94666 34.6
      vertex -7.11387 2.94666 34.6
    endloop
  endfacet
  facet normal -0.801053 0 0.598593
    outer loop
      vertex -7.11387 -2.94666 34.6
      vertex -8.13014 3.36761 33.24
      vertex -8.13014 -3.36761 33.24
    endloop
  endfacet
  facet normal -0.566431 0.566431 0.598592
    outer loop
      vertex -3.36761 8.13014 33.24
      vertex -7.11387 2.94666 34.6
      vertex -2.94666 7.11387 34.6
    endloop
  endfacet
  facet normal -0.566431 0.566431 0.598592
    outer loop
      vertex -7.11387 2.94666 34.6
      vertex -3.36761 8.13014 33.24
      vertex -8.13014 3.36761 33.24
    endloop
  endfacet
  facet normal 0.782917 0.452019 -0.427457
    outer loop
      vertex 6.61667 0.522601 34.6
      vertex 3.45919 5.9915 34.6
      vertex 5.25 9.09327 41.16
    endloop
  endfacet
  facet normal 0 -0.904036 -0.427456
    outer loop
      vertex -3.45919 -5.9915 34.6
      vertex 5.25 -9.09327 41.16
      vertex -5.25 -9.09327 41.16
    endloop
  endfacet
  facet normal 0 -0.904036 -0.427456
    outer loop
      vertex 5.25 -9.09327 41.16
      vertex -3.45919 -5.9915 34.6
      vertex 3.45919 -5.9915 34.6
    endloop
  endfacet
  facet normal 0.782919 0.452018 -0.427455
    outer loop
      vertex 10.5 0 41.16
      vertex 6.61667 0.522601 34.6
      vertex 5.25 9.09327 41.16
    endloop
  endfacet
  facet normal 0.78292 0.452014 -0.427457
    outer loop
      vertex 6.61667 0.522601 34.6
      vertex 10.5 0 41.16
      vertex 6.91839 0 34.6
    endloop
  endfacet
  facet normal 0.782917 -0.452019 -0.427457
    outer loop
      vertex 5.25 -9.09327 41.16
      vertex 3.45919 -5.9915 34.6
      vertex 6.61667 -0.522601 34.6
    endloop
  endfacet
  facet normal 0 1 -0
    outer loop
      vertex 5.25 9.09327 41.16
      vertex -5.25 9.09327 42.24
      vertex 5.25 9.09327 42.24
    endloop
  endfacet
  facet normal 0 1 0
    outer loop
      vertex -5.25 9.09327 42.24
      vertex 5.25 9.09327 41.16
      vertex -5.25 9.09327 41.16
    endloop
  endfacet
  facet normal 0 0.904036 -0.427456
    outer loop
      vertex 3.45919 5.9915 34.6
      vertex -5.25 9.09327 41.16
      vertex 5.25 9.09327 41.16
    endloop
  endfacet
  facet normal 0 0.904036 -0.427456
    outer loop
      vertex -5.25 9.09327 41.16
      vertex 3.45919 5.9915 34.6
      vertex -3.45919 5.9915 34.6
    endloop
  endfacet
  facet normal 0.866025 -0.5 0
    outer loop
      vertex 5.25 -9.09327 42.24
      vertex 10.5 0 41.16
      vertex 10.5 0 42.24
    endloop
  endfacet
  facet normal 0.866025 -0.5 0
    outer loop
      vertex 10.5 0 41.16
      vertex 5.25 -9.09327 42.24
      vertex 5.25 -9.09327 41.16
    endloop
  endfacet
  facet normal 0.866025 0.5 0
    outer loop
      vertex 10.5 0 42.24
      vertex 5.25 9.09327 41.16
      vertex 5.25 9.09327 42.24
    endloop
  endfacet
  facet normal 0.866025 0.5 0
    outer loop
      vertex 5.25 9.09327 41.16
      vertex 10.5 0 42.24
      vertex 10.5 0 41.16
    endloop
  endfacet
  facet normal 0 -1 0
    outer loop
      vertex -5.25 -9.09327 41.16
      vertex 5.25 -9.09327 42.24
      vertex -5.25 -9.09327 42.24
    endloop
  endfacet
  facet normal 0 -1 -0
    outer loop
      vertex 5.25 -9.09327 42.24
      vertex -5.25 -9.09327 41.16
      vertex 5.25 -9.09327 41.16
    endloop
  endfacet
  facet normal -0.782917 0.452019 -0.427457
    outer loop
      vertex -3.45919 5.9915 34.6
      vertex -6.61667 0.522601 34.6
      vertex -5.25 9.09327 41.16
    endloop
  endfacet
  facet normal -0.866025 -0.5 0
    outer loop
      vertex -5.25 -9.09327 41.16
      vertex -10.5 0 42.24
      vertex -10.5 0 41.16
    endloop
  endfacet
  facet normal -0.866025 -0.5 0
    outer loop
      vertex -10.5 0 42.24
      vertex -5.25 -9.09327 41.16
      vertex -5.25 -9.09327 42.24
    endloop
  endfacet
  facet normal 0.78292 -0.452014 -0.427457
    outer loop
      vertex 10.5 0 41.16
      vertex 6.61667 -0.522601 34.6
      vertex 6.91839 0 34.6
    endloop
  endfacet
  facet normal 0.782919 -0.452018 -0.427455
    outer loop
      vertex 6.61667 -0.522601 34.6
      vertex 10.5 0 41.16
      vertex 5.25 -9.09327 41.16
    endloop
  endfacet
  facet normal -0.78292 -0.452014 -0.427457
    outer loop
      vertex -6.61667 -0.522601 34.6
      vertex -10.5 0 41.16
      vertex -6.91839 0 34.6
    endloop
  endfacet
  facet normal -0.782919 -0.452018 -0.427455
    outer loop
      vertex -10.5 0 41.16
      vertex -6.61667 -0.522601 34.6
      vertex -5.25 -9.09327 41.16
    endloop
  endfacet
  facet normal -0.782917 -0.452019 -0.427457
    outer loop
      vertex -5.25 -9.09327 41.16
      vertex -6.61667 -0.522601 34.6
      vertex -3.45919 -5.9915 34.6
    endloop
  endfacet
  facet normal -0.866025 0.5 0
    outer loop
      vertex -10.5 0 41.16
      vertex -5.25 9.09327 42.24
      vertex -5.25 9.09327 41.16
    endloop
  endfacet
  facet normal -0.866025 0.5 0
    outer loop
      vertex -5.25 9.09327 42.24
      vertex -10.5 0 41.16
      vertex -10.5 0 42.24
    endloop
  endfacet
  facet normal -0.78292 0.452014 -0.427457
    outer loop
      vertex -10.5 0 41.16
      vertex -6.61667 0.522601 34.6
      vertex -6.91839 0 34.6
    endloop
  endfacet
  facet normal -0.782919 0.452018 -0.427455
    outer loop
      vertex -6.61667 0.522601 34.6
      vertex -10.5 0 41.16
      vertex -5.25 9.09327 41.16
    endloop
  endfacet
  facet normal -0.630591 0.364072 0.685425
    outer loop
      vertex -5.25 9.09327 42.24
      vertex -7.5 0 45
      vertex -3.75 6.49519 45
    endloop
  endfacet
  facet normal -0.630591 -0.364072 0.685425
    outer loop
      vertex -7.5 0 45
      vertex -10.5 0 42.24
      vertex -5.25 -9.09327 42.24
    endloop
  endfacet
  facet normal 0 0 1
    outer loop
      vertex 3.75 6.49519 45
      vertex 3.75 -6.49519 45
      vertex 7.5 0 45
    endloop
  endfacet
  facet normal -0 0 1
    outer loop
      vertex -3.75 6.49519 45
      vertex 3.75 -6.49519 45
      vertex 3.75 6.49519 45
    endloop
  endfacet
  facet normal 0 0 1
    outer loop
      vertex -3.75 6.49519 45
      vertex -3.75 -6.49519 45
      vertex 3.75 -6.49519 45
    endloop
  endfacet
  facet normal 0 -0 1
    outer loop
      vertex -3.75 -6.49519 45
      vertex -3.75 6.49519 45
      vertex -7.5 0 45
    endloop
  endfacet
  facet normal 0.630591 0.364072 0.685425
    outer loop
      vertex 10.5 0 42.24
      vertex 5.25 9.09327 42.24
      vertex 7.5 0 45
    endloop
  endfacet
  facet normal 0.630591 0.364072 0.685425
    outer loop
      vertex 5.25 9.09327 42.24
      vertex 3.75 6.49519 45
      vertex 7.5 0 45
    endloop
  endfacet
  facet normal 0.630591 -0.364072 0.685425
    outer loop
      vertex 7.5 0 45
      vertex 5.25 -9.09327 42.24
      vertex 10.5 0 42.24
    endloop
  endfacet
  facet normal 0.630591 -0.364072 0.685425
    outer loop
      vertex 7.5 0 45
      vertex 3.75 -6.49519 45
      vertex 5.25 -9.09327 42.24
    endloop
  endfacet
  facet normal -0.630591 -0.364072 0.685425
    outer loop
      vertex -3.75 -6.49519 45
      vertex -7.5 0 45
      vertex -5.25 -9.09327 42.24
    endloop
  endfacet
  facet normal 0 -0.728143 0.685425
    outer loop
      vertex -5.25 -9.09327 42.24
      vertex 3.75 -6.49519 45
      vertex -3.75 -6.49519 45
    endloop
  endfacet
  facet normal 0 -0.728143 0.685425
    outer loop
      vertex 3.75 -6.49519 45
      vertex -5.25 -9.09327 42.24
      vertex 5.25 -9.09327 42.24
    endloop
  endfacet
  facet normal -0.630591 0.364072 0.685425
    outer loop
      vertex -5.25 9.09327 42.24
      vertex -10.5 0 42.24
      vertex -7.5 0 45
    endloop
  endfacet
  facet normal 0 0.728143 0.685425
    outer loop
      vertex 5.25 9.09327 42.24
      vertex -3.75 6.49519 45
      vertex 3.75 6.49519 45
    endloop
  endfacet
  facet normal 0 0.728143 0.685425
    outer loop
      vertex -3.75 6.49519 45
      vertex 5.25 9.09327 42.24
      vertex -5.25 9.09327 42.24
    endloop
  endfacet
  facet normal -0.998026 -0.0628048 0
    outer loop
      vertex 3.1 0 0.799999
      vertex 3.07555 0.388533 3
      vertex 3.07555 0.388533 0.799999
    endloop
  endfacet
  facet normal -0.998026 -0.0628048 0
    outer loop
      vertex 3.07555 0.388533 3
      vertex 3.1 0 0.799999
      vertex 3.1 0 3
    endloop
  endfacet
  facet normal 0.998026 -0.0628048 0
    outer loop
      vertex -3.1 0 3
      vertex -3.07555 0.388533 0.799999
      vertex -3.07555 0.388533 3
    endloop
  endfacet
  facet normal 0.998026 -0.0628048 0
    outer loop
      vertex -3.07555 0.388533 0.799999
      vertex -3.1 0 3
      vertex -3.1 0 0.799999
    endloop
  endfacet
  facet normal 0 -1 0
    outer loop
      vertex -0.19465 3.09388 0.799999
      vertex 0.19465 3.09388 3
      vertex -0.19465 3.09388 3
    endloop
  endfacet
  facet normal 0 -1 -0
    outer loop
      vertex 0.19465 3.09388 3
      vertex -0.19465 3.09388 0.799999
      vertex 0.19465 3.09388 0.799999
    endloop
  endfacet
  facet normal 0 1 -0
    outer loop
      vertex 0.19465 -3.09388 0.799999
      vertex -0.19465 -3.09388 3
      vertex 0.19465 -3.09388 3
    endloop
  endfacet
  facet normal 0 1 0
    outer loop
      vertex -0.19465 -3.09388 3
      vertex 0.19465 -3.09388 0.799999
      vertex -0.19465 -3.09388 0.799999
    endloop
  endfacet
  facet normal -0.770522 0.637414 0
    outer loop
      vertex 2.2598 -2.1221 0.799999
      vertex 2.50795 -1.82213 3
      vertex 2.50795 -1.82213 0.799999
    endloop
  endfacet
  facet normal -0.770522 0.637414 0
    outer loop
      vertex 2.50795 -1.82213 3
      vertex 2.2598 -2.1221 0.799999
      vertex 2.2598 -2.1221 3
    endloop
  endfacet
  facet normal -0.684538 -0.728977 0
    outer loop
      vertex 1.97601 2.38859 0.799999
      vertex 2.2598 2.1221 3
      vertex 1.97601 2.38859 3
    endloop
  endfacet
  facet normal -0.684538 -0.728977 -0
    outer loop
      vertex 2.2598 2.1221 3
      vertex 1.97601 2.38859 0.799999
      vertex 2.2598 2.1221 0.799999
    endloop
  endfacet
  facet normal 0.684538 -0.728977 0
    outer loop
      vertex -2.2598 2.1221 0.799999
      vertex -1.97601 2.38859 3
      vertex -2.2598 2.1221 3
    endloop
  endfacet
  facet normal 0.684538 -0.728977 0
    outer loop
      vertex -1.97601 2.38859 3
      vertex -2.2598 2.1221 0.799999
      vertex -1.97601 2.38859 0.799999
    endloop
  endfacet
  facet normal 0.368117 -0.929779 0
    outer loop
      vertex -1.31992 2.80496 0.799999
      vertex -0.957952 2.94827 3
      vertex -1.31992 2.80496 3
    endloop
  endfacet
  facet normal 0.368117 -0.929779 0
    outer loop
      vertex -0.957952 2.94827 3
      vertex -1.31992 2.80496 0.799999
      vertex -0.957952 2.94827 0.799999
    endloop
  endfacet
  facet normal -0.904823 -0.425787 0
    outer loop
      vertex 2.88231 1.14119 0.799999
      vertex 2.71655 1.49344 3
      vertex 2.71655 1.49344 0.799999
    endloop
  endfacet
  facet normal -0.904823 -0.425787 0
    outer loop
      vertex 2.71655 1.49344 3
      vertex 2.88231 1.14119 0.799999
      vertex 2.88231 1.14119 3
    endloop
  endfacet
  facet normal -0.84432 -0.53584 0
    outer loop
      vertex 2.71655 1.49344 0.799999
      vertex 2.50795 1.82213 3
      vertex 2.50795 1.82213 0.799999
    endloop
  endfacet
  facet normal -0.84432 -0.53584 0
    outer loop
      vertex 2.50795 1.82213 3
      vertex 2.71655 1.49344 0.799999
      vertex 2.71655 1.49344 3
    endloop
  endfacet
  facet normal -0.368117 -0.929779 0
    outer loop
      vertex 0.957952 2.94827 0.799999
      vertex 1.31992 2.80496 3
      vertex 0.957952 2.94827 3
    endloop
  endfacet
  facet normal -0.368117 -0.929779 -0
    outer loop
      vertex 1.31992 2.80496 3
      vertex 0.957952 2.94827 0.799999
      vertex 1.31992 2.80496 0.799999
    endloop
  endfacet
  facet normal -0.587794 -0.80901 0
    outer loop
      vertex 1.66106 2.61742 0.799999
      vertex 1.97601 2.38859 3
      vertex 1.66106 2.61742 3
    endloop
  endfacet
  facet normal -0.587794 -0.80901 -0
    outer loop
      vertex 1.97601 2.38859 3
      vertex 1.66106 2.61742 0.799999
      vertex 1.97601 2.38859 0.799999
    endloop
  endfacet
  facet normal 0.904823 -0.425787 0
    outer loop
      vertex -2.88231 1.14119 3
      vertex -2.71655 1.49344 0.799999
      vertex -2.71655 1.49344 3
    endloop
  endfacet
  facet normal 0.904823 -0.425787 0
    outer loop
      vertex -2.71655 1.49344 0.799999
      vertex -2.88231 1.14119 3
      vertex -2.88231 1.14119 0.799999
    endloop
  endfacet
  facet normal 0.770522 -0.637414 0
    outer loop
      vertex -2.50795 1.82213 3
      vertex -2.2598 2.1221 0.799999
      vertex -2.2598 2.1221 3
    endloop
  endfacet
  facet normal 0.770522 -0.637414 0
    outer loop
      vertex -2.2598 2.1221 0.799999
      vertex -2.50795 1.82213 3
      vertex -2.50795 1.82213 0.799999
    endloop
  endfacet
  facet normal 0.951058 -0.309012 0
    outer loop
      vertex -3.00261 0.770938 3
      vertex -2.88231 1.14119 0.799999
      vertex -2.88231 1.14119 3
    endloop
  endfacet
  facet normal 0.951058 -0.309012 0
    outer loop
      vertex -2.88231 1.14119 0.799999
      vertex -3.00261 0.770938 3
      vertex -3.00261 0.770938 0.799999
    endloop
  endfacet
  facet normal 0.248702 -0.96858 0
    outer loop
      vertex -0.957952 2.94827 0.799999
      vertex -0.580882 3.04509 3
      vertex -0.957952 2.94827 3
    endloop
  endfacet
  facet normal 0.248702 -0.96858 0
    outer loop
      vertex -0.580882 3.04509 3
      vertex -0.957952 2.94827 0.799999
      vertex -0.580882 3.04509 0.799999
    endloop
  endfacet
  facet normal -0.368117 0.929779 0
    outer loop
      vertex 1.31992 -2.80496 0.799999
      vertex 0.957952 -2.94827 3
      vertex 1.31992 -2.80496 3
    endloop
  endfacet
  facet normal -0.368117 0.929779 0
    outer loop
      vertex 0.957952 -2.94827 3
      vertex 1.31992 -2.80496 0.799999
      vertex 0.957952 -2.94827 0.799999
    endloop
  endfacet
  facet normal -0.951058 -0.309012 0
    outer loop
      vertex 3.00261 0.770938 0.799999
      vertex 2.88231 1.14119 3
      vertex 2.88231 1.14119 0.799999
    endloop
  endfacet
  facet normal -0.951058 -0.309012 0
    outer loop
      vertex 2.88231 1.14119 3
      vertex 3.00261 0.770938 0.799999
      vertex 3.00261 0.770938 3
    endloop
  endfacet
  facet normal -0.982291 -0.187362 0
    outer loop
      vertex 3.07555 0.388533 0.799999
      vertex 3.00261 0.770938 3
      vertex 3.00261 0.770938 0.799999
    endloop
  endfacet
  facet normal -0.982291 -0.187362 0
    outer loop
      vertex 3.00261 0.770938 3
      vertex 3.07555 0.388533 0.799999
      vertex 3.07555 0.388533 3
    endloop
  endfacet
  facet normal -0.770522 -0.637414 0
    outer loop
      vertex 2.50795 1.82213 0.799999
      vertex 2.2598 2.1221 3
      vertex 2.2598 2.1221 0.799999
    endloop
  endfacet
  facet normal -0.770522 -0.637414 0
    outer loop
      vertex 2.2598 2.1221 3
      vertex 2.50795 1.82213 0.799999
      vertex 2.50795 1.82213 3
    endloop
  endfacet
  facet normal -0.248702 -0.96858 0
    outer loop
      vertex 0.580882 3.04509 0.799999
      vertex 0.957952 2.94827 3
      vertex 0.580882 3.04509 3
    endloop
  endfacet
  facet normal -0.248702 -0.96858 -0
    outer loop
      vertex 0.957952 2.94827 3
      vertex 0.580882 3.04509 0.799999
      vertex 0.957952 2.94827 0.799999
    endloop
  endfacet
  facet normal -0.125327 -0.992115 0
    outer loop
      vertex 0.19465 3.09388 0.799999
      vertex 0.580882 3.04509 3
      vertex 0.19465 3.09388 3
    endloop
  endfacet
  facet normal -0.125327 -0.992115 -0
    outer loop
      vertex 0.580882 3.04509 3
      vertex 0.19465 3.09388 0.799999
      vertex 0.580882 3.04509 0.799999
    endloop
  endfacet
  facet normal -0.481747 -0.87631 0
    outer loop
      vertex 1.31992 2.80496 0.799999
      vertex 1.66106 2.61742 3
      vertex 1.31992 2.80496 3
    endloop
  endfacet
  facet normal -0.481747 -0.87631 -0
    outer loop
      vertex 1.66106 2.61742 3
      vertex 1.31992 2.80496 0.799999
      vertex 1.66106 2.61742 0.799999
    endloop
  endfacet
  facet normal 0.84432 -0.53584 0
    outer loop
      vertex -2.71655 1.49344 3
      vertex -2.50795 1.82213 0.799999
      vertex -2.50795 1.82213 3
    endloop
  endfacet
  facet normal 0.84432 -0.53584 0
    outer loop
      vertex -2.50795 1.82213 0.799999
      vertex -2.71655 1.49344 3
      vertex -2.71655 1.49344 0.799999
    endloop
  endfacet
  facet normal 0.982291 -0.187362 0
    outer loop
      vertex -3.07555 0.388533 3
      vertex -3.00261 0.770938 0.799999
      vertex -3.00261 0.770938 3
    endloop
  endfacet
  facet normal 0.982291 -0.187362 0
    outer loop
      vertex -3.00261 0.770938 0.799999
      vertex -3.07555 0.388533 3
      vertex -3.07555 0.388533 0.799999
    endloop
  endfacet
  facet normal 0 0 -1
    outer loop
      vertex 3.07555 -0.388533 3
      vertex 3.07555 0.388533 3
      vertex 3.1 0 3
    endloop
  endfacet
  facet normal 0 0 -1
    outer loop
      vertex 3.00261 -0.770938 3
      vertex 3.07555 0.388533 3
      vertex 3.07555 -0.388533 3
    endloop
  endfacet
  facet normal 0 0 -1
    outer loop
      vertex 3.00261 -0.770938 3
      vertex 3.00261 0.770938 3
      vertex 3.07555 0.388533 3
    endloop
  endfacet
  facet normal 0 0 -1
    outer loop
      vertex 2.88231 -1.14119 3
      vertex 3.00261 0.770938 3
      vertex 3.00261 -0.770938 3
    endloop
  endfacet
  facet normal 0 0 -1
    outer loop
      vertex 2.88231 -1.14119 3
      vertex 2.88231 1.14119 3
      vertex 3.00261 0.770938 3
    endloop
  endfacet
  facet normal 0 0 -1
    outer loop
      vertex 2.71655 -1.49344 3
      vertex 2.88231 1.14119 3
      vertex 2.88231 -1.14119 3
    endloop
  endfacet
  facet normal 0 0 -1
    outer loop
      vertex 2.71655 -1.49344 3
      vertex 2.71655 1.49344 3
      vertex 2.88231 1.14119 3
    endloop
  endfacet
  facet normal 0 0 -1
    outer loop
      vertex 2.50795 -1.82213 3
      vertex 2.71655 1.49344 3
      vertex 2.71655 -1.49344 3
    endloop
  endfacet
  facet normal 0 0 -1
    outer loop
      vertex 2.50795 -1.82213 3
      vertex 2.50795 1.82213 3
      vertex 2.71655 1.49344 3
    endloop
  endfacet
  facet normal 0 0 -1
    outer loop
      vertex 2.2598 -2.1221 3
      vertex 2.50795 1.82213 3
      vertex 2.50795 -1.82213 3
    endloop
  endfacet
  facet normal 0 0 -1
    outer loop
      vertex 2.2598 -2.1221 3
      vertex 2.2598 2.1221 3
      vertex 2.50795 1.82213 3
    endloop
  endfacet
  facet normal 0 0 -1
    outer loop
      vertex 1.97601 -2.38859 3
      vertex 2.2598 2.1221 3
      vertex 2.2598 -2.1221 3
    endloop
  endfacet
  facet normal 0 0 -1
    outer loop
      vertex 1.97601 -2.38859 3
      vertex 1.97601 2.38859 3
      vertex 2.2598 2.1221 3
    endloop
  endfacet
  facet normal 0 0 -1
    outer loop
      vertex 1.66106 -2.61742 3
      vertex 1.97601 2.38859 3
      vertex 1.97601 -2.38859 3
    endloop
  endfacet
  facet normal 0 0 -1
    outer loop
      vertex 1.66106 -2.61742 3
      vertex 1.66106 2.61742 3
      vertex 1.97601 2.38859 3
    endloop
  endfacet
  facet normal 0 0 -1
    outer loop
      vertex 1.31992 -2.80496 3
      vertex 1.66106 2.61742 3
      vertex 1.66106 -2.61742 3
    endloop
  endfacet
  facet normal 0 0 -1
    outer loop
      vertex 1.31992 -2.80496 3
      vertex 1.31992 2.80496 3
      vertex 1.66106 2.61742 3
    endloop
  endfacet
  facet normal 0 0 -1
    outer loop
      vertex 0.957952 -2.94827 3
      vertex 1.31992 2.80496 3
      vertex 1.31992 -2.80496 3
    endloop
  endfacet
  facet normal 0 0 -1
    outer loop
      vertex 0.957952 -2.94827 3
      vertex 0.957952 2.94827 3
      vertex 1.31992 2.80496 3
    endloop
  endfacet
  facet normal 0 0 -1
    outer loop
      vertex 0.580882 -3.04509 3
      vertex 0.957952 2.94827 3
      vertex 0.957952 -2.94827 3
    endloop
  endfacet
  facet normal 0 0 -1
    outer loop
      vertex 0.580882 -3.04509 3
      vertex 0.580882 3.04509 3
      vertex 0.957952 2.94827 3
    endloop
  endfacet
  facet normal 0 0 -1
    outer loop
      vertex 0.19465 -3.09388 3
      vertex 0.580882 3.04509 3
      vertex 0.580882 -3.04509 3
    endloop
  endfacet
  facet normal 0 0 -1
    outer loop
      vertex 0.19465 -3.09388 3
      vertex 0.19465 3.09388 3
      vertex 0.580882 3.04509 3
    endloop
  endfacet
  facet normal 0 0 -1
    outer loop
      vertex -0.19465 -3.09388 3
      vertex 0.19465 3.09388 3
      vertex 0.19465 -3.09388 3
    endloop
  endfacet
  facet normal 0 0 -1
    outer loop
      vertex -0.19465 -3.09388 3
      vertex -0.19465 3.09388 3
      vertex 0.19465 3.09388 3
    endloop
  endfacet
  facet normal 0 0 -1
    outer loop
      vertex -0.580882 -3.04509 3
      vertex -0.19465 3.09388 3
      vertex -0.19465 -3.09388 3
    endloop
  endfacet
  facet normal 0 0 -1
    outer loop
      vertex -0.580882 -3.04509 3
      vertex -0.580882 3.04509 3
      vertex -0.19465 3.09388 3
    endloop
  endfacet
  facet normal 0 0 -1
    outer loop
      vertex -0.957952 -2.94827 3
      vertex -0.580882 3.04509 3
      vertex -0.580882 -3.04509 3
    endloop
  endfacet
  facet normal 0 0 -1
    outer loop
      vertex -0.957952 -2.94827 3
      vertex -0.957952 2.94827 3
      vertex -0.580882 3.04509 3
    endloop
  endfacet
  facet normal 0 0 -1
    outer loop
      vertex -1.31992 -2.80496 3
      vertex -0.957952 2.94827 3
      vertex -0.957952 -2.94827 3
    endloop
  endfacet
  facet normal 0 0 -1
    outer loop
      vertex -1.31992 -2.80496 3
      vertex -1.31992 2.80496 3
      vertex -0.957952 2.94827 3
    endloop
  endfacet
  facet normal 0 0 -1
    outer loop
      vertex -1.66106 -2.61742 3
      vertex -1.31992 2.80496 3
      vertex -1.31992 -2.80496 3
    endloop
  endfacet
  facet normal 0 0 -1
    outer loop
      vertex -1.66106 -2.61742 3
      vertex -1.66106 2.61742 3
      vertex -1.31992 2.80496 3
    endloop
  endfacet
  facet normal 0 0 -1
    outer loop
      vertex -1.97601 -2.38859 3
      vertex -1.66106 2.61742 3
      vertex -1.66106 -2.61742 3
    endloop
  endfacet
  facet normal 0 0 -1
    outer loop
      vertex -1.97601 -2.38859 3
      vertex -1.97601 2.38859 3
      vertex -1.66106 2.61742 3
    endloop
  endfacet
  facet normal 0 0 -1
    outer loop
      vertex -2.2598 -2.1221 3
      vertex -1.97601 2.38859 3
      vertex -1.97601 -2.38859 3
    endloop
  endfacet
  facet normal 0 0 -1
    outer loop
      vertex -2.2598 -2.1221 3
      vertex -2.2598 2.1221 3
      vertex -1.97601 2.38859 3
    endloop
  endfacet
  facet normal 0 0 -1
    outer loop
      vertex -2.50795 -1.82213 3
      vertex -2.2598 2.1221 3
      vertex -2.2598 -2.1221 3
    endloop
  endfacet
  facet normal 0 0 -1
    outer loop
      vertex -2.50795 -1.82213 3
      vertex -2.50795 1.82213 3
      vertex -2.2598 2.1221 3
    endloop
  endfacet
  facet normal 0 0 -1
    outer loop
      vertex -2.71655 -1.49344 3
      vertex -2.50795 1.82213 3
      vertex -2.50795 -1.82213 3
    endloop
  endfacet
  facet normal 0 0 -1
    outer loop
      vertex -2.71655 -1.49344 3
      vertex -2.71655 1.49344 3
      vertex -2.50795 1.82213 3
    endloop
  endfacet
  facet normal 0 0 -1
    outer loop
      vertex -2.88231 -1.14119 3
      vertex -2.71655 1.49344 3
      vertex -2.71655 -1.49344 3
    endloop
  endfacet
  facet normal 0 0 -1
    outer loop
      vertex -2.88231 -1.14119 3
      vertex -2.88231 1.14119 3
      vertex -2.71655 1.49344 3
    endloop
  endfacet
  facet normal 0 0 -1
    outer loop
      vertex -3.00261 -0.770938 3
      vertex -2.88231 1.14119 3
      vertex -2.88231 -1.14119 3
    endloop
  endfacet
  facet normal 0 0 -1
    outer loop
      vertex -3.00261 -0.770938 3
      vertex -3.00261 0.770938 3
      vertex -2.88231 1.14119 3
    endloop
  endfacet
  facet normal 0 0 -1
    outer loop
      vertex -3.07555 -0.388533 3
      vertex -3.00261 0.770938 3
      vertex -3.00261 -0.770938 3
    endloop
  endfacet
  facet normal 0 0 -1
    outer loop
      vertex -3.07555 -0.388533 3
      vertex -3.07555 0.388533 3
      vertex -3.00261 0.770938 3
    endloop
  endfacet
  facet normal 0 -0 -1
    outer loop
      vertex -3.07555 0.388533 3
      vertex -3.07555 -0.388533 3
      vertex -3.1 0 3
    endloop
  endfacet
  facet normal 0.481747 -0.87631 0
    outer loop
      vertex -1.66106 2.61742 0.799999
      vertex -1.31992 2.80496 3
      vertex -1.66106 2.61742 3
    endloop
  endfacet
  facet normal 0.481747 -0.87631 0
    outer loop
      vertex -1.31992 2.80496 3
      vertex -1.66106 2.61742 0.799999
      vertex -1.31992 2.80496 0.799999
    endloop
  endfacet
  facet normal 0.587794 -0.80901 0
    outer loop
      vertex -1.97601 2.38859 0.799999
      vertex -1.66106 2.61742 3
      vertex -1.97601 2.38859 3
    endloop
  endfacet
  facet normal 0.587794 -0.80901 0
    outer loop
      vertex -1.66106 2.61742 3
      vertex -1.97601 2.38859 0.799999
      vertex -1.66106 2.61742 0.799999
    endloop
  endfacet
  facet normal 0.125327 -0.992115 0
    outer loop
      vertex -0.580882 3.04509 0.799999
      vertex -0.19465 3.09388 3
      vertex -0.580882 3.04509 3
    endloop
  endfacet
  facet normal 0.125327 -0.992115 0
    outer loop
      vertex -0.19465 3.09388 3
      vertex -0.580882 3.04509 0.799999
      vertex -0.19465 3.09388 0.799999
    endloop
  endfacet
  facet normal -0.998026 0.0628048 0
    outer loop
      vertex 3.07555 -0.388533 0.799999
      vertex 3.1 0 3
      vertex 3.1 0 0.799999
    endloop
  endfacet
  facet normal -0.998026 0.0628048 0
    outer loop
      vertex 3.1 0 3
      vertex 3.07555 -0.388533 0.799999
      vertex 3.07555 -0.388533 3
    endloop
  endfacet
  facet normal -0.951058 0.309012 0
    outer loop
      vertex 2.88231 -1.14119 0.799999
      vertex 3.00261 -0.770938 3
      vertex 3.00261 -0.770938 0.799999
    endloop
  endfacet
  facet normal -0.951058 0.309012 0
    outer loop
      vertex 3.00261 -0.770938 3
      vertex 2.88231 -1.14119 0.799999
      vertex 2.88231 -1.14119 3
    endloop
  endfacet
  facet normal -0.982291 0.187362 0
    outer loop
      vertex 3.00261 -0.770938 0.799999
      vertex 3.07555 -0.388533 3
      vertex 3.07555 -0.388533 0.799999
    endloop
  endfacet
  facet normal -0.982291 0.187362 0
    outer loop
      vertex 3.07555 -0.388533 3
      vertex 3.00261 -0.770938 0.799999
      vertex 3.00261 -0.770938 3
    endloop
  endfacet
  facet normal 0.904823 0.425787 0
    outer loop
      vertex -2.71655 -1.49344 3
      vertex -2.88231 -1.14119 0.799999
      vertex -2.88231 -1.14119 3
    endloop
  endfacet
  facet normal 0.904823 0.425787 0
    outer loop
      vertex -2.88231 -1.14119 0.799999
      vertex -2.71655 -1.49344 3
      vertex -2.71655 -1.49344 0.799999
    endloop
  endfacet
  facet normal 0 0 1
    outer loop
      vertex 3.07555 0.388533 0.799999
      vertex 3.07555 -0.388533 0.799999
      vertex 3.1 0 0.799999
    endloop
  endfacet
  facet normal 0 0 1
    outer loop
      vertex 3.00261 0.770938 0.799999
      vertex 3.07555 -0.388533 0.799999
      vertex 3.07555 0.388533 0.799999
    endloop
  endfacet
  facet normal 0 0 1
    outer loop
      vertex 3.00261 0.770938 0.799999
      vertex 3.00261 -0.770938 0.799999
      vertex 3.07555 -0.388533 0.799999
    endloop
  endfacet
  facet normal 0 0 1
    outer loop
      vertex 2.88231 1.14119 0.799999
      vertex 3.00261 -0.770938 0.799999
      vertex 3.00261 0.770938 0.799999
    endloop
  endfacet
  facet normal 0 0 1
    outer loop
      vertex 2.88231 1.14119 0.799999
      vertex 2.88231 -1.14119 0.799999
      vertex 3.00261 -0.770938 0.799999
    endloop
  endfacet
  facet normal 0 0 1
    outer loop
      vertex 2.71655 1.49344 0.799999
      vertex 2.88231 -1.14119 0.799999
      vertex 2.88231 1.14119 0.799999
    endloop
  endfacet
  facet normal 0 0 1
    outer loop
      vertex 2.71655 1.49344 0.799999
      vertex 2.71655 -1.49344 0.799999
      vertex 2.88231 -1.14119 0.799999
    endloop
  endfacet
  facet normal 0 0 1
    outer loop
      vertex 2.50795 1.82213 0.799999
      vertex 2.71655 -1.49344 0.799999
      vertex 2.71655 1.49344 0.799999
    endloop
  endfacet
  facet normal 0 0 1
    outer loop
      vertex 2.50795 1.82213 0.799999
      vertex 2.50795 -1.82213 0.799999
      vertex 2.71655 -1.49344 0.799999
    endloop
  endfacet
  facet normal 0 0 1
    outer loop
      vertex 2.2598 2.1221 0.799999
      vertex 2.50795 -1.82213 0.799999
      vertex 2.50795 1.82213 0.799999
    endloop
  endfacet
  facet normal 0 0 1
    outer loop
      vertex 2.2598 2.1221 0.799999
      vertex 2.2598 -2.1221 0.799999
      vertex 2.50795 -1.82213 0.799999
    endloop
  endfacet
  facet normal 0 0 1
    outer loop
      vertex 1.97601 2.38859 0.799999
      vertex 2.2598 -2.1221 0.799999
      vertex 2.2598 2.1221 0.799999
    endloop
  endfacet
  facet normal 0 0 1
    outer loop
      vertex 1.97601 2.38859 0.799999
      vertex 1.97601 -2.38859 0.799999
      vertex 2.2598 -2.1221 0.799999
    endloop
  endfacet
  facet normal 0 0 1
    outer loop
      vertex 1.66106 2.61742 0.799999
      vertex 1.97601 -2.38859 0.799999
      vertex 1.97601 2.38859 0.799999
    endloop
  endfacet
  facet normal 0 0 1
    outer loop
      vertex 1.66106 2.61742 0.799999
      vertex 1.66106 -2.61742 0.799999
      vertex 1.97601 -2.38859 0.799999
    endloop
  endfacet
  facet normal 0 0 1
    outer loop
      vertex 1.31992 2.80496 0.799999
      vertex 1.66106 -2.61742 0.799999
      vertex 1.66106 2.61742 0.799999
    endloop
  endfacet
  facet normal 0 0 1
    outer loop
      vertex 1.31992 2.80496 0.799999
      vertex 1.31992 -2.80496 0.799999
      vertex 1.66106 -2.61742 0.799999
    endloop
  endfacet
  facet normal 0 0 1
    outer loop
      vertex 0.957952 2.94827 0.799999
      vertex 1.31992 -2.80496 0.799999
      vertex 1.31992 2.80496 0.799999
    endloop
  endfacet
  facet normal 0 0 1
    outer loop
      vertex 0.957952 2.94827 0.799999
      vertex 0.957952 -2.94827 0.799999
      vertex 1.31992 -2.80496 0.799999
    endloop
  endfacet
  facet normal 0 0 1
    outer loop
      vertex 0.580882 3.04509 0.799999
      vertex 0.957952 -2.94827 0.799999
      vertex 0.957952 2.94827 0.799999
    endloop
  endfacet
  facet normal 0 0 1
    outer loop
      vertex 0.580882 3.04509 0.799999
      vertex 0.580882 -3.04509 0.799999
      vertex 0.957952 -2.94827 0.799999
    endloop
  endfacet
  facet normal 0 0 1
    outer loop
      vertex 0.19465 3.09388 0.799999
      vertex 0.580882 -3.04509 0.799999
      vertex 0.580882 3.04509 0.799999
    endloop
  endfacet
  facet normal 0 0 1
    outer loop
      vertex 0.19465 3.09388 0.799999
      vertex 0.19465 -3.09388 0.799999
      vertex 0.580882 -3.04509 0.799999
    endloop
  endfacet
  facet normal -0 0 1
    outer loop
      vertex -0.19465 3.09388 0.799999
      vertex 0.19465 -3.09388 0.799999
      vertex 0.19465 3.09388 0.799999
    endloop
  endfacet
  facet normal 0 0 1
    outer loop
      vertex -0.19465 3.09388 0.799999
      vertex -0.19465 -3.09388 0.799999
      vertex 0.19465 -3.09388 0.799999
    endloop
  endfacet
  facet normal -0 0 1
    outer loop
      vertex -0.580882 3.04509 0.799999
      vertex -0.19465 -3.09388 0.799999
      vertex -0.19465 3.09388 0.799999
    endloop
  endfacet
  facet normal 0 0 1
    outer loop
      vertex -0.580882 3.04509 0.799999
      vertex -0.580882 -3.04509 0.799999
      vertex -0.19465 -3.09388 0.799999
    endloop
  endfacet
  facet normal -0 0 1
    outer loop
      vertex -0.957952 2.94827 0.799999
      vertex -0.580882 -3.04509 0.799999
      vertex -0.580882 3.04509 0.799999
    endloop
  endfacet
  facet normal 0 0 1
    outer loop
      vertex -0.957952 2.94827 0.799999
      vertex -0.957952 -2.94827 0.799999
      vertex -0.580882 -3.04509 0.799999
    endloop
  endfacet
  facet normal -0 0 1
    outer loop
      vertex -1.31992 2.80496 0.799999
      vertex -0.957952 -2.94827 0.799999
      vertex -0.957952 2.94827 0.799999
    endloop
  endfacet
  facet normal 0 0 1
    outer loop
      vertex -1.31992 2.80496 0.799999
      vertex -1.31992 -2.80496 0.799999
      vertex -0.957952 -2.94827 0.799999
    endloop
  endfacet
  facet normal -0 0 1
    outer loop
      vertex -1.66106 2.61742 0.799999
      vertex -1.31992 -2.80496 0.799999
      vertex -1.31992 2.80496 0.799999
    endloop
  endfacet
  facet normal 0 0 1
    outer loop
      vertex -1.66106 2.61742 0.799999
      vertex -1.66106 -2.61742 0.799999
      vertex -1.31992 -2.80496 0.799999
    endloop
  endfacet
  facet normal -0 0 1
    outer loop
      vertex -1.97601 2.38859 0.799999
      vertex -1.66106 -2.61742 0.799999
      vertex -1.66106 2.61742 0.799999
    endloop
  endfacet
  facet normal 0 0 1
    outer loop
      vertex -1.97601 2.38859 0.799999
      vertex -1.97601 -2.38859 0.799999
      vertex -1.66106 -2.61742 0.799999
    endloop
  endfacet
  facet normal -0 0 1
    outer loop
      vertex -2.2598 2.1221 0.799999
      vertex -1.97601 -2.38859 0.799999
      vertex -1.97601 2.38859 0.799999
    endloop
  endfacet
  facet normal 0 0 1
    outer loop
      vertex -2.2598 2.1221 0.799999
      vertex -2.2598 -2.1221 0.799999
      vertex -1.97601 -2.38859 0.799999
    endloop
  endfacet
  facet normal -0 0 1
    outer loop
      vertex -2.50795 1.82213 0.799999
      vertex -2.2598 -2.1221 0.799999
      vertex -2.2598 2.1221 0.799999
    endloop
  endfacet
  facet normal 0 0 1
    outer loop
      vertex -2.50795 1.82213 0.799999
      vertex -2.50795 -1.82213 0.799999
      vertex -2.2598 -2.1221 0.799999
    endloop
  endfacet
  facet normal -0 0 1
    outer loop
      vertex -2.71655 1.49344 0.799999
      vertex -2.50795 -1.82213 0.799999
      vertex -2.50795 1.82213 0.799999
    endloop
  endfacet
  facet normal 0 0 1
    outer loop
      vertex -2.71655 1.49344 0.799999
      vertex -2.71655 -1.49344 0.799999
      vertex -2.50795 -1.82213 0.799999
    endloop
  endfacet
  facet normal -0 0 1
    outer loop
      vertex -2.88231 1.14119 0.799999
      vertex -2.71655 -1.49344 0.799999
      vertex -2.71655 1.49344 0.799999
    endloop
  endfacet
  facet normal 0 0 1
    outer loop
      vertex -2.88231 1.14119 0.799999
      vertex -2.88231 -1.14119 0.799999
      vertex -2.71655 -1.49344 0.799999
    endloop
  endfacet
  facet normal -0 0 1
    outer loop
      vertex -3.00261 0.770938 0.799999
      vertex -2.88231 -1.14119 0.799999
      vertex -2.88231 1.14119 0.799999
    endloop
  endfacet
  facet normal 0 0 1
    outer loop
      vertex -3.00261 0.770938 0.799999
      vertex -3.00261 -0.770938 0.799999
      vertex -2.88231 -1.14119 0.799999
    endloop
  endfacet
  facet normal -0 0 1
    outer loop
      vertex -3.07555 0.388533 0.799999
      vertex -3.00261 -0.770938 0.799999
      vertex -3.00261 0.770938 0.799999
    endloop
  endfacet
  facet normal 0 0 1
    outer loop
      vertex -3.07555 0.388533 0.799999
      vertex -3.07555 -0.388533 0.799999
      vertex -3.00261 -0.770938 0.799999
    endloop
  endfacet
  facet normal 0 -0 1
    outer loop
      vertex -3.07555 -0.388533 0.799999
      vertex -3.07555 0.388533 0.799999
      vertex -3.1 0 0.799999
    endloop
  endfacet
  facet normal -0.587794 0.80901 0
    outer loop
      vertex 1.97601 -2.38859 0.799999
      vertex 1.66106 -2.61742 3
      vertex 1.97601 -2.38859 3
    endloop
  endfacet
  facet normal -0.587794 0.80901 0
    outer loop
      vertex 1.66106 -2.61742 3
      vertex 1.97601 -2.38859 0.799999
      vertex 1.66106 -2.61742 0.799999
    endloop
  endfacet
  facet normal -0.84432 0.53584 0
    outer loop
      vertex 2.50795 -1.82213 0.799999
      vertex 2.71655 -1.49344 3
      vertex 2.71655 -1.49344 0.799999
    endloop
  endfacet
  facet normal -0.84432 0.53584 0
    outer loop
      vertex 2.71655 -1.49344 3
      vertex 2.50795 -1.82213 0.799999
      vertex 2.50795 -1.82213 3
    endloop
  endfacet
  facet normal 0.951058 0.309012 0
    outer loop
      vertex -2.88231 -1.14119 3
      vertex -3.00261 -0.770938 0.799999
      vertex -3.00261 -0.770938 3
    endloop
  endfacet
  facet normal 0.951058 0.309012 0
    outer loop
      vertex -3.00261 -0.770938 0.799999
      vertex -2.88231 -1.14119 3
      vertex -2.88231 -1.14119 0.799999
    endloop
  endfacet
  facet normal 0.998026 0.0628048 0
    outer loop
      vertex -3.07555 -0.388533 3
      vertex -3.1 0 0.799999
      vertex -3.1 0 3
    endloop
  endfacet
  facet normal 0.998026 0.0628048 0
    outer loop
      vertex -3.1 0 0.799999
      vertex -3.07555 -0.388533 3
      vertex -3.07555 -0.388533 0.799999
    endloop
  endfacet
  facet normal -0.125327 0.992115 0
    outer loop
      vertex 0.580882 -3.04509 0.799999
      vertex 0.19465 -3.09388 3
      vertex 0.580882 -3.04509 3
    endloop
  endfacet
  facet normal -0.125327 0.992115 0
    outer loop
      vertex 0.19465 -3.09388 3
      vertex 0.580882 -3.04509 0.799999
      vertex 0.19465 -3.09388 0.799999
    endloop
  endfacet
  facet normal -0.684538 0.728977 0
    outer loop
      vertex 2.2598 -2.1221 0.799999
      vertex 1.97601 -2.38859 3
      vertex 2.2598 -2.1221 3
    endloop
  endfacet
  facet normal -0.684538 0.728977 0
    outer loop
      vertex 1.97601 -2.38859 3
      vertex 2.2598 -2.1221 0.799999
      vertex 1.97601 -2.38859 0.799999
    endloop
  endfacet
  facet normal -0.481747 0.87631 0
    outer loop
      vertex 1.66106 -2.61742 0.799999
      vertex 1.31992 -2.80496 3
      vertex 1.66106 -2.61742 3
    endloop
  endfacet
  facet normal -0.481747 0.87631 0
    outer loop
      vertex 1.31992 -2.80496 3
      vertex 1.66106 -2.61742 0.799999
      vertex 1.31992 -2.80496 0.799999
    endloop
  endfacet
  facet normal -0.904823 0.425787 0
    outer loop
      vertex 2.71655 -1.49344 0.799999
      vertex 2.88231 -1.14119 3
      vertex 2.88231 -1.14119 0.799999
    endloop
  endfacet
  facet normal -0.904823 0.425787 0
    outer loop
      vertex 2.88231 -1.14119 3
      vertex 2.71655 -1.49344 0.799999
      vertex 2.71655 -1.49344 3
    endloop
  endfacet
  facet normal 0.125327 0.992115 -0
    outer loop
      vertex -0.19465 -3.09388 0.799999
      vertex -0.580882 -3.04509 3
      vertex -0.19465 -3.09388 3
    endloop
  endfacet
  facet normal 0.125327 0.992115 0
    outer loop
      vertex -0.580882 -3.04509 3
      vertex -0.19465 -3.09388 0.799999
      vertex -0.580882 -3.04509 0.799999
    endloop
  endfacet
  facet normal 0.368117 0.929779 -0
    outer loop
      vertex -0.957952 -2.94827 0.799999
      vertex -1.31992 -2.80496 3
      vertex -0.957952 -2.94827 3
    endloop
  endfacet
  facet normal 0.368117 0.929779 0
    outer loop
      vertex -1.31992 -2.80496 3
      vertex -0.957952 -2.94827 0.799999
      vertex -1.31992 -2.80496 0.799999
    endloop
  endfacet
  facet normal 0.587794 0.80901 -0
    outer loop
      vertex -1.66106 -2.61742 0.799999
      vertex -1.97601 -2.38859 3
      vertex -1.66106 -2.61742 3
    endloop
  endfacet
  facet normal 0.587794 0.80901 0
    outer loop
      vertex -1.97601 -2.38859 3
      vertex -1.66106 -2.61742 0.799999
      vertex -1.97601 -2.38859 0.799999
    endloop
  endfacet
  facet normal 0.248702 0.96858 -0
    outer loop
      vertex -0.580882 -3.04509 0.799999
      vertex -0.957952 -2.94827 3
      vertex -0.580882 -3.04509 3
    endloop
  endfacet
  facet normal 0.248702 0.96858 0
    outer loop
      vertex -0.957952 -2.94827 3
      vertex -0.580882 -3.04509 0.799999
      vertex -0.957952 -2.94827 0.799999
    endloop
  endfacet
  facet normal 0.770522 0.637414 0
    outer loop
      vertex -2.2598 -2.1221 3
      vertex -2.50795 -1.82213 0.799999
      vertex -2.50795 -1.82213 3
    endloop
  endfacet
  facet normal 0.770522 0.637414 0
    outer loop
      vertex -2.50795 -1.82213 0.799999
      vertex -2.2598 -2.1221 3
      vertex -2.2598 -2.1221 0.799999
    endloop
  endfacet
  facet normal 0.684538 0.728977 -0
    outer loop
      vertex -1.97601 -2.38859 0.799999
      vertex -2.2598 -2.1221 3
      vertex -1.97601 -2.38859 3
    endloop
  endfacet
  facet normal 0.684538 0.728977 0
    outer loop
      vertex -2.2598 -2.1221 3
      vertex -1.97601 -2.38859 0.799999
      vertex -2.2598 -2.1221 0.799999
    endloop
  endfacet
  facet normal 0.982291 0.187362 0
    outer loop
      vertex -3.00261 -0.770938 3
      vertex -3.07555 -0.388533 0.799999
      vertex -3.07555 -0.388533 3
    endloop
  endfacet
  facet normal 0.982291 0.187362 0
    outer loop
      vertex -3.07555 -0.388533 0.799999
      vertex -3.00261 -0.770938 3
      vertex -3.00261 -0.770938 0.799999
    endloop
  endfacet
  facet normal -0.248702 0.96858 0
    outer loop
      vertex 0.957952 -2.94827 0.799999
      vertex 0.580882 -3.04509 3
      vertex 0.957952 -2.94827 3
    endloop
  endfacet
  facet normal -0.248702 0.96858 0
    outer loop
      vertex 0.580882 -3.04509 3
      vertex 0.957952 -2.94827 0.799999
      vertex 0.580882 -3.04509 0.799999
    endloop
  endfacet
  facet normal 0.481747 0.87631 -0
    outer loop
      vertex -1.31992 -2.80496 0.799999
      vertex -1.66106 -2.61742 3
      vertex -1.31992 -2.80496 3
    endloop
  endfacet
  facet normal 0.481747 0.87631 0
    outer loop
      vertex -1.66106 -2.61742 3
      vertex -1.31992 -2.80496 0.799999
      vertex -1.66106 -2.61742 0.799999
    endloop
  endfacet
  facet normal 0.84432 0.53584 0
    outer loop
      vertex -2.50795 -1.82213 3
      vertex -2.71655 -1.49344 0.799999
      vertex -2.71655 -1.49344 3
    endloop
  endfacet
  facet normal 0.84432 0.53584 0
    outer loop
      vertex -2.71655 -1.49344 0.799999
      vertex -2.50795 -1.82213 3
      vertex -2.50795 -1.82213 0.799999
    endloop
  endfacet
  facet normal 0 1 -0
    outer loop
      vertex 47.3576 12.9343 0
      vertex 36.6424 12.9343 3.84
      vertex 47.3576 12.9343 3.84
    endloop
  endfacet
  facet normal 0 1 0
    outer loop
      vertex 36.6424 12.9343 3.84
      vertex 47.3576 12.9343 0
      vertex 36.6424 12.9343 0
    endloop
  endfacet
  facet normal 0.707108 0.707105 0
    outer loop
      vertex 54.9343 5.35757 3.84
      vertex 47.3576 12.9343 0
      vertex 47.3576 12.9343 3.84
    endloop
  endfacet
  facet normal 0.707108 0.707105 0
    outer loop
      vertex 47.3576 12.9343 0
      vertex 54.9343 5.35757 3.84
      vertex 54.9343 5.35757 0
    endloop
  endfacet
  facet normal 1 -0 0
    outer loop
      vertex 54.9343 -5.35757 3.84
      vertex 54.9343 5.35757 0
      vertex 54.9343 5.35757 3.84
    endloop
  endfacet
  facet normal 1 0 0
    outer loop
      vertex 54.9343 5.35757 0
      vertex 54.9343 -5.35757 3.84
      vertex 54.9343 -5.35757 0
    endloop
  endfacet
  facet normal -1 0 0
    outer loop
      vertex 29.0657 -5.35757 0
      vertex 29.0657 5.35757 3.84
      vertex 29.0657 5.35757 0
    endloop
  endfacet
  facet normal -1 -0 0
    outer loop
      vertex 29.0657 5.35757 3.84
      vertex 29.0657 -5.35757 0
      vertex 29.0657 -5.35757 3.84
    endloop
  endfacet
  facet normal -0.707108 -0.707105 0
    outer loop
      vertex 29.0657 -5.35757 0
      vertex 36.6424 -12.9343 3.84
      vertex 29.0657 -5.35757 3.84
    endloop
  endfacet
  facet normal -0.707108 -0.707105 -0
    outer loop
      vertex 36.6424 -12.9343 3.84
      vertex 29.0657 -5.35757 0
      vertex 36.6424 -12.9343 0
    endloop
  endfacet
  facet normal -0.707108 0.707105 0
    outer loop
      vertex 36.6424 12.9343 0
      vertex 29.0657 5.35757 3.84
      vertex 36.6424 12.9343 3.84
    endloop
  endfacet
  facet normal -0.707108 0.707105 0
    outer loop
      vertex 29.0657 5.35757 3.84
      vertex 36.6424 12.9343 0
      vertex 29.0657 5.35757 0
    endloop
  endfacet
  facet normal 0.707108 -0.707105 0
    outer loop
      vertex 47.3576 -12.9343 3.84
      vertex 54.9343 -5.35757 0
      vertex 54.9343 -5.35757 3.84
    endloop
  endfacet
  facet normal 0.707108 -0.707105 0
    outer loop
      vertex 54.9343 -5.35757 0
      vertex 47.3576 -12.9343 3.84
      vertex 47.3576 -12.9343 0
    endloop
  endfacet
  facet normal 0 -1 0
    outer loop
      vertex 36.6424 -12.9343 0
      vertex 47.3576 -12.9343 3.84
      vertex 36.6424 -12.9343 3.84
    endloop
  endfacet
  facet normal 0 -1 -0
    outer loop
      vertex 47.3576 -12.9343 3.84
      vertex 36.6424 -12.9343 0
      vertex 47.3576 -12.9343 0
    endloop
  endfacet
  facet normal 0.420093 0.420092 0.804391
    outer loop
      vertex 47.3576 12.9343 3.84
      vertex 53.3637 4.70701 5
      vertex 54.9343 5.35757 3.84
    endloop
  endfacet
  facet normal 0.420087 0.420088 0.804396
    outer loop
      vertex 53.3637 4.70701 5
      vertex 47.3576 12.9343 3.84
      vertex 46.707 11.3637 5
    endloop
  endfacet
  facet normal -0.420087 0.420088 0.804396
    outer loop
      vertex 36.6424 12.9343 3.84
      vertex 30.6363 4.70701 5
      vertex 37.293 11.3637 5
    endloop
  endfacet
  facet normal -0.420093 0.420092 0.804391
    outer loop
      vertex 30.6363 4.70701 5
      vertex 36.6424 12.9343 3.84
      vertex 29.0657 5.35757 3.84
    endloop
  endfacet
  facet normal -0.420087 -0.420088 0.804396
    outer loop
      vertex 30.6363 -4.70701 5
      vertex 36.6424 -12.9343 3.84
      vertex 37.293 -11.3637 5
    endloop
  endfacet
  facet normal -0.420093 -0.420092 0.804391
    outer loop
      vertex 36.6424 -12.9343 3.84
      vertex 30.6363 -4.70701 5
      vertex 29.0657 -5.35757 3.84
    endloop
  endfacet
  facet normal 0.420093 -0.420092 0.804391
    outer loop
      vertex 53.3637 -4.70701 5
      vertex 47.3576 -12.9343 3.84
      vertex 54.9343 -5.35757 3.84
    endloop
  endfacet
  facet normal 0.420087 -0.420088 0.804396
    outer loop
      vertex 47.3576 -12.9343 3.84
      vertex 53.3637 -4.70701 5
      vertex 46.707 -11.3637 5
    endloop
  endfacet
  facet normal 0 0.5941 0.804391
    outer loop
      vertex 47.3576 12.9343 3.84
      vertex 37.293 11.3637 5
      vertex 46.707 11.3637 5
    endloop
  endfacet
  facet normal 0 0.5941 0.804391
    outer loop
      vertex 37.293 11.3637 5
      vertex 47.3576 12.9343 3.84
      vertex 36.6424 12.9343 3.84
    endloop
  endfacet
  facet normal 0 -0.5941 0.804391
    outer loop
      vertex 37.293 -11.3637 5
      vertex 47.3576 -12.9343 3.84
      vertex 46.707 -11.3637 5
    endloop
  endfacet
  facet normal 0 -0.5941 0.804391
    outer loop
      vertex 47.3576 -12.9343 3.84
      vertex 37.293 -11.3637 5
      vertex 36.6424 -12.9343 3.84
    endloop
  endfacet
  facet normal -0.5941 0 0.804391
    outer loop
      vertex 29.0657 5.35757 3.84
      vertex 30.6363 -4.70701 5
      vertex 30.6363 4.70701 5
    endloop
  endfacet
  facet normal -0.5941 0 0.804391
    outer loop
      vertex 30.6363 -4.70701 5
      vertex 29.0657 5.35757 3.84
      vertex 29.0657 -5.35757 3.84
    endloop
  endfacet
  facet normal 0.5941 0 0.804391
    outer loop
      vertex 53.3637 4.70701 5
      vertex 54.9343 -5.35757 3.84
      vertex 54.9343 5.35757 3.84
    endloop
  endfacet
  facet normal 0.5941 0 0.804391
    outer loop
      vertex 54.9343 -5.35757 3.84
      vertex 53.3637 4.70701 5
      vertex 53.3637 -4.70701 5
    endloop
  endfacet
  facet normal 0.707106 0.707107 0
    outer loop
      vertex 53.3637 4.70701 5.04
      vertex 46.707 11.3637 5
      vertex 46.707 11.3637 5.04
    endloop
  endfacet
  facet normal 0.707106 0.707107 0
    outer loop
      vertex 46.707 11.3637 5
      vertex 53.3637 4.70701 5.04
      vertex 53.3637 4.70701 5
    endloop
  endfacet
  facet normal -0.657294 0.657297 0.36868
    outer loop
      vertex 37.293 11.3637 5.04
      vertex 32.2069 4.05644 9
      vertex 37.9436 9.79312 9
    endloop
  endfacet
  facet normal -0.657296 0.657297 0.368678
    outer loop
      vertex 32.2069 4.05644 9
      vertex 37.293 11.3637 5.04
      vertex 30.6363 4.70701 5.04
    endloop
  endfacet
  facet normal 0.657295 -0.657297 0.368678
    outer loop
      vertex 46.0564 -9.79312 9
      vertex 53.3637 -4.70701 5.04
      vertex 51.7931 -4.05644 9
    endloop
  endfacet
  facet normal 0.657295 -0.657296 0.36868
    outer loop
      vertex 53.3637 -4.70701 5.04
      vertex 46.0564 -9.79312 9
      vertex 46.707 -11.3637 5.04
    endloop
  endfacet
  facet normal 0 -1 0
    outer loop
      vertex 37.293 -11.3637 5
      vertex 46.707 -11.3637 5.04
      vertex 37.293 -11.3637 5.04
    endloop
  endfacet
  facet normal 0 -1 -0
    outer loop
      vertex 46.707 -11.3637 5.04
      vertex 37.293 -11.3637 5
      vertex 46.707 -11.3637 5
    endloop
  endfacet
  facet normal -0.929557 0 0.368677
    outer loop
      vertex 30.6363 4.70701 5.04
      vertex 32.2069 -4.05644 9
      vertex 32.2069 4.05644 9
    endloop
  endfacet
  facet normal -0.929557 0 0.368677
    outer loop
      vertex 32.2069 -4.05644 9
      vertex 30.6363 4.70701 5.04
      vertex 30.6363 -4.70701 5.04
    endloop
  endfacet
  facet normal 0.929557 -0 0.368677
    outer loop
      vertex 51.7931 -4.05644 9
      vertex 53.3637 4.70701 5.04
      vertex 51.7931 4.05644 9
    endloop
  endfacet
  facet normal 0.929557 0 0.368677
    outer loop
      vertex 53.3637 4.70701 5.04
      vertex 51.7931 -4.05644 9
      vertex 53.3637 -4.70701 5.04
    endloop
  endfacet
  facet normal 0 0.929559 0.368673
    outer loop
      vertex 46.707 11.3637 5.04
      vertex 37.9436 9.79312 9
      vertex 46.0564 9.79312 9
    endloop
  endfacet
  facet normal 0 0.929559 0.368673
    outer loop
      vertex 37.9436 9.79312 9
      vertex 46.707 11.3637 5.04
      vertex 37.293 11.3637 5.04
    endloop
  endfacet
  facet normal 1 -0 0
    outer loop
      vertex 53.3637 -4.70701 5.04
      vertex 53.3637 4.70701 5
      vertex 53.3637 4.70701 5.04
    endloop
  endfacet
  facet normal 1 0 0
    outer loop
      vertex 53.3637 4.70701 5
      vertex 53.3637 -4.70701 5.04
      vertex 53.3637 -4.70701 5
    endloop
  endfacet
  facet normal -1 0 0
    outer loop
      vertex 30.6363 -4.70701 5
      vertex 30.6363 4.70701 5.04
      vertex 30.6363 4.70701 5
    endloop
  endfacet
  facet normal -1 -0 0
    outer loop
      vertex 30.6363 4.70701 5.04
      vertex 30.6363 -4.70701 5
      vertex 30.6363 -4.70701 5.04
    endloop
  endfacet
  facet normal -0.707106 0.707107 0
    outer loop
      vertex 37.293 11.3637 5
      vertex 30.6363 4.70701 5.04
      vertex 37.293 11.3637 5.04
    endloop
  endfacet
  facet normal -0.707106 0.707107 0
    outer loop
      vertex 30.6363 4.70701 5.04
      vertex 37.293 11.3637 5
      vertex 30.6363 4.70701 5
    endloop
  endfacet
  facet normal 0 1 -0
    outer loop
      vertex 46.707 11.3637 5
      vertex 37.293 11.3637 5.04
      vertex 46.707 11.3637 5.04
    endloop
  endfacet
  facet normal 0 1 0
    outer loop
      vertex 37.293 11.3637 5.04
      vertex 46.707 11.3637 5
      vertex 37.293 11.3637 5
    endloop
  endfacet
  facet normal 0.657295 0.657296 0.36868
    outer loop
      vertex 46.0564 9.79312 9
      vertex 53.3637 4.70701 5.04
      vertex 46.707 11.3637 5.04
    endloop
  endfacet
  facet normal 0.657295 0.657297 0.368678
    outer loop
      vertex 53.3637 4.70701 5.04
      vertex 46.0564 9.79312 9
      vertex 51.7931 4.05644 9
    endloop
  endfacet
  facet normal -0.707106 -0.707107 0
    outer loop
      vertex 30.6363 -4.70701 5
      vertex 37.293 -11.3637 5.04
      vertex 30.6363 -4.70701 5.04
    endloop
  endfacet
  facet normal -0.707106 -0.707107 -0
    outer loop
      vertex 37.293 -11.3637 5.04
      vertex 30.6363 -4.70701 5
      vertex 37.293 -11.3637 5
    endloop
  endfacet
  facet normal 0 -0.929559 0.368673
    outer loop
      vertex 37.293 -11.3637 5.04
      vertex 46.0564 -9.79312 9
      vertex 37.9436 -9.79312 9
    endloop
  endfacet
  facet normal 0 -0.929559 0.368673
    outer loop
      vertex 46.0564 -9.79312 9
      vertex 37.293 -11.3637 5.04
      vertex 46.707 -11.3637 5.04
    endloop
  endfacet
  facet normal -0.657296 -0.657297 0.368678
    outer loop
      vertex 37.293 -11.3637 5.04
      vertex 32.2069 -4.05644 9
      vertex 30.6363 -4.70701 5.04
    endloop
  endfacet
  facet normal -0.657294 -0.657297 0.36868
    outer loop
      vertex 32.2069 -4.05644 9
      vertex 37.293 -11.3637 5.04
      vertex 37.9436 -9.79312 9
    endloop
  endfacet
  facet normal 0.707106 -0.707107 0
    outer loop
      vertex 46.707 -11.3637 5.04
      vertex 53.3637 -4.70701 5
      vertex 53.3637 -4.70701 5.04
    endloop
  endfacet
  facet normal 0.707106 -0.707107 0
    outer loop
      vertex 53.3637 -4.70701 5
      vertex 46.707 -11.3637 5.04
      vertex 46.707 -11.3637 5
    endloop
  endfacet
  facet normal 0.705469 -0.705469 0.0680214
    outer loop
      vertex 38.1463 1.87383 55.62
      vertex 41.0249 3.88272 46.6
      vertex 40.1262 3.85373 55.62
    endloop
  endfacet
  facet normal 0.705471 -0.705467 0.0680228
    outer loop
      vertex 41.0249 3.88272 46.6
      vertex 38.1463 1.87383 55.62
      vertex 38.1173 0.9751 46.6
    endloop
  endfacet
  facet normal -0.705244 -0.705244 0.0725377
    outer loop
      vertex 35.7421 4.278 55.62
      vertex 34.3215 4.77085 46.6
      vertex 37.6845 1.40785 46.6
    endloop
  endfacet
  facet normal 0 0 1
    outer loop
      vertex 37.722 6.25789 55.62
      vertex 38.1463 1.87383 55.62
      vertex 40.1262 3.85373 55.62
    endloop
  endfacet
  facet normal 0 0 1
    outer loop
      vertex 38.1463 1.87383 55.62
      vertex 37.722 6.25789 55.62
      vertex 35.7421 4.278 55.62
    endloop
  endfacet
  facet normal 0.705238 0.70525 0.0725369
    outer loop
      vertex 40.1262 3.85373 55.62
      vertex 40.5922 4.31547 46.6
      vertex 37.722 6.25789 55.62
    endloop
  endfacet
  facet normal 0.705285 0.705203 0.072537
    outer loop
      vertex 40.5922 4.31547 46.6
      vertex 40.1262 3.85373 55.62
      vertex 41.0249 3.88272 46.6
    endloop
  endfacet
  facet normal -0.699274 0.699294 0.148338
    outer loop
      vertex 34.3215 4.77085 46.6
      vertex 37.722 6.25789 55.62
      vertex 37.2292 7.67847 46.6
    endloop
  endfacet
  facet normal -0.699282 0.699285 0.148342
    outer loop
      vertex 37.722 6.25789 55.62
      vertex 34.3215 4.77085 46.6
      vertex 35.7421 4.278 55.62
    endloop
  endfacet
  facet normal -0.70524 -0.705248 0.07254
    outer loop
      vertex 37.6845 1.40785 46.6
      vertex 38.1463 1.87383 55.62
      vertex 35.7421 4.278 55.62
    endloop
  endfacet
  facet normal -0.705203 -0.705285 0.0725401
    outer loop
      vertex 38.1463 1.87383 55.62
      vertex 37.6845 1.40785 46.6
      vertex 38.1173 0.9751 46.6
    endloop
  endfacet
  facet normal 0.705244 0.705244 0.07254
    outer loop
      vertex 40.5922 4.31547 46.6
      vertex 37.2292 7.67847 46.6
      vertex 37.722 6.25789 55.62
    endloop
  endfacet
  facet normal 0.705469 0.705469 0.0680214
    outer loop
      vertex 41.0249 -3.88272 46.6
      vertex 38.1463 -1.87383 55.62
      vertex 40.1262 -3.85373 55.62
    endloop
  endfacet
  facet normal 0.705471 0.705467 0.0680228
    outer loop
      vertex 38.1463 -1.87383 55.62
      vertex 41.0249 -3.88272 46.6
      vertex 38.1173 -0.9751 46.6
    endloop
  endfacet
  facet normal 0.705244 -0.705244 0.07254
    outer loop
      vertex 37.722 -6.25789 55.62
      vertex 37.2292 -7.67847 46.6
      vertex 40.5922 -4.31547 46.6
    endloop
  endfacet
  facet normal -0.705203 0.705285 0.0725401
    outer loop
      vertex 37.6845 -1.40785 46.6
      vertex 38.1463 -1.87383 55.62
      vertex 38.1173 -0.9751 46.6
    endloop
  endfacet
  facet normal -0.70524 0.705248 0.07254
    outer loop
      vertex 38.1463 -1.87383 55.62
      vertex 37.6845 -1.40785 46.6
      vertex 35.7421 -4.278 55.62
    endloop
  endfacet
  facet normal -0.699282 -0.699285 0.148342
    outer loop
      vertex 34.3215 -4.77085 46.6
      vertex 37.722 -6.25789 55.62
      vertex 35.7421 -4.278 55.62
    endloop
  endfacet
  facet normal -0.699274 -0.699294 0.148338
    outer loop
      vertex 37.722 -6.25789 55.62
      vertex 34.3215 -4.77085 46.6
      vertex 37.2292 -7.67847 46.6
    endloop
  endfacet
  facet normal 0.705285 -0.705203 0.072537
    outer loop
      vertex 40.1262 -3.85373 55.62
      vertex 40.5922 -4.31547 46.6
      vertex 41.0249 -3.88272 46.6
    endloop
  endfacet
  facet normal 0.705238 -0.70525 0.0725369
    outer loop
      vertex 40.5922 -4.31547 46.6
      vertex 40.1262 -3.85373 55.62
      vertex 37.722 -6.25789 55.62
    endloop
  endfacet
  facet normal 0 0 1
    outer loop
      vertex 38.1463 -1.87383 55.62
      vertex 37.722 -6.25789 55.62
      vertex 40.1262 -3.85373 55.62
    endloop
  endfacet
  facet normal 0 -0 1
    outer loop
      vertex 37.722 -6.25789 55.62
      vertex 38.1463 -1.87383 55.62
      vertex 35.7421 -4.278 55.62
    endloop
  endfacet
  facet normal -0.705244 0.705244 0.0725377
    outer loop
      vertex 37.6845 -1.40785 46.6
      vertex 34.3215 -4.77085 46.6
      vertex 35.7421 -4.278 55.62
    endloop
  endfacet
  facet normal -0.705471 0.705467 0.0680228
    outer loop
      vertex 42.9751 -3.88272 46.6
      vertex 45.8537 -1.87383 55.62
      vertex 45.8827 -0.9751 46.6
    endloop
  endfacet
  facet normal -0.705469 0.705469 0.0680214
    outer loop
      vertex 45.8537 -1.87383 55.62
      vertex 42.9751 -3.88272 46.6
      vertex 43.8738 -3.85373 55.62
    endloop
  endfacet
  facet normal 0.705244 0.705244 0.0725377
    outer loop
      vertex 49.6785 -4.77085 46.6
      vertex 46.3155 -1.40785 46.6
      vertex 48.2579 -4.278 55.62
    endloop
  endfacet
  facet normal -0.705285 -0.705203 0.072537
    outer loop
      vertex 43.4078 -4.31547 46.6
      vertex 43.8738 -3.85373 55.62
      vertex 42.9751 -3.88272 46.6
    endloop
  endfacet
  facet normal -0.705238 -0.70525 0.0725369
    outer loop
      vertex 43.8738 -3.85373 55.62
      vertex 43.4078 -4.31547 46.6
      vertex 46.278 -6.25789 55.62
    endloop
  endfacet
  facet normal 0.70524 0.705248 0.07254
    outer loop
      vertex 46.3155 -1.40785 46.6
      vertex 45.8537 -1.87383 55.62
      vertex 48.2579 -4.278 55.62
    endloop
  endfacet
  facet normal 0.705203 0.705285 0.0725401
    outer loop
      vertex 45.8537 -1.87383 55.62
      vertex 46.3155 -1.40785 46.6
      vertex 45.8827 -0.9751 46.6
    endloop
  endfacet
  facet normal 0 0 1
    outer loop
      vertex 45.8537 -1.87383 55.62
      vertex 46.278 -6.25789 55.62
      vertex 48.2579 -4.278 55.62
    endloop
  endfacet
  facet normal 0 0 1
    outer loop
      vertex 46.278 -6.25789 55.62
      vertex 45.8537 -1.87383 55.62
      vertex 43.8738 -3.85373 55.62
    endloop
  endfacet
  facet normal 0.699282 -0.699285 0.148342
    outer loop
      vertex 46.278 -6.25789 55.62
      vertex 49.6785 -4.77085 46.6
      vertex 48.2579 -4.278 55.62
    endloop
  endfacet
  facet normal 0.699274 -0.699294 0.148338
    outer loop
      vertex 49.6785 -4.77085 46.6
      vertex 46.278 -6.25789 55.62
      vertex 46.7708 -7.67847 46.6
    endloop
  endfacet
  facet normal -0.705244 -0.705244 0.07254
    outer loop
      vertex 46.278 -6.25789 55.62
      vertex 43.4078 -4.31547 46.6
      vertex 46.7708 -7.67847 46.6
    endloop
  endfacet
  facet normal -0.705469 -0.705469 0.0680214
    outer loop
      vertex 42.9751 3.88272 46.6
      vertex 45.8537 1.87383 55.62
      vertex 43.8738 3.85373 55.62
    endloop
  endfacet
  facet normal -0.705471 -0.705467 0.0680228
    outer loop
      vertex 45.8537 1.87383 55.62
      vertex 42.9751 3.88272 46.6
      vertex 45.8827 0.9751 46.6
    endloop
  endfacet
  facet normal -0.705244 0.705244 0.07254
    outer loop
      vertex 46.7708 7.67847 46.6
      vertex 43.4078 4.31547 46.6
      vertex 46.278 6.25789 55.62
    endloop
  endfacet
  facet normal 0 0 1
    outer loop
      vertex 46.278 6.25789 55.62
      vertex 45.8537 1.87383 55.62
      vertex 48.2579 4.278 55.62
    endloop
  endfacet
  facet normal 0 -0 1
    outer loop
      vertex 45.8537 1.87383 55.62
      vertex 46.278 6.25789 55.62
      vertex 43.8738 3.85373 55.62
    endloop
  endfacet
  facet normal 0.705203 -0.705285 0.0725401
    outer loop
      vertex 46.3155 1.40785 46.6
      vertex 45.8537 1.87383 55.62
      vertex 45.8827 0.9751 46.6
    endloop
  endfacet
  facet normal 0.70524 -0.705248 0.07254
    outer loop
      vertex 45.8537 1.87383 55.62
      vertex 46.3155 1.40785 46.6
      vertex 48.2579 4.278 55.62
    endloop
  endfacet
  facet normal -0.705285 0.705203 0.072537
    outer loop
      vertex 43.8738 3.85373 55.62
      vertex 43.4078 4.31547 46.6
      vertex 42.9751 3.88272 46.6
    endloop
  endfacet
  facet normal -0.705238 0.70525 0.0725369
    outer loop
      vertex 43.4078 4.31547 46.6
      vertex 43.8738 3.85373 55.62
      vertex 46.278 6.25789 55.62
    endloop
  endfacet
  facet normal 0.699274 0.699294 0.148338
    outer loop
      vertex 46.278 6.25789 55.62
      vertex 49.6785 4.77085 46.6
      vertex 46.7708 7.67847 46.6
    endloop
  endfacet
  facet normal 0.699282 0.699285 0.148342
    outer loop
      vertex 49.6785 4.77085 46.6
      vertex 46.278 6.25789 55.62
      vertex 48.2579 4.278 55.62
    endloop
  endfacet
  facet normal 0.705244 -0.705244 0.0725377
    outer loop
      vertex 48.2579 4.278 55.62
      vertex 46.3155 1.40785 46.6
      vertex 49.6785 4.77085 46.6
    endloop
  endfacet
  facet normal 0.707106 0.707108 -0
    outer loop
      vertex 51.7931 4.05644 9
      vertex 46.0564 9.79312 9.04
      vertex 51.7931 4.05644 9.04
    endloop
  endfacet
  facet normal 0.707106 0.707108 0
    outer loop
      vertex 46.0564 9.79312 9.04
      vertex 51.7931 4.05644 9
      vertex 46.0564 9.79312 9
    endloop
  endfacet
  facet normal 0 1 -0
    outer loop
      vertex 46.0564 9.79312 9
      vertex 37.9436 9.79312 9.04
      vertex 46.0564 9.79312 9.04
    endloop
  endfacet
  facet normal 0 1 0
    outer loop
      vertex 37.9436 9.79312 9.04
      vertex 46.0564 9.79312 9
      vertex 37.9436 9.79312 9
    endloop
  endfacet
  facet normal 0 -1 0
    outer loop
      vertex 37.9436 -9.79312 9
      vertex 46.0564 -9.79312 9.04
      vertex 37.9436 -9.79312 9.04
    endloop
  endfacet
  facet normal 0 -1 -0
    outer loop
      vertex 46.0564 -9.79312 9.04
      vertex 37.9436 -9.79312 9
      vertex 46.0564 -9.79312 9
    endloop
  endfacet
  facet normal -0.703097 0.7031 0.106323
    outer loop
      vertex 37.9436 9.79312 9.04
      vertex 33.5927 3.48242 22
      vertex 38.5176 8.4073 22
    endloop
  endfacet
  facet normal -0.703097 0.7031 0.106323
    outer loop
      vertex 33.5927 3.48242 22
      vertex 37.9436 9.79312 9.04
      vertex 32.2069 4.05644 9.04
    endloop
  endfacet
  facet normal 0 0.994331 0.106324
    outer loop
      vertex 46.0564 9.79312 9.04
      vertex 38.5176 8.4073 22
      vertex 45.4824 8.4073 22
    endloop
  endfacet
  facet normal 0 0.994331 0.106324
    outer loop
      vertex 38.5176 8.4073 22
      vertex 46.0564 9.79312 9.04
      vertex 37.9436 9.79312 9.04
    endloop
  endfacet
  facet normal 0 -0.994331 0.106324
    outer loop
      vertex 37.9436 -9.79312 9.04
      vertex 45.4824 -8.4073 22
      vertex 38.5176 -8.4073 22
    endloop
  endfacet
  facet normal 0 -0.994331 0.106324
    outer loop
      vertex 45.4824 -8.4073 22
      vertex 37.9436 -9.79312 9.04
      vertex 46.0564 -9.79312 9.04
    endloop
  endfacet
  facet normal -0.707106 -0.707108 0
    outer loop
      vertex 32.2069 -4.05644 9
      vertex 37.9436 -9.79312 9.04
      vertex 32.2069 -4.05644 9.04
    endloop
  endfacet
  facet normal -0.707106 -0.707108 -0
    outer loop
      vertex 37.9436 -9.79312 9.04
      vertex 32.2069 -4.05644 9
      vertex 37.9436 -9.79312 9
    endloop
  endfacet
  facet normal 0.994332 -0 0.106323
    outer loop
      vertex 50.4073 -3.48242 22
      vertex 51.7931 4.05644 9.04
      vertex 50.4073 3.48242 22
    endloop
  endfacet
  facet normal 0.994332 0 0.106323
    outer loop
      vertex 51.7931 4.05644 9.04
      vertex 50.4073 -3.48242 22
      vertex 51.7931 -4.05644 9.04
    endloop
  endfacet
  facet normal 0.703097 -0.7031 0.106323
    outer loop
      vertex 46.0564 -9.79312 9.04
      vertex 50.4073 -3.48242 22
      vertex 45.4824 -8.4073 22
    endloop
  endfacet
  facet normal 0.703097 -0.7031 0.106323
    outer loop
      vertex 50.4073 -3.48242 22
      vertex 46.0564 -9.79312 9.04
      vertex 51.7931 -4.05644 9.04
    endloop
  endfacet
  facet normal 0.703097 0.7031 0.106323
    outer loop
      vertex 46.0564 9.79312 9.04
      vertex 50.4073 3.48242 22
      vertex 51.7931 4.05644 9.04
    endloop
  endfacet
  facet normal 0.703097 0.7031 0.106323
    outer loop
      vertex 50.4073 3.48242 22
      vertex 46.0564 9.79312 9.04
      vertex 45.4824 8.4073 22
    endloop
  endfacet
  facet normal 0.707106 -0.707108 0
    outer loop
      vertex 46.0564 -9.79312 9
      vertex 51.7931 -4.05644 9.04
      vertex 46.0564 -9.79312 9.04
    endloop
  endfacet
  facet normal 0.707106 -0.707108 0
    outer loop
      vertex 51.7931 -4.05644 9.04
      vertex 46.0564 -9.79312 9
      vertex 51.7931 -4.05644 9
    endloop
  endfacet
  facet normal -1 0 0
    outer loop
      vertex 32.2069 -4.05644 9
      vertex 32.2069 4.05644 9.04
      vertex 32.2069 4.05644 9
    endloop
  endfacet
  facet normal -1 -0 0
    outer loop
      vertex 32.2069 4.05644 9.04
      vertex 32.2069 -4.05644 9
      vertex 32.2069 -4.05644 9.04
    endloop
  endfacet
  facet normal -0.707106 0.707108 0
    outer loop
      vertex 37.9436 9.79312 9
      vertex 32.2069 4.05644 9.04
      vertex 37.9436 9.79312 9.04
    endloop
  endfacet
  facet normal -0.707106 0.707108 0
    outer loop
      vertex 32.2069 4.05644 9.04
      vertex 37.9436 9.79312 9
      vertex 32.2069 4.05644 9
    endloop
  endfacet
  facet normal 1 -0 0
    outer loop
      vertex 51.7931 -4.05644 9.04
      vertex 51.7931 4.05644 9
      vertex 51.7931 4.05644 9.04
    endloop
  endfacet
  facet normal 1 0 0
    outer loop
      vertex 51.7931 4.05644 9
      vertex 51.7931 -4.05644 9.04
      vertex 51.7931 -4.05644 9
    endloop
  endfacet
  facet normal -0.703097 -0.7031 0.106323
    outer loop
      vertex 37.9436 -9.79312 9.04
      vertex 33.5927 -3.48242 22
      vertex 32.2069 -4.05644 9.04
    endloop
  endfacet
  facet normal -0.703097 -0.7031 0.106323
    outer loop
      vertex 33.5927 -3.48242 22
      vertex 37.9436 -9.79312 9.04
      vertex 38.5176 -8.4073 22
    endloop
  endfacet
  facet normal -0.994332 0 0.106323
    outer loop
      vertex 32.2069 4.05644 9.04
      vertex 33.5927 -3.48242 22
      vertex 33.5927 3.48242 22
    endloop
  endfacet
  facet normal -0.994332 0 0.106323
    outer loop
      vertex 33.5927 -3.48242 22
      vertex 32.2069 4.05644 9.04
      vertex 32.2069 -4.05644 9.04
    endloop
  endfacet
  facet normal 0.707105 0.707108 -0
    outer loop
      vertex 50.4073 3.48242 22
      vertex 45.4824 8.4073 22.04
      vertex 50.4073 3.48242 22.04
    endloop
  endfacet
  facet normal 0.707105 0.707108 0
    outer loop
      vertex 45.4824 8.4073 22.04
      vertex 50.4073 3.48242 22
      vertex 45.4824 8.4073 22
    endloop
  endfacet
  facet normal 0 1 -0
    outer loop
      vertex 45.4824 8.4073 22
      vertex 38.5176 8.4073 22.04
      vertex 45.4824 8.4073 22.04
    endloop
  endfacet
  facet normal 0 1 0
    outer loop
      vertex 38.5176 8.4073 22.04
      vertex 45.4824 8.4073 22
      vertex 38.5176 8.4073 22
    endloop
  endfacet
  facet normal 0.590178 0.590181 0.550796
    outer loop
      vertex 45.4824 8.4073 22.04
      vertex 49.5758 3.138 23.3
      vertex 50.4073 3.48242 22.04
    endloop
  endfacet
  facet normal 0.590185 0.590183 0.550787
    outer loop
      vertex 49.5758 3.138 23.3
      vertex 45.4824 8.4073 22.04
      vertex 45.138 7.57581 23.3
    endloop
  endfacet
  facet normal -0.590185 0.590183 0.550787
    outer loop
      vertex 38.5176 8.4073 22.04
      vertex 34.4242 3.138 23.3
      vertex 38.862 7.57581 23.3
    endloop
  endfacet
  facet normal -0.590178 0.590181 0.550796
    outer loop
      vertex 34.4242 3.138 23.3
      vertex 38.5176 8.4073 22.04
      vertex 33.5927 3.48242 22.04
    endloop
  endfacet
  facet normal 0 -1 0
    outer loop
      vertex 38.5176 -8.4073 22
      vertex 45.4824 -8.4073 22.04
      vertex 38.5176 -8.4073 22.04
    endloop
  endfacet
  facet normal 0 -1 -0
    outer loop
      vertex 45.4824 -8.4073 22.04
      vertex 38.5176 -8.4073 22
      vertex 45.4824 -8.4073 22
    endloop
  endfacet
  facet normal -0.590178 -0.590181 0.550796
    outer loop
      vertex 38.5176 -8.4073 22.04
      vertex 34.4242 -3.138 23.3
      vertex 33.5927 -3.48242 22.04
    endloop
  endfacet
  facet normal -0.590185 -0.590183 0.550787
    outer loop
      vertex 34.4242 -3.138 23.3
      vertex 38.5176 -8.4073 22.04
      vertex 38.862 -7.57581 23.3
    endloop
  endfacet
  facet normal -0.707105 -0.707108 0
    outer loop
      vertex 33.5927 -3.48242 22
      vertex 38.5176 -8.4073 22.04
      vertex 33.5927 -3.48242 22.04
    endloop
  endfacet
  facet normal -0.707105 -0.707108 -0
    outer loop
      vertex 38.5176 -8.4073 22.04
      vertex 33.5927 -3.48242 22
      vertex 38.5176 -8.4073 22
    endloop
  endfacet
  facet normal 0.83464 -0 0.550796
    outer loop
      vertex 49.5758 -3.138 23.3
      vertex 50.4073 3.48242 22.04
      vertex 49.5758 3.138 23.3
    endloop
  endfacet
  facet normal 0.83464 0 0.550796
    outer loop
      vertex 50.4073 3.48242 22.04
      vertex 49.5758 -3.138 23.3
      vertex 50.4073 -3.48242 22.04
    endloop
  endfacet
  facet normal 0.590185 -0.590183 0.550787
    outer loop
      vertex 45.4824 -8.4073 22.04
      vertex 49.5758 -3.138 23.3
      vertex 45.138 -7.57581 23.3
    endloop
  endfacet
  facet normal 0.590178 -0.590181 0.550796
    outer loop
      vertex 49.5758 -3.138 23.3
      vertex 45.4824 -8.4073 22.04
      vertex 50.4073 -3.48242 22.04
    endloop
  endfacet
  facet normal 0 0.834643 0.550791
    outer loop
      vertex 45.4824 8.4073 22.04
      vertex 38.862 7.57581 23.3
      vertex 45.138 7.57581 23.3
    endloop
  endfacet
  facet normal 0 0.834643 0.550791
    outer loop
      vertex 38.862 7.57581 23.3
      vertex 45.4824 8.4073 22.04
      vertex 38.5176 8.4073 22.04
    endloop
  endfacet
  facet normal 0.707105 -0.707108 0
    outer loop
      vertex 45.4824 -8.4073 22
      vertex 50.4073 -3.48242 22.04
      vertex 45.4824 -8.4073 22.04
    endloop
  endfacet
  facet normal 0.707105 -0.707108 0
    outer loop
      vertex 50.4073 -3.48242 22.04
      vertex 45.4824 -8.4073 22
      vertex 50.4073 -3.48242 22
    endloop
  endfacet
  facet normal 0 -0.834643 0.550791
    outer loop
      vertex 38.5176 -8.4073 22.04
      vertex 45.138 -7.57581 23.3
      vertex 38.862 -7.57581 23.3
    endloop
  endfacet
  facet normal 0 -0.834643 0.550791
    outer loop
      vertex 45.138 -7.57581 23.3
      vertex 38.5176 -8.4073 22.04
      vertex 45.4824 -8.4073 22.04
    endloop
  endfacet
  facet normal -1 0 0
    outer loop
      vertex 33.5927 -3.48242 22
      vertex 33.5927 3.48242 22.04
      vertex 33.5927 3.48242 22
    endloop
  endfacet
  facet normal -1 -0 0
    outer loop
      vertex 33.5927 3.48242 22.04
      vertex 33.5927 -3.48242 22
      vertex 33.5927 -3.48242 22.04
    endloop
  endfacet
  facet normal -0.83464 0 0.550796
    outer loop
      vertex 33.5927 3.48242 22.04
      vertex 34.4242 -3.138 23.3
      vertex 34.4242 3.138 23.3
    endloop
  endfacet
  facet normal -0.83464 0 0.550796
    outer loop
      vertex 34.4242 -3.138 23.3
      vertex 33.5927 3.48242 22.04
      vertex 33.5927 -3.48242 22.04
    endloop
  endfacet
  facet normal 1 -0 0
    outer loop
      vertex 50.4073 -3.48242 22.04
      vertex 50.4073 3.48242 22
      vertex 50.4073 3.48242 22.04
    endloop
  endfacet
  facet normal 1 0 0
    outer loop
      vertex 50.4073 3.48242 22
      vertex 50.4073 -3.48242 22.04
      vertex 50.4073 -3.48242 22
    endloop
  endfacet
  facet normal -0.707105 0.707108 0
    outer loop
      vertex 38.5176 8.4073 22
      vertex 33.5927 3.48242 22.04
      vertex 38.5176 8.4073 22.04
    endloop
  endfacet
  facet normal -0.707105 0.707108 0
    outer loop
      vertex 33.5927 3.48242 22.04
      vertex 38.5176 8.4073 22
      vertex 33.5927 3.48242 22
    endloop
  endfacet
  facet normal 0 1 -0
    outer loop
      vertex 45.138 7.57581 23.3
      vertex 38.862 7.57581 25.6
      vertex 45.138 7.57581 25.6
    endloop
  endfacet
  facet normal 0 1 0
    outer loop
      vertex 38.862 7.57581 25.6
      vertex 45.138 7.57581 23.3
      vertex 38.862 7.57581 23.3
    endloop
  endfacet
  facet normal 0.707108 0.707106 -0
    outer loop
      vertex 49.5758 3.138 23.3
      vertex 45.138 7.57581 25.6
      vertex 49.5758 3.138 25.6
    endloop
  endfacet
  facet normal 0.707108 0.707106 0
    outer loop
      vertex 45.138 7.57581 25.6
      vertex 49.5758 3.138 23.3
      vertex 45.138 7.57581 23.3
    endloop
  endfacet
  facet normal 1 -0 0
    outer loop
      vertex 49.5758 -3.138 25.6
      vertex 49.5758 3.138 23.3
      vertex 49.5758 3.138 25.6
    endloop
  endfacet
  facet normal 1 0 0
    outer loop
      vertex 49.5758 3.138 23.3
      vertex 49.5758 -3.138 25.6
      vertex 49.5758 -3.138 23.3
    endloop
  endfacet
  facet normal -0.707108 -0.707106 0
    outer loop
      vertex 34.4242 -3.138 23.3
      vertex 38.862 -7.57581 25.6
      vertex 34.4242 -3.138 25.6
    endloop
  endfacet
  facet normal -0.707108 -0.707106 -0
    outer loop
      vertex 38.862 -7.57581 25.6
      vertex 34.4242 -3.138 23.3
      vertex 38.862 -7.57581 23.3
    endloop
  endfacet
  facet normal 0.707108 -0.707106 0
    outer loop
      vertex 45.138 -7.57581 23.3
      vertex 49.5758 -3.138 25.6
      vertex 45.138 -7.57581 25.6
    endloop
  endfacet
  facet normal 0.707108 -0.707106 0
    outer loop
      vertex 49.5758 -3.138 25.6
      vertex 45.138 -7.57581 23.3
      vertex 49.5758 -3.138 23.3
    endloop
  endfacet
  facet normal 0 -1 0
    outer loop
      vertex 38.862 -7.57581 23.3
      vertex 45.138 -7.57581 25.6
      vertex 38.862 -7.57581 25.6
    endloop
  endfacet
  facet normal 0 -1 -0
    outer loop
      vertex 45.138 -7.57581 25.6
      vertex 38.862 -7.57581 23.3
      vertex 45.138 -7.57581 23.3
    endloop
  endfacet
  facet normal -1 0 0
    outer loop
      vertex 34.4242 -3.138 23.3
      vertex 34.4242 3.138 25.6
      vertex 34.4242 3.138 23.3
    endloop
  endfacet
  facet normal -1 -0 0
    outer loop
      vertex 34.4242 3.138 25.6
      vertex 34.4242 -3.138 23.3
      vertex 34.4242 -3.138 25.6
    endloop
  endfacet
  facet normal -0.707108 0.707106 0
    outer loop
      vertex 38.862 7.57581 23.3
      vertex 34.4242 3.138 25.6
      vertex 38.862 7.57581 25.6
    endloop
  endfacet
  facet normal -0.707108 0.707106 0
    outer loop
      vertex 34.4242 3.138 25.6
      vertex 38.862 7.57581 23.3
      vertex 34.4242 3.138 23.3
    endloop
  endfacet
  facet normal -0.603289 0.603288 -0.521618
    outer loop
      vertex 34.4242 3.138 25.6
      vertex 38.5176 8.4073 26.96
      vertex 38.862 7.57581 25.6
    endloop
  endfacet
  facet normal -0.603283 0.603286 -0.521628
    outer loop
      vertex 38.5176 8.4073 26.96
      vertex 34.4242 3.138 25.6
      vertex 33.5927 3.48242 26.96
    endloop
  endfacet
  facet normal 0.603283 0.603286 -0.521628
    outer loop
      vertex 49.5758 3.138 25.6
      vertex 45.4824 8.4073 26.96
      vertex 50.4073 3.48242 26.96
    endloop
  endfacet
  facet normal 0.603289 0.603288 -0.521618
    outer loop
      vertex 45.4824 8.4073 26.96
      vertex 49.5758 3.138 25.6
      vertex 45.138 7.57581 25.6
    endloop
  endfacet
  facet normal 0.707105 0.707108 -0
    outer loop
      vertex 50.4073 3.48242 26.96
      vertex 45.4824 8.4073 27.04
      vertex 50.4073 3.48242 27.04
    endloop
  endfacet
  facet normal 0.707105 0.707108 0
    outer loop
      vertex 45.4824 8.4073 27.04
      vertex 50.4073 3.48242 26.96
      vertex 45.4824 8.4073 26.96
    endloop
  endfacet
  facet normal -0.707105 0.707108 0
    outer loop
      vertex 38.5176 8.4073 26.96
      vertex 33.5927 3.48242 27.04
      vertex 38.5176 8.4073 27.04
    endloop
  endfacet
  facet normal -0.707105 0.707108 0
    outer loop
      vertex 33.5927 3.48242 27.04
      vertex 38.5176 8.4073 26.96
      vertex 33.5927 3.48242 26.96
    endloop
  endfacet
  facet normal 0 1 -0
    outer loop
      vertex 45.4824 8.4073 26.96
      vertex 38.5176 8.4073 27.04
      vertex 45.4824 8.4073 27.04
    endloop
  endfacet
  facet normal 0 1 0
    outer loop
      vertex 38.5176 8.4073 27.04
      vertex 45.4824 8.4073 26.96
      vertex 38.5176 8.4073 26.96
    endloop
  endfacet
  facet normal 0 0.853176 -0.521623
    outer loop
      vertex 45.138 7.57581 25.6
      vertex 38.5176 8.4073 26.96
      vertex 45.4824 8.4073 26.96
    endloop
  endfacet
  facet normal 0 0.853176 -0.521623
    outer loop
      vertex 38.5176 8.4073 26.96
      vertex 45.138 7.57581 25.6
      vertex 38.862 7.57581 25.6
    endloop
  endfacet
  facet normal -1 0 0
    outer loop
      vertex 33.5927 -3.48242 26.96
      vertex 33.5927 3.48242 27.04
      vertex 33.5927 3.48242 26.96
    endloop
  endfacet
  facet normal -1 -0 0
    outer loop
      vertex 33.5927 3.48242 27.04
      vertex 33.5927 -3.48242 26.96
      vertex 33.5927 -3.48242 27.04
    endloop
  endfacet
  facet normal -0.603283 -0.603286 -0.521628
    outer loop
      vertex 34.4242 -3.138 25.6
      vertex 38.5176 -8.4073 26.96
      vertex 33.5927 -3.48242 26.96
    endloop
  endfacet
  facet normal -0.603289 -0.603288 -0.521618
    outer loop
      vertex 38.5176 -8.4073 26.96
      vertex 34.4242 -3.138 25.6
      vertex 38.862 -7.57581 25.6
    endloop
  endfacet
  facet normal 0.707105 -0.707108 0
    outer loop
      vertex 45.4824 -8.4073 26.96
      vertex 50.4073 -3.48242 27.04
      vertex 45.4824 -8.4073 27.04
    endloop
  endfacet
  facet normal 0.707105 -0.707108 0
    outer loop
      vertex 50.4073 -3.48242 27.04
      vertex 45.4824 -8.4073 26.96
      vertex 50.4073 -3.48242 26.96
    endloop
  endfacet
  facet normal -0.707105 -0.707108 0
    outer loop
      vertex 33.5927 -3.48242 26.96
      vertex 38.5176 -8.4073 27.04
      vertex 33.5927 -3.48242 27.04
    endloop
  endfacet
  facet normal -0.707105 -0.707108 -0
    outer loop
      vertex 38.5176 -8.4073 27.04
      vertex 33.5927 -3.48242 26.96
      vertex 38.5176 -8.4073 26.96
    endloop
  endfacet
  facet normal -0.853173 0 -0.521628
    outer loop
      vertex 34.4242 -3.138 25.6
      vertex 33.5927 3.48242 26.96
      vertex 34.4242 3.138 25.6
    endloop
  endfacet
  facet normal -0.853173 -0 -0.521628
    outer loop
      vertex 33.5927 3.48242 26.96
      vertex 34.4242 -3.138 25.6
      vertex 33.5927 -3.48242 26.96
    endloop
  endfacet
  facet normal 0 -1 0
    outer loop
      vertex 38.5176 -8.4073 26.96
      vertex 45.4824 -8.4073 27.04
      vertex 38.5176 -8.4073 27.04
    endloop
  endfacet
  facet normal 0 -1 -0
    outer loop
      vertex 45.4824 -8.4073 27.04
      vertex 38.5176 -8.4073 26.96
      vertex 45.4824 -8.4073 26.96
    endloop
  endfacet
  facet normal 1 -0 0
    outer loop
      vertex 50.4073 -3.48242 27.04
      vertex 50.4073 3.48242 26.96
      vertex 50.4073 3.48242 27.04
    endloop
  endfacet
  facet normal 1 0 0
    outer loop
      vertex 50.4073 3.48242 26.96
      vertex 50.4073 -3.48242 27.04
      vertex 50.4073 -3.48242 26.96
    endloop
  endfacet
  facet normal 0.603289 -0.603288 -0.521618
    outer loop
      vertex 49.5758 -3.138 25.6
      vertex 45.4824 -8.4073 26.96
      vertex 45.138 -7.57581 25.6
    endloop
  endfacet
  facet normal 0.603283 -0.603286 -0.521628
    outer loop
      vertex 45.4824 -8.4073 26.96
      vertex 49.5758 -3.138 25.6
      vertex 50.4073 -3.48242 26.96
    endloop
  endfacet
  facet normal 0.853173 0 -0.521628
    outer loop
      vertex 50.4073 3.48242 26.96
      vertex 49.5758 -3.138 25.6
      vertex 49.5758 3.138 25.6
    endloop
  endfacet
  facet normal 0.853173 0 -0.521628
    outer loop
      vertex 49.5758 -3.138 25.6
      vertex 50.4073 3.48242 26.96
      vertex 50.4073 -3.48242 26.96
    endloop
  endfacet
  facet normal 0 -0.853176 -0.521623
    outer loop
      vertex 38.862 -7.57581 25.6
      vertex 45.4824 -8.4073 26.96
      vertex 38.5176 -8.4073 26.96
    endloop
  endfacet
  facet normal 0 -0.853176 -0.521623
    outer loop
      vertex 45.4824 -8.4073 26.96
      vertex 38.862 -7.57581 25.6
      vertex 45.138 -7.57581 25.6
    endloop
  endfacet
  facet normal 0.706665 0.706667 0.0353042
    outer loop
      vertex 45.4824 8.4073 27.04
      vertex 50.0378 3.32935 37.5
      vertex 50.4073 3.48242 27.04
    endloop
  endfacet
  facet normal 0.706658 0.706673 0.0353098
    outer loop
      vertex 50.0378 3.32935 37.5
      vertex 45.4824 8.4073 27.04
      vertex 45.3293 8.03775 37.5
    endloop
  endfacet
  facet normal -0.706665 -0.706667 0.0353042
    outer loop
      vertex 38.5176 -8.4073 27.04
      vertex 33.9622 -3.32935 37.5
      vertex 33.5927 -3.48242 27.04
    endloop
  endfacet
  facet normal -0.706658 -0.706673 0.0353098
    outer loop
      vertex 33.9622 -3.32935 37.5
      vertex 38.5176 -8.4073 27.04
      vertex 38.6707 -8.03775 37.5
    endloop
  endfacet
  facet normal -0.706658 0.706673 0.0353098
    outer loop
      vertex 38.5176 8.4073 27.04
      vertex 33.9622 3.32935 37.5
      vertex 38.6707 8.03775 37.5
    endloop
  endfacet
  facet normal -0.706665 0.706667 0.0353042
    outer loop
      vertex 33.9622 3.32935 37.5
      vertex 38.5176 8.4073 27.04
      vertex 33.5927 3.48242 27.04
    endloop
  endfacet
  facet normal 0 0.999376 0.0353078
    outer loop
      vertex 45.4824 8.4073 27.04
      vertex 38.6707 8.03775 37.5
      vertex 45.3293 8.03775 37.5
    endloop
  endfacet
  facet normal 0 0.999376 0.0353078
    outer loop
      vertex 38.6707 8.03775 37.5
      vertex 45.4824 8.4073 27.04
      vertex 38.5176 8.4073 27.04
    endloop
  endfacet
  facet normal 0 -0.999376 0.0353078
    outer loop
      vertex 38.5176 -8.4073 27.04
      vertex 45.3293 -8.03775 37.5
      vertex 38.6707 -8.03775 37.5
    endloop
  endfacet
  facet normal 0 -0.999376 0.0353078
    outer loop
      vertex 45.3293 -8.03775 37.5
      vertex 38.5176 -8.4073 27.04
      vertex 45.4824 -8.4073 27.04
    endloop
  endfacet
  facet normal 0.999377 -0 0.035303
    outer loop
      vertex 50.0378 -3.32935 37.5
      vertex 50.4073 3.48242 27.04
      vertex 50.0378 3.32935 37.5
    endloop
  endfacet
  facet normal 0.999377 0 0.035303
    outer loop
      vertex 50.4073 3.48242 27.04
      vertex 50.0378 -3.32935 37.5
      vertex 50.4073 -3.48242 27.04
    endloop
  endfacet
  facet normal 0.706658 -0.706673 0.0353098
    outer loop
      vertex 45.4824 -8.4073 27.04
      vertex 50.0378 -3.32935 37.5
      vertex 45.3293 -8.03775 37.5
    endloop
  endfacet
  facet normal 0.706665 -0.706667 0.0353042
    outer loop
      vertex 50.0378 -3.32935 37.5
      vertex 45.4824 -8.4073 27.04
      vertex 50.4073 -3.48242 27.04
    endloop
  endfacet
  facet normal -0.999377 0 0.035303
    outer loop
      vertex 33.5927 3.48242 27.04
      vertex 33.9622 -3.32935 37.5
      vertex 33.9622 3.32935 37.5
    endloop
  endfacet
  facet normal -0.999377 0 0.035303
    outer loop
      vertex 33.9622 -3.32935 37.5
      vertex 33.5927 3.48242 27.04
      vertex 33.5927 -3.48242 27.04
    endloop
  endfacet
  facet normal 0 1 -0
    outer loop
      vertex 46.4391 10.717 42.16
      vertex 37.5609 10.717 45.44
      vertex 46.4391 10.717 45.44
    endloop
  endfacet
  facet normal 0 1 0
    outer loop
      vertex 37.5609 10.717 45.44
      vertex 46.4391 10.717 42.16
      vertex 37.5609 10.717 42.16
    endloop
  endfacet
  facet normal 0 0.866926 -0.498436
    outer loop
      vertex 45.3293 8.03775 37.5
      vertex 37.5609 10.717 42.16
      vertex 46.4391 10.717 42.16
    endloop
  endfacet
  facet normal 0 0.866926 -0.498436
    outer loop
      vertex 37.5609 10.717 42.16
      vertex 45.3293 8.03775 37.5
      vertex 38.6707 8.03775 37.5
    endloop
  endfacet
  facet normal -0.61301 -0.613013 -0.498431
    outer loop
      vertex 33.9622 -3.32935 37.5
      vertex 37.5609 -10.717 42.16
      vertex 31.283 -4.43913 42.16
    endloop
  endfacet
  facet normal -0.613002 -0.613015 -0.49844
    outer loop
      vertex 37.5609 -10.717 42.16
      vertex 33.9622 -3.32935 37.5
      vertex 38.6707 -8.03775 37.5
    endloop
  endfacet
  facet normal -0.86693 0 -0.498429
    outer loop
      vertex 33.9622 -3.32935 37.5
      vertex 31.283 4.43913 42.16
      vertex 33.9622 3.32935 37.5
    endloop
  endfacet
  facet normal -0.86693 -0 -0.498429
    outer loop
      vertex 31.283 4.43913 42.16
      vertex 33.9622 -3.32935 37.5
      vertex 31.283 -4.43913 42.16
    endloop
  endfacet
  facet normal 0.707105 0.707108 -0
    outer loop
      vertex 52.717 4.43913 42.16
      vertex 46.4391 10.717 45.44
      vertex 52.717 4.43913 45.44
    endloop
  endfacet
  facet normal 0.707105 0.707108 0
    outer loop
      vertex 46.4391 10.717 45.44
      vertex 52.717 4.43913 42.16
      vertex 46.4391 10.717 42.16
    endloop
  endfacet
  facet normal 0.61301 0.613013 -0.498431
    outer loop
      vertex 50.0378 3.32935 37.5
      vertex 46.4391 10.717 42.16
      vertex 52.717 4.43913 42.16
    endloop
  endfacet
  facet normal 0.613002 0.613015 -0.49844
    outer loop
      vertex 46.4391 10.717 42.16
      vertex 50.0378 3.32935 37.5
      vertex 45.3293 8.03775 37.5
    endloop
  endfacet
  facet normal 1 -0 0
    outer loop
      vertex 52.717 -4.43913 45.44
      vertex 52.717 4.43913 42.16
      vertex 52.717 4.43913 45.44
    endloop
  endfacet
  facet normal 1 0 0
    outer loop
      vertex 52.717 4.43913 42.16
      vertex 52.717 -4.43913 45.44
      vertex 52.717 -4.43913 42.16
    endloop
  endfacet
  facet normal -0.613002 0.613015 -0.49844
    outer loop
      vertex 33.9622 3.32935 37.5
      vertex 37.5609 10.717 42.16
      vertex 38.6707 8.03775 37.5
    endloop
  endfacet
  facet normal -0.61301 0.613013 -0.498431
    outer loop
      vertex 37.5609 10.717 42.16
      vertex 33.9622 3.32935 37.5
      vertex 31.283 4.43913 42.16
    endloop
  endfacet
  facet normal 0.86693 0 -0.498429
    outer loop
      vertex 52.717 4.43913 42.16
      vertex 50.0378 -3.32935 37.5
      vertex 50.0378 3.32935 37.5
    endloop
  endfacet
  facet normal 0.86693 0 -0.498429
    outer loop
      vertex 50.0378 -3.32935 37.5
      vertex 52.717 4.43913 42.16
      vertex 52.717 -4.43913 42.16
    endloop
  endfacet
  facet normal -0.707105 -0.707108 0
    outer loop
      vertex 31.283 -4.43913 42.16
      vertex 37.5609 -10.717 45.44
      vertex 31.283 -4.43913 45.44
    endloop
  endfacet
  facet normal -0.707105 -0.707108 -0
    outer loop
      vertex 37.5609 -10.717 45.44
      vertex 31.283 -4.43913 42.16
      vertex 37.5609 -10.717 42.16
    endloop
  endfacet
  facet normal -1 0 0
    outer loop
      vertex 31.283 -4.43913 42.16
      vertex 31.283 4.43913 45.44
      vertex 31.283 4.43913 42.16
    endloop
  endfacet
  facet normal -1 -0 0
    outer loop
      vertex 31.283 4.43913 45.44
      vertex 31.283 -4.43913 42.16
      vertex 31.283 -4.43913 45.44
    endloop
  endfacet
  facet normal -0.707105 0.707108 0
    outer loop
      vertex 37.5609 10.717 42.16
      vertex 31.283 4.43913 45.44
      vertex 37.5609 10.717 45.44
    endloop
  endfacet
  facet normal -0.707105 0.707108 0
    outer loop
      vertex 31.283 4.43913 45.44
      vertex 37.5609 10.717 42.16
      vertex 31.283 4.43913 42.16
    endloop
  endfacet
  facet normal 0.707105 -0.707108 0
    outer loop
      vertex 46.4391 -10.717 42.16
      vertex 52.717 -4.43913 45.44
      vertex 46.4391 -10.717 45.44
    endloop
  endfacet
  facet normal 0.707105 -0.707108 0
    outer loop
      vertex 52.717 -4.43913 45.44
      vertex 46.4391 -10.717 42.16
      vertex 52.717 -4.43913 42.16
    endloop
  endfacet
  facet normal 0 -0.866926 -0.498436
    outer loop
      vertex 38.6707 -8.03775 37.5
      vertex 46.4391 -10.717 42.16
      vertex 37.5609 -10.717 42.16
    endloop
  endfacet
  facet normal 0 -0.866926 -0.498436
    outer loop
      vertex 46.4391 -10.717 42.16
      vertex 38.6707 -8.03775 37.5
      vertex 45.3293 -8.03775 37.5
    endloop
  endfacet
  facet normal 0 -1 0
    outer loop
      vertex 37.5609 -10.717 42.16
      vertex 46.4391 -10.717 45.44
      vertex 37.5609 -10.717 45.44
    endloop
  endfacet
  facet normal 0 -1 -0
    outer loop
      vertex 46.4391 -10.717 45.44
      vertex 37.5609 -10.717 42.16
      vertex 46.4391 -10.717 42.16
    endloop
  endfacet
  facet normal 0.613002 -0.613015 -0.49844
    outer loop
      vertex 50.0378 -3.32935 37.5
      vertex 46.4391 -10.717 42.16
      vertex 45.3293 -8.03775 37.5
    endloop
  endfacet
  facet normal 0.61301 -0.613013 -0.498431
    outer loop
      vertex 46.4391 -10.717 42.16
      vertex 50.0378 -3.32935 37.5
      vertex 52.717 -4.43913 42.16
    endloop
  endfacet
  facet normal 0 0.694711 0.719289
    outer loop
      vertex 46.4391 10.717 45.44
      vertex 38.0584 9.51596 46.6
      vertex 45.9416 9.51596 46.6
    endloop
  endfacet
  facet normal 0 0.694711 0.719289
    outer loop
      vertex 38.0584 9.51596 46.6
      vertex 46.4391 10.717 45.44
      vertex 37.5609 10.717 45.44
    endloop
  endfacet
  facet normal 0 -0.694711 0.719289
    outer loop
      vertex 38.0584 -9.51596 46.6
      vertex 46.4391 -10.717 45.44
      vertex 45.9416 -9.51596 46.6
    endloop
  endfacet
  facet normal 0 -0.694711 0.719289
    outer loop
      vertex 46.4391 -10.717 45.44
      vertex 38.0584 -9.51596 46.6
      vertex 37.5609 -10.717 45.44
    endloop
  endfacet
  facet normal -0.491228 0.491236 0.719293
    outer loop
      vertex 37.5609 10.717 45.44
      vertex 32.484 3.94164 46.6
      vertex 38.0584 9.51596 46.6
    endloop
  endfacet
  facet normal -0.491239 0.491242 0.719281
    outer loop
      vertex 32.484 3.94164 46.6
      vertex 37.5609 10.717 45.44
      vertex 31.283 4.43913 45.44
    endloop
  endfacet
  facet normal 0.491239 -0.491242 0.719281
    outer loop
      vertex 51.516 -3.94164 46.6
      vertex 46.4391 -10.717 45.44
      vertex 52.717 -4.43913 45.44
    endloop
  endfacet
  facet normal 0.491228 -0.491236 0.719293
    outer loop
      vertex 46.4391 -10.717 45.44
      vertex 51.516 -3.94164 46.6
      vertex 45.9416 -9.51596 46.6
    endloop
  endfacet
  facet normal 0.491239 0.491242 0.719281
    outer loop
      vertex 46.4391 10.717 45.44
      vertex 51.516 3.94164 46.6
      vertex 52.717 4.43913 45.44
    endloop
  endfacet
  facet normal 0.491228 0.491236 0.719293
    outer loop
      vertex 51.516 3.94164 46.6
      vertex 46.4391 10.717 45.44
      vertex 45.9416 9.51596 46.6
    endloop
  endfacet
  facet normal -0.491228 -0.491236 0.719293
    outer loop
      vertex 32.484 -3.94164 46.6
      vertex 37.5609 -10.717 45.44
      vertex 38.0584 -9.51596 46.6
    endloop
  endfacet
  facet normal -0.491239 -0.491242 0.719281
    outer loop
      vertex 37.5609 -10.717 45.44
      vertex 32.484 -3.94164 46.6
      vertex 31.283 -4.43913 45.44
    endloop
  endfacet
  facet normal 0.694723 0 0.719278
    outer loop
      vertex 51.516 3.94164 46.6
      vertex 52.717 -4.43913 45.44
      vertex 52.717 4.43913 45.44
    endloop
  endfacet
  facet normal 0.694723 0 0.719278
    outer loop
      vertex 52.717 -4.43913 45.44
      vertex 51.516 3.94164 46.6
      vertex 51.516 -3.94164 46.6
    endloop
  endfacet
  facet normal -0 0 1
    outer loop
      vertex 38.1173 0.9751 46.6
      vertex 41.0249 -3.88272 46.6
      vertex 41.0249 3.88272 46.6
    endloop
  endfacet
  facet normal 0 0 1
    outer loop
      vertex 38.1173 0.9751 46.6
      vertex 38.1173 -0.9751 46.6
      vertex 41.0249 -3.88272 46.6
    endloop
  endfacet
  facet normal 0 0 1
    outer loop
      vertex 37.6845 1.40785 46.6
      vertex 38.1173 -0.9751 46.6
      vertex 38.1173 0.9751 46.6
    endloop
  endfacet
  facet normal 0 0 1
    outer loop
      vertex 37.6845 1.40785 46.6
      vertex 37.6845 -1.40785 46.6
      vertex 38.1173 -0.9751 46.6
    endloop
  endfacet
  facet normal -0 0 1
    outer loop
      vertex 32.484 3.94164 46.6
      vertex 37.6845 1.40785 46.6
      vertex 34.3215 4.77085 46.6
    endloop
  endfacet
  facet normal 0 0 1
    outer loop
      vertex 37.6845 1.40785 46.6
      vertex 32.484 3.94164 46.6
      vertex 37.6845 -1.40785 46.6
    endloop
  endfacet
  facet normal -0 0 1
    outer loop
      vertex 46.3155 -1.40785 46.6
      vertex 51.516 -3.94164 46.6
      vertex 46.3155 1.40785 46.6
    endloop
  endfacet
  facet normal 0 0 1
    outer loop
      vertex 51.516 -3.94164 46.6
      vertex 46.3155 -1.40785 46.6
      vertex 49.6785 -4.77085 46.6
    endloop
  endfacet
  facet normal -0 0 1
    outer loop
      vertex 45.8827 0.9751 46.6
      vertex 46.3155 -1.40785 46.6
      vertex 46.3155 1.40785 46.6
    endloop
  endfacet
  facet normal 0 0 1
    outer loop
      vertex 45.8827 0.9751 46.6
      vertex 45.8827 -0.9751 46.6
      vertex 46.3155 -1.40785 46.6
    endloop
  endfacet
  facet normal 0 0 1
    outer loop
      vertex 42.9751 3.88272 46.6
      vertex 45.8827 -0.9751 46.6
      vertex 45.8827 0.9751 46.6
    endloop
  endfacet
  facet normal 0 0 1
    outer loop
      vertex 45.8827 -0.9751 46.6
      vertex 42.9751 3.88272 46.6
      vertex 42.9751 -3.88272 46.6
    endloop
  endfacet
  facet normal 0 0 1
    outer loop
      vertex 46.3155 1.40785 46.6
      vertex 51.516 3.94164 46.6
      vertex 49.6785 4.77085 46.6
    endloop
  endfacet
  facet normal 0 0 1
    outer loop
      vertex 51.516 3.94164 46.6
      vertex 46.7708 7.67847 46.6
      vertex 49.6785 4.77085 46.6
    endloop
  endfacet
  facet normal 0 0 1
    outer loop
      vertex 45.9416 9.51596 46.6
      vertex 46.7708 7.67847 46.6
      vertex 51.516 3.94164 46.6
    endloop
  endfacet
  facet normal 0 0 1
    outer loop
      vertex 45.9416 9.51596 46.6
      vertex 43.4078 4.31547 46.6
      vertex 46.7708 7.67847 46.6
    endloop
  endfacet
  facet normal 0 0 1
    outer loop
      vertex 40.5922 4.31547 46.6
      vertex 43.4078 4.31547 46.6
      vertex 45.9416 9.51596 46.6
    endloop
  endfacet
  facet normal 0 0 1
    outer loop
      vertex 42.9751 3.88272 46.6
      vertex 41.0249 3.88272 46.6
      vertex 42.9751 -3.88272 46.6
    endloop
  endfacet
  facet normal 0 0 1
    outer loop
      vertex 43.4078 4.31547 46.6
      vertex 40.5922 4.31547 46.6
      vertex 42.9751 3.88272 46.6
    endloop
  endfacet
  facet normal 0 0 1
    outer loop
      vertex 42.9751 3.88272 46.6
      vertex 40.5922 4.31547 46.6
      vertex 41.0249 3.88272 46.6
    endloop
  endfacet
  facet normal -0 0 1
    outer loop
      vertex 38.0584 9.51596 46.6
      vertex 40.5922 4.31547 46.6
      vertex 45.9416 9.51596 46.6
    endloop
  endfacet
  facet normal 0 0 1
    outer loop
      vertex 38.0584 9.51596 46.6
      vertex 37.2292 7.67847 46.6
      vertex 40.5922 4.31547 46.6
    endloop
  endfacet
  facet normal 0 0 1
    outer loop
      vertex 38.0584 9.51596 46.6
      vertex 34.3215 4.77085 46.6
      vertex 37.2292 7.67847 46.6
    endloop
  endfacet
  facet normal 0 0 1
    outer loop
      vertex 32.484 -3.94164 46.6
      vertex 37.6845 -1.40785 46.6
      vertex 32.484 3.94164 46.6
    endloop
  endfacet
  facet normal 0 0 1
    outer loop
      vertex 32.484 3.94164 46.6
      vertex 34.3215 4.77085 46.6
      vertex 38.0584 9.51596 46.6
    endloop
  endfacet
  facet normal 0 0 1
    outer loop
      vertex 51.516 3.94164 46.6
      vertex 46.3155 1.40785 46.6
      vertex 51.516 -3.94164 46.6
    endloop
  endfacet
  facet normal 0 0 1
    outer loop
      vertex 46.7708 -7.67847 46.6
      vertex 51.516 -3.94164 46.6
      vertex 49.6785 -4.77085 46.6
    endloop
  endfacet
  facet normal -0 0 1
    outer loop
      vertex 46.7708 -7.67847 46.6
      vertex 45.9416 -9.51596 46.6
      vertex 51.516 -3.94164 46.6
    endloop
  endfacet
  facet normal 0 0 1
    outer loop
      vertex 43.4078 -4.31547 46.6
      vertex 45.9416 -9.51596 46.6
      vertex 46.7708 -7.67847 46.6
    endloop
  endfacet
  facet normal 0 0 1
    outer loop
      vertex 40.5922 -4.31547 46.6
      vertex 43.4078 -4.31547 46.6
      vertex 42.9751 -3.88272 46.6
    endloop
  endfacet
  facet normal 0 0 1
    outer loop
      vertex 41.0249 -3.88272 46.6
      vertex 42.9751 -3.88272 46.6
      vertex 41.0249 3.88272 46.6
    endloop
  endfacet
  facet normal 0 0 1
    outer loop
      vertex 40.5922 -4.31547 46.6
      vertex 42.9751 -3.88272 46.6
      vertex 41.0249 -3.88272 46.6
    endloop
  endfacet
  facet normal 0 0 1
    outer loop
      vertex 43.4078 -4.31547 46.6
      vertex 40.5922 -4.31547 46.6
      vertex 45.9416 -9.51596 46.6
    endloop
  endfacet
  facet normal 0 0 1
    outer loop
      vertex 40.5922 -4.31547 46.6
      vertex 38.0584 -9.51596 46.6
      vertex 45.9416 -9.51596 46.6
    endloop
  endfacet
  facet normal -0 0 1
    outer loop
      vertex 37.2292 -7.67847 46.6
      vertex 38.0584 -9.51596 46.6
      vertex 40.5922 -4.31547 46.6
    endloop
  endfacet
  facet normal 0 0 1
    outer loop
      vertex 34.3215 -4.77085 46.6
      vertex 38.0584 -9.51596 46.6
      vertex 37.2292 -7.67847 46.6
    endloop
  endfacet
  facet normal 0 0 1
    outer loop
      vertex 34.3215 -4.77085 46.6
      vertex 32.484 -3.94164 46.6
      vertex 38.0584 -9.51596 46.6
    endloop
  endfacet
  facet normal 0 0 1
    outer loop
      vertex 37.6845 -1.40785 46.6
      vertex 32.484 -3.94164 46.6
      vertex 34.3215 -4.77085 46.6
    endloop
  endfacet
  facet normal -0.694723 0 0.719278
    outer loop
      vertex 31.283 4.43913 45.44
      vertex 32.484 -3.94164 46.6
      vertex 32.484 3.94164 46.6
    endloop
  endfacet
  facet normal -0.694723 0 0.719278
    outer loop
      vertex 32.484 -3.94164 46.6
      vertex 31.283 4.43913 45.44
      vertex 31.283 -4.43913 45.44
    endloop
  endfacet
  facet normal -0.998034 -0.0626769 0
    outer loop
      vertex 45.1 0 0.799999
      vertex 45.0756 0.388533 3
      vertex 45.0756 0.388533 0.799999
    endloop
  endfacet
  facet normal -0.998034 -0.0626769 0
    outer loop
      vertex 45.0756 0.388533 3
      vertex 45.1 0 0.799999
      vertex 45.1 0 3
    endloop
  endfacet
  facet normal 0.998034 -0.0626769 0
    outer loop
      vertex 38.9 0 3
      vertex 38.9244 0.388533 0.799999
      vertex 38.9244 0.388533 3
    endloop
  endfacet
  facet normal 0.998034 -0.0626769 0
    outer loop
      vertex 38.9244 0.388533 0.799999
      vertex 38.9 0 3
      vertex 38.9 0 0.799999
    endloop
  endfacet
  facet normal 0 -1 0
    outer loop
      vertex 41.8054 3.09388 0.799999
      vertex 42.1946 3.09388 3
      vertex 41.8054 3.09388 3
    endloop
  endfacet
  facet normal 0 -1 -0
    outer loop
      vertex 42.1946 3.09388 3
      vertex 41.8054 3.09388 0.799999
      vertex 42.1946 3.09388 0.799999
    endloop
  endfacet
  facet normal 0 1 -0
    outer loop
      vertex 42.1946 -3.09388 0.799999
      vertex 41.8054 -3.09388 3
      vertex 42.1946 -3.09388 3
    endloop
  endfacet
  facet normal 0 1 0
    outer loop
      vertex 41.8054 -3.09388 3
      vertex 42.1946 -3.09388 0.799999
      vertex 41.8054 -3.09388 0.799999
    endloop
  endfacet
  facet normal -0.684525 -0.728989 0
    outer loop
      vertex 43.976 2.38859 0.799999
      vertex 44.2598 2.1221 3
      vertex 43.976 2.38859 3
    endloop
  endfacet
  facet normal -0.684525 -0.728989 -0
    outer loop
      vertex 44.2598 2.1221 3
      vertex 43.976 2.38859 0.799999
      vertex 44.2598 2.1221 0.799999
    endloop
  endfacet
  facet normal 0.684525 -0.728989 0
    outer loop
      vertex 39.7402 2.1221 0.799999
      vertex 40.024 2.38859 3
      vertex 39.7402 2.1221 3
    endloop
  endfacet
  facet normal 0.684525 -0.728989 0
    outer loop
      vertex 40.024 2.38859 3
      vertex 39.7402 2.1221 0.799999
      vertex 40.024 2.38859 0.799999
    endloop
  endfacet
  facet normal 0.368177 -0.929756 0
    outer loop
      vertex 40.6801 2.80496 0.799999
      vertex 41.042 2.94827 3
      vertex 40.6801 2.80496 3
    endloop
  endfacet
  facet normal 0.368177 -0.929756 0
    outer loop
      vertex 41.042 2.94827 3
      vertex 40.6801 2.80496 0.799999
      vertex 41.042 2.94827 0.799999
    endloop
  endfacet
  facet normal -0.904784 -0.425871 0
    outer loop
      vertex 44.8823 1.14119 0.799999
      vertex 44.7165 1.49344 3
      vertex 44.7165 1.49344 0.799999
    endloop
  endfacet
  facet normal -0.904784 -0.425871 0
    outer loop
      vertex 44.7165 1.49344 3
      vertex 44.8823 1.14119 0.799999
      vertex 44.8823 1.14119 3
    endloop
  endfacet
  facet normal -0.84432 -0.53584 0
    outer loop
      vertex 44.7165 1.49344 0.799999
      vertex 44.5079 1.82213 3
      vertex 44.5079 1.82213 0.799999
    endloop
  endfacet
  facet normal -0.84432 -0.53584 0
    outer loop
      vertex 44.5079 1.82213 3
      vertex 44.7165 1.49344 0.799999
      vertex 44.7165 1.49344 3
    endloop
  endfacet
  facet normal -0.368177 -0.929756 0
    outer loop
      vertex 42.958 2.94827 0.799999
      vertex 43.3199 2.80496 3
      vertex 42.958 2.94827 3
    endloop
  endfacet
  facet normal -0.368177 -0.929756 -0
    outer loop
      vertex 43.3199 2.80496 3
      vertex 42.958 2.94827 0.799999
      vertex 43.3199 2.80496 0.799999
    endloop
  endfacet
  facet normal -0.587855 -0.808966 0
    outer loop
      vertex 43.6611 2.61742 0.799999
      vertex 43.976 2.38859 3
      vertex 43.6611 2.61742 3
    endloop
  endfacet
  facet normal -0.587855 -0.808966 -0
    outer loop
      vertex 43.976 2.38859 3
      vertex 43.6611 2.61742 0.799999
      vertex 43.976 2.38859 0.799999
    endloop
  endfacet
  facet normal 0.84432 -0.53584 0
    outer loop
      vertex 39.2835 1.49344 3
      vertex 39.4921 1.82213 0.799999
      vertex 39.4921 1.82213 3
    endloop
  endfacet
  facet normal 0.84432 -0.53584 0
    outer loop
      vertex 39.4921 1.82213 0.799999
      vertex 39.2835 1.49344 3
      vertex 39.2835 1.49344 0.799999
    endloop
  endfacet
  facet normal 0.770585 -0.637337 0
    outer loop
      vertex 39.4921 1.82213 3
      vertex 39.7402 2.1221 0.799999
      vertex 39.7402 2.1221 3
    endloop
  endfacet
  facet normal 0.770585 -0.637337 0
    outer loop
      vertex 39.7402 2.1221 0.799999
      vertex 39.4921 1.82213 3
      vertex 39.4921 1.82213 0.799999
    endloop
  endfacet
  facet normal 0.951058 -0.309012 0
    outer loop
      vertex 38.9974 0.770938 3
      vertex 39.1177 1.14119 0.799999
      vertex 39.1177 1.14119 3
    endloop
  endfacet
  facet normal 0.951058 -0.309012 0
    outer loop
      vertex 39.1177 1.14119 0.799999
      vertex 38.9974 0.770938 3
      vertex 38.9974 0.770938 0.799999
    endloop
  endfacet
  facet normal 0.587855 -0.808966 0
    outer loop
      vertex 40.024 2.38859 0.799999
      vertex 40.3389 2.61742 3
      vertex 40.024 2.38859 3
    endloop
  endfacet
  facet normal 0.587855 -0.808966 0
    outer loop
      vertex 40.3389 2.61742 3
      vertex 40.024 2.38859 0.799999
      vertex 40.3389 2.61742 0.799999
    endloop
  endfacet
  facet normal 0.248683 -0.968585 0
    outer loop
      vertex 41.042 2.94827 0.799999
      vertex 41.4191 3.04509 3
      vertex 41.042 2.94827 3
    endloop
  endfacet
  facet normal 0.248683 -0.968585 0
    outer loop
      vertex 41.4191 3.04509 3
      vertex 41.042 2.94827 0.799999
      vertex 41.4191 3.04509 0.799999
    endloop
  endfacet
  facet normal -0.368177 0.929756 0
    outer loop
      vertex 43.3199 -2.80496 0.799999
      vertex 42.958 -2.94827 3
      vertex 43.3199 -2.80496 3
    endloop
  endfacet
  facet normal -0.368177 0.929756 0
    outer loop
      vertex 42.958 -2.94827 3
      vertex 43.3199 -2.80496 0.799999
      vertex 42.958 -2.94827 0.799999
    endloop
  endfacet
  facet normal -0.951058 -0.309012 0
    outer loop
      vertex 45.0026 0.770938 0.799999
      vertex 44.8823 1.14119 3
      vertex 44.8823 1.14119 0.799999
    endloop
  endfacet
  facet normal -0.951058 -0.309012 0
    outer loop
      vertex 44.8823 1.14119 3
      vertex 45.0026 0.770938 0.799999
      vertex 45.0026 0.770938 3
    endloop
  endfacet
  facet normal -0.982262 -0.187511 0
    outer loop
      vertex 45.0756 0.388533 0.799999
      vertex 45.0026 0.770938 3
      vertex 45.0026 0.770938 0.799999
    endloop
  endfacet
  facet normal -0.982262 -0.187511 0
    outer loop
      vertex 45.0026 0.770938 3
      vertex 45.0756 0.388533 0.799999
      vertex 45.0756 0.388533 3
    endloop
  endfacet
  facet normal -0.770585 -0.637337 0
    outer loop
      vertex 44.5079 1.82213 0.799999
      vertex 44.2598 2.1221 3
      vertex 44.2598 2.1221 0.799999
    endloop
  endfacet
  facet normal -0.770585 -0.637337 0
    outer loop
      vertex 44.2598 2.1221 3
      vertex 44.5079 1.82213 0.799999
      vertex 44.5079 1.82213 3
    endloop
  endfacet
  facet normal -0.248683 -0.968585 0
    outer loop
      vertex 42.5809 3.04509 0.799999
      vertex 42.958 2.94827 3
      vertex 42.5809 3.04509 3
    endloop
  endfacet
  facet normal -0.248683 -0.968585 -0
    outer loop
      vertex 42.958 2.94827 3
      vertex 42.5809 3.04509 0.799999
      vertex 42.958 2.94827 0.799999
    endloop
  endfacet
  facet normal -0.125305 -0.992118 0
    outer loop
      vertex 42.1946 3.09388 0.799999
      vertex 42.5809 3.04509 3
      vertex 42.1946 3.09388 3
    endloop
  endfacet
  facet normal -0.125305 -0.992118 -0
    outer loop
      vertex 42.5809 3.04509 3
      vertex 42.1946 3.09388 0.799999
      vertex 42.5809 3.04509 0.799999
    endloop
  endfacet
  facet normal -0.481682 -0.876346 0
    outer loop
      vertex 43.3199 2.80496 0.799999
      vertex 43.6611 2.61742 3
      vertex 43.3199 2.80496 3
    endloop
  endfacet
  facet normal -0.481682 -0.876346 -0
    outer loop
      vertex 43.6611 2.61742 3
      vertex 43.3199 2.80496 0.799999
      vertex 43.6611 2.61742 0.799999
    endloop
  endfacet
  facet normal 0.904784 -0.425871 0
    outer loop
      vertex 39.1177 1.14119 3
      vertex 39.2835 1.49344 0.799999
      vertex 39.2835 1.49344 3
    endloop
  endfacet
  facet normal 0.904784 -0.425871 0
    outer loop
      vertex 39.2835 1.49344 0.799999
      vertex 39.1177 1.14119 3
      vertex 39.1177 1.14119 0.799999
    endloop
  endfacet
  facet normal 0.982262 -0.187511 0
    outer loop
      vertex 38.9244 0.388533 3
      vertex 38.9974 0.770938 0.799999
      vertex 38.9974 0.770938 3
    endloop
  endfacet
  facet normal 0.982262 -0.187511 0
    outer loop
      vertex 38.9974 0.770938 0.799999
      vertex 38.9244 0.388533 3
      vertex 38.9244 0.388533 0.799999
    endloop
  endfacet
  facet normal 0 0 -1
    outer loop
      vertex 45.0756 -0.388533 3
      vertex 45.0756 0.388533 3
      vertex 45.1 0 3
    endloop
  endfacet
  facet normal 0 0 -1
    outer loop
      vertex 45.0026 -0.770938 3
      vertex 45.0756 0.388533 3
      vertex 45.0756 -0.388533 3
    endloop
  endfacet
  facet normal 0 0 -1
    outer loop
      vertex 45.0026 -0.770938 3
      vertex 45.0026 0.770938 3
      vertex 45.0756 0.388533 3
    endloop
  endfacet
  facet normal 0 0 -1
    outer loop
      vertex 44.8823 -1.14119 3
      vertex 45.0026 0.770938 3
      vertex 45.0026 -0.770938 3
    endloop
  endfacet
  facet normal 0 0 -1
    outer loop
      vertex 44.8823 -1.14119 3
      vertex 44.8823 1.14119 3
      vertex 45.0026 0.770938 3
    endloop
  endfacet
  facet normal 0 0 -1
    outer loop
      vertex 44.7165 -1.49344 3
      vertex 44.8823 1.14119 3
      vertex 44.8823 -1.14119 3
    endloop
  endfacet
  facet normal 0 0 -1
    outer loop
      vertex 44.7165 -1.49344 3
      vertex 44.7165 1.49344 3
      vertex 44.8823 1.14119 3
    endloop
  endfacet
  facet normal 0 0 -1
    outer loop
      vertex 44.5079 -1.82213 3
      vertex 44.7165 1.49344 3
      vertex 44.7165 -1.49344 3
    endloop
  endfacet
  facet normal 0 0 -1
    outer loop
      vertex 44.5079 -1.82213 3
      vertex 44.5079 1.82213 3
      vertex 44.7165 1.49344 3
    endloop
  endfacet
  facet normal 0 0 -1
    outer loop
      vertex 44.2598 -2.1221 3
      vertex 44.5079 1.82213 3
      vertex 44.5079 -1.82213 3
    endloop
  endfacet
  facet normal 0 0 -1
    outer loop
      vertex 44.2598 -2.1221 3
      vertex 44.2598 2.1221 3
      vertex 44.5079 1.82213 3
    endloop
  endfacet
  facet normal 0 0 -1
    outer loop
      vertex 43.976 -2.38859 3
      vertex 44.2598 2.1221 3
      vertex 44.2598 -2.1221 3
    endloop
  endfacet
  facet normal 0 0 -1
    outer loop
      vertex 43.976 -2.38859 3
      vertex 43.976 2.38859 3
      vertex 44.2598 2.1221 3
    endloop
  endfacet
  facet normal 0 0 -1
    outer loop
      vertex 43.6611 -2.61742 3
      vertex 43.976 2.38859 3
      vertex 43.976 -2.38859 3
    endloop
  endfacet
  facet normal 0 0 -1
    outer loop
      vertex 43.6611 -2.61742 3
      vertex 43.6611 2.61742 3
      vertex 43.976 2.38859 3
    endloop
  endfacet
  facet normal 0 0 -1
    outer loop
      vertex 43.3199 -2.80496 3
      vertex 43.6611 2.61742 3
      vertex 43.6611 -2.61742 3
    endloop
  endfacet
  facet normal 0 0 -1
    outer loop
      vertex 43.3199 -2.80496 3
      vertex 43.3199 2.80496 3
      vertex 43.6611 2.61742 3
    endloop
  endfacet
  facet normal 0 0 -1
    outer loop
      vertex 42.958 -2.94827 3
      vertex 43.3199 2.80496 3
      vertex 43.3199 -2.80496 3
    endloop
  endfacet
  facet normal 0 0 -1
    outer loop
      vertex 42.958 -2.94827 3
      vertex 42.958 2.94827 3
      vertex 43.3199 2.80496 3
    endloop
  endfacet
  facet normal 0 0 -1
    outer loop
      vertex 42.5809 -3.04509 3
      vertex 42.958 2.94827 3
      vertex 42.958 -2.94827 3
    endloop
  endfacet
  facet normal 0 0 -1
    outer loop
      vertex 42.5809 -3.04509 3
      vertex 42.5809 3.04509 3
      vertex 42.958 2.94827 3
    endloop
  endfacet
  facet normal 0 0 -1
    outer loop
      vertex 42.1946 -3.09388 3
      vertex 42.5809 3.04509 3
      vertex 42.5809 -3.04509 3
    endloop
  endfacet
  facet normal 0 0 -1
    outer loop
      vertex 42.1946 -3.09388 3
      vertex 42.1946 3.09388 3
      vertex 42.5809 3.04509 3
    endloop
  endfacet
  facet normal 0 0 -1
    outer loop
      vertex 41.8054 -3.09388 3
      vertex 42.1946 3.09388 3
      vertex 42.1946 -3.09388 3
    endloop
  endfacet
  facet normal 0 0 -1
    outer loop
      vertex 41.8054 -3.09388 3
      vertex 41.8054 3.09388 3
      vertex 42.1946 3.09388 3
    endloop
  endfacet
  facet normal 0 0 -1
    outer loop
      vertex 41.4191 -3.04509 3
      vertex 41.8054 3.09388 3
      vertex 41.8054 -3.09388 3
    endloop
  endfacet
  facet normal 0 0 -1
    outer loop
      vertex 41.4191 -3.04509 3
      vertex 41.4191 3.04509 3
      vertex 41.8054 3.09388 3
    endloop
  endfacet
  facet normal 0 0 -1
    outer loop
      vertex 41.042 -2.94827 3
      vertex 41.4191 3.04509 3
      vertex 41.4191 -3.04509 3
    endloop
  endfacet
  facet normal 0 0 -1
    outer loop
      vertex 41.042 -2.94827 3
      vertex 41.042 2.94827 3
      vertex 41.4191 3.04509 3
    endloop
  endfacet
  facet normal 0 0 -1
    outer loop
      vertex 40.6801 -2.80496 3
      vertex 41.042 2.94827 3
      vertex 41.042 -2.94827 3
    endloop
  endfacet
  facet normal 0 0 -1
    outer loop
      vertex 40.6801 -2.80496 3
      vertex 40.6801 2.80496 3
      vertex 41.042 2.94827 3
    endloop
  endfacet
  facet normal 0 0 -1
    outer loop
      vertex 40.3389 -2.61742 3
      vertex 40.6801 2.80496 3
      vertex 40.6801 -2.80496 3
    endloop
  endfacet
  facet normal 0 0 -1
    outer loop
      vertex 40.3389 -2.61742 3
      vertex 40.3389 2.61742 3
      vertex 40.6801 2.80496 3
    endloop
  endfacet
  facet normal 0 0 -1
    outer loop
      vertex 40.024 -2.38859 3
      vertex 40.3389 2.61742 3
      vertex 40.3389 -2.61742 3
    endloop
  endfacet
  facet normal 0 0 -1
    outer loop
      vertex 40.024 -2.38859 3
      vertex 40.024 2.38859 3
      vertex 40.3389 2.61742 3
    endloop
  endfacet
  facet normal 0 0 -1
    outer loop
      vertex 39.7402 -2.1221 3
      vertex 40.024 2.38859 3
      vertex 40.024 -2.38859 3
    endloop
  endfacet
  facet normal 0 0 -1
    outer loop
      vertex 39.7402 -2.1221 3
      vertex 39.7402 2.1221 3
      vertex 40.024 2.38859 3
    endloop
  endfacet
  facet normal 0 0 -1
    outer loop
      vertex 39.4921 -1.82213 3
      vertex 39.7402 2.1221 3
      vertex 39.7402 -2.1221 3
    endloop
  endfacet
  facet normal 0 0 -1
    outer loop
      vertex 39.4921 -1.82213 3
      vertex 39.4921 1.82213 3
      vertex 39.7402 2.1221 3
    endloop
  endfacet
  facet normal 0 0 -1
    outer loop
      vertex 39.2835 -1.49344 3
      vertex 39.4921 1.82213 3
      vertex 39.4921 -1.82213 3
    endloop
  endfacet
  facet normal 0 0 -1
    outer loop
      vertex 39.2835 -1.49344 3
      vertex 39.2835 1.49344 3
      vertex 39.4921 1.82213 3
    endloop
  endfacet
  facet normal 0 0 -1
    outer loop
      vertex 39.1177 -1.14119 3
      vertex 39.2835 1.49344 3
      vertex 39.2835 -1.49344 3
    endloop
  endfacet
  facet normal 0 0 -1
    outer loop
      vertex 39.1177 -1.14119 3
      vertex 39.1177 1.14119 3
      vertex 39.2835 1.49344 3
    endloop
  endfacet
  facet normal 0 0 -1
    outer loop
      vertex 38.9974 -0.770938 3
      vertex 39.1177 1.14119 3
      vertex 39.1177 -1.14119 3
    endloop
  endfacet
  facet normal 0 0 -1
    outer loop
      vertex 38.9974 -0.770938 3
      vertex 38.9974 0.770938 3
      vertex 39.1177 1.14119 3
    endloop
  endfacet
  facet normal 0 0 -1
    outer loop
      vertex 38.9244 -0.388533 3
      vertex 38.9974 0.770938 3
      vertex 38.9974 -0.770938 3
    endloop
  endfacet
  facet normal 0 0 -1
    outer loop
      vertex 38.9244 -0.388533 3
      vertex 38.9244 0.388533 3
      vertex 38.9974 0.770938 3
    endloop
  endfacet
  facet normal 0 -0 -1
    outer loop
      vertex 38.9244 0.388533 3
      vertex 38.9244 -0.388533 3
      vertex 38.9 0 3
    endloop
  endfacet
  facet normal 0.481682 -0.876346 0
    outer loop
      vertex 40.3389 2.61742 0.799999
      vertex 40.6801 2.80496 3
      vertex 40.3389 2.61742 3
    endloop
  endfacet
  facet normal 0.481682 -0.876346 0
    outer loop
      vertex 40.6801 2.80496 3
      vertex 40.3389 2.61742 0.799999
      vertex 40.6801 2.80496 0.799999
    endloop
  endfacet
  facet normal 0.125305 -0.992118 0
    outer loop
      vertex 41.4191 3.04509 0.799999
      vertex 41.8054 3.09388 3
      vertex 41.4191 3.04509 3
    endloop
  endfacet
  facet normal 0.125305 -0.992118 0
    outer loop
      vertex 41.8054 3.09388 3
      vertex 41.4191 3.04509 0.799999
      vertex 41.8054 3.09388 0.799999
    endloop
  endfacet
  facet normal -0.998034 0.0626769 0
    outer loop
      vertex 45.0756 -0.388533 0.799999
      vertex 45.1 0 3
      vertex 45.1 0 0.799999
    endloop
  endfacet
  facet normal -0.998034 0.0626769 0
    outer loop
      vertex 45.1 0 3
      vertex 45.0756 -0.388533 0.799999
      vertex 45.0756 -0.388533 3
    endloop
  endfacet
  facet normal -0.951058 0.309012 0
    outer loop
      vertex 44.8823 -1.14119 0.799999
      vertex 45.0026 -0.770938 3
      vertex 45.0026 -0.770938 0.799999
    endloop
  endfacet
  facet normal -0.951058 0.309012 0
    outer loop
      vertex 45.0026 -0.770938 3
      vertex 44.8823 -1.14119 0.799999
      vertex 44.8823 -1.14119 3
    endloop
  endfacet
  facet normal -0.982262 0.187511 0
    outer loop
      vertex 45.0026 -0.770938 0.799999
      vertex 45.0756 -0.388533 3
      vertex 45.0756 -0.388533 0.799999
    endloop
  endfacet
  facet normal -0.982262 0.187511 0
    outer loop
      vertex 45.0756 -0.388533 3
      vertex 45.0026 -0.770938 0.799999
      vertex 45.0026 -0.770938 3
    endloop
  endfacet
  facet normal 0 0 1
    outer loop
      vertex 45.0756 0.388533 0.799999
      vertex 45.0756 -0.388533 0.799999
      vertex 45.1 0 0.799999
    endloop
  endfacet
  facet normal 0 0 1
    outer loop
      vertex 45.0026 0.770938 0.799999
      vertex 45.0756 -0.388533 0.799999
      vertex 45.0756 0.388533 0.799999
    endloop
  endfacet
  facet normal 0 0 1
    outer loop
      vertex 45.0026 0.770938 0.799999
      vertex 45.0026 -0.770938 0.799999
      vertex 45.0756 -0.388533 0.799999
    endloop
  endfacet
  facet normal 0 0 1
    outer loop
      vertex 44.8823 1.14119 0.799999
      vertex 45.0026 -0.770938 0.799999
      vertex 45.0026 0.770938 0.799999
    endloop
  endfacet
  facet normal 0 0 1
    outer loop
      vertex 44.8823 1.14119 0.799999
      vertex 44.8823 -1.14119 0.799999
      vertex 45.0026 -0.770938 0.799999
    endloop
  endfacet
  facet normal 0 0 1
    outer loop
      vertex 44.7165 1.49344 0.799999
      vertex 44.8823 -1.14119 0.799999
      vertex 44.8823 1.14119 0.799999
    endloop
  endfacet
  facet normal 0 0 1
    outer loop
      vertex 44.7165 1.49344 0.799999
      vertex 44.7165 -1.49344 0.799999
      vertex 44.8823 -1.14119 0.799999
    endloop
  endfacet
  facet normal 0 0 1
    outer loop
      vertex 44.5079 1.82213 0.799999
      vertex 44.7165 -1.49344 0.799999
      vertex 44.7165 1.49344 0.799999
    endloop
  endfacet
  facet normal 0 0 1
    outer loop
      vertex 44.5079 1.82213 0.799999
      vertex 44.5079 -1.82213 0.799999
      vertex 44.7165 -1.49344 0.799999
    endloop
  endfacet
  facet normal 0 0 1
    outer loop
      vertex 44.2598 2.1221 0.799999
      vertex 44.5079 -1.82213 0.799999
      vertex 44.5079 1.82213 0.799999
    endloop
  endfacet
  facet normal 0 0 1
    outer loop
      vertex 44.2598 2.1221 0.799999
      vertex 44.2598 -2.1221 0.799999
      vertex 44.5079 -1.82213 0.799999
    endloop
  endfacet
  facet normal 0 0 1
    outer loop
      vertex 43.976 2.38859 0.799999
      vertex 44.2598 -2.1221 0.799999
      vertex 44.2598 2.1221 0.799999
    endloop
  endfacet
  facet normal 0 0 1
    outer loop
      vertex 43.976 2.38859 0.799999
      vertex 43.976 -2.38859 0.799999
      vertex 44.2598 -2.1221 0.799999
    endloop
  endfacet
  facet normal 0 0 1
    outer loop
      vertex 43.6611 2.61742 0.799999
      vertex 43.976 -2.38859 0.799999
      vertex 43.976 2.38859 0.799999
    endloop
  endfacet
  facet normal 0 0 1
    outer loop
      vertex 43.6611 2.61742 0.799999
      vertex 43.6611 -2.61742 0.799999
      vertex 43.976 -2.38859 0.799999
    endloop
  endfacet
  facet normal 0 0 1
    outer loop
      vertex 43.3199 2.80496 0.799999
      vertex 43.6611 -2.61742 0.799999
      vertex 43.6611 2.61742 0.799999
    endloop
  endfacet
  facet normal 0 0 1
    outer loop
      vertex 43.3199 2.80496 0.799999
      vertex 43.3199 -2.80496 0.799999
      vertex 43.6611 -2.61742 0.799999
    endloop
  endfacet
  facet normal 0 0 1
    outer loop
      vertex 42.958 2.94827 0.799999
      vertex 43.3199 -2.80496 0.799999
      vertex 43.3199 2.80496 0.799999
    endloop
  endfacet
  facet normal 0 0 1
    outer loop
      vertex 42.958 2.94827 0.799999
      vertex 42.958 -2.94827 0.799999
      vertex 43.3199 -2.80496 0.799999
    endloop
  endfacet
  facet normal 0 0 1
    outer loop
      vertex 42.5809 3.04509 0.799999
      vertex 42.958 -2.94827 0.799999
      vertex 42.958 2.94827 0.799999
    endloop
  endfacet
  facet normal 0 0 1
    outer loop
      vertex 42.5809 3.04509 0.799999
      vertex 42.5809 -3.04509 0.799999
      vertex 42.958 -2.94827 0.799999
    endloop
  endfacet
  facet normal 0 0 1
    outer loop
      vertex 42.1946 3.09388 0.799999
      vertex 42.5809 -3.04509 0.799999
      vertex 42.5809 3.04509 0.799999
    endloop
  endfacet
  facet normal 0 0 1
    outer loop
      vertex 42.1946 3.09388 0.799999
      vertex 42.1946 -3.09388 0.799999
      vertex 42.5809 -3.04509 0.799999
    endloop
  endfacet
  facet normal -0 0 1
    outer loop
      vertex 41.8054 3.09388 0.799999
      vertex 42.1946 -3.09388 0.799999
      vertex 42.1946 3.09388 0.799999
    endloop
  endfacet
  facet normal 0 0 1
    outer loop
      vertex 41.8054 3.09388 0.799999
      vertex 41.8054 -3.09388 0.799999
      vertex 42.1946 -3.09388 0.799999
    endloop
  endfacet
  facet normal -0 0 1
    outer loop
      vertex 41.4191 3.04509 0.799999
      vertex 41.8054 -3.09388 0.799999
      vertex 41.8054 3.09388 0.799999
    endloop
  endfacet
  facet normal 0 0 1
    outer loop
      vertex 41.4191 3.04509 0.799999
      vertex 41.4191 -3.04509 0.799999
      vertex 41.8054 -3.09388 0.799999
    endloop
  endfacet
  facet normal -0 0 1
    outer loop
      vertex 41.042 2.94827 0.799999
      vertex 41.4191 -3.04509 0.799999
      vertex 41.4191 3.04509 0.799999
    endloop
  endfacet
  facet normal 0 0 1
    outer loop
      vertex 41.042 2.94827 0.799999
      vertex 41.042 -2.94827 0.799999
      vertex 41.4191 -3.04509 0.799999
    endloop
  endfacet
  facet normal -0 0 1
    outer loop
      vertex 40.6801 2.80496 0.799999
      vertex 41.042 -2.94827 0.799999
      vertex 41.042 2.94827 0.799999
    endloop
  endfacet
  facet normal 0 0 1
    outer loop
      vertex 40.6801 2.80496 0.799999
      vertex 40.6801 -2.80496 0.799999
      vertex 41.042 -2.94827 0.799999
    endloop
  endfacet
  facet normal -0 0 1
    outer loop
      vertex 40.3389 2.61742 0.799999
      vertex 40.6801 -2.80496 0.799999
      vertex 40.6801 2.80496 0.799999
    endloop
  endfacet
  facet normal 0 0 1
    outer loop
      vertex 40.3389 2.61742 0.799999
      vertex 40.3389 -2.61742 0.799999
      vertex 40.6801 -2.80496 0.799999
    endloop
  endfacet
  facet normal -0 0 1
    outer loop
      vertex 40.024 2.38859 0.799999
      vertex 40.3389 -2.61742 0.799999
      vertex 40.3389 2.61742 0.799999
    endloop
  endfacet
  facet normal 0 0 1
    outer loop
      vertex 40.024 2.38859 0.799999
      vertex 40.024 -2.38859 0.799999
      vertex 40.3389 -2.61742 0.799999
    endloop
  endfacet
  facet normal -0 0 1
    outer loop
      vertex 39.7402 2.1221 0.799999
      vertex 40.024 -2.38859 0.799999
      vertex 40.024 2.38859 0.799999
    endloop
  endfacet
  facet normal 0 0 1
    outer loop
      vertex 39.7402 2.1221 0.799999
      vertex 39.7402 -2.1221 0.799999
      vertex 40.024 -2.38859 0.799999
    endloop
  endfacet
  facet normal -0 0 1
    outer loop
      vertex 39.4921 1.82213 0.799999
      vertex 39.7402 -2.1221 0.799999
      vertex 39.7402 2.1221 0.799999
    endloop
  endfacet
  facet normal 0 0 1
    outer loop
      vertex 39.4921 1.82213 0.799999
      vertex 39.4921 -1.82213 0.799999
      vertex 39.7402 -2.1221 0.799999
    endloop
  endfacet
  facet normal -0 0 1
    outer loop
      vertex 39.2835 1.49344 0.799999
      vertex 39.4921 -1.82213 0.799999
      vertex 39.4921 1.82213 0.799999
    endloop
  endfacet
  facet normal 0 0 1
    outer loop
      vertex 39.2835 1.49344 0.799999
      vertex 39.2835 -1.49344 0.799999
      vertex 39.4921 -1.82213 0.799999
    endloop
  endfacet
  facet normal -0 0 1
    outer loop
      vertex 39.1177 1.14119 0.799999
      vertex 39.2835 -1.49344 0.799999
      vertex 39.2835 1.49344 0.799999
    endloop
  endfacet
  facet normal 0 0 1
    outer loop
      vertex 39.1177 1.14119 0.799999
      vertex 39.1177 -1.14119 0.799999
      vertex 39.2835 -1.49344 0.799999
    endloop
  endfacet
  facet normal -0 0 1
    outer loop
      vertex 38.9974 0.770938 0.799999
      vertex 39.1177 -1.14119 0.799999
      vertex 39.1177 1.14119 0.799999
    endloop
  endfacet
  facet normal 0 0 1
    outer loop
      vertex 38.9974 0.770938 0.799999
      vertex 38.9974 -0.770938 0.799999
      vertex 39.1177 -1.14119 0.799999
    endloop
  endfacet
  facet normal -0 0 1
    outer loop
      vertex 38.9244 0.388533 0.799999
      vertex 38.9974 -0.770938 0.799999
      vertex 38.9974 0.770938 0.799999
    endloop
  endfacet
  facet normal 0 0 1
    outer loop
      vertex 38.9244 0.388533 0.799999
      vertex 38.9244 -0.388533 0.799999
      vertex 38.9974 -0.770938 0.799999
    endloop
  endfacet
  facet normal 0 -0 1
    outer loop
      vertex 38.9244 -0.388533 0.799999
      vertex 38.9244 0.388533 0.799999
      vertex 38.9 0 0.799999
    endloop
  endfacet
  facet normal -0.587855 0.808966 0
    outer loop
      vertex 43.976 -2.38859 0.799999
      vertex 43.6611 -2.61742 3
      vertex 43.976 -2.38859 3
    endloop
  endfacet
  facet normal -0.587855 0.808966 0
    outer loop
      vertex 43.6611 -2.61742 3
      vertex 43.976 -2.38859 0.799999
      vertex 43.6611 -2.61742 0.799999
    endloop
  endfacet
  facet normal -0.481682 0.876346 0
    outer loop
      vertex 43.6611 -2.61742 0.799999
      vertex 43.3199 -2.80496 3
      vertex 43.6611 -2.61742 3
    endloop
  endfacet
  facet normal -0.481682 0.876346 0
    outer loop
      vertex 43.3199 -2.80496 3
      vertex 43.6611 -2.61742 0.799999
      vertex 43.3199 -2.80496 0.799999
    endloop
  endfacet
  facet normal -0.84432 0.53584 0
    outer loop
      vertex 44.5079 -1.82213 0.799999
      vertex 44.7165 -1.49344 3
      vertex 44.7165 -1.49344 0.799999
    endloop
  endfacet
  facet normal -0.84432 0.53584 0
    outer loop
      vertex 44.7165 -1.49344 3
      vertex 44.5079 -1.82213 0.799999
      vertex 44.5079 -1.82213 3
    endloop
  endfacet
  facet normal 0.368177 0.929756 -0
    outer loop
      vertex 41.042 -2.94827 0.799999
      vertex 40.6801 -2.80496 3
      vertex 41.042 -2.94827 3
    endloop
  endfacet
  facet normal 0.368177 0.929756 0
    outer loop
      vertex 40.6801 -2.80496 3
      vertex 41.042 -2.94827 0.799999
      vertex 40.6801 -2.80496 0.799999
    endloop
  endfacet
  facet normal 0.770585 0.637337 0
    outer loop
      vertex 39.7402 -2.1221 3
      vertex 39.4921 -1.82213 0.799999
      vertex 39.4921 -1.82213 3
    endloop
  endfacet
  facet normal 0.770585 0.637337 0
    outer loop
      vertex 39.4921 -1.82213 0.799999
      vertex 39.7402 -2.1221 3
      vertex 39.7402 -2.1221 0.799999
    endloop
  endfacet
  facet normal 0.951058 0.309012 0
    outer loop
      vertex 39.1177 -1.14119 3
      vertex 38.9974 -0.770938 0.799999
      vertex 38.9974 -0.770938 3
    endloop
  endfacet
  facet normal 0.951058 0.309012 0
    outer loop
      vertex 38.9974 -0.770938 0.799999
      vertex 39.1177 -1.14119 3
      vertex 39.1177 -1.14119 0.799999
    endloop
  endfacet
  facet normal 0.998034 0.0626769 0
    outer loop
      vertex 38.9244 -0.388533 3
      vertex 38.9 0 0.799999
      vertex 38.9 0 3
    endloop
  endfacet
  facet normal 0.998034 0.0626769 0
    outer loop
      vertex 38.9 0 0.799999
      vertex 38.9244 -0.388533 3
      vertex 38.9244 -0.388533 0.799999
    endloop
  endfacet
  facet normal -0.684525 0.728989 0
    outer loop
      vertex 44.2598 -2.1221 0.799999
      vertex 43.976 -2.38859 3
      vertex 44.2598 -2.1221 3
    endloop
  endfacet
  facet normal -0.684525 0.728989 0
    outer loop
      vertex 43.976 -2.38859 3
      vertex 44.2598 -2.1221 0.799999
      vertex 43.976 -2.38859 0.799999
    endloop
  endfacet
  facet normal -0.904784 0.425871 0
    outer loop
      vertex 44.7165 -1.49344 0.799999
      vertex 44.8823 -1.14119 3
      vertex 44.8823 -1.14119 0.799999
    endloop
  endfacet
  facet normal -0.904784 0.425871 0
    outer loop
      vertex 44.8823 -1.14119 3
      vertex 44.7165 -1.49344 0.799999
      vertex 44.7165 -1.49344 3
    endloop
  endfacet
  facet normal 0.125305 0.992118 -0
    outer loop
      vertex 41.8054 -3.09388 0.799999
      vertex 41.4191 -3.04509 3
      vertex 41.8054 -3.09388 3
    endloop
  endfacet
  facet normal 0.125305 0.992118 0
    outer loop
      vertex 41.4191 -3.04509 3
      vertex 41.8054 -3.09388 0.799999
      vertex 41.4191 -3.04509 0.799999
    endloop
  endfacet
  facet normal 0.587855 0.808966 -0
    outer loop
      vertex 40.3389 -2.61742 0.799999
      vertex 40.024 -2.38859 3
      vertex 40.3389 -2.61742 3
    endloop
  endfacet
  facet normal 0.587855 0.808966 0
    outer loop
      vertex 40.024 -2.38859 3
      vertex 40.3389 -2.61742 0.799999
      vertex 40.024 -2.38859 0.799999
    endloop
  endfacet
  facet normal 0.248683 0.968585 -0
    outer loop
      vertex 41.4191 -3.04509 0.799999
      vertex 41.042 -2.94827 3
      vertex 41.4191 -3.04509 3
    endloop
  endfacet
  facet normal 0.248683 0.968585 0
    outer loop
      vertex 41.042 -2.94827 3
      vertex 41.4191 -3.04509 0.799999
      vertex 41.042 -2.94827 0.799999
    endloop
  endfacet
  facet normal 0.684525 0.728989 -0
    outer loop
      vertex 40.024 -2.38859 0.799999
      vertex 39.7402 -2.1221 3
      vertex 40.024 -2.38859 3
    endloop
  endfacet
  facet normal 0.684525 0.728989 0
    outer loop
      vertex 39.7402 -2.1221 3
      vertex 40.024 -2.38859 0.799999
      vertex 39.7402 -2.1221 0.799999
    endloop
  endfacet
  facet normal 0.904784 0.425871 0
    outer loop
      vertex 39.2835 -1.49344 3
      vertex 39.1177 -1.14119 0.799999
      vertex 39.1177 -1.14119 3
    endloop
  endfacet
  facet normal 0.904784 0.425871 0
    outer loop
      vertex 39.1177 -1.14119 0.799999
      vertex 39.2835 -1.49344 3
      vertex 39.2835 -1.49344 0.799999
    endloop
  endfacet
  facet normal 0.982262 0.187511 0
    outer loop
      vertex 38.9974 -0.770938 3
      vertex 38.9244 -0.388533 0.799999
      vertex 38.9244 -0.388533 3
    endloop
  endfacet
  facet normal 0.982262 0.187511 0
    outer loop
      vertex 38.9244 -0.388533 0.799999
      vertex 38.9974 -0.770938 3
      vertex 38.9974 -0.770938 0.799999
    endloop
  endfacet
  facet normal -0.770585 0.637337 0
    outer loop
      vertex 44.2598 -2.1221 0.799999
      vertex 44.5079 -1.82213 3
      vertex 44.5079 -1.82213 0.799999
    endloop
  endfacet
  facet normal -0.770585 0.637337 0
    outer loop
      vertex 44.5079 -1.82213 3
      vertex 44.2598 -2.1221 0.799999
      vertex 44.2598 -2.1221 3
    endloop
  endfacet
  facet normal -0.248683 0.968585 0
    outer loop
      vertex 42.958 -2.94827 0.799999
      vertex 42.5809 -3.04509 3
      vertex 42.958 -2.94827 3
    endloop
  endfacet
  facet normal -0.248683 0.968585 0
    outer loop
      vertex 42.5809 -3.04509 3
      vertex 42.958 -2.94827 0.799999
      vertex 42.5809 -3.04509 0.799999
    endloop
  endfacet
  facet normal -0.125305 0.992118 0
    outer loop
      vertex 42.5809 -3.04509 0.799999
      vertex 42.1946 -3.09388 3
      vertex 42.5809 -3.04509 3
    endloop
  endfacet
  facet normal -0.125305 0.992118 0
    outer loop
      vertex 42.1946 -3.09388 3
      vertex 42.5809 -3.04509 0.799999
      vertex 42.1946 -3.09388 0.799999
    endloop
  endfacet
  facet normal 0.481682 0.876346 -0
    outer loop
      vertex 40.6801 -2.80496 0.799999
      vertex 40.3389 -2.61742 3
      vertex 40.6801 -2.80496 3
    endloop
  endfacet
  facet normal 0.481682 0.876346 0
    outer loop
      vertex 40.3389 -2.61742 3
      vertex 40.6801 -2.80496 0.799999
      vertex 40.3389 -2.61742 0.799999
    endloop
  endfacet
  facet normal 0.84432 0.53584 0
    outer loop
      vertex 39.4921 -1.82213 3
      vertex 39.2835 -1.49344 0.799999
      vertex 39.2835 -1.49344 3
    endloop
  endfacet
  facet normal 0.84432 0.53584 0
    outer loop
      vertex 39.2835 -1.49344 0.799999
      vertex 39.4921 -1.82213 3
      vertex 39.4921 -1.82213 0.799999
    endloop
  endfacet
  facet normal 0 -1 0
    outer loop
      vertex 78.6424 -12.9343 0
      vertex 89.3576 -12.9343 3.84
      vertex 78.6424 -12.9343 3.84
    endloop
  endfacet
  facet normal 0 -1 -0
    outer loop
      vertex 89.3576 -12.9343 3.84
      vertex 78.6424 -12.9343 0
      vertex 89.3576 -12.9343 0
    endloop
  endfacet
  facet normal -0.707108 -0.707105 0
    outer loop
      vertex 78.6424 -12.9343 0
      vertex 71.0657 -5.35757 3.84
      vertex 71.0657 -5.35757 0
    endloop
  endfacet
  facet normal -0.707108 -0.707105 0
    outer loop
      vertex 71.0657 -5.35757 3.84
      vertex 78.6424 -12.9343 0
      vertex 78.6424 -12.9343 3.84
    endloop
  endfacet
  facet normal -1 0 0
    outer loop
      vertex 71.0657 -5.35757 0
      vertex 71.0657 5.35757 3.84
      vertex 71.0657 5.35757 0
    endloop
  endfacet
  facet normal -1 -0 0
    outer loop
      vertex 71.0657 5.35757 3.84
      vertex 71.0657 -5.35757 0
      vertex 71.0657 -5.35757 3.84
    endloop
  endfacet
  facet normal 1 -0 0
    outer loop
      vertex 96.9343 -5.35757 3.84
      vertex 96.9343 5.35757 0
      vertex 96.9343 5.35757 3.84
    endloop
  endfacet
  facet normal 1 0 0
    outer loop
      vertex 96.9343 5.35757 0
      vertex 96.9343 -5.35757 3.84
      vertex 96.9343 -5.35757 0
    endloop
  endfacet
  facet normal 0.707108 0.707105 0
    outer loop
      vertex 96.9343 5.35757 3.84
      vertex 89.3576 12.9343 0
      vertex 89.3576 12.9343 3.84
    endloop
  endfacet
  facet normal 0.707108 0.707105 0
    outer loop
      vertex 89.3576 12.9343 0
      vertex 96.9343 5.35757 3.84
      vertex 96.9343 5.35757 0
    endloop
  endfacet
  facet normal 0.707108 -0.707105 0
    outer loop
      vertex 89.3576 -12.9343 3.84
      vertex 96.9343 -5.35757 0
      vertex 96.9343 -5.35757 3.84
    endloop
  endfacet
  facet normal 0.707108 -0.707105 0
    outer loop
      vertex 96.9343 -5.35757 0
      vertex 89.3576 -12.9343 3.84
      vertex 89.3576 -12.9343 0
    endloop
  endfacet
  facet normal -0.707108 0.707105 0
    outer loop
      vertex 71.0657 5.35757 0
      vertex 78.6424 12.9343 3.84
      vertex 78.6424 12.9343 0
    endloop
  endfacet
  facet normal -0.707108 0.707105 0
    outer loop
      vertex 78.6424 12.9343 3.84
      vertex 71.0657 5.35757 0
      vertex 71.0657 5.35757 3.84
    endloop
  endfacet
  facet normal 0 1 -0
    outer loop
      vertex 89.3576 12.9343 0
      vertex 78.6424 12.9343 3.84
      vertex 89.3576 12.9343 3.84
    endloop
  endfacet
  facet normal 0 1 0
    outer loop
      vertex 78.6424 12.9343 3.84
      vertex 89.3576 12.9343 0
      vertex 78.6424 12.9343 0
    endloop
  endfacet
  facet normal -0.420087 -0.420088 0.804396
    outer loop
      vertex 72.6363 -4.70701 5
      vertex 78.6424 -12.9343 3.84
      vertex 79.293 -11.3637 5
    endloop
  endfacet
  facet normal -0.420093 -0.420092 0.804391
    outer loop
      vertex 78.6424 -12.9343 3.84
      vertex 72.6363 -4.70701 5
      vertex 71.0657 -5.35757 3.84
    endloop
  endfacet
  facet normal 0.420093 -0.420092 0.804391
    outer loop
      vertex 95.3637 -4.70701 5
      vertex 89.3576 -12.9343 3.84
      vertex 96.9343 -5.35757 3.84
    endloop
  endfacet
  facet normal 0.420087 -0.420088 0.804396
    outer loop
      vertex 89.3576 -12.9343 3.84
      vertex 95.3637 -4.70701 5
      vertex 88.707 -11.3637 5
    endloop
  endfacet
  facet normal 0.420093 0.420092 0.804391
    outer loop
      vertex 89.3576 12.9343 3.84
      vertex 95.3637 4.70701 5
      vertex 96.9343 5.35757 3.84
    endloop
  endfacet
  facet normal 0.420087 0.420088 0.804396
    outer loop
      vertex 95.3637 4.70701 5
      vertex 89.3576 12.9343 3.84
      vertex 88.707 11.3637 5
    endloop
  endfacet
  facet normal -0.420087 0.420088 0.804396
    outer loop
      vertex 78.6424 12.9343 3.84
      vertex 72.6363 4.70701 5
      vertex 79.293 11.3637 5
    endloop
  endfacet
  facet normal -0.420093 0.420092 0.804391
    outer loop
      vertex 72.6363 4.70701 5
      vertex 78.6424 12.9343 3.84
      vertex 71.0657 5.35757 3.84
    endloop
  endfacet
  facet normal 0 -0.5941 0.804391
    outer loop
      vertex 79.293 -11.3637 5
      vertex 89.3576 -12.9343 3.84
      vertex 88.707 -11.3637 5
    endloop
  endfacet
  facet normal 0 -0.5941 0.804391
    outer loop
      vertex 89.3576 -12.9343 3.84
      vertex 79.293 -11.3637 5
      vertex 78.6424 -12.9343 3.84
    endloop
  endfacet
  facet normal 0 0.5941 0.804391
    outer loop
      vertex 89.3576 12.9343 3.84
      vertex 79.293 11.3637 5
      vertex 88.707 11.3637 5
    endloop
  endfacet
  facet normal 0 0.5941 0.804391
    outer loop
      vertex 79.293 11.3637 5
      vertex 89.3576 12.9343 3.84
      vertex 78.6424 12.9343 3.84
    endloop
  endfacet
  facet normal 0.5941 0 0.804391
    outer loop
      vertex 95.3637 4.70701 5
      vertex 96.9343 -5.35757 3.84
      vertex 96.9343 5.35757 3.84
    endloop
  endfacet
  facet normal 0.5941 0 0.804391
    outer loop
      vertex 96.9343 -5.35757 3.84
      vertex 95.3637 4.70701 5
      vertex 95.3637 -4.70701 5
    endloop
  endfacet
  facet normal -0.5941 0 0.804391
    outer loop
      vertex 71.0657 5.35757 3.84
      vertex 72.6363 -4.70701 5
      vertex 72.6363 4.70701 5
    endloop
  endfacet
  facet normal -0.5941 0 0.804391
    outer loop
      vertex 72.6363 -4.70701 5
      vertex 71.0657 5.35757 3.84
      vertex 71.0657 -5.35757 3.84
    endloop
  endfacet
  facet normal -0.707106 -0.707107 0
    outer loop
      vertex 79.293 -11.3637 5
      vertex 72.6363 -4.70701 5.04
      vertex 72.6363 -4.70701 5
    endloop
  endfacet
  facet normal -0.707106 -0.707107 0
    outer loop
      vertex 72.6363 -4.70701 5.04
      vertex 79.293 -11.3637 5
      vertex 79.293 -11.3637 5.04
    endloop
  endfacet
  facet normal 0 -1 0
    outer loop
      vertex 79.293 -11.3637 5
      vertex 88.707 -11.3637 5.04
      vertex 79.293 -11.3637 5.04
    endloop
  endfacet
  facet normal 0 -1 -0
    outer loop
      vertex 88.707 -11.3637 5.04
      vertex 79.293 -11.3637 5
      vertex 88.707 -11.3637 5
    endloop
  endfacet
  facet normal -0.865999 0 0.500045
    outer loop
      vertex 72.6363 4.70701 5.04
      vertex 75.5003 -3.52069 10
      vertex 75.5003 3.52069 10
    endloop
  endfacet
  facet normal -0.865999 0 0.500045
    outer loop
      vertex 75.5003 -3.52069 10
      vertex 72.6363 4.70701 5.04
      vertex 72.6363 -4.70701 5.04
    endloop
  endfacet
  facet normal 0 -0.865999 0.500046
    outer loop
      vertex 79.293 -11.3637 5.04
      vertex 87.5207 -8.49969 10
      vertex 80.4793 -8.49969 10
    endloop
  endfacet
  facet normal 0 -0.865999 0.500046
    outer loop
      vertex 87.5207 -8.49969 10
      vertex 79.293 -11.3637 5.04
      vertex 88.707 -11.3637 5.04
    endloop
  endfacet
  facet normal 0.707106 0.707107 0
    outer loop
      vertex 95.3637 4.70701 5.04
      vertex 88.707 11.3637 5
      vertex 88.707 11.3637 5.04
    endloop
  endfacet
  facet normal 0.707106 0.707107 0
    outer loop
      vertex 88.707 11.3637 5
      vertex 95.3637 4.70701 5.04
      vertex 95.3637 4.70701 5
    endloop
  endfacet
  facet normal 0.865999 -0 0.500045
    outer loop
      vertex 92.4997 -3.52069 10
      vertex 95.3637 4.70701 5.04
      vertex 92.4997 3.52069 10
    endloop
  endfacet
  facet normal 0.865999 0 0.500045
    outer loop
      vertex 95.3637 4.70701 5.04
      vertex 92.4997 -3.52069 10
      vertex 95.3637 -4.70701 5.04
    endloop
  endfacet
  facet normal 0.612354 -0.612354 0.500046
    outer loop
      vertex 87.5207 -8.49969 10
      vertex 95.3637 -4.70701 5.04
      vertex 92.4997 -3.52069 10
    endloop
  endfacet
  facet normal 0.612354 -0.612354 0.500045
    outer loop
      vertex 95.3637 -4.70701 5.04
      vertex 87.5207 -8.49969 10
      vertex 88.707 -11.3637 5.04
    endloop
  endfacet
  facet normal -0.612354 -0.612354 0.500046
    outer loop
      vertex 72.6363 -4.70701 5.04
      vertex 80.4793 -8.49969 10
      vertex 75.5003 -3.52069 10
    endloop
  endfacet
  facet normal -0.612354 -0.612354 0.500045
    outer loop
      vertex 80.4793 -8.49969 10
      vertex 72.6363 -4.70701 5.04
      vertex 79.293 -11.3637 5.04
    endloop
  endfacet
  facet normal 0 0.865999 0.500046
    outer loop
      vertex 88.707 11.3637 5.04
      vertex 80.4793 8.49969 10
      vertex 87.5207 8.49969 10
    endloop
  endfacet
  facet normal 0 0.865999 0.500046
    outer loop
      vertex 80.4793 8.49969 10
      vertex 88.707 11.3637 5.04
      vertex 79.293 11.3637 5.04
    endloop
  endfacet
  facet normal 0.612354 0.612354 0.500045
    outer loop
      vertex 87.5207 8.49969 10
      vertex 95.3637 4.70701 5.04
      vertex 88.707 11.3637 5.04
    endloop
  endfacet
  facet normal 0.612354 0.612354 0.500046
    outer loop
      vertex 95.3637 4.70701 5.04
      vertex 87.5207 8.49969 10
      vertex 92.4997 3.52069 10
    endloop
  endfacet
  facet normal 1 -0 0
    outer loop
      vertex 95.3637 -4.70701 5.04
      vertex 95.3637 4.70701 5
      vertex 95.3637 4.70701 5.04
    endloop
  endfacet
  facet normal 1 0 0
    outer loop
      vertex 95.3637 4.70701 5
      vertex 95.3637 -4.70701 5.04
      vertex 95.3637 -4.70701 5
    endloop
  endfacet
  facet normal 0.707106 -0.707107 0
    outer loop
      vertex 88.707 -11.3637 5.04
      vertex 95.3637 -4.70701 5
      vertex 95.3637 -4.70701 5.04
    endloop
  endfacet
  facet normal 0.707106 -0.707107 0
    outer loop
      vertex 95.3637 -4.70701 5
      vertex 88.707 -11.3637 5.04
      vertex 88.707 -11.3637 5
    endloop
  endfacet
  facet normal -1 0 0
    outer loop
      vertex 72.6363 -4.70701 5
      vertex 72.6363 4.70701 5.04
      vertex 72.6363 4.70701 5
    endloop
  endfacet
  facet normal -1 -0 0
    outer loop
      vertex 72.6363 4.70701 5.04
      vertex 72.6363 -4.70701 5
      vertex 72.6363 -4.70701 5.04
    endloop
  endfacet
  facet normal -0.707106 0.707107 0
    outer loop
      vertex 72.6363 4.70701 5
      vertex 79.293 11.3637 5.04
      vertex 79.293 11.3637 5
    endloop
  endfacet
  facet normal -0.707106 0.707107 0
    outer loop
      vertex 79.293 11.3637 5.04
      vertex 72.6363 4.70701 5
      vertex 72.6363 4.70701 5.04
    endloop
  endfacet
  facet normal 0 1 -0
    outer loop
      vertex 88.707 11.3637 5
      vertex 79.293 11.3637 5.04
      vertex 88.707 11.3637 5.04
    endloop
  endfacet
  facet normal 0 1 0
    outer loop
      vertex 79.293 11.3637 5.04
      vertex 88.707 11.3637 5
      vertex 79.293 11.3637 5
    endloop
  endfacet
  facet normal -0.612354 0.612354 0.500045
    outer loop
      vertex 72.6363 4.70701 5.04
      vertex 80.4793 8.49969 10
      vertex 79.293 11.3637 5.04
    endloop
  endfacet
  facet normal -0.612354 0.612354 0.500046
    outer loop
      vertex 80.4793 8.49969 10
      vertex 72.6363 4.70701 5.04
      vertex 75.5003 3.52069 10
    endloop
  endfacet
  facet normal 0 0 1
    outer loop
      vertex 77.2114 -1.99106 10
      vertex 77.1668 -1.968 10
      vertex 77.2114 -2.81194 10
    endloop
  endfacet
  facet normal 0 0 1
    outer loop
      vertex 92.4997 3.52069 10
      vertex 91.03 -1.17 10
      vertex 92.4997 -3.52069 10
    endloop
  endfacet
  facet normal 0 0 1
    outer loop
      vertex 90.7886 1.24384 10
      vertex 92.4997 3.52069 10
      vertex 90.7886 2.81194 10
    endloop
  endfacet
  facet normal 0 0 1
    outer loop
      vertex 92.4997 3.52069 10
      vertex 90.6144 2.98617 10
      vertex 90.7886 2.81194 10
    endloop
  endfacet
  facet normal 0 0 1
    outer loop
      vertex 92.4997 3.52069 10
      vertex 90.43 4.83 10
      vertex 90.6144 2.98617 10
    endloop
  endfacet
  facet normal 0 0 1
    outer loop
      vertex 87.5207 8.49969 10
      vertex 90.43 4.83 10
      vertex 92.4997 3.52069 10
    endloop
  endfacet
  facet normal 0 0 1
    outer loop
      vertex 87.5207 8.49969 10
      vertex 88.7706 4.83 10
      vertex 90.43 4.83 10
    endloop
  endfacet
  facet normal 0 0 1
    outer loop
      vertex 87.5207 8.49969 10
      vertex 86.8119 6.78862 10
      vertex 88.7706 4.83 10
    endloop
  endfacet
  facet normal 0 0 1
    outer loop
      vertex 87.5207 8.49969 10
      vertex 81.1881 6.78862 10
      vertex 86.8119 6.78862 10
    endloop
  endfacet
  facet normal -0 0 1
    outer loop
      vertex 80.4793 8.49969 10
      vertex 81.1881 6.78862 10
      vertex 87.5207 8.49969 10
    endloop
  endfacet
  facet normal 0 0 1
    outer loop
      vertex 80.4793 8.49969 10
      vertex 79.2294 4.83 10
      vertex 81.1881 6.78862 10
    endloop
  endfacet
  facet normal 0 0 1
    outer loop
      vertex 80.4793 8.49969 10
      vertex 77.57 4.83 10
      vertex 79.2294 4.83 10
    endloop
  endfacet
  facet normal -0 0 1
    outer loop
      vertex 75.5003 3.52069 10
      vertex 77.3856 2.98617 10
      vertex 77.57 4.83 10
    endloop
  endfacet
  facet normal 0 0 1
    outer loop
      vertex 75.5003 3.52069 10
      vertex 77.2114 1.24384 10
      vertex 77.2114 2.81194 10
    endloop
  endfacet
  facet normal 0 0 1
    outer loop
      vertex 75.5003 -3.52069 10
      vertex 76.97 -1.17 10
      vertex 75.5003 3.52069 10
    endloop
  endfacet
  facet normal 0 0 1
    outer loop
      vertex 77.2114 1.24384 10
      vertex 75.5003 3.52069 10
      vertex 76.97 -1.17 10
    endloop
  endfacet
  facet normal 0 0 1
    outer loop
      vertex 77.3856 2.98617 10
      vertex 75.5003 3.52069 10
      vertex 77.2114 2.81194 10
    endloop
  endfacet
  facet normal 0 0 1
    outer loop
      vertex 75.5003 3.52069 10
      vertex 77.57 4.83 10
      vertex 80.4793 8.49969 10
    endloop
  endfacet
  facet normal -0 0 1
    outer loop
      vertex 91.03 -1.23 10
      vertex 92.4997 -3.52069 10
      vertex 91.03 -1.17 10
    endloop
  endfacet
  facet normal -0 0 1
    outer loop
      vertex 90.8332 -1.968 10
      vertex 92.4997 -3.52069 10
      vertex 91.03 -1.23 10
    endloop
  endfacet
  facet normal 0 0 1
    outer loop
      vertex 90.7886 -2.81194 10
      vertex 90.8332 -1.968 10
      vertex 90.7886 -1.99106 10
    endloop
  endfacet
  facet normal 0 0 1
    outer loop
      vertex 90.8332 -1.968 10
      vertex 90.7886 -2.81194 10
      vertex 92.4997 -3.52069 10
    endloop
  endfacet
  facet normal 0 0 1
    outer loop
      vertex 90.7886 -2.81194 10
      vertex 87.5207 -8.49969 10
      vertex 92.4997 -3.52069 10
    endloop
  endfacet
  facet normal -0 0 1
    outer loop
      vertex 86.8119 -6.78862 10
      vertex 87.5207 -8.49969 10
      vertex 90.7886 -2.81194 10
    endloop
  endfacet
  facet normal -0 0 1
    outer loop
      vertex 81.1881 -6.78862 10
      vertex 87.5207 -8.49969 10
      vertex 86.8119 -6.78862 10
    endloop
  endfacet
  facet normal 0 0 1
    outer loop
      vertex 81.1881 -6.78862 10
      vertex 80.4793 -8.49969 10
      vertex 87.5207 -8.49969 10
    endloop
  endfacet
  facet normal 0 0 1
    outer loop
      vertex 77.2114 -2.81194 10
      vertex 80.4793 -8.49969 10
      vertex 81.1881 -6.78862 10
    endloop
  endfacet
  facet normal 0 0 1
    outer loop
      vertex 75.5003 -3.52069 10
      vertex 77.1668 -1.968 10
      vertex 76.97 -1.23 10
    endloop
  endfacet
  facet normal 0 0 1
    outer loop
      vertex 76.97 -1.17 10
      vertex 75.5003 -3.52069 10
      vertex 76.97 -1.23 10
    endloop
  endfacet
  facet normal 0 0 1
    outer loop
      vertex 77.2114 -2.81194 10
      vertex 75.5003 -3.52069 10
      vertex 80.4793 -8.49969 10
    endloop
  endfacet
  facet normal 0 0 1
    outer loop
      vertex 77.1668 -1.968 10
      vertex 75.5003 -3.52069 10
      vertex 77.2114 -2.81194 10
    endloop
  endfacet
  facet normal 0 0 1
    outer loop
      vertex 92.4997 3.52069 10
      vertex 90.7886 1.24384 10
      vertex 91.03 -1.17 10
    endloop
  endfacet
  facet normal -0.99646 -6.78667e-05 0.0840667
    outer loop
      vertex 77.2611 -2.32171 10.5895
      vertex 77.2114 -2.81194 10
      vertex 77.3739 -2.74462 11.9262
    endloop
  endfacet
  facet normal -0.996465 0 0.0840107
    outer loop
      vertex 77.2114 -2.81194 10
      vertex 77.2611 -2.32171 10.5895
      vertex 77.2114 -1.99106 10
    endloop
  endfacet
  facet normal -0.996458 0 0.0840898
    outer loop
      vertex 77.2114 2.81194 10
      vertex 77.2114 1.24384 10
      vertex 77.362 2.74957 11.7846
    endloop
  endfacet
  facet normal 0.704599 -0.704606 0.0840827
    outer loop
      vertex 88.6546 -4.23 16
      vertex 86.6022 -6.28238 16
      vertex 89.0603 -4.23 12.6003
    endloop
  endfacet
  facet normal 0.704381 -0.704828 0.0840571
    outer loop
      vertex 90.6045 -2.82549 11.4291
      vertex 90.7886 -2.81194 10
      vertex 90.6261 -2.74462 11.9262
    endloop
  endfacet
  facet normal 0.704623 -0.704582 0.0840907
    outer loop
      vertex 89.0603 -4.23 12.6003
      vertex 90.7886 -2.81194 10
      vertex 90.6045 -2.82549 11.4291
    endloop
  endfacet
  facet normal 0.704595 -0.704612 0.084076
    outer loop
      vertex 86.8119 -6.78862 10
      vertex 89.0603 -4.23 12.6003
      vertex 86.6022 -6.28238 16
    endloop
  endfacet
  facet normal 0.704602 -0.704606 0.0840637
    outer loop
      vertex 89.0603 -4.23 12.6003
      vertex 86.8119 -6.78862 10
      vertex 90.7886 -2.81194 10
    endloop
  endfacet
  facet normal 0 -0.996459 0.0840746
    outer loop
      vertex 81.1881 -6.78862 10
      vertex 86.6022 -6.28238 16
      vertex 81.3978 -6.28238 16
    endloop
  endfacet
  facet normal 0 -0.996459 0.0840746
    outer loop
      vertex 86.6022 -6.28238 16
      vertex 81.1881 -6.78862 10
      vertex 86.8119 -6.78862 10
    endloop
  endfacet
  facet normal -0.704381 -0.704828 0.0840571
    outer loop
      vertex 77.2114 -2.81194 10
      vertex 77.3955 -2.82549 11.4291
      vertex 77.3739 -2.74462 11.9262
    endloop
  endfacet
  facet normal -0.704623 -0.704582 0.0840907
    outer loop
      vertex 77.2114 -2.81194 10
      vertex 78.9397 -4.23 12.6003
      vertex 77.3955 -2.82549 11.4291
    endloop
  endfacet
  facet normal -0.704599 -0.704606 0.0840827
    outer loop
      vertex 78.9397 -4.23 12.6003
      vertex 81.3978 -6.28238 16
      vertex 79.3454 -4.23 16
    endloop
  endfacet
  facet normal -0.704602 -0.704606 0.0840637
    outer loop
      vertex 81.1881 -6.78862 10
      vertex 78.9397 -4.23 12.6003
      vertex 77.2114 -2.81194 10
    endloop
  endfacet
  facet normal -0.704595 -0.704612 0.084076
    outer loop
      vertex 78.9397 -4.23 12.6003
      vertex 81.1881 -6.78862 10
      vertex 81.3978 -6.28238 16
    endloop
  endfacet
  facet normal 0 0.996459 0.0840746
    outer loop
      vertex 86.8119 6.78862 10
      vertex 81.3978 6.28238 16
      vertex 86.6022 6.28238 16
    endloop
  endfacet
  facet normal 0 0.996459 0.0840746
    outer loop
      vertex 81.3978 6.28238 16
      vertex 86.8119 6.78862 10
      vertex 81.1881 6.78862 10
    endloop
  endfacet
  facet normal 0 0 1
    outer loop
      vertex 86.6022 -6.28238 16
      vertex 86.9117 -4.23 16
      vertex 86.6693 -4.34725 16
    endloop
  endfacet
  facet normal -0 0 1
    outer loop
      vertex 86.9117 -4.23 16
      vertex 86.6022 -6.28238 16
      vertex 88.6546 -4.23 16
    endloop
  endfacet
  facet normal 0 0 1
    outer loop
      vertex 86.6693 -4.34725 16
      vertex 81.3978 -6.28238 16
      vertex 86.6022 -6.28238 16
    endloop
  endfacet
  facet normal -0 0 1
    outer loop
      vertex 81.3307 -4.34725 16
      vertex 81.3978 -6.28238 16
      vertex 86.6693 -4.34725 16
    endloop
  endfacet
  facet normal 0 0 1
    outer loop
      vertex 81.0883 -4.23 16
      vertex 81.3978 -6.28238 16
      vertex 81.3307 -4.34725 16
    endloop
  endfacet
  facet normal 0 0 1
    outer loop
      vertex 81.3978 -6.28238 16
      vertex 81.0883 -4.23 16
      vertex 79.3454 -4.23 16
    endloop
  endfacet
  facet normal -0 0 1
    outer loop
      vertex 81.3978 6.28238 16
      vertex 88.0546 4.83 16
      vertex 86.6022 6.28238 16
    endloop
  endfacet
  facet normal 0 0 1
    outer loop
      vertex 88.0546 4.83 16
      vertex 81.3978 6.28238 16
      vertex 79.9454 4.83 16
    endloop
  endfacet
  facet normal 0.704588 0.704617 0.0840809
    outer loop
      vertex 86.8119 6.78862 10
      vertex 88.0546 4.83 16
      vertex 88.7706 4.83 10
    endloop
  endfacet
  facet normal 0.704598 0.704608 0.0840758
    outer loop
      vertex 88.0546 4.83 16
      vertex 86.8119 6.78862 10
      vertex 86.6022 6.28238 16
    endloop
  endfacet
  facet normal 0.704663 0.704542 0.0840886
    outer loop
      vertex 90.7886 2.81194 10
      vertex 90.6144 2.98617 10
      vertex 90.638 2.74957 11.7846
    endloop
  endfacet
  facet normal 0.996458 0 0.0840898
    outer loop
      vertex 90.7886 2.81194 10
      vertex 90.638 2.74957 11.7846
      vertex 90.7886 1.24384 10
    endloop
  endfacet
  facet normal 0.996465 0 0.0840107
    outer loop
      vertex 90.7389 -2.32171 10.5895
      vertex 90.7886 -2.81194 10
      vertex 90.7886 -1.99106 10
    endloop
  endfacet
  facet normal 0.99646 -6.78667e-05 0.0840667
    outer loop
      vertex 90.7886 -2.81194 10
      vertex 90.7389 -2.32171 10.5895
      vertex 90.6261 -2.74462 11.9262
    endloop
  endfacet
  facet normal -0.704598 0.704608 0.0840758
    outer loop
      vertex 81.1881 6.78862 10
      vertex 79.9454 4.83 16
      vertex 81.3978 6.28238 16
    endloop
  endfacet
  facet normal -0.704588 0.704617 0.0840809
    outer loop
      vertex 79.9454 4.83 16
      vertex 81.1881 6.78862 10
      vertex 79.2294 4.83 10
    endloop
  endfacet
  facet normal -0.704663 0.704542 0.0840886
    outer loop
      vertex 77.3856 2.98617 10
      vertex 77.2114 2.81194 10
      vertex 77.362 2.74957 11.7846
    endloop
  endfacet
  facet normal -0.417473 0.807114 0.417473
    outer loop
      vertex 79.37 4.83 30.03
      vertex 76.97 -1.17 39.23
      vertex 78.77 -1.17 41.03
    endloop
  endfacet
  facet normal -0.417473 0.807114 0.417473
    outer loop
      vertex 76.97 -1.17 39.23
      vertex 79.37 4.83 30.03
      vertex 77.57 4.83 28.23
    endloop
  endfacet
  facet normal 0.995039 0.0994834 0
    outer loop
      vertex 90.638 2.74957 11.7846
      vertex 90.43 4.83 10
      vertex 90.43 4.83 28.23
    endloop
  endfacet
  facet normal 0.995036 0.0995128 3.46704e-05
    outer loop
      vertex 90.43 4.83 10
      vertex 90.638 2.74957 11.7846
      vertex 90.6144 2.98617 10
    endloop
  endfacet
  facet normal 0.995036 0.0995164 -4.2261e-06
    outer loop
      vertex 91.03 -1.17 10
      vertex 90.638 2.74957 11.7846
      vertex 90.43 4.83 28.23
    endloop
  endfacet
  facet normal 0.995037 0.0995037 -0
    outer loop
      vertex 91.03 -1.17 10
      vertex 90.43 4.83 28.23
      vertex 91.03 -1.17 39.23
    endloop
  endfacet
  facet normal 0.995037 0.0995102 9.48945e-06
    outer loop
      vertex 90.638 2.74957 11.7846
      vertex 91.03 -1.17 10
      vertex 90.7886 1.24384 10
    endloop
  endfacet
  facet normal 1 -0 0
    outer loop
      vertex 91.03 -1.23 39.23
      vertex 91.03 -1.17 10
      vertex 91.03 -1.17 39.23
    endloop
  endfacet
  facet normal 1 0 0
    outer loop
      vertex 91.03 -1.17 10
      vertex 91.03 -1.23 39.23
      vertex 91.03 -1.23 10
    endloop
  endfacet
  facet normal 0 1 0
    outer loop
      vertex 90.43 4.83 28.23
      vertex 79.37 4.83 30.03
      vertex 88.63 4.83 30.03
    endloop
  endfacet
  facet normal 0 1 0
    outer loop
      vertex 90.43 4.83 28.23
      vertex 77.57 4.83 28.23
      vertex 79.37 4.83 30.03
    endloop
  endfacet
  facet normal 0 1 0
    outer loop
      vertex 90.43 4.83 28.23
      vertex 88.0546 4.83 16
      vertex 77.57 4.83 28.23
    endloop
  endfacet
  facet normal 0 1 -0
    outer loop
      vertex 90.43 4.83 10
      vertex 88.0546 4.83 16
      vertex 90.43 4.83 28.23
    endloop
  endfacet
  facet normal 0 1 0
    outer loop
      vertex 88.0546 4.83 16
      vertex 90.43 4.83 10
      vertex 88.7706 4.83 10
    endloop
  endfacet
  facet normal 0 1 -0
    outer loop
      vertex 79.9454 4.83 16
      vertex 77.57 4.83 28.23
      vertex 88.0546 4.83 16
    endloop
  endfacet
  facet normal 0 1 0
    outer loop
      vertex 77.57 4.83 10
      vertex 79.9454 4.83 16
      vertex 79.2294 4.83 10
    endloop
  endfacet
  facet normal 0 1 0
    outer loop
      vertex 79.9454 4.83 16
      vertex 77.57 4.83 10
      vertex 77.57 4.83 28.23
    endloop
  endfacet
  facet normal -0.995036 0.0995128 3.46704e-05
    outer loop
      vertex 77.362 2.74957 11.7846
      vertex 77.57 4.83 10
      vertex 77.3856 2.98617 10
    endloop
  endfacet
  facet normal -0.995039 0.0994834 0
    outer loop
      vertex 77.57 4.83 10
      vertex 77.362 2.74957 11.7846
      vertex 77.57 4.83 28.23
    endloop
  endfacet
  facet normal -0.995037 0.0995102 9.48945e-06
    outer loop
      vertex 76.97 -1.17 10
      vertex 77.362 2.74957 11.7846
      vertex 77.2114 1.24384 10
    endloop
  endfacet
  facet normal -0.995036 0.0995164 -4.2261e-06
    outer loop
      vertex 77.362 2.74957 11.7846
      vertex 76.97 -1.17 10
      vertex 77.57 4.83 28.23
    endloop
  endfacet
  facet normal -0.995037 0.0995037 0
    outer loop
      vertex 77.57 4.83 28.23
      vertex 76.97 -1.17 10
      vertex 76.97 -1.17 39.23
    endloop
  endfacet
  facet normal -1 0 0
    outer loop
      vertex 76.97 -1.23 10
      vertex 76.97 -1.17 39.23
      vertex 76.97 -1.17 10
    endloop
  endfacet
  facet normal -1 -0 0
    outer loop
      vertex 76.97 -1.17 39.23
      vertex 76.97 -1.23 10
      vertex 76.97 -1.23 39.23
    endloop
  endfacet
  facet normal 0.417473 0.807114 0.417473
    outer loop
      vertex 91.03 -1.17 39.23
      vertex 88.63 4.83 30.03
      vertex 89.23 -1.17 41.03
    endloop
  endfacet
  facet normal 0.417473 0.807114 0.417473
    outer loop
      vertex 88.63 4.83 30.03
      vertex 91.03 -1.17 39.23
      vertex 90.43 4.83 28.23
    endloop
  endfacet
  facet normal 0 0.877895 0.478853
    outer loop
      vertex 89.23 -1.17 41.03
      vertex 85.18 -0.629999 40.04
      vertex 85.1547 -1.17 41.03
    endloop
  endfacet
  facet normal 2.39818e-07 0.877896 0.478852
    outer loop
      vertex 89.23 -1.17 41.03
      vertex 85.38 4.17 31.24
      vertex 85.18 -0.629999 40.04
    endloop
  endfacet
  facet normal -4.27529e-16 0.877896 0.478852
    outer loop
      vertex 88.63 4.83 30.03
      vertex 85.38 4.17 31.24
      vertex 89.23 -1.17 41.03
    endloop
  endfacet
  facet normal 0 0.877896 0.478852
    outer loop
      vertex 85.38 4.23 31.13
      vertex 88.63 4.83 30.03
      vertex 82.62 4.23 31.13
    endloop
  endfacet
  facet normal 1.97658e-15 0.877896 0.478852
    outer loop
      vertex 85.38 4.17 31.24
      vertex 88.63 4.83 30.03
      vertex 85.38 4.23 31.13
    endloop
  endfacet
  facet normal 0 0.877895 0.478853
    outer loop
      vertex 82.82 -0.629999 40.04
      vertex 78.77 -1.17 41.03
      vertex 82.8453 -1.17 41.03
    endloop
  endfacet
  facet normal -2.39818e-07 0.877896 0.478852
    outer loop
      vertex 82.62 4.17 31.24
      vertex 78.77 -1.17 41.03
      vertex 82.82 -0.629999 40.04
    endloop
  endfacet
  facet normal -1.90842e-15 0.877896 0.478852
    outer loop
      vertex 79.37 4.83 30.03
      vertex 82.62 4.17 31.24
      vertex 82.62 4.23 31.13
    endloop
  endfacet
  facet normal 4.27529e-16 0.877896 0.478852
    outer loop
      vertex 82.62 4.17 31.24
      vertex 79.37 4.83 30.03
      vertex 78.77 -1.17 41.03
    endloop
  endfacet
  facet normal -0 0.877896 0.478852
    outer loop
      vertex 79.37 4.83 30.03
      vertex 82.62 4.23 31.13
      vertex 88.63 4.83 30.03
    endloop
  endfacet
  facet normal 0.417471 -0.807115 -0.417471
    outer loop
      vertex 90.23 -4.23 13.77
      vertex 89.0603 -4.23 12.6003
      vertex 90.6045 -2.82549 11.4291
    endloop
  endfacet
  facet normal 0.417329 -0.807151 -0.417545
    outer loop
      vertex 90.8332 -1.968 10
      vertex 90.7389 -2.32171 10.5895
      vertex 90.7886 -1.99106 10
    endloop
  endfacet
  facet normal 0 -1 0
    outer loop
      vertex 78.3911 -4.23 43.0058
      vertex 77.77 -4.23 44.23
      vertex 77.77 -4.23 43.5932
    endloop
  endfacet
  facet normal 0 -1 0
    outer loop
      vertex 77.77 -4.23 44.23
      vertex 78.3911 -4.23 43.0058
      vertex 78.3911 -4.23 44.8511
    endloop
  endfacet
  facet normal 0 -1 0
    outer loop
      vertex 77.77 -4.23 41.6327
      vertex 78.3911 -4.23 30.5068
      vertex 78.3911 -4.23 40.0759
    endloop
  endfacet
  facet normal 0 -1 0
    outer loop
      vertex 80.1911 -4.23 28.7068
      vertex 81.3119 -4.23 27.7496
      vertex 87.8089 -4.23 28.7068
    endloop
  endfacet
  facet normal 0 -1 -0
    outer loop
      vertex 80.1911 -4.23 28.7068
      vertex 79.5561 -4.23 25.9938
      vertex 81.3119 -4.23 27.7496
    endloop
  endfacet
  facet normal 0 -1 0
    outer loop
      vertex 78.3911 -4.23 30.5068
      vertex 79.5561 -4.23 25.9938
      vertex 80.1911 -4.23 28.7068
    endloop
  endfacet
  facet normal 0 -1 0
    outer loop
      vertex 78.3911 -4.23 30.5068
      vertex 79.5352 -4.23 25.947
      vertex 79.5561 -4.23 25.9938
    endloop
  endfacet
  facet normal 0 -1 0
    outer loop
      vertex 77.77 -4.23 13.77
      vertex 79.5352 -4.23 25.947
      vertex 78.3911 -4.23 30.5068
    endloop
  endfacet
  facet normal 0 -1 -0
    outer loop
      vertex 79.5352 -4.23 25.947
      vertex 77.77 -4.23 13.77
      vertex 79.5352 -4.23 17.553
    endloop
  endfacet
  facet normal 0 -1 0
    outer loop
      vertex 77.77 -4.23 13.77
      vertex 78.3911 -4.23 30.5068
      vertex 77.77 -4.23 41.6327
    endloop
  endfacet
  facet normal 0 -1 0
    outer loop
      vertex 79.5352 -4.23 17.553
      vertex 77.77 -4.23 13.77
      vertex 79.3454 -4.23 16
    endloop
  endfacet
  facet normal 0 -1 0
    outer loop
      vertex 79.3454 -4.23 16
      vertex 77.77 -4.23 13.77
      vertex 78.9397 -4.23 12.6003
    endloop
  endfacet
  facet normal 0 -1 0
    outer loop
      vertex 89.6089 -4.23 30.5068
      vertex 90.23 -4.23 41.6327
      vertex 89.6089 -4.23 40.0759
    endloop
  endfacet
  facet normal 0 -1 0
    outer loop
      vertex 86.6881 -4.23 27.7496
      vertex 87.8089 -4.23 28.7068
      vertex 81.3119 -4.23 27.7496
    endloop
  endfacet
  facet normal 0 -1 0
    outer loop
      vertex 88.4439 -4.23 25.9938
      vertex 87.8089 -4.23 28.7068
      vertex 86.6881 -4.23 27.7496
    endloop
  endfacet
  facet normal 0 -1 0
    outer loop
      vertex 88.4439 -4.23 25.9938
      vertex 89.6089 -4.23 30.5068
      vertex 87.8089 -4.23 28.7068
    endloop
  endfacet
  facet normal 0 -1 0
    outer loop
      vertex 88.4648 -4.23 25.947
      vertex 89.6089 -4.23 30.5068
      vertex 88.4439 -4.23 25.9938
    endloop
  endfacet
  facet normal 0 -1 0
    outer loop
      vertex 90.23 -4.23 13.77
      vertex 88.4648 -4.23 25.947
      vertex 88.4648 -4.23 17.553
    endloop
  endfacet
  facet normal 0 -1 0
    outer loop
      vertex 88.6546 -4.23 16
      vertex 88.4648 -4.23 17.553
      vertex 86.9117 -4.23 16
    endloop
  endfacet
  facet normal 0 -1 0
    outer loop
      vertex 90.23 -4.23 13.77
      vertex 88.4648 -4.23 17.553
      vertex 88.6546 -4.23 16
    endloop
  endfacet
  facet normal 0 -1 0
    outer loop
      vertex 89.6089 -4.23 30.5068
      vertex 90.23 -4.23 13.77
      vertex 90.23 -4.23 41.6327
    endloop
  endfacet
  facet normal 0 -1 0
    outer loop
      vertex 88.4648 -4.23 25.947
      vertex 90.23 -4.23 13.77
      vertex 89.6089 -4.23 30.5068
    endloop
  endfacet
  facet normal -0 -1 0
    outer loop
      vertex 90.23 -4.23 13.77
      vertex 88.6546 -4.23 16
      vertex 89.0603 -4.23 12.6003
    endloop
  endfacet
  facet normal 0 -1 -0
    outer loop
      vertex 79.5352 -4.23 17.553
      vertex 79.3454 -4.23 16
      vertex 81.0883 -4.23 16
    endloop
  endfacet
  facet normal 0 -1 0
    outer loop
      vertex 89.6089 -4.23 43.0058
      vertex 90.23 -4.23 44.23
      vertex 89.6089 -4.23 44.8511
    endloop
  endfacet
  facet normal 0 -1 -0
    outer loop
      vertex 90.23 -4.23 44.23
      vertex 89.6089 -4.23 43.0058
      vertex 90.23 -4.23 43.5932
    endloop
  endfacet
  facet normal -0.966235 -0.257663 -0
    outer loop
      vertex 77.77 -4.23 41.6327
      vertex 76.97 -1.23 39.23
      vertex 77.77 -4.23 13.77
    endloop
  endfacet
  facet normal -0.966231 -0.257678 -2.08229e-05
    outer loop
      vertex 76.97 -1.23 39.23
      vertex 77.77 -4.23 41.6327
      vertex 77.6128 -3.64057 42.0268
    endloop
  endfacet
  facet normal -0.966235 -0.257663 -3.71524e-05
    outer loop
      vertex 77.2611 -2.32171 10.5895
      vertex 76.97 -1.23 10
      vertex 77.1668 -1.968 10
    endloop
  endfacet
  facet normal -0.966244 -0.25763 2.85781e-05
    outer loop
      vertex 76.97 -1.23 10
      vertex 77.2611 -2.32171 10.5895
      vertex 77.3739 -2.74462 11.9262
    endloop
  endfacet
  facet normal -0.966235 -0.257663 0
    outer loop
      vertex 76.97 -1.23 10
      vertex 77.3739 -2.74462 11.9262
      vertex 76.97 -1.23 39.23
    endloop
  endfacet
  facet normal -0.966218 -0.257727 -5.61784e-05
    outer loop
      vertex 77.77 -4.23 13.77
      vertex 77.3739 -2.74462 11.9262
      vertex 77.3955 -2.82549 11.4291
    endloop
  endfacet
  facet normal -0.966235 -0.257662 -8.91583e-08
    outer loop
      vertex 77.77 -4.23 13.77
      vertex 76.97 -1.23 39.23
      vertex 77.3739 -2.74462 11.9262
    endloop
  endfacet
  facet normal -0.966237 -0.257656 -0
    outer loop
      vertex 77.6128 -3.64057 43.0514
      vertex 76.97 -1.23 39.23
      vertex 77.6128 -3.64057 42.0268
    endloop
  endfacet
  facet normal -0.966273 -0.25752 9.19244e-05
    outer loop
      vertex 76.97 -1.23 39.23
      vertex 77.6128 -3.64057 43.0514
      vertex 77.6756 -3.876 43.64
    endloop
  endfacet
  facet normal -0.966226 -0.257695 -0
    outer loop
      vertex 77.77 -4.23 44.23
      vertex 77.6815 -3.89817 43.6769
      vertex 77.77 -4.23 43.5932
    endloop
  endfacet
  facet normal 0.502519 0.703526 0.502519
    outer loop
      vertex 90.23 -4.17 44.23
      vertex 90.03 -2.23 41.714
      vertex 89.6216 -4.17 44.8384
    endloop
  endfacet
  facet normal 0.502519 0.703526 0.502519
    outer loop
      vertex 91.03 -1.17 39.23
      vertex 90.03 -2.23 41.714
      vertex 90.23 -4.17 44.23
    endloop
  endfacet
  facet normal 0.502519 0.703526 0.502519
    outer loop
      vertex 90.03 -2.17 41.63
      vertex 91.03 -1.17 39.23
      vertex 89.23 -1.17 41.03
    endloop
  endfacet
  facet normal 0.502519 0.703526 0.502519
    outer loop
      vertex 90.03 -2.23 41.714
      vertex 91.03 -1.17 39.23
      vertex 90.03 -2.17 41.63
    endloop
  endfacet
  facet normal 0.502519 0.703526 0.502519
    outer loop
      vertex 88.9633 -2.17 42.6967
      vertex 90.03 -2.17 41.63
      vertex 89.23 -1.17 41.03
    endloop
  endfacet
  facet normal 0.987441 0 0.157991
    outer loop
      vertex 91.03 -1.17 39.23
      vertex 90.3244 -3.876 43.64
      vertex 91.03 -1.23 39.23
    endloop
  endfacet
  facet normal 0.987489 -0.000502408 0.15769
    outer loop
      vertex 91.03 -1.17 39.23
      vertex 90.3185 -3.89078 43.6769
      vertex 90.3244 -3.876 43.64
    endloop
  endfacet
  facet normal 0.987434 7.50329e-05 0.158034
    outer loop
      vertex 90.23 -4.17 44.23
      vertex 90.3185 -3.89078 43.6769
      vertex 91.03 -1.17 39.23
    endloop
  endfacet
  facet normal 0.98744 0 0.157997
    outer loop
      vertex 90.23 -4.17 44.23
      vertex 90.3185 -3.89817 43.6769
      vertex 90.3185 -3.89078 43.6769
    endloop
  endfacet
  facet normal 0.98744 0 0.157997
    outer loop
      vertex 90.3185 -3.89817 43.6769
      vertex 90.23 -4.17 44.23
      vertex 90.23 -4.23 44.23
    endloop
  endfacet
  facet normal 0.966235 -0.257663 0
    outer loop
      vertex 90.6261 -2.74462 11.9262
      vertex 91.03 -1.23 10
      vertex 91.03 -1.23 39.23
    endloop
  endfacet
  facet normal 0.966244 -0.25763 2.85781e-05
    outer loop
      vertex 90.7389 -2.32171 10.5895
      vertex 91.03 -1.23 10
      vertex 90.6261 -2.74462 11.9262
    endloop
  endfacet
  facet normal 0.966235 -0.257663 -3.71524e-05
    outer loop
      vertex 91.03 -1.23 10
      vertex 90.7389 -2.32171 10.5895
      vertex 90.8332 -1.968 10
    endloop
  endfacet
  facet normal 0.966235 -0.257662 -8.91583e-08
    outer loop
      vertex 90.23 -4.23 13.77
      vertex 90.6261 -2.74462 11.9262
      vertex 91.03 -1.23 39.23
    endloop
  endfacet
  facet normal 0.966237 -0.257656 0
    outer loop
      vertex 90.3872 -3.64057 42.0268
      vertex 91.03 -1.23 39.23
      vertex 90.3872 -3.64057 43.0514
    endloop
  endfacet
  facet normal 0.966273 -0.25752 9.19244e-05
    outer loop
      vertex 90.3872 -3.64057 43.0514
      vertex 91.03 -1.23 39.23
      vertex 90.3244 -3.876 43.64
    endloop
  endfacet
  facet normal 0.966231 -0.257678 -2.08229e-05
    outer loop
      vertex 90.23 -4.23 41.6327
      vertex 91.03 -1.23 39.23
      vertex 90.3872 -3.64057 42.0268
    endloop
  endfacet
  facet normal 0.966235 -0.257663 0
    outer loop
      vertex 91.03 -1.23 39.23
      vertex 90.23 -4.23 41.6327
      vertex 90.23 -4.23 13.77
    endloop
  endfacet
  facet normal 0.966218 -0.257727 -5.61784e-05
    outer loop
      vertex 90.6261 -2.74462 11.9262
      vertex 90.23 -4.23 13.77
      vertex 90.6045 -2.82549 11.4291
    endloop
  endfacet
  facet normal 0.966226 -0.257695 0
    outer loop
      vertex 90.23 -4.23 44.23
      vertex 90.23 -4.23 43.5932
      vertex 90.3185 -3.89817 43.6769
    endloop
  endfacet
  facet normal -0.707107 0 0.707107
    outer loop
      vertex 77.77 -4.23 44.23
      vertex 78.3784 -4.17 44.8384
      vertex 77.77 -4.17 44.23
    endloop
  endfacet
  facet normal -0.707107 8.20258e-14 0.707107
    outer loop
      vertex 78.3784 -4.17 44.8384
      vertex 77.77 -4.23 44.23
      vertex 78.3911 -4.23 44.8511
    endloop
  endfacet
  facet normal -0.417471 -0.807115 -0.417471
    outer loop
      vertex 77.77 -4.23 13.77
      vertex 77.3955 -2.82549 11.4291
      vertex 78.9397 -4.23 12.6003
    endloop
  endfacet
  facet normal -0.417329 -0.807151 -0.417545
    outer loop
      vertex 77.2611 -2.32171 10.5895
      vertex 77.1668 -1.968 10
      vertex 77.2114 -1.99106 10
    endloop
  endfacet
  facet normal -0 0.857497 0.514488
    outer loop
      vertex 85.1547 -1.17 41.03
      vertex 88.9633 -2.17 42.6967
      vertex 89.23 -1.17 41.03
    endloop
  endfacet
  facet normal 0 0.857497 0.514488
    outer loop
      vertex 88.9633 -2.17 42.6967
      vertex 85.1547 -1.17 41.03
      vertex 85.1078 -2.17 42.6967
    endloop
  endfacet
  facet normal 0 0.857497 0.514488
    outer loop
      vertex 82.8453 -1.17 41.03
      vertex 79.0367 -2.17 42.6967
      vertex 82.8922 -2.17 42.6967
    endloop
  endfacet
  facet normal 0 0.857497 0.514488
    outer loop
      vertex 79.0367 -2.17 42.6967
      vertex 82.8453 -1.17 41.03
      vertex 78.77 -1.17 41.03
    endloop
  endfacet
  facet normal -0.502519 0.703526 0.502519
    outer loop
      vertex 79.0367 -2.17 42.6967
      vertex 78.77 -1.17 41.03
      vertex 77.97 -2.17 41.63
    endloop
  endfacet
  facet normal -0.502519 0.703526 0.502519
    outer loop
      vertex 77.97 -2.23 41.714
      vertex 77.77 -4.17 44.23
      vertex 78.3784 -4.17 44.8384
    endloop
  endfacet
  facet normal -0.502519 0.703526 0.502519
    outer loop
      vertex 76.97 -1.17 39.23
      vertex 77.97 -2.23 41.714
      vertex 77.97 -2.17 41.63
    endloop
  endfacet
  facet normal -0.502519 0.703526 0.502519
    outer loop
      vertex 77.97 -2.23 41.714
      vertex 76.97 -1.17 39.23
      vertex 77.77 -4.17 44.23
    endloop
  endfacet
  facet normal -0.502519 0.703526 0.502519
    outer loop
      vertex 76.97 -1.17 39.23
      vertex 77.97 -2.17 41.63
      vertex 78.77 -1.17 41.03
    endloop
  endfacet
  facet normal -0.987441 0 0.157991
    outer loop
      vertex 77.6756 -3.876 43.64
      vertex 76.97 -1.17 39.23
      vertex 76.97 -1.23 39.23
    endloop
  endfacet
  facet normal -0.987489 -0.000502408 0.15769
    outer loop
      vertex 77.6815 -3.89078 43.6769
      vertex 76.97 -1.17 39.23
      vertex 77.6756 -3.876 43.64
    endloop
  endfacet
  facet normal -0.987434 7.50329e-05 0.158034
    outer loop
      vertex 77.6815 -3.89078 43.6769
      vertex 77.77 -4.17 44.23
      vertex 76.97 -1.17 39.23
    endloop
  endfacet
  facet normal -0.98744 0 0.157997
    outer loop
      vertex 77.6815 -3.89817 43.6769
      vertex 77.77 -4.17 44.23
      vertex 77.6815 -3.89078 43.6769
    endloop
  endfacet
  facet normal -0.98744 0 0.157997
    outer loop
      vertex 77.77 -4.17 44.23
      vertex 77.6815 -3.89817 43.6769
      vertex 77.77 -4.23 44.23
    endloop
  endfacet
  facet normal 0.707107 8.21575e-14 0.707107
    outer loop
      vertex 90.23 -4.23 44.23
      vertex 89.6216 -4.17 44.8384
      vertex 89.6089 -4.23 44.8511
    endloop
  endfacet
  facet normal 0.707107 0 0.707107
    outer loop
      vertex 89.6216 -4.17 44.8384
      vertex 90.23 -4.23 44.23
      vertex 90.23 -4.17 44.23
    endloop
  endfacet
  facet normal 0 1 0
    outer loop
      vertex 90.03 -2.17 44.23
      vertex 90.03 -2.17 41.63
      vertex 88.9633 -2.17 42.6967
    endloop
  endfacet
  facet normal 0 1 -0
    outer loop
      vertex 88.9633 -2.17 42.6967
      vertex 88.23 -2.17 46.03
      vertex 90.03 -2.17 44.23
    endloop
  endfacet
  facet normal 0 1 0
    outer loop
      vertex 85.1078 -2.17 42.6967
      vertex 88.23 -2.17 46.03
      vertex 88.9633 -2.17 42.6967
    endloop
  endfacet
  facet normal 0 1 0
    outer loop
      vertex 88.23 -2.17 46.03
      vertex 85.1078 -2.17 42.6967
      vertex 85.1078 -2.17 46.03
    endloop
  endfacet
  facet normal 0 1 -0
    outer loop
      vertex 82.8922 -2.17 42.6967
      vertex 79.77 -2.17 46.03
      vertex 82.8922 -2.17 46.03
    endloop
  endfacet
  facet normal 0 1 0
    outer loop
      vertex 79.77 -2.17 46.03
      vertex 82.8922 -2.17 42.6967
      vertex 79.0367 -2.17 42.6967
    endloop
  endfacet
  facet normal 0 1 0
    outer loop
      vertex 79.77 -2.17 46.03
      vertex 79.0367 -2.17 42.6967
      vertex 77.97 -2.17 44.23
    endloop
  endfacet
  facet normal 0 1 0
    outer loop
      vertex 77.97 -2.17 44.23
      vertex 79.0367 -2.17 42.6967
      vertex 77.97 -2.17 41.63
    endloop
  endfacet
  facet normal 1 0 0
    outer loop
      vertex 90.03 -2.23 41.714
      vertex 90.03 -2.17 44.23
      vertex 90.03 -2.23 44.23
    endloop
  endfacet
  facet normal 1 0 0
    outer loop
      vertex 90.03 -2.17 44.23
      vertex 90.03 -2.23 41.714
      vertex 90.03 -2.17 41.63
    endloop
  endfacet
  facet normal 0.607612 0.511544 0.607562
    outer loop
      vertex 90.03 -2.17 44.23
      vertex 89.016 -2.6432 45.6425
      vertex 89.3 -2.7 45.4063
    endloop
  endfacet
  facet normal 0.607547 0.511639 0.607547
    outer loop
      vertex 88.23 -2.17 46.03
      vertex 89.016 -2.6432 45.6425
      vertex 90.03 -2.17 44.23
    endloop
  endfacet
  facet normal 0.607541 0.511596 0.607588
    outer loop
      vertex 89.016 -2.6432 45.6425
      vertex 88.23 -2.17 46.03
      vertex 88.1346 -2.62309 46.5069
    endloop
  endfacet
  facet normal 0.607534 0.511641 0.607557
    outer loop
      vertex 89.3 -3.405 46
      vertex 90.03 -2.17 44.23
      vertex 89.3 -2.7 45.4063
    endloop
  endfacet
  facet normal 0.607553 0.511624 0.607553
    outer loop
      vertex 89.3 -3.405 46
      vertex 89.23 -5.97 48.23
      vertex 90.03 -2.17 44.23
    endloop
  endfacet
  facet normal 0.607553 0.511624 0.607553
    outer loop
      vertex 89.23 -5.97 48.23
      vertex 89.3 -3.405 46
      vertex 88.9143 -5.97 48.5457
    endloop
  endfacet
  facet normal 0.607472 0.511815 0.607472
    outer loop
      vertex 87.4683 -5.78793 49.8383
      vertex 87.43 -5.97 50.03
      vertex 88.0838 -5.97 49.3762
    endloop
  endfacet
  facet normal 0.339986 -0.876823 -0.339986
    outer loop
      vertex 89.03 -5.23 32.5068
      vertex 89.23 -6.03 34.77
      vertex 88.7541 -6.03 34.2941
    endloop
  endfacet
  facet normal 0.339759 -0.87687 -0.340092
    outer loop
      vertex 89.6089 -4.23 30.5068
      vertex 89.03 -5.23 32.5068
      vertex 89.03 -5.17 32.3521
    endloop
  endfacet
  facet normal 0.340025 -0.876809 -0.339984
    outer loop
      vertex 89.03 -5.23 32.5068
      vertex 89.6089 -4.23 30.5068
      vertex 89.23 -6.03 34.77
    endloop
  endfacet
  facet normal 0.339992 -0.876818 -0.339992
    outer loop
      vertex 87.6111 -5.17 30.9332
      vertex 89.6089 -4.23 30.5068
      vertex 89.03 -5.17 32.3521
    endloop
  endfacet
  facet normal 0.339992 -0.876818 -0.339992
    outer loop
      vertex 89.6089 -4.23 30.5068
      vertex 87.6111 -5.17 30.9332
      vertex 87.8089 -4.23 28.7068
    endloop
  endfacet
  facet normal 0 -1 0
    outer loop
      vertex 88.7541 -6.03 43.2
      vertex 89.23 -6.03 34.77
      vertex 89.23 -6.03 43.2
    endloop
  endfacet
  facet normal -0 -1 0
    outer loop
      vertex 89.23 -6.03 34.77
      vertex 88.7541 -6.03 43.2
      vertex 88.7541 -6.03 34.2941
    endloop
  endfacet
  facet normal 0 -1 0
    outer loop
      vertex 78.77 -6.03 34.77
      vertex 79.2459 -6.03 43.2
      vertex 78.77 -6.03 43.2
    endloop
  endfacet
  facet normal 0 -1 -0
    outer loop
      vertex 79.2459 -6.03 43.2
      vertex 78.77 -6.03 34.77
      vertex 79.2459 -6.03 34.2941
    endloop
  endfacet
  facet normal 0 -1 0
    outer loop
      vertex 82.2008 -6.03 47.9748
      vertex 85.9885 -6.03 49.2238
      vertex 82.0115 -6.03 49.2238
    endloop
  endfacet
  facet normal 0 -1 0
    outer loop
      vertex 85.9885 -6.03 49.2238
      vertex 82.2008 -6.03 47.9748
      vertex 85.7992 -6.03 47.9748
    endloop
  endfacet
  facet normal 0 -1 0
    outer loop
      vertex 82.0115 -6.03 49.2238
      vertex 80.57 -6.03 50.03
      vertex 79.7638 -6.03 49.2238
    endloop
  endfacet
  facet normal 0 -1 0
    outer loop
      vertex 80.57 -6.03 50.03
      vertex 82.0115 -6.03 49.2238
      vertex 87.43 -6.03 50.03
    endloop
  endfacet
  facet normal 0 -1 0
    outer loop
      vertex 85.9885 -6.03 49.2238
      vertex 87.43 -6.03 50.03
      vertex 82.0115 -6.03 49.2238
    endloop
  endfacet
  facet normal 0 -1 -0
    outer loop
      vertex 87.43 -6.03 50.03
      vertex 85.9885 -6.03 49.2238
      vertex 88.2362 -6.03 49.2238
    endloop
  endfacet
  facet normal 0 -1 0
    outer loop
      vertex 78.77 -6.03 48.23
      vertex 78.77 -6.03 46.462
      vertex 79.0857 -6.03 48.5457
    endloop
  endfacet
  facet normal -0 -1 -0
    outer loop
      vertex 89.23 -6.03 48.23
      vertex 88.9143 -6.03 48.5457
      vertex 89.23 -6.03 46.462
    endloop
  endfacet
  facet normal 0.980581 0 0.196116
    outer loop
      vertex 89.23 -5.97 48.23
      vertex 90.03 -2.23 44.23
      vertex 90.03 -2.17 44.23
    endloop
  endfacet
  facet normal 0.980581 0 0.196116
    outer loop
      vertex 90.03 -2.23 44.23
      vertex 89.23 -5.97 48.23
      vertex 89.23 -6.03 48.23
    endloop
  endfacet
  facet normal 0.978552 -0.206 0
    outer loop
      vertex 90.03 -2.23 44.23
      vertex 89.6216 -4.17 44.8384
      vertex 90.03 -2.23 41.714
    endloop
  endfacet
  facet normal 0.978556 -0.20598 0
    outer loop
      vertex 89.3 -5.6975 43.2
      vertex 89.6089 -4.23 43.0058
      vertex 89.6089 -4.23 44.8511
    endloop
  endfacet
  facet normal 0.97855 -0.20601 9.00199e-06
    outer loop
      vertex 89.23 -6.03 43.2
      vertex 89.3304 -5.55312 42.7423
      vertex 89.3 -5.6975 43.2
    endloop
  endfacet
  facet normal 0.978557 -0.205978 1.9792e-05
    outer loop
      vertex 89.6089 -4.23 43.0058
      vertex 89.3 -5.6975 43.2
      vertex 89.3304 -5.55312 42.7423
    endloop
  endfacet
  facet normal 0.978556 -0.20598 0
    outer loop
      vertex 89.3 -5.6975 43.2
      vertex 89.6089 -4.23 44.8511
      vertex 89.3 -5.6975 46
    endloop
  endfacet
  facet normal 0.978236 -0.207485 -0.00200814
    outer loop
      vertex 89.6216 -4.17 44.8384
      vertex 89.3 -5.6975 46
      vertex 89.6089 -4.23 44.8511
    endloop
  endfacet
  facet normal 0.978553 -0.205996 1.43691e-05
    outer loop
      vertex 89.23 -6.03 48.23
      vertex 89.6216 -4.17 44.8384
      vertex 90.03 -2.23 44.23
    endloop
  endfacet
  facet normal 0.978547 -0.206025 -2.26808e-06
    outer loop
      vertex 89.6216 -4.17 44.8384
      vertex 89.23 -6.03 48.23
      vertex 89.3 -5.6975 46
    endloop
  endfacet
  facet normal 0.97855 -0.20601 0
    outer loop
      vertex 89.3 -5.6975 46
      vertex 89.23 -6.03 48.23
      vertex 89.23 -6.03 46.462
    endloop
  endfacet
  facet normal 0.978557 -0.205977 -3.23362e-06
    outer loop
      vertex 89.23 -6.03 34.77
      vertex 89.6089 -4.23 40.0759
      vertex 89.3054 -5.67186 39.3149
    endloop
  endfacet
  facet normal 0.978548 -0.206019 -7.59956e-07
    outer loop
      vertex 89.3304 -5.55312 42.7423
      vertex 89.23 -6.03 43.2
      vertex 89.3054 -5.67186 41.4954
    endloop
  endfacet
  facet normal 0.978549 -0.206016 0
    outer loop
      vertex 89.3054 -5.67186 41.4954
      vertex 89.23 -6.03 43.2
      vertex 89.3054 -5.67186 39.3149
    endloop
  endfacet
  facet normal 0.978555 -0.205986 0
    outer loop
      vertex 89.6089 -4.23 40.0759
      vertex 89.23 -6.03 34.77
      vertex 89.6089 -4.23 30.5068
    endloop
  endfacet
  facet normal 0.978549 -0.206016 0
    outer loop
      vertex 89.23 -6.03 34.77
      vertex 89.3054 -5.67186 39.3149
      vertex 89.23 -6.03 43.2
    endloop
  endfacet
  facet normal -0 0 1
    outer loop
      vertex 80.57 -5.97 50.03
      vertex 87.43 -6.03 50.03
      vertex 87.43 -5.97 50.03
    endloop
  endfacet
  facet normal 0 0 1
    outer loop
      vertex 87.43 -6.03 50.03
      vertex 80.57 -5.97 50.03
      vertex 80.57 -6.03 50.03
    endloop
  endfacet
  facet normal -1 0 0
    outer loop
      vertex 77.97 -2.23 41.714
      vertex 77.97 -2.17 44.23
      vertex 77.97 -2.17 41.63
    endloop
  endfacet
  facet normal -1 -0 0
    outer loop
      vertex 77.97 -2.17 44.23
      vertex 77.97 -2.23 41.714
      vertex 77.97 -2.23 44.23
    endloop
  endfacet
  facet normal 0 -0.921255 -0.38896
    outer loop
      vertex 80.1911 -4.23 28.7068
      vertex 87.6111 -5.17 30.9332
      vertex 80.3889 -5.17 30.9332
    endloop
  endfacet
  facet normal 0 -0.921255 -0.38896
    outer loop
      vertex 87.6111 -5.17 30.9332
      vertex 80.1911 -4.23 28.7068
      vertex 87.8089 -4.23 28.7068
    endloop
  endfacet
  facet normal -0.339986 -0.876823 -0.339986
    outer loop
      vertex 78.77 -6.03 34.77
      vertex 78.97 -5.23 32.5068
      vertex 79.2459 -6.03 34.2941
    endloop
  endfacet
  facet normal -0.340025 -0.876809 -0.339984
    outer loop
      vertex 78.3911 -4.23 30.5068
      vertex 78.97 -5.23 32.5068
      vertex 78.77 -6.03 34.77
    endloop
  endfacet
  facet normal -0.339759 -0.87687 -0.340092
    outer loop
      vertex 78.97 -5.23 32.5068
      vertex 78.3911 -4.23 30.5068
      vertex 78.97 -5.17 32.3521
    endloop
  endfacet
  facet normal -0.339992 -0.876818 -0.339992
    outer loop
      vertex 78.3911 -4.23 30.5068
      vertex 80.3889 -5.17 30.9332
      vertex 78.97 -5.17 32.3521
    endloop
  endfacet
  facet normal -0.339992 -0.876818 -0.339992
    outer loop
      vertex 80.3889 -5.17 30.9332
      vertex 78.3911 -4.23 30.5068
      vertex 80.1911 -4.23 28.7068
    endloop
  endfacet
  facet normal -0.978557 -0.205978 1.9792e-05
    outer loop
      vertex 78.7 -5.6975 43.2
      vertex 78.3911 -4.23 43.0058
      vertex 78.6696 -5.55312 42.7423
    endloop
  endfacet
  facet normal -0.978552 -0.206 0
    outer loop
      vertex 78.3784 -4.17 44.8384
      vertex 77.97 -2.23 44.23
      vertex 77.97 -2.23 41.714
    endloop
  endfacet
  facet normal -0.978548 -0.206019 -7.59956e-07
    outer loop
      vertex 78.77 -6.03 43.2
      vertex 78.6696 -5.55312 42.7423
      vertex 78.6946 -5.67186 41.4954
    endloop
  endfacet
  facet normal -0.978556 -0.20598 0
    outer loop
      vertex 78.3911 -4.23 43.0058
      vertex 78.7 -5.6975 43.2
      vertex 78.3911 -4.23 44.8511
    endloop
  endfacet
  facet normal -0.978556 -0.20598 -0
    outer loop
      vertex 78.7 -5.6975 46
      vertex 78.3911 -4.23 44.8511
      vertex 78.7 -5.6975 43.2
    endloop
  endfacet
  facet normal -0.978236 -0.207485 -0.00200814
    outer loop
      vertex 78.7 -5.6975 46
      vertex 78.3784 -4.17 44.8384
      vertex 78.3911 -4.23 44.8511
    endloop
  endfacet
  facet normal -0.978547 -0.206025 -2.26808e-06
    outer loop
      vertex 78.77 -6.03 48.23
      vertex 78.3784 -4.17 44.8384
      vertex 78.7 -5.6975 46
    endloop
  endfacet
  facet normal -0.97855 -0.20601 -0
    outer loop
      vertex 78.77 -6.03 48.23
      vertex 78.7 -5.6975 46
      vertex 78.77 -6.03 46.462
    endloop
  endfacet
  facet normal -0.978553 -0.205996 1.43691e-05
    outer loop
      vertex 78.3784 -4.17 44.8384
      vertex 78.77 -6.03 48.23
      vertex 77.97 -2.23 44.23
    endloop
  endfacet
  facet normal -0.978555 -0.205986 0
    outer loop
      vertex 78.77 -6.03 34.77
      vertex 78.3911 -4.23 40.0759
      vertex 78.3911 -4.23 30.5068
    endloop
  endfacet
  facet normal -0.978549 -0.206016 0
    outer loop
      vertex 78.77 -6.03 43.2
      vertex 78.6946 -5.67186 41.4954
      vertex 78.6946 -5.67186 39.3149
    endloop
  endfacet
  facet normal -0.978557 -0.205977 -3.23362e-06
    outer loop
      vertex 78.3911 -4.23 40.0759
      vertex 78.77 -6.03 34.77
      vertex 78.6946 -5.67186 39.3149
    endloop
  endfacet
  facet normal -0.978549 -0.206016 -0
    outer loop
      vertex 78.77 -6.03 43.2
      vertex 78.6946 -5.67186 39.3149
      vertex 78.77 -6.03 34.77
    endloop
  endfacet
  facet normal -0.97855 -0.20601 9.00199e-06
    outer loop
      vertex 78.6696 -5.55312 42.7423
      vertex 78.77 -6.03 43.2
      vertex 78.7 -5.6975 43.2
    endloop
  endfacet
  facet normal 0.707107 -0 0.707107
    outer loop
      vertex 88.9143 -6.03 48.5457
      vertex 89.23 -5.97 48.23
      vertex 88.9143 -5.97 48.5457
    endloop
  endfacet
  facet normal 0.707107 0 0.707107
    outer loop
      vertex 89.23 -5.97 48.23
      vertex 88.9143 -6.03 48.5457
      vertex 89.23 -6.03 48.23
    endloop
  endfacet
  facet normal 0.707107 -0 0.707107
    outer loop
      vertex 87.43 -6.03 50.03
      vertex 88.0838 -5.97 49.3762
      vertex 87.43 -5.97 50.03
    endloop
  endfacet
  facet normal 0.707107 3.16472e-14 0.707107
    outer loop
      vertex 88.0838 -5.97 49.3762
      vertex 87.43 -6.03 50.03
      vertex 88.2362 -6.03 49.2238
    endloop
  endfacet
  facet normal -0.707107 3.24587e-14 0.707107
    outer loop
      vertex 80.57 -6.03 50.03
      vertex 79.9162 -5.97 49.3762
      vertex 79.7638 -6.03 49.2238
    endloop
  endfacet
  facet normal -0.707107 0 0.707107
    outer loop
      vertex 79.9162 -5.97 49.3762
      vertex 80.57 -6.03 50.03
      vertex 80.57 -5.97 50.03
    endloop
  endfacet
  facet normal -0.707107 0 0.707107
    outer loop
      vertex 78.77 -6.03 48.23
      vertex 79.0857 -5.97 48.5457
      vertex 78.77 -5.97 48.23
    endloop
  endfacet
  facet normal -0.707107 0 0.707107
    outer loop
      vertex 79.0857 -5.97 48.5457
      vertex 78.77 -6.03 48.23
      vertex 79.0857 -6.03 48.5457
    endloop
  endfacet
  facet normal 0 0.724973 0.688777
    outer loop
      vertex 88.1346 -2.62309 46.5069
      vertex 88.23 -2.17 46.03
      vertex 85.8845 -2.62309 46.5069
    endloop
  endfacet
  facet normal 0 0.724986 0.688763
    outer loop
      vertex 86.0816 -5.78793 49.8383
      vertex 85.03 -3.83 47.7774
      vertex 81.9184 -5.78793 49.8383
    endloop
  endfacet
  facet normal 6.11826e-05 0.725002 0.688747
    outer loop
      vertex 85.5863 -2.68274 46.5697
      vertex 85.03 -3.83 47.7774
      vertex 86.0816 -5.78793 49.8383
    endloop
  endfacet
  facet normal 4.94356e-05 0.725005 0.688744
    outer loop
      vertex 85.5863 -2.68274 46.5697
      vertex 85.1078 -2.17 46.03
      vertex 85.03 -3.83 47.7774
    endloop
  endfacet
  facet normal 2.64468e-05 0.724994 0.688755
    outer loop
      vertex 85.8845 -2.62309 46.5069
      vertex 85.1078 -2.17 46.03
      vertex 85.5863 -2.68274 46.5697
    endloop
  endfacet
  facet normal -0 0.724973 0.688777
    outer loop
      vertex 85.1078 -2.17 46.03
      vertex 85.8845 -2.62309 46.5069
      vertex 88.23 -2.17 46.03
    endloop
  endfacet
  facet normal -0 0.725084 0.68866
    outer loop
      vertex 86.0816 -5.78793 49.8383
      vertex 87.43 -5.97 50.03
      vertex 87.4683 -5.78793 49.8383
    endloop
  endfacet
  facet normal 0 0.725084 0.68866
    outer loop
      vertex 87.43 -5.97 50.03
      vertex 86.0816 -5.78793 49.8383
      vertex 80.57 -5.97 50.03
    endloop
  endfacet
  facet normal -0 0.725084 0.68866
    outer loop
      vertex 81.9184 -5.78793 49.8383
      vertex 80.57 -5.97 50.03
      vertex 86.0816 -5.78793 49.8383
    endloop
  endfacet
  facet normal 0 0.725084 0.68866
    outer loop
      vertex 80.57 -5.97 50.03
      vertex 81.9184 -5.78793 49.8383
      vertex 80.5317 -5.78793 49.8383
    endloop
  endfacet
  facet normal -0 0.724986 0.688763
    outer loop
      vertex 82.97 -3.83 47.7774
      vertex 81.9184 -5.78793 49.8383
      vertex 85.03 -3.83 47.7774
    endloop
  endfacet
  facet normal -6.11826e-05 0.725002 0.688747
    outer loop
      vertex 82.97 -3.83 47.7774
      vertex 82.4137 -2.68274 46.5697
      vertex 81.9184 -5.78793 49.8383
    endloop
  endfacet
  facet normal -4.94356e-05 0.725005 0.688744
    outer loop
      vertex 82.8922 -2.17 46.03
      vertex 82.4137 -2.68274 46.5697
      vertex 82.97 -3.83 47.7774
    endloop
  endfacet
  facet normal -2.64468e-05 0.724994 0.688755
    outer loop
      vertex 82.8922 -2.17 46.03
      vertex 82.1155 -2.62309 46.5069
      vertex 82.4137 -2.68274 46.5697
    endloop
  endfacet
  facet normal -0 0.724973 0.688777
    outer loop
      vertex 79.77 -2.17 46.03
      vertex 82.1155 -2.62309 46.5069
      vertex 82.8922 -2.17 46.03
    endloop
  endfacet
  facet normal 0 0.724973 0.688777
    outer loop
      vertex 82.1155 -2.62309 46.5069
      vertex 79.77 -2.17 46.03
      vertex 79.8654 -2.62309 46.5069
    endloop
  endfacet
  facet normal -0.607541 0.511596 0.607588
    outer loop
      vertex 79.77 -2.17 46.03
      vertex 78.984 -2.6432 45.6425
      vertex 79.8654 -2.62309 46.5069
    endloop
  endfacet
  facet normal -0.607547 0.511639 0.607547
    outer loop
      vertex 77.97 -2.17 44.23
      vertex 78.984 -2.6432 45.6425
      vertex 79.77 -2.17 46.03
    endloop
  endfacet
  facet normal -0.607534 0.511641 0.607557
    outer loop
      vertex 78.7 -2.7 45.4063
      vertex 77.97 -2.17 44.23
      vertex 78.7 -3.405 46
    endloop
  endfacet
  facet normal -0.607612 0.511544 0.607562
    outer loop
      vertex 78.984 -2.6432 45.6425
      vertex 77.97 -2.17 44.23
      vertex 78.7 -2.7 45.4063
    endloop
  endfacet
  facet normal -0.607553 0.511624 0.607553
    outer loop
      vertex 78.7 -3.405 46
      vertex 78.77 -5.97 48.23
      vertex 79.0857 -5.97 48.5457
    endloop
  endfacet
  facet normal -0.607553 0.511624 0.607553
    outer loop
      vertex 78.77 -5.97 48.23
      vertex 78.7 -3.405 46
      vertex 77.97 -2.17 44.23
    endloop
  endfacet
  facet normal -0.607472 0.511815 0.607472
    outer loop
      vertex 80.5317 -5.78793 49.8383
      vertex 79.9162 -5.97 49.3762
      vertex 80.57 -5.97 50.03
    endloop
  endfacet
  facet normal -0.980581 0 0.196116
    outer loop
      vertex 77.97 -2.23 44.23
      vertex 78.77 -5.97 48.23
      vertex 77.97 -2.17 44.23
    endloop
  endfacet
  facet normal -0.980581 0 0.196116
    outer loop
      vertex 78.77 -5.97 48.23
      vertex 77.97 -2.23 44.23
      vertex 78.77 -6.03 48.23
    endloop
  endfacet
  facet normal 1 0 0
    outer loop
      vertex 89.03 -5.23 31.77
      vertex 89.03 -5.17 32.3521
      vertex 89.03 -5.23 32.5068
    endloop
  endfacet
  facet normal 1 0 0
    outer loop
      vertex 89.03 -5.17 32.3521
      vertex 89.03 -5.23 31.77
      vertex 89.03 -5.17 31.77
    endloop
  endfacet
  facet normal 0.694483 -0.188218 0.694455
    outer loop
      vertex 87.1817 -6.63084 47.6986
      vertex 87.03 -11.03 46.658
      vertex 88.3667 -7.15348 46.3719
    endloop
  endfacet
  facet normal 0 1 -0
    outer loop
      vertex 89.03 -5.17 31.77
      vertex 87.6111 -5.17 30.9332
      vertex 89.03 -5.17 32.3521
    endloop
  endfacet
  facet normal 0 1 0
    outer loop
      vertex 87.6111 -5.17 30.9332
      vertex 87.23 -5.17 29.97
      vertex 80.3889 -5.17 30.9332
    endloop
  endfacet
  facet normal 0 1 0
    outer loop
      vertex 87.23 -5.17 29.97
      vertex 87.6111 -5.17 30.9332
      vertex 89.03 -5.17 31.77
    endloop
  endfacet
  facet normal 0 1 0
    outer loop
      vertex 80.3889 -5.17 30.9332
      vertex 78.97 -5.17 31.77
      vertex 78.97 -5.17 32.3521
    endloop
  endfacet
  facet normal 0 1 0
    outer loop
      vertex 80.3889 -5.17 30.9332
      vertex 80.77 -5.17 29.97
      vertex 78.97 -5.17 31.77
    endloop
  endfacet
  facet normal 0 1 -0
    outer loop
      vertex 80.77 -5.17 29.97
      vertex 80.3889 -5.17 30.9332
      vertex 87.23 -5.17 29.97
    endloop
  endfacet
  facet normal 0 0 -1
    outer loop
      vertex 80.77 -5.23 29.97
      vertex 87.23 -5.17 29.97
      vertex 87.23 -5.23 29.97
    endloop
  endfacet
  facet normal -0 0 -1
    outer loop
      vertex 87.23 -5.17 29.97
      vertex 80.77 -5.23 29.97
      vertex 80.77 -5.17 29.97
    endloop
  endfacet
  facet normal 0 -1 0
    outer loop
      vertex 81.942 -11.03 42.17
      vertex 81.942 -11.03 47.63
      vertex 80.97 -11.03 46.658
    endloop
  endfacet
  facet normal 0 -1 0
    outer loop
      vertex 81.942 -11.03 47.63
      vertex 81.942 -11.03 42.17
      vertex 86.058 -11.03 47.63
    endloop
  endfacet
  facet normal 0 -1 0
    outer loop
      vertex 81.942 -11.03 42.17
      vertex 80.97 -11.03 46.658
      vertex 80.97 -11.03 43.142
    endloop
  endfacet
  facet normal 0 -1 0
    outer loop
      vertex 86.058 -11.03 42.17
      vertex 86.058 -11.03 47.63
      vertex 81.942 -11.03 42.17
    endloop
  endfacet
  facet normal 0 -1 0
    outer loop
      vertex 86.058 -11.03 47.63
      vertex 86.058 -11.03 42.17
      vertex 87.03 -11.03 46.658
    endloop
  endfacet
  facet normal 0 -1 -0
    outer loop
      vertex 87.03 -11.03 46.658
      vertex 86.058 -11.03 42.17
      vertex 87.03 -11.03 43.142
    endloop
  endfacet
  facet normal 0.369727 -0.852411 -0.369727
    outer loop
      vertex 86.058 -11.03 42.17
      vertex 89.03 -5.23 31.77
      vertex 87.03 -11.03 43.142
    endloop
  endfacet
  facet normal 0.369727 -0.852411 -0.369727
    outer loop
      vertex 89.03 -5.23 31.77
      vertex 86.058 -11.03 42.17
      vertex 87.23 -5.23 29.97
    endloop
  endfacet
  facet normal 0.694379 -0.1882 0.694564
    outer loop
      vertex 86.058 -11.03 47.63
      vertex 87.1817 -6.63084 47.6986
      vertex 86.9661 -6.53578 47.9399
    endloop
  endfacet
  facet normal 0.694468 -0.188221 0.694468
    outer loop
      vertex 87.1817 -6.63084 47.6986
      vertex 86.058 -11.03 47.63
      vertex 87.03 -11.03 46.658
    endloop
  endfacet
  facet normal -1 0 0
    outer loop
      vertex 78.97 -5.23 31.77
      vertex 78.97 -5.17 32.3521
      vertex 78.97 -5.17 31.77
    endloop
  endfacet
  facet normal -1 -0 0
    outer loop
      vertex 78.97 -5.17 32.3521
      vertex 78.97 -5.23 31.77
      vertex 78.97 -5.23 32.5068
    endloop
  endfacet
  facet normal 0.707107 0 -0.707107
    outer loop
      vertex 87.23 -5.23 29.97
      vertex 89.03 -5.17 31.77
      vertex 89.03 -5.23 31.77
    endloop
  endfacet
  facet normal 0.707107 0 -0.707107
    outer loop
      vertex 89.03 -5.17 31.77
      vertex 87.23 -5.23 29.97
      vertex 87.23 -5.17 29.97
    endloop
  endfacet
  facet normal 0.945374 -0.325989 0
    outer loop
      vertex 87.03 -11.03 43.142
      vertex 88.3162 -7.3 46
      vertex 87.03 -11.03 46.658
    endloop
  endfacet
  facet normal 0.945377 -0.32598 5.67278e-05
    outer loop
      vertex 87.03 -11.03 46.658
      vertex 88.3162 -7.3 46
      vertex 88.3667 -7.15348 46.3719
    endloop
  endfacet
  facet normal 0.94538 -0.32597 0
    outer loop
      vertex 88.7541 -6.03 43.2
      vertex 88.3162 -7.3 43.2
      vertex 88.7541 -6.03 34.2941
    endloop
  endfacet
  facet normal 0.945359 -0.326031 0
    outer loop
      vertex 88.7541 -6.03 34.2941
      vertex 89.03 -5.23 31.77
      vertex 89.03 -5.23 32.5068
    endloop
  endfacet
  facet normal 0.945374 -0.325989 0
    outer loop
      vertex 88.3162 -7.3 46
      vertex 87.03 -11.03 43.142
      vertex 88.3162 -7.3 43.2
    endloop
  endfacet
  facet normal 0.945374 -0.325989 -3.03836e-06
    outer loop
      vertex 88.3162 -7.3 43.2
      vertex 87.03 -11.03 43.142
      vertex 88.7541 -6.03 34.2941
    endloop
  endfacet
  facet normal 0.945396 -0.325925 3.7528e-05
    outer loop
      vertex 88.7541 -6.03 34.2941
      vertex 87.03 -11.03 43.142
      vertex 89.03 -5.23 31.77
    endloop
  endfacet
  facet normal -0.694379 -0.1882 0.694564
    outer loop
      vertex 80.8183 -6.63084 47.6986
      vertex 81.942 -11.03 47.63
      vertex 81.0339 -6.53578 47.9399
    endloop
  endfacet
  facet normal -0.694468 -0.188221 0.694468
    outer loop
      vertex 81.942 -11.03 47.63
      vertex 80.8183 -6.63084 47.6986
      vertex 80.97 -11.03 46.658
    endloop
  endfacet
  facet normal 0 -0.0688386 0.997628
    outer loop
      vertex 85.7992 -6.03 47.9748
      vertex 82.2061 -6.53578 47.9399
      vertex 85.7939 -6.53578 47.9399
    endloop
  endfacet
  facet normal 0 -0.0688386 0.997628
    outer loop
      vertex 82.2061 -6.53578 47.9399
      vertex 85.7992 -6.03 47.9748
      vertex 82.2008 -6.03 47.9748
    endloop
  endfacet
  facet normal 0 -0.0687919 0.997631
    outer loop
      vertex 85.7939 -6.53578 47.9399
      vertex 86.058 -11.03 47.63
      vertex 86.9661 -6.53578 47.9399
    endloop
  endfacet
  facet normal 0 -0.0687919 0.997631
    outer loop
      vertex 82.2061 -6.53578 47.9399
      vertex 86.058 -11.03 47.63
      vertex 85.7939 -6.53578 47.9399
    endloop
  endfacet
  facet normal 0 -0.0687919 0.997631
    outer loop
      vertex 82.2061 -6.53578 47.9399
      vertex 81.942 -11.03 47.63
      vertex 86.058 -11.03 47.63
    endloop
  endfacet
  facet normal 0 -0.0687919 0.997631
    outer loop
      vertex 81.942 -11.03 47.63
      vertex 82.2061 -6.53578 47.9399
      vertex 81.0339 -6.53578 47.9399
    endloop
  endfacet
  facet normal 0 -0.903134 -0.429359
    outer loop
      vertex 80.77 -5.23 29.97
      vertex 86.058 -11.03 42.17
      vertex 81.942 -11.03 42.17
    endloop
  endfacet
  facet normal 0 -0.903134 -0.429359
    outer loop
      vertex 86.058 -11.03 42.17
      vertex 80.77 -5.23 29.97
      vertex 87.23 -5.23 29.97
    endloop
  endfacet
  facet normal -0.369727 -0.852411 -0.369727
    outer loop
      vertex 78.97 -5.23 31.77
      vertex 81.942 -11.03 42.17
      vertex 80.97 -11.03 43.142
    endloop
  endfacet
  facet normal -0.369727 -0.852411 -0.369727
    outer loop
      vertex 81.942 -11.03 42.17
      vertex 78.97 -5.23 31.77
      vertex 80.77 -5.23 29.97
    endloop
  endfacet
  facet normal -0.945359 -0.326031 0
    outer loop
      vertex 78.97 -5.23 31.77
      vertex 79.2459 -6.03 34.2941
      vertex 78.97 -5.23 32.5068
    endloop
  endfacet
  facet normal -0.94538 -0.32597 0
    outer loop
      vertex 79.2459 -6.03 34.2941
      vertex 79.6838 -7.3 43.2
      vertex 79.2459 -6.03 43.2
    endloop
  endfacet
  facet normal -0.945374 -0.325989 0
    outer loop
      vertex 79.6838 -7.3 43.2
      vertex 80.97 -11.03 43.142
      vertex 79.6838 -7.3 46
    endloop
  endfacet
  facet normal -0.945374 -0.325989 -3.03836e-06
    outer loop
      vertex 79.2459 -6.03 34.2941
      vertex 80.97 -11.03 43.142
      vertex 79.6838 -7.3 43.2
    endloop
  endfacet
  facet normal -0.945396 -0.325925 3.7528e-05
    outer loop
      vertex 80.97 -11.03 43.142
      vertex 79.2459 -6.03 34.2941
      vertex 78.97 -5.23 31.77
    endloop
  endfacet
  facet normal -0.945374 -0.325989 -0
    outer loop
      vertex 80.97 -11.03 46.658
      vertex 79.6838 -7.3 46
      vertex 80.97 -11.03 43.142
    endloop
  endfacet
  facet normal -0.945377 -0.32598 5.67278e-05
    outer loop
      vertex 79.6838 -7.3 46
      vertex 80.97 -11.03 46.658
      vertex 79.6333 -7.15348 46.3719
    endloop
  endfacet
  facet normal -0.694483 -0.188218 0.694455
    outer loop
      vertex 80.8183 -6.63084 47.6986
      vertex 79.6333 -7.15348 46.3719
      vertex 80.97 -11.03 46.658
    endloop
  endfacet
  facet normal -0.707107 0 -0.707107
    outer loop
      vertex 78.97 -5.23 31.77
      vertex 80.77 -5.17 29.97
      vertex 80.77 -5.23 29.97
    endloop
  endfacet
  facet normal -0.707107 0 -0.707107
    outer loop
      vertex 80.77 -5.17 29.97
      vertex 78.97 -5.23 31.77
      vertex 78.97 -5.17 31.77
    endloop
  endfacet
  facet normal 0.913086 0.000642509 0.407767
    outer loop
      vertex 87.63 -6.57 27.82
      vertex 88.4648 -4.23 25.947
      vertex 88.4439 -4.23 25.9938
    endloop
  endfacet
  facet normal 0.913385 0 0.407097
    outer loop
      vertex 88.4648 -4.23 25.947
      vertex 87.63 -6.57 27.82
      vertex 87.63 -6.63 27.82
    endloop
  endfacet
  facet normal 0.399227 -0.82537 -0.399227
    outer loop
      vertex 85.92 -6.63 19.97
      vertex 88.4648 -4.23 17.553
      vertex 87.63 -6.63 21.68
    endloop
  endfacet
  facet normal 0.399216 -0.825369 -0.399239
    outer loop
      vertex 86.6693 -4.34725 16
      vertex 88.4648 -4.23 17.553
      vertex 85.92 -6.63 19.97
    endloop
  endfacet
  facet normal 0.399229 -0.825356 -0.399254
    outer loop
      vertex 88.4648 -4.23 17.553
      vertex 86.6693 -4.34725 16
      vertex 86.9117 -4.23 16
    endloop
  endfacet
  facet normal 0 -0.866906 -0.498471
    outer loop
      vertex 81.3307 -4.34725 16
      vertex 85.92 -6.63 19.97
      vertex 82.08 -6.63 19.97
    endloop
  endfacet
  facet normal 0 -0.866906 -0.498471
    outer loop
      vertex 85.92 -6.63 19.97
      vertex 81.3307 -4.34725 16
      vertex 86.6693 -4.34725 16
    endloop
  endfacet
  facet normal 0.676178 0.292519 0.676178
    outer loop
      vertex 87.63 -6.57 27.82
      vertex 86.6881 -4.23 27.7496
      vertex 85.92 -6.57 29.53
    endloop
  endfacet
  facet normal 0.676178 0.292519 0.676178
    outer loop
      vertex 86.6881 -4.23 27.7496
      vertex 87.63 -6.57 27.82
      vertex 88.4439 -4.23 25.9938
    endloop
  endfacet
  facet normal -0.913086 0.000642509 0.407767
    outer loop
      vertex 79.5352 -4.23 25.947
      vertex 80.37 -6.57 27.82
      vertex 79.5561 -4.23 25.9938
    endloop
  endfacet
  facet normal -0.913385 0 0.407097
    outer loop
      vertex 80.37 -6.57 27.82
      vertex 79.5352 -4.23 25.947
      vertex 80.37 -6.63 27.82
    endloop
  endfacet
  facet normal 0.944495 -0.328527 0
    outer loop
      vertex 87.63 -6.63 21.68
      vertex 88.4648 -4.23 25.947
      vertex 87.63 -6.63 27.82
    endloop
  endfacet
  facet normal 0.944495 -0.328527 0
    outer loop
      vertex 88.4648 -4.23 25.947
      vertex 87.63 -6.63 21.68
      vertex 88.4648 -4.23 17.553
    endloop
  endfacet
  facet normal -0.944495 -0.328527 0
    outer loop
      vertex 80.37 -6.63 21.68
      vertex 79.5352 -4.23 25.947
      vertex 79.5352 -4.23 17.553
    endloop
  endfacet
  facet normal -0.944495 -0.328527 0
    outer loop
      vertex 79.5352 -4.23 25.947
      vertex 80.37 -6.63 21.68
      vertex 80.37 -6.63 27.82
    endloop
  endfacet
  facet normal -0.676178 0.292519 0.676178
    outer loop
      vertex 80.37 -6.57 27.82
      vertex 81.3119 -4.23 27.7496
      vertex 79.5561 -4.23 25.9938
    endloop
  endfacet
  facet normal -0.676178 0.292519 0.676178
    outer loop
      vertex 81.3119 -4.23 27.7496
      vertex 80.37 -6.57 27.82
      vertex 82.08 -6.57 29.53
    endloop
  endfacet
  facet normal -0.399227 -0.82537 -0.399227
    outer loop
      vertex 79.5352 -4.23 17.553
      vertex 82.08 -6.63 19.97
      vertex 80.37 -6.63 21.68
    endloop
  endfacet
  facet normal -0.399229 -0.825356 -0.399254
    outer loop
      vertex 81.3307 -4.34725 16
      vertex 79.5352 -4.23 17.553
      vertex 81.0883 -4.23 16
    endloop
  endfacet
  facet normal -0.399216 -0.825369 -0.399239
    outer loop
      vertex 79.5352 -4.23 17.553
      vertex 81.3307 -4.34725 16
      vertex 82.08 -6.63 19.97
    endloop
  endfacet
  facet normal 0 0.605514 0.795834
    outer loop
      vertex 86.6881 -4.23 27.7496
      vertex 82.08 -6.57 29.53
      vertex 85.92 -6.57 29.53
    endloop
  endfacet
  facet normal 0 0.605514 0.795834
    outer loop
      vertex 82.08 -6.57 29.53
      vertex 86.6881 -4.23 27.7496
      vertex 81.3119 -4.23 27.7496
    endloop
  endfacet
  facet normal -0.412548 0.812163 0.412548
    outer loop
      vertex 82.08 -6.57 29.53
      vertex 81.47 -10.27 36.204
      vertex 82.496 -10.27 37.23
    endloop
  endfacet
  facet normal -0.412548 0.812163 0.412548
    outer loop
      vertex 81.47 -10.27 36.204
      vertex 82.08 -6.57 29.53
      vertex 80.37 -6.57 27.82
    endloop
  endfacet
  facet normal 0.412548 0.812163 0.412548
    outer loop
      vertex 86.53 -10.27 36.204
      vertex 85.92 -6.57 29.53
      vertex 85.504 -10.27 37.23
    endloop
  endfacet
  facet normal 0.412548 0.812163 0.412548
    outer loop
      vertex 85.92 -6.57 29.53
      vertex 86.53 -10.27 36.204
      vertex 87.63 -6.57 27.82
    endloop
  endfacet
  facet normal 0.991503 0 0.130087
    outer loop
      vertex 86.53 -10.27 36.204
      vertex 87.63 -6.63 27.82
      vertex 87.63 -6.57 27.82
    endloop
  endfacet
  facet normal 0.991503 0 0.130087
    outer loop
      vertex 87.63 -6.63 27.82
      vertex 86.53 -10.27 36.204
      vertex 86.53 -10.33 36.204
    endloop
  endfacet
  facet normal 0.284303 -0.915611 -0.284303
    outer loop
      vertex 85.504 -10.33 31.47
      vertex 87.63 -6.63 21.68
      vertex 86.53 -10.33 32.496
    endloop
  endfacet
  facet normal 0.284303 -0.915611 -0.284303
    outer loop
      vertex 87.63 -6.63 21.68
      vertex 85.504 -10.33 31.47
      vertex 85.92 -6.63 19.97
    endloop
  endfacet
  facet normal 0.958536 -0.28497 0
    outer loop
      vertex 86.53 -10.33 32.496
      vertex 87.63 -6.63 27.82
      vertex 86.53 -10.33 36.204
    endloop
  endfacet
  facet normal 0.958536 -0.28497 0
    outer loop
      vertex 87.63 -6.63 27.82
      vertex 86.53 -10.33 32.496
      vertex 87.63 -6.63 21.68
    endloop
  endfacet
  facet normal -0.958536 -0.28497 0
    outer loop
      vertex 81.47 -10.33 32.496
      vertex 80.37 -6.63 27.82
      vertex 80.37 -6.63 21.68
    endloop
  endfacet
  facet normal -0.958536 -0.28497 0
    outer loop
      vertex 80.37 -6.63 27.82
      vertex 81.47 -10.33 32.496
      vertex 81.47 -10.33 36.204
    endloop
  endfacet
  facet normal 0 -1 0
    outer loop
      vertex 81.47 -10.33 36.204
      vertex 85.504 -10.33 37.23
      vertex 82.496 -10.33 37.23
    endloop
  endfacet
  facet normal 0 -1 0
    outer loop
      vertex 81.47 -10.33 36.204
      vertex 86.53 -10.33 36.204
      vertex 85.504 -10.33 37.23
    endloop
  endfacet
  facet normal 0 -1 0
    outer loop
      vertex 81.47 -10.33 32.496
      vertex 86.53 -10.33 36.204
      vertex 81.47 -10.33 36.204
    endloop
  endfacet
  facet normal 0 -1 0
    outer loop
      vertex 81.47 -10.33 32.496
      vertex 86.53 -10.33 32.496
      vertex 86.53 -10.33 36.204
    endloop
  endfacet
  facet normal 0 -1 0
    outer loop
      vertex 82.496 -10.33 31.47
      vertex 86.53 -10.33 32.496
      vertex 81.47 -10.33 32.496
    endloop
  endfacet
  facet normal 0 -1 0
    outer loop
      vertex 86.53 -10.33 32.496
      vertex 82.496 -10.33 31.47
      vertex 85.504 -10.33 31.47
    endloop
  endfacet
  facet normal 0 -0.951942 -0.306277
    outer loop
      vertex 82.08 -6.63 19.97
      vertex 85.504 -10.33 31.47
      vertex 82.496 -10.33 31.47
    endloop
  endfacet
  facet normal 0 -0.951942 -0.306277
    outer loop
      vertex 85.504 -10.33 31.47
      vertex 82.08 -6.63 19.97
      vertex 85.92 -6.63 19.97
    endloop
  endfacet
  facet normal -0.284303 -0.915611 -0.284303
    outer loop
      vertex 80.37 -6.63 21.68
      vertex 82.496 -10.33 31.47
      vertex 81.47 -10.33 32.496
    endloop
  endfacet
  facet normal -0.284303 -0.915611 -0.284303
    outer loop
      vertex 82.496 -10.33 31.47
      vertex 80.37 -6.63 21.68
      vertex 82.08 -6.63 19.97
    endloop
  endfacet
  facet normal 0.707107 -0 0.707107
    outer loop
      vertex 85.504 -10.33 37.23
      vertex 86.53 -10.27 36.204
      vertex 85.504 -10.27 37.23
    endloop
  endfacet
  facet normal 0.707107 0 0.707107
    outer loop
      vertex 86.53 -10.27 36.204
      vertex 85.504 -10.33 37.23
      vertex 86.53 -10.33 36.204
    endloop
  endfacet
  facet normal -0.991503 0 0.130087
    outer loop
      vertex 80.37 -6.63 27.82
      vertex 81.47 -10.27 36.204
      vertex 80.37 -6.57 27.82
    endloop
  endfacet
  facet normal -0.991503 0 0.130087
    outer loop
      vertex 81.47 -10.27 36.204
      vertex 80.37 -6.63 27.82
      vertex 81.47 -10.33 36.204
    endloop
  endfacet
  facet normal 0 0.90134 0.433112
    outer loop
      vertex 85.92 -6.57 29.53
      vertex 82.496 -10.27 37.23
      vertex 85.504 -10.27 37.23
    endloop
  endfacet
  facet normal 0 0.90134 0.433112
    outer loop
      vertex 82.496 -10.27 37.23
      vertex 85.92 -6.57 29.53
      vertex 82.08 -6.57 29.53
    endloop
  endfacet
  facet normal -0 0 1
    outer loop
      vertex 82.496 -10.27 37.23
      vertex 85.504 -10.33 37.23
      vertex 85.504 -10.27 37.23
    endloop
  endfacet
  facet normal 0 0 1
    outer loop
      vertex 85.504 -10.33 37.23
      vertex 82.496 -10.27 37.23
      vertex 82.496 -10.33 37.23
    endloop
  endfacet
  facet normal -0.707107 0 0.707107
    outer loop
      vertex 81.47 -10.33 36.204
      vertex 82.496 -10.27 37.23
      vertex 81.47 -10.27 36.204
    endloop
  endfacet
  facet normal -0.707107 0 0.707107
    outer loop
      vertex 82.496 -10.27 37.23
      vertex 81.47 -10.33 36.204
      vertex 82.496 -10.33 37.23
    endloop
  endfacet
  facet normal -0.999819 0 0.0190442
    outer loop
      vertex 82.62 4.17 33.23
      vertex 82.82 -0.57 43.73
      vertex 82.62 4.23 33.23
    endloop
  endfacet
  facet normal -0.999819 0 0.0190442
    outer loop
      vertex 82.82 -0.57 43.73
      vertex 82.62 4.17 33.23
      vertex 82.82 -0.629999 43.73
    endloop
  endfacet
  facet normal -0.999133 -0.0416306 0
    outer loop
      vertex 82.82 -0.629999 40.04
      vertex 82.62 4.17 33.23
      vertex 82.62 4.17 31.24
    endloop
  endfacet
  facet normal -0.999133 -0.0416306 0
    outer loop
      vertex 82.62 4.17 33.23
      vertex 82.82 -0.629999 40.04
      vertex 82.82 -0.629999 43.73
    endloop
  endfacet
  facet normal 1 0 0
    outer loop
      vertex 85.38 4.17 31.24
      vertex 85.38 4.23 33.23
      vertex 85.38 4.17 33.23
    endloop
  endfacet
  facet normal 1 0 0
    outer loop
      vertex 85.38 4.23 33.23
      vertex 85.38 4.17 31.24
      vertex 85.38 4.23 31.13
    endloop
  endfacet
  facet normal -0.845914 0.478764 0.234976
    outer loop
      vertex 83.32 -0.57 45.53
      vertex 82.62 4.23 33.23
      vertex 82.82 -0.57 43.73
    endloop
  endfacet
  facet normal 0.845914 0.478764 0.234976
    outer loop
      vertex 85.38 4.23 33.23
      vertex 84.68 -0.57 45.53
      vertex 85.18 -0.57 43.73
    endloop
  endfacet
  facet normal 0.627558 0.71254 0.313779
    outer loop
      vertex 85.38 4.23 33.23
      vertex 84.48 4.23 35.03
      vertex 84.68 -0.57 45.53
    endloop
  endfacet
  facet normal -1 0 0
    outer loop
      vertex 82.62 4.17 31.24
      vertex 82.62 4.23 33.23
      vertex 82.62 4.23 31.13
    endloop
  endfacet
  facet normal -1 -0 0
    outer loop
      vertex 82.62 4.23 33.23
      vertex 82.62 4.17 31.24
      vertex 82.62 4.17 33.23
    endloop
  endfacet
  facet normal 0.999819 0 0.0190442
    outer loop
      vertex 85.18 -0.57 43.73
      vertex 85.38 4.17 33.23
      vertex 85.38 4.23 33.23
    endloop
  endfacet
  facet normal 0.999819 0 0.0190442
    outer loop
      vertex 85.38 4.17 33.23
      vertex 85.18 -0.57 43.73
      vertex 85.18 -0.629999 43.73
    endloop
  endfacet
  facet normal -0.627558 0.71254 0.313779
    outer loop
      vertex 83.52 4.23 35.03
      vertex 82.62 4.23 33.23
      vertex 83.32 -0.57 45.53
    endloop
  endfacet
  facet normal 0 0.909474 0.41576
    outer loop
      vertex 84.48 4.23 35.03
      vertex 83.32 -0.57 45.53
      vertex 84.68 -0.57 45.53
    endloop
  endfacet
  facet normal 0 0.909474 0.41576
    outer loop
      vertex 83.32 -0.57 45.53
      vertex 84.48 4.23 35.03
      vertex 83.52 4.23 35.03
    endloop
  endfacet
  facet normal 0.999133 -0.0416306 0
    outer loop
      vertex 85.18 -0.629999 40.04
      vertex 85.38 4.17 33.23
      vertex 85.18 -0.629999 43.73
    endloop
  endfacet
  facet normal 0.999133 -0.0416306 0
    outer loop
      vertex 85.38 4.17 33.23
      vertex 85.18 -0.629999 40.04
      vertex 85.38 4.17 31.24
    endloop
  endfacet
  facet normal 0 1 0
    outer loop
      vertex 85.38 4.23 33.23
      vertex 83.52 4.23 35.03
      vertex 84.48 4.23 35.03
    endloop
  endfacet
  facet normal 0 1 0
    outer loop
      vertex 85.38 4.23 33.23
      vertex 82.62 4.23 33.23
      vertex 83.52 4.23 35.03
    endloop
  endfacet
  facet normal 0 1 -0
    outer loop
      vertex 85.38 4.23 31.13
      vertex 82.62 4.23 33.23
      vertex 85.38 4.23 33.23
    endloop
  endfacet
  facet normal 0 1 0
    outer loop
      vertex 82.62 4.23 33.23
      vertex 85.38 4.23 31.13
      vertex 82.62 4.23 31.13
    endloop
  endfacet
  facet normal 0 0.847064 0.531491
    outer loop
      vertex 84.68 -0.57 45.53
      vertex 83.17 -3.77 50.63
      vertex 84.83 -3.77 50.63
    endloop
  endfacet
  facet normal 0 0.847064 0.531491
    outer loop
      vertex 83.17 -3.77 50.63
      vertex 84.68 -0.57 45.53
      vertex 83.32 -0.57 45.53
    endloop
  endfacet
  facet normal -0 0 1
    outer loop
      vertex 83.17 -3.77 50.63
      vertex 84.83 -3.83 50.63
      vertex 84.83 -3.77 50.63
    endloop
  endfacet
  facet normal 0 0 1
    outer loop
      vertex 84.83 -3.83 50.63
      vertex 83.17 -3.77 50.63
      vertex 83.17 -3.83 50.63
    endloop
  endfacet
  facet normal -0.993884 0 0.110432
    outer loop
      vertex 82.97 -3.83 48.83
      vertex 83.17 -3.77 50.63
      vertex 82.97 -3.77 48.83
    endloop
  endfacet
  facet normal -0.993884 0 0.110432
    outer loop
      vertex 83.17 -3.77 50.63
      vertex 82.97 -3.83 48.83
      vertex 83.17 -3.83 50.63
    endloop
  endfacet
  facet normal 0.871428 0.426637 0.242063
    outer loop
      vertex 85.18 -0.57 43.73
      vertex 84.68 -0.57 45.53
      vertex 84.83 -3.77 50.63
    endloop
  endfacet
  facet normal 0.985664 0.128342 0.109518
    outer loop
      vertex 85.18 -0.57 43.73
      vertex 84.83 -3.77 50.63
      vertex 85.03 -3.77 48.83
    endloop
  endfacet
  facet normal 0.993884 -0 0.110432
    outer loop
      vertex 84.83 -3.83 50.63
      vertex 85.03 -3.77 48.83
      vertex 84.83 -3.77 50.63
    endloop
  endfacet
  facet normal 0.993884 0 0.110432
    outer loop
      vertex 85.03 -3.77 48.83
      vertex 84.83 -3.83 50.63
      vertex 85.03 -3.83 48.83
    endloop
  endfacet
  facet normal -0.871428 0.426637 0.242063
    outer loop
      vertex 83.32 -0.57 45.53
      vertex 82.82 -0.57 43.73
      vertex 83.17 -3.77 50.63
    endloop
  endfacet
  facet normal 0.998904 -0.0468004 0
    outer loop
      vertex 85.18 -0.629999 43.73
      vertex 85.1547 -1.17 41.03
      vertex 85.18 -0.629999 40.04
    endloop
  endfacet
  facet normal 0.998903 -0.0468316 0
    outer loop
      vertex 85.1078 -2.17 42.6967
      vertex 85.18 -0.629999 43.73
      vertex 85.1078 -2.17 46.03
    endloop
  endfacet
  facet normal 0.998897 -0.0469519 -8.07246e-05
    outer loop
      vertex 85.03 -3.83 48.83
      vertex 85.1078 -2.17 46.03
      vertex 85.18 -0.629999 43.73
    endloop
  endfacet
  facet normal 0.998904 -0.0468161 0
    outer loop
      vertex 85.1078 -2.17 46.03
      vertex 85.03 -3.83 48.83
      vertex 85.03 -3.83 47.7774
    endloop
  endfacet
  facet normal 0.998903 -0.0468365 7.22727e-06
    outer loop
      vertex 85.18 -0.629999 43.73
      vertex 85.1078 -2.17 42.6967
      vertex 85.1547 -1.17 41.03
    endloop
  endfacet
  facet normal -0.999568 0 0.0293991
    outer loop
      vertex 82.82 -0.629999 43.73
      vertex 82.97 -3.77 48.83
      vertex 82.82 -0.57 43.73
    endloop
  endfacet
  facet normal -0.999568 0 0.0293991
    outer loop
      vertex 82.97 -3.77 48.83
      vertex 82.82 -0.629999 43.73
      vertex 82.97 -3.83 48.83
    endloop
  endfacet
  facet normal -0.998904 -0.0468004 0
    outer loop
      vertex 82.8453 -1.17 41.03
      vertex 82.82 -0.629999 43.73
      vertex 82.82 -0.629999 40.04
    endloop
  endfacet
  facet normal -0.998903 -0.0468365 7.22727e-06
    outer loop
      vertex 82.8922 -2.17 42.6967
      vertex 82.82 -0.629999 43.73
      vertex 82.8453 -1.17 41.03
    endloop
  endfacet
  facet normal -0.998903 -0.0468316 -0
    outer loop
      vertex 82.8922 -2.17 46.03
      vertex 82.82 -0.629999 43.73
      vertex 82.8922 -2.17 42.6967
    endloop
  endfacet
  facet normal -0.998897 -0.0469519 -8.07246e-05
    outer loop
      vertex 82.8922 -2.17 46.03
      vertex 82.97 -3.83 48.83
      vertex 82.82 -0.629999 43.73
    endloop
  endfacet
  facet normal -0.998904 -0.0468161 -0
    outer loop
      vertex 82.97 -3.83 48.83
      vertex 82.8922 -2.17 46.03
      vertex 82.97 -3.83 47.7774
    endloop
  endfacet
  facet normal 0 -1 0
    outer loop
      vertex 82.97 -3.83 48.83
      vertex 84.83 -3.83 50.63
      vertex 83.17 -3.83 50.63
    endloop
  endfacet
  facet normal 0 -1 0
    outer loop
      vertex 82.97 -3.83 48.83
      vertex 85.03 -3.83 48.83
      vertex 84.83 -3.83 50.63
    endloop
  endfacet
  facet normal 0 -1 0
    outer loop
      vertex 82.97 -3.83 47.7774
      vertex 85.03 -3.83 48.83
      vertex 82.97 -3.83 48.83
    endloop
  endfacet
  facet normal 0 -1 -0
    outer loop
      vertex 85.03 -3.83 48.83
      vertex 82.97 -3.83 47.7774
      vertex 85.03 -3.83 47.7774
    endloop
  endfacet
  facet normal -0.985664 0.128342 0.109518
    outer loop
      vertex 83.17 -3.77 50.63
      vertex 82.82 -0.57 43.73
      vertex 82.97 -3.77 48.83
    endloop
  endfacet
  facet normal 0.999568 0 0.0293991
    outer loop
      vertex 85.03 -3.77 48.83
      vertex 85.18 -0.629999 43.73
      vertex 85.18 -0.57 43.73
    endloop
  endfacet
  facet normal 0.999568 0 0.0293991
    outer loop
      vertex 85.18 -0.629999 43.73
      vertex 85.03 -3.77 48.83
      vertex 85.03 -3.83 48.83
    endloop
  endfacet
  facet normal 0 -1 0
    outer loop
      vertex 78.7 -7.3 43.2
      vertex 79.6838 -7.3 46
      vertex 78.7 -7.3 46
    endloop
  endfacet
  facet normal 0 -1 -0
    outer loop
      vertex 79.6838 -7.3 46
      vertex 78.7 -7.3 43.2
      vertex 79.6838 -7.3 43.2
    endloop
  endfacet
  facet normal -1 0 0
    outer loop
      vertex 78.7 -7.3 43.2
      vertex 78.7 -5.6975 46
      vertex 78.7 -5.6975 43.2
    endloop
  endfacet
  facet normal -1 -0 0
    outer loop
      vertex 78.7 -5.6975 46
      vertex 78.7 -7.3 43.2
      vertex 78.7 -7.3 46
    endloop
  endfacet
  facet normal -1 0 0
    outer loop
      vertex 78.7 -2.7 45.4063
      vertex 78.7 -3.405 46
      vertex 78.7 -2.7 46
    endloop
  endfacet
  facet normal -0.196116 0.980581 0
    outer loop
      vertex 79.7 -2.5 51.8
      vertex 78.7 -2.7 46
      vertex 79.7 -2.5 52.6
    endloop
  endfacet
  facet normal -0.196116 0.980581 7.56884e-16
    outer loop
      vertex 78.984 -2.6432 45.6425
      vertex 78.7 -2.7 46
      vertex 79.7 -2.5 51.8
    endloop
  endfacet
  facet normal -0.196116 0.980581 0
    outer loop
      vertex 78.7 -2.7 46
      vertex 78.984 -2.6432 45.6425
      vertex 78.7 -2.7 45.4063
    endloop
  endfacet
  facet normal -0 0 1
    outer loop
      vertex 79.7 -2.5 52.6
      vertex 81.5 -4.7 52.6
      vertex 81.5 -2.5 52.6
    endloop
  endfacet
  facet normal 0 0 1
    outer loop
      vertex 81.5 -4.7 52.6
      vertex 79.7 -2.5 52.6
      vertex 79.7 -4.7 52.6
    endloop
  endfacet
  facet normal 0.988718 0 0.149792
    outer loop
      vertex 81.9184 -5.78793 49.8383
      vertex 81.5 -2.5 52.6
      vertex 81.5 -4.7 52.6
    endloop
  endfacet
  facet normal 0.988715 -1.47249e-05 0.149809
    outer loop
      vertex 81.5 -2.5 52.6
      vertex 81.9184 -5.78793 49.8383
      vertex 82.4137 -2.68274 46.5697
    endloop
  endfacet
  facet normal 0.988709 2.05499e-05 0.14985
    outer loop
      vertex 82.2008 -6.03 47.9748
      vertex 82.0115 -6.03 49.2238
      vertex 82.2061 -6.53578 47.9399
    endloop
  endfacet
  facet normal 0 0 -1
    outer loop
      vertex 78.7 -7.3 43.2
      vertex 79.2459 -6.03 43.2
      vertex 79.6838 -7.3 43.2
    endloop
  endfacet
  facet normal -0 0 -1
    outer loop
      vertex 79.2459 -6.03 43.2
      vertex 78.7 -7.3 43.2
      vertex 78.77 -6.03 43.2
    endloop
  endfacet
  facet normal -0 0 -1
    outer loop
      vertex 78.77 -6.03 43.2
      vertex 78.7 -7.3 43.2
      vertex 78.7 -5.6975 43.2
    endloop
  endfacet
  facet normal -0.988716 2.09228e-06 0.1498
    outer loop
      vertex 78.77 -6.03 46.462
      vertex 78.7 -7.3 46
      vertex 79.0857 -6.03 48.5457
    endloop
  endfacet
  facet normal -0.988716 0 0.149805
    outer loop
      vertex 78.7 -7.3 46
      vertex 78.77 -6.03 46.462
      vertex 78.7 -5.6975 46
    endloop
  endfacet
  facet normal -0.988716 0 0.149801
    outer loop
      vertex 79.0857 -5.97 48.5457
      vertex 78.7 -2.7 46
      vertex 78.7 -3.405 46
    endloop
  endfacet
  facet normal -0.988716 3.5805e-06 0.149805
    outer loop
      vertex 78.7 -2.7 46
      vertex 79.0857 -5.97 48.5457
      vertex 79.7 -2.5 52.6
    endloop
  endfacet
  facet normal -0.988715 0 0.149808
    outer loop
      vertex 79.7 -2.5 52.6
      vertex 79.0857 -5.97 48.5457
      vertex 79.7 -4.7 52.6
    endloop
  endfacet
  facet normal -0.988715 0 0.149808
    outer loop
      vertex 79.0857 -6.03 48.5457
      vertex 79.7 -4.7 52.6
      vertex 79.0857 -5.97 48.5457
    endloop
  endfacet
  facet normal -0.988713 -4.48604e-05 0.149823
    outer loop
      vertex 79.7 -4.7 52.6
      vertex 79.0857 -6.03 48.5457
      vertex 78.7 -7.3 46
    endloop
  endfacet
  facet normal 0.196116 0.980581 0
    outer loop
      vertex 82.4137 -2.68274 46.5697
      vertex 81.5 -2.5 51.8
      vertex 81.5 -2.5 52.6
    endloop
  endfacet
  facet normal 0.196147 0.980575 5.54063e-06
    outer loop
      vertex 81.5 -2.5 51.8
      vertex 82.4137 -2.68274 46.5697
      vertex 82.1155 -2.62309 46.5069
    endloop
  endfacet
  facet normal 0 -0.93041 0.366521
    outer loop
      vertex 79.7 -4.7 52.6
      vertex 80.5317 -5.78793 49.8383
      vertex 81.5 -4.7 52.6
    endloop
  endfacet
  facet normal 4.02964e-05 -0.930406 0.366531
    outer loop
      vertex 79.7 -4.7 52.6
      vertex 79.9162 -5.97 49.3762
      vertex 80.5317 -5.78793 49.8383
    endloop
  endfacet
  facet normal -0.000212967 -0.930411 0.366517
    outer loop
      vertex 79.7 -4.7 52.6
      vertex 79.7638 -6.03 49.2238
      vertex 79.9162 -5.97 49.3762
    endloop
  endfacet
  facet normal 0 -0.930408 0.366525
    outer loop
      vertex 79.7638 -6.03 49.2238
      vertex 81.0339 -6.53578 47.9399
      vertex 82.0115 -6.03 49.2238
    endloop
  endfacet
  facet normal 4.49823e-06 -0.930407 0.366529
    outer loop
      vertex 79.7638 -6.03 49.2238
      vertex 80.8183 -6.63084 47.6986
      vertex 81.0339 -6.53578 47.9399
    endloop
  endfacet
  facet normal -1.13168e-06 -0.930408 0.366526
    outer loop
      vertex 79.7638 -6.03 49.2238
      vertex 79.6333 -7.15348 46.3719
      vertex 80.8183 -6.63084 47.6986
    endloop
  endfacet
  facet normal 2.94024e-05 -0.93041 0.366521
    outer loop
      vertex 78.7 -7.3 46
      vertex 79.7638 -6.03 49.2238
      vertex 79.7 -4.7 52.6
    endloop
  endfacet
  facet normal 1.35925e-05 -0.930408 0.366525
    outer loop
      vertex 79.7638 -6.03 49.2238
      vertex 78.7 -7.3 46
      vertex 79.6333 -7.15348 46.3719
    endloop
  endfacet
  facet normal 0 -0.930397 0.366555
    outer loop
      vertex 79.6333 -7.15348 46.3719
      vertex 78.7 -7.3 46
      vertex 79.6838 -7.3 46
    endloop
  endfacet
  facet normal 0 -0.93041 0.366521
    outer loop
      vertex 81.5 -4.7 52.6
      vertex 80.5317 -5.78793 49.8383
      vertex 81.9184 -5.78793 49.8383
    endloop
  endfacet
  facet normal 0 -0.930408 0.366525
    outer loop
      vertex 82.0115 -6.03 49.2238
      vertex 81.0339 -6.53578 47.9399
      vertex 82.2061 -6.53578 47.9399
    endloop
  endfacet
  facet normal 0 0.99973 -0.0232485
    outer loop
      vertex 79.8654 -2.62309 46.5069
      vertex 81.5 -2.5 51.8
      vertex 82.1155 -2.62309 46.5069
    endloop
  endfacet
  facet normal 0 0.99973 -0.0232485
    outer loop
      vertex 81.5 -2.5 51.8
      vertex 79.8654 -2.62309 46.5069
      vertex 79.7 -2.5 51.8
    endloop
  endfacet
  facet normal -9.40721e-06 0.99973 -0.0232488
    outer loop
      vertex 79.7 -2.5 51.8
      vertex 79.8654 -2.62309 46.5069
      vertex 78.984 -2.6432 45.6425
    endloop
  endfacet
  facet normal 0 1 -0
    outer loop
      vertex 81.5 -2.5 51.8
      vertex 79.7 -2.5 52.6
      vertex 81.5 -2.5 52.6
    endloop
  endfacet
  facet normal 0 1 0
    outer loop
      vertex 79.7 -2.5 52.6
      vertex 81.5 -2.5 51.8
      vertex 79.7 -2.5 51.8
    endloop
  endfacet
  facet normal 0 -1 0
    outer loop
      vertex 88.3162 -7.3 43.2
      vertex 89.3 -7.3 46
      vertex 88.3162 -7.3 46
    endloop
  endfacet
  facet normal 0 -1 -0
    outer loop
      vertex 89.3 -7.3 46
      vertex 88.3162 -7.3 43.2
      vertex 89.3 -7.3 43.2
    endloop
  endfacet
  facet normal 1 -0 0
    outer loop
      vertex 89.3 -7.3 46
      vertex 89.3 -5.6975 43.2
      vertex 89.3 -5.6975 46
    endloop
  endfacet
  facet normal 1 0 0
    outer loop
      vertex 89.3 -5.6975 43.2
      vertex 89.3 -7.3 46
      vertex 89.3 -7.3 43.2
    endloop
  endfacet
  facet normal 1 0 0
    outer loop
      vertex 89.3 -2.7 46
      vertex 89.3 -3.405 46
      vertex 89.3 -2.7 45.4063
    endloop
  endfacet
  facet normal -0.196116 0.980581 0
    outer loop
      vertex 86.5 -2.5 51.8
      vertex 85.5863 -2.68274 46.5697
      vertex 86.5 -2.5 52.6
    endloop
  endfacet
  facet normal -0.196147 0.980575 5.54063e-06
    outer loop
      vertex 85.5863 -2.68274 46.5697
      vertex 86.5 -2.5 51.8
      vertex 85.8845 -2.62309 46.5069
    endloop
  endfacet
  facet normal -0 0 1
    outer loop
      vertex 86.5 -2.5 52.6
      vertex 88.3 -4.7 52.6
      vertex 88.3 -2.5 52.6
    endloop
  endfacet
  facet normal 0 0 1
    outer loop
      vertex 88.3 -4.7 52.6
      vertex 86.5 -2.5 52.6
      vertex 86.5 -4.7 52.6
    endloop
  endfacet
  facet normal 0.988716 3.5805e-06 0.149805
    outer loop
      vertex 88.9143 -5.97 48.5457
      vertex 89.3 -2.7 46
      vertex 88.3 -2.5 52.6
    endloop
  endfacet
  facet normal 0.988715 0 0.149808
    outer loop
      vertex 88.9143 -5.97 48.5457
      vertex 88.3 -2.5 52.6
      vertex 88.3 -4.7 52.6
    endloop
  endfacet
  facet normal 0.988716 0 0.149801
    outer loop
      vertex 89.3 -2.7 46
      vertex 88.9143 -5.97 48.5457
      vertex 89.3 -3.405 46
    endloop
  endfacet
  facet normal 0.988715 0 0.149808
    outer loop
      vertex 88.3 -4.7 52.6
      vertex 88.9143 -6.03 48.5457
      vertex 88.9143 -5.97 48.5457
    endloop
  endfacet
  facet normal 0.988716 2.09228e-06 0.1498
    outer loop
      vertex 88.9143 -6.03 48.5457
      vertex 89.3 -7.3 46
      vertex 89.23 -6.03 46.462
    endloop
  endfacet
  facet normal 0.988713 -4.48604e-05 0.149823
    outer loop
      vertex 89.3 -7.3 46
      vertex 88.9143 -6.03 48.5457
      vertex 88.3 -4.7 52.6
    endloop
  endfacet
  facet normal 0.988716 0 0.149805
    outer loop
      vertex 89.3 -5.6975 46
      vertex 89.23 -6.03 46.462
      vertex 89.3 -7.3 46
    endloop
  endfacet
  facet normal 0 0 -1
    outer loop
      vertex 89.3 -7.3 43.2
      vertex 89.23 -6.03 43.2
      vertex 89.3 -5.6975 43.2
    endloop
  endfacet
  facet normal 0 0 -1
    outer loop
      vertex 89.3 -7.3 43.2
      vertex 88.7541 -6.03 43.2
      vertex 89.23 -6.03 43.2
    endloop
  endfacet
  facet normal 0 -0 -1
    outer loop
      vertex 88.7541 -6.03 43.2
      vertex 89.3 -7.3 43.2
      vertex 88.3162 -7.3 43.2
    endloop
  endfacet
  facet normal 0.196116 0.980581 0
    outer loop
      vertex 89.3 -2.7 46
      vertex 88.3 -2.5 51.8
      vertex 88.3 -2.5 52.6
    endloop
  endfacet
  facet normal 0.196116 0.980581 7.56884e-16
    outer loop
      vertex 89.3 -2.7 46
      vertex 89.016 -2.6432 45.6425
      vertex 88.3 -2.5 51.8
    endloop
  endfacet
  facet normal 0.196116 0.980581 0
    outer loop
      vertex 89.016 -2.6432 45.6425
      vertex 89.3 -2.7 46
      vertex 89.3 -2.7 45.4063
    endloop
  endfacet
  facet normal 0 -0.930408 0.366525
    outer loop
      vertex 86.9661 -6.53578 47.9399
      vertex 85.9885 -6.03 49.2238
      vertex 85.7939 -6.53578 47.9399
    endloop
  endfacet
  facet normal 0 -0.93041 0.366521
    outer loop
      vertex 87.4683 -5.78793 49.8383
      vertex 86.5 -4.7 52.6
      vertex 86.0816 -5.78793 49.8383
    endloop
  endfacet
  facet normal 0 -0.93041 0.366521
    outer loop
      vertex 86.5 -4.7 52.6
      vertex 87.4683 -5.78793 49.8383
      vertex 88.3 -4.7 52.6
    endloop
  endfacet
  facet normal -4.02964e-05 -0.930406 0.366531
    outer loop
      vertex 88.0838 -5.97 49.3762
      vertex 88.3 -4.7 52.6
      vertex 87.4683 -5.78793 49.8383
    endloop
  endfacet
  facet normal 0.000212967 -0.930411 0.366517
    outer loop
      vertex 88.2362 -6.03 49.2238
      vertex 88.3 -4.7 52.6
      vertex 88.0838 -5.97 49.3762
    endloop
  endfacet
  facet normal 0 -0.930408 0.366525
    outer loop
      vertex 85.9885 -6.03 49.2238
      vertex 86.9661 -6.53578 47.9399
      vertex 88.2362 -6.03 49.2238
    endloop
  endfacet
  facet normal -4.49823e-06 -0.930407 0.366529
    outer loop
      vertex 87.1817 -6.63084 47.6986
      vertex 88.2362 -6.03 49.2238
      vertex 86.9661 -6.53578 47.9399
    endloop
  endfacet
  facet normal 1.13168e-06 -0.930408 0.366526
    outer loop
      vertex 88.3667 -7.15348 46.3719
      vertex 88.2362 -6.03 49.2238
      vertex 87.1817 -6.63084 47.6986
    endloop
  endfacet
  facet normal -1.35925e-05 -0.930408 0.366525
    outer loop
      vertex 89.3 -7.3 46
      vertex 88.2362 -6.03 49.2238
      vertex 88.3667 -7.15348 46.3719
    endloop
  endfacet
  facet normal -2.94024e-05 -0.93041 0.366521
    outer loop
      vertex 88.2362 -6.03 49.2238
      vertex 89.3 -7.3 46
      vertex 88.3 -4.7 52.6
    endloop
  endfacet
  facet normal 0 -0.930397 0.366555
    outer loop
      vertex 89.3 -7.3 46
      vertex 88.3667 -7.15348 46.3719
      vertex 88.3162 -7.3 46
    endloop
  endfacet
  facet normal -0.988715 -1.47249e-05 0.149809
    outer loop
      vertex 86.0816 -5.78793 49.8383
      vertex 86.5 -2.5 52.6
      vertex 85.5863 -2.68274 46.5697
    endloop
  endfacet
  facet normal -0.988718 0 0.149792
    outer loop
      vertex 86.5 -2.5 52.6
      vertex 86.0816 -5.78793 49.8383
      vertex 86.5 -4.7 52.6
    endloop
  endfacet
  facet normal -0.988709 2.05499e-05 0.14985
    outer loop
      vertex 85.7992 -6.03 47.9748
      vertex 85.7939 -6.53578 47.9399
      vertex 85.9885 -6.03 49.2238
    endloop
  endfacet
  facet normal 0 0.99973 -0.0232485
    outer loop
      vertex 88.3 -2.5 51.8
      vertex 88.1346 -2.62309 46.5069
      vertex 86.5 -2.5 51.8
    endloop
  endfacet
  facet normal 9.40721e-06 0.99973 -0.0232488
    outer loop
      vertex 88.1346 -2.62309 46.5069
      vertex 88.3 -2.5 51.8
      vertex 89.016 -2.6432 45.6425
    endloop
  endfacet
  facet normal 0 0.99973 -0.0232485
    outer loop
      vertex 86.5 -2.5 51.8
      vertex 88.1346 -2.62309 46.5069
      vertex 85.8845 -2.62309 46.5069
    endloop
  endfacet
  facet normal 0 1 -0
    outer loop
      vertex 88.3 -2.5 51.8
      vertex 86.5 -2.5 52.6
      vertex 88.3 -2.5 52.6
    endloop
  endfacet
  facet normal 0 1 0
    outer loop
      vertex 86.5 -2.5 52.6
      vertex 88.3 -2.5 51.8
      vertex 86.5 -2.5 51.8
    endloop
  endfacet
  facet normal 0.000516621 0.928331 0.371753
    outer loop
      vertex 77.6756 -3.876 43.64
      vertex 77.525 -3.95 43.825
      vertex 77.6815 -3.89078 43.6769
    endloop
  endfacet
  facet normal 0 0.928477 0.371391
    outer loop
      vertex 77.525 -3.95 43.825
      vertex 77.6756 -3.876 43.64
      vertex 77.075 -3.95 43.825
    endloop
  endfacet
  facet normal -4.70431e-06 0.928482 0.371378
    outer loop
      vertex 77.075 -3.95 43.825
      vertex 77.6756 -3.876 43.64
      vertex 77.6128 -3.64057 43.0514
    endloop
  endfacet
  facet normal 0.687345 0 0.726331
    outer loop
      vertex 77.6815 -3.89078 43.6769
      vertex 77.525 -3.95 43.825
      vertex 77.6815 -3.89817 43.6769
    endloop
  endfacet
  facet normal 0.687121 5.55927e-05 0.726543
    outer loop
      vertex 77.525 -5.45 43.825
      vertex 78.3911 -4.23 43.0058
      vertex 77.77 -4.23 43.5932
    endloop
  endfacet
  facet normal 0.687328 0.000100242 0.726347
    outer loop
      vertex 77.525 -3.95 43.825
      vertex 77.77 -4.23 43.5932
      vertex 77.6815 -3.89817 43.6769
    endloop
  endfacet
  facet normal 0.687268 -0 0.726404
    outer loop
      vertex 77.525 -5.45 43.825
      vertex 77.77 -4.23 43.5932
      vertex 77.525 -3.95 43.825
    endloop
  endfacet
  facet normal 0.687188 -3.43015e-05 0.726479
    outer loop
      vertex 78.3911 -4.23 43.0058
      vertex 77.525 -5.45 43.825
      vertex 78.6696 -5.55312 42.7423
    endloop
  endfacet
  facet normal -1 0 0
    outer loop
      vertex 77.075 -5.45 43.375
      vertex 77.075 -3.95 43.825
      vertex 77.075 -3.95 43.375
    endloop
  endfacet
  facet normal -1 -0 0
    outer loop
      vertex 77.075 -3.95 43.825
      vertex 77.075 -5.45 43.375
      vertex 77.075 -5.45 43.825
    endloop
  endfacet
  facet normal -0.92881 6.96394e-05 -0.370557
    outer loop
      vertex 78.6946 -5.67186 39.3149
      vertex 77.77 -4.23 41.6327
      vertex 78.3911 -4.23 40.0759
    endloop
  endfacet
  facet normal -0.928827 -1.03635e-05 -0.370514
    outer loop
      vertex 77.77 -4.23 41.6327
      vertex 78.6946 -5.67186 39.3149
      vertex 77.075 -5.45 43.375
    endloop
  endfacet
  facet normal -0.928829 1.00724e-05 -0.37051
    outer loop
      vertex 77.77 -4.23 41.6327
      vertex 77.075 -3.95 43.375
      vertex 77.6128 -3.64057 42.0268
    endloop
  endfacet
  facet normal -0.928829 -0 -0.370508
    outer loop
      vertex 77.075 -3.95 43.375
      vertex 77.77 -4.23 41.6327
      vertex 77.075 -5.45 43.375
    endloop
  endfacet
  facet normal -0.498707 0.86677 0
    outer loop
      vertex 77.6128 -3.64057 43.0514
      vertex 77.075 -3.95 43.375
      vertex 77.075 -3.95 43.825
    endloop
  endfacet
  facet normal -0.498707 0.86677 0
    outer loop
      vertex 77.075 -3.95 43.375
      vertex 77.6128 -3.64057 43.0514
      vertex 77.6128 -3.64057 42.0268
    endloop
  endfacet
  facet normal -0 0 1
    outer loop
      vertex 77.075 -3.95 43.825
      vertex 77.525 -5.45 43.825
      vertex 77.525 -3.95 43.825
    endloop
  endfacet
  facet normal 0 0 1
    outer loop
      vertex 77.525 -5.45 43.825
      vertex 77.075 -3.95 43.825
      vertex 77.075 -5.45 43.825
    endloop
  endfacet
  facet normal 0 -0.995495 0.0948143
    outer loop
      vertex 77.075 -5.45 43.825
      vertex 78.6696 -5.55312 42.7423
      vertex 77.525 -5.45 43.825
    endloop
  endfacet
  facet normal -1.04207e-05 -0.995496 0.0947991
    outer loop
      vertex 78.6696 -5.55312 42.7423
      vertex 77.075 -5.45 43.825
      vertex 78.6946 -5.67186 41.4954
    endloop
  endfacet
  facet normal -0.135717 -0.990748 0
    outer loop
      vertex 77.075 -5.45 43.375
      vertex 78.6946 -5.67186 41.4954
      vertex 77.075 -5.45 43.825
    endloop
  endfacet
  facet normal -0.135717 -0.990748 -0
    outer loop
      vertex 78.6946 -5.67186 41.4954
      vertex 77.075 -5.45 43.375
      vertex 78.6946 -5.67186 39.3149
    endloop
  endfacet
  facet normal -0.687345 0 0.726331
    outer loop
      vertex 90.3185 -3.89817 43.6769
      vertex 90.475 -3.95 43.825
      vertex 90.3185 -3.89078 43.6769
    endloop
  endfacet
  facet normal -0.687328 0.000100242 0.726347
    outer loop
      vertex 90.23 -4.23 43.5932
      vertex 90.475 -3.95 43.825
      vertex 90.3185 -3.89817 43.6769
    endloop
  endfacet
  facet normal -0.687268 0 0.726404
    outer loop
      vertex 90.475 -3.95 43.825
      vertex 90.23 -4.23 43.5932
      vertex 90.475 -5.45 43.825
    endloop
  endfacet
  facet normal -0.687121 5.55927e-05 0.726543
    outer loop
      vertex 89.6089 -4.23 43.0058
      vertex 90.475 -5.45 43.825
      vertex 90.23 -4.23 43.5932
    endloop
  endfacet
  facet normal -0.687188 -3.43015e-05 0.726479
    outer loop
      vertex 90.475 -5.45 43.825
      vertex 89.6089 -4.23 43.0058
      vertex 89.3304 -5.55312 42.7423
    endloop
  endfacet
  facet normal -0 0 1
    outer loop
      vertex 90.475 -3.95 43.825
      vertex 90.925 -5.45 43.825
      vertex 90.925 -3.95 43.825
    endloop
  endfacet
  facet normal 0 0 1
    outer loop
      vertex 90.925 -5.45 43.825
      vertex 90.475 -3.95 43.825
      vertex 90.475 -5.45 43.825
    endloop
  endfacet
  facet normal 0 0.928477 0.371391
    outer loop
      vertex 90.3244 -3.876 43.64
      vertex 90.475 -3.95 43.825
      vertex 90.925 -3.95 43.825
    endloop
  endfacet
  facet normal -0.000516621 0.928331 0.371753
    outer loop
      vertex 90.475 -3.95 43.825
      vertex 90.3244 -3.876 43.64
      vertex 90.3185 -3.89078 43.6769
    endloop
  endfacet
  facet normal 4.70431e-06 0.928482 0.371378
    outer loop
      vertex 90.3244 -3.876 43.64
      vertex 90.925 -3.95 43.825
      vertex 90.3872 -3.64057 43.0514
    endloop
  endfacet
  facet normal 0.928829 1.00724e-05 -0.37051
    outer loop
      vertex 90.925 -3.95 43.375
      vertex 90.23 -4.23 41.6327
      vertex 90.3872 -3.64057 42.0268
    endloop
  endfacet
  facet normal 0.928829 0 -0.370508
    outer loop
      vertex 90.925 -5.45 43.375
      vertex 90.23 -4.23 41.6327
      vertex 90.925 -3.95 43.375
    endloop
  endfacet
  facet normal 0.928827 -1.03635e-05 -0.370514
    outer loop
      vertex 89.3054 -5.67186 39.3149
      vertex 90.23 -4.23 41.6327
      vertex 90.925 -5.45 43.375
    endloop
  endfacet
  facet normal 0.92881 6.96394e-05 -0.370557
    outer loop
      vertex 90.23 -4.23 41.6327
      vertex 89.3054 -5.67186 39.3149
      vertex 89.6089 -4.23 40.0759
    endloop
  endfacet
  facet normal 0.498707 0.86677 -0
    outer loop
      vertex 90.925 -3.95 43.375
      vertex 90.3872 -3.64057 43.0514
      vertex 90.925 -3.95 43.825
    endloop
  endfacet
  facet normal 0.498707 0.86677 0
    outer loop
      vertex 90.3872 -3.64057 43.0514
      vertex 90.925 -3.95 43.375
      vertex 90.3872 -3.64057 42.0268
    endloop
  endfacet
  facet normal 0 -0.995495 0.0948143
    outer loop
      vertex 89.3304 -5.55312 42.7423
      vertex 90.925 -5.45 43.825
      vertex 90.475 -5.45 43.825
    endloop
  endfacet
  facet normal 1.04207e-05 -0.995496 0.0947991
    outer loop
      vertex 90.925 -5.45 43.825
      vertex 89.3304 -5.55312 42.7423
      vertex 89.3054 -5.67186 41.4954
    endloop
  endfacet
  facet normal 1 -0 0
    outer loop
      vertex 90.925 -5.45 43.825
      vertex 90.925 -3.95 43.375
      vertex 90.925 -3.95 43.825
    endloop
  endfacet
  facet normal 1 0 0
    outer loop
      vertex 90.925 -3.95 43.375
      vertex 90.925 -5.45 43.825
      vertex 90.925 -5.45 43.375
    endloop
  endfacet
  facet normal 0.135717 -0.990748 0
    outer loop
      vertex 89.3054 -5.67186 41.4954
      vertex 90.925 -5.45 43.375
      vertex 90.925 -5.45 43.825
    endloop
  endfacet
  facet normal 0.135717 -0.990748 0
    outer loop
      vertex 90.925 -5.45 43.375
      vertex 89.3054 -5.67186 41.4954
      vertex 89.3054 -5.67186 39.3149
    endloop
  endfacet
  facet normal 0.587855 0.808966 -0
    outer loop
      vertex 78.7389 -2.61742 0.799999
      vertex 78.424 -2.38859 3
      vertex 78.7389 -2.61742 3
    endloop
  endfacet
  facet normal 0.587855 0.808966 0
    outer loop
      vertex 78.424 -2.38859 3
      vertex 78.7389 -2.61742 0.799999
      vertex 78.424 -2.38859 0.799999
    endloop
  endfacet
  facet normal -0.481682 0.876346 0
    outer loop
      vertex 82.0611 -2.61742 0.799999
      vertex 81.7199 -2.80496 3
      vertex 82.0611 -2.61742 3
    endloop
  endfacet
  facet normal -0.481682 0.876346 0
    outer loop
      vertex 81.7199 -2.80496 3
      vertex 82.0611 -2.61742 0.799999
      vertex 81.7199 -2.80496 0.799999
    endloop
  endfacet
  facet normal -0.951058 0.309012 0
    outer loop
      vertex 83.2823 -1.14119 0.799999
      vertex 83.4026 -0.770938 3
      vertex 83.4026 -0.770938 0.799999
    endloop
  endfacet
  facet normal -0.951058 0.309012 0
    outer loop
      vertex 83.4026 -0.770938 3
      vertex 83.2823 -1.14119 0.799999
      vertex 83.2823 -1.14119 3
    endloop
  endfacet
  facet normal 0.951058 -0.309012 0
    outer loop
      vertex 77.3974 0.770938 3
      vertex 77.5177 1.14119 0.799999
      vertex 77.5177 1.14119 3
    endloop
  endfacet
  facet normal 0.951058 -0.309012 0
    outer loop
      vertex 77.5177 1.14119 0.799999
      vertex 77.3974 0.770938 3
      vertex 77.3974 0.770938 0.799999
    endloop
  endfacet
  facet normal -0.368177 -0.929756 0
    outer loop
      vertex 81.358 2.94827 0.799999
      vertex 81.7199 2.80496 3
      vertex 81.358 2.94827 3
    endloop
  endfacet
  facet normal -0.368177 -0.929756 -0
    outer loop
      vertex 81.7199 2.80496 3
      vertex 81.358 2.94827 0.799999
      vertex 81.7199 2.80496 0.799999
    endloop
  endfacet
  facet normal 0.904883 0.425661 0
    outer loop
      vertex 77.6834 -1.49344 3
      vertex 77.5177 -1.14119 0.799999
      vertex 77.5177 -1.14119 3
    endloop
  endfacet
  facet normal 0.904883 0.425661 0
    outer loop
      vertex 77.5177 -1.14119 0.799999
      vertex 77.6834 -1.49344 3
      vertex 77.6834 -1.49344 0.799999
    endloop
  endfacet
  facet normal 0.982262 0.187511 0
    outer loop
      vertex 77.3974 -0.770938 3
      vertex 77.3244 -0.388533 0.799999
      vertex 77.3244 -0.388533 3
    endloop
  endfacet
  facet normal 0.982262 0.187511 0
    outer loop
      vertex 77.3244 -0.388533 0.799999
      vertex 77.3974 -0.770938 3
      vertex 77.3974 -0.770938 0.799999
    endloop
  endfacet
  facet normal 0.84432 0.53584 0
    outer loop
      vertex 77.892 -1.82213 3
      vertex 77.6834 -1.49344 0.799999
      vertex 77.6834 -1.49344 3
    endloop
  endfacet
  facet normal 0.84432 0.53584 0
    outer loop
      vertex 77.6834 -1.49344 0.799999
      vertex 77.892 -1.82213 3
      vertex 77.892 -1.82213 0.799999
    endloop
  endfacet
  facet normal 0.368177 0.929756 -0
    outer loop
      vertex 79.442 -2.94827 0.799999
      vertex 79.0801 -2.80496 3
      vertex 79.442 -2.94827 3
    endloop
  endfacet
  facet normal 0.368177 0.929756 0
    outer loop
      vertex 79.0801 -2.80496 3
      vertex 79.442 -2.94827 0.799999
      vertex 79.0801 -2.80496 0.799999
    endloop
  endfacet
  facet normal 0 1 -0
    outer loop
      vertex 80.5947 -3.09388 0.799999
      vertex 80.2054 -3.09388 3
      vertex 80.5947 -3.09388 3
    endloop
  endfacet
  facet normal 0 1 0
    outer loop
      vertex 80.2054 -3.09388 3
      vertex 80.5947 -3.09388 0.799999
      vertex 80.2054 -3.09388 0.799999
    endloop
  endfacet
  facet normal 0 0 1
    outer loop
      vertex 83.4756 0.388533 0.799999
      vertex 83.4756 -0.388533 0.799999
      vertex 83.5 0 0.799999
    endloop
  endfacet
  facet normal 0 0 1
    outer loop
      vertex 83.4026 0.770938 0.799999
      vertex 83.4756 -0.388533 0.799999
      vertex 83.4756 0.388533 0.799999
    endloop
  endfacet
  facet normal 0 0 1
    outer loop
      vertex 83.4026 0.770938 0.799999
      vertex 83.4026 -0.770938 0.799999
      vertex 83.4756 -0.388533 0.799999
    endloop
  endfacet
  facet normal 0 0 1
    outer loop
      vertex 83.2823 1.14119 0.799999
      vertex 83.4026 -0.770938 0.799999
      vertex 83.4026 0.770938 0.799999
    endloop
  endfacet
  facet normal 0 0 1
    outer loop
      vertex 83.2823 1.14119 0.799999
      vertex 83.2823 -1.14119 0.799999
      vertex 83.4026 -0.770938 0.799999
    endloop
  endfacet
  facet normal 0 0 1
    outer loop
      vertex 83.1166 1.49344 0.799999
      vertex 83.2823 -1.14119 0.799999
      vertex 83.2823 1.14119 0.799999
    endloop
  endfacet
  facet normal 0 0 1
    outer loop
      vertex 83.1166 1.49344 0.799999
      vertex 83.1166 -1.49344 0.799999
      vertex 83.2823 -1.14119 0.799999
    endloop
  endfacet
  facet normal 0 0 1
    outer loop
      vertex 82.908 1.82213 0.799999
      vertex 83.1166 -1.49344 0.799999
      vertex 83.1166 1.49344 0.799999
    endloop
  endfacet
  facet normal 0 0 1
    outer loop
      vertex 82.908 1.82213 0.799999
      vertex 82.908 -1.82213 0.799999
      vertex 83.1166 -1.49344 0.799999
    endloop
  endfacet
  facet normal 0 0 1
    outer loop
      vertex 82.6598 2.1221 0.799999
      vertex 82.908 -1.82213 0.799999
      vertex 82.908 1.82213 0.799999
    endloop
  endfacet
  facet normal 0 0 1
    outer loop
      vertex 82.6598 2.1221 0.799999
      vertex 82.6598 -2.1221 0.799999
      vertex 82.908 -1.82213 0.799999
    endloop
  endfacet
  facet normal 0 0 1
    outer loop
      vertex 82.376 2.38859 0.799999
      vertex 82.6598 -2.1221 0.799999
      vertex 82.6598 2.1221 0.799999
    endloop
  endfacet
  facet normal 0 0 1
    outer loop
      vertex 82.376 2.38859 0.799999
      vertex 82.376 -2.38859 0.799999
      vertex 82.6598 -2.1221 0.799999
    endloop
  endfacet
  facet normal 0 0 1
    outer loop
      vertex 82.0611 2.61742 0.799999
      vertex 82.376 -2.38859 0.799999
      vertex 82.376 2.38859 0.799999
    endloop
  endfacet
  facet normal 0 0 1
    outer loop
      vertex 82.0611 2.61742 0.799999
      vertex 82.0611 -2.61742 0.799999
      vertex 82.376 -2.38859 0.799999
    endloop
  endfacet
  facet normal 0 0 1
    outer loop
      vertex 81.7199 2.80496 0.799999
      vertex 82.0611 -2.61742 0.799999
      vertex 82.0611 2.61742 0.799999
    endloop
  endfacet
  facet normal 0 0 1
    outer loop
      vertex 81.7199 2.80496 0.799999
      vertex 81.7199 -2.80496 0.799999
      vertex 82.0611 -2.61742 0.799999
    endloop
  endfacet
  facet normal 0 0 1
    outer loop
      vertex 81.358 2.94827 0.799999
      vertex 81.7199 -2.80496 0.799999
      vertex 81.7199 2.80496 0.799999
    endloop
  endfacet
  facet normal 0 0 1
    outer loop
      vertex 81.358 2.94827 0.799999
      vertex 81.358 -2.94827 0.799999
      vertex 81.7199 -2.80496 0.799999
    endloop
  endfacet
  facet normal 0 0 1
    outer loop
      vertex 80.9809 3.04509 0.799999
      vertex 81.358 -2.94827 0.799999
      vertex 81.358 2.94827 0.799999
    endloop
  endfacet
  facet normal 0 0 1
    outer loop
      vertex 80.9809 3.04509 0.799999
      vertex 80.9809 -3.04509 0.799999
      vertex 81.358 -2.94827 0.799999
    endloop
  endfacet
  facet normal 0 0 1
    outer loop
      vertex 80.5947 3.09388 0.799999
      vertex 80.9809 -3.04509 0.799999
      vertex 80.9809 3.04509 0.799999
    endloop
  endfacet
  facet normal 0 0 1
    outer loop
      vertex 80.5947 3.09388 0.799999
      vertex 80.5947 -3.09388 0.799999
      vertex 80.9809 -3.04509 0.799999
    endloop
  endfacet
  facet normal -0 0 1
    outer loop
      vertex 80.2054 3.09388 0.799999
      vertex 80.5947 -3.09388 0.799999
      vertex 80.5947 3.09388 0.799999
    endloop
  endfacet
  facet normal 0 0 1
    outer loop
      vertex 80.2054 3.09388 0.799999
      vertex 80.2054 -3.09388 0.799999
      vertex 80.5947 -3.09388 0.799999
    endloop
  endfacet
  facet normal -0 0 1
    outer loop
      vertex 79.8191 3.04509 0.799999
      vertex 80.2054 -3.09388 0.799999
      vertex 80.2054 3.09388 0.799999
    endloop
  endfacet
  facet normal 0 0 1
    outer loop
      vertex 79.8191 3.04509 0.799999
      vertex 79.8191 -3.04509 0.799999
      vertex 80.2054 -3.09388 0.799999
    endloop
  endfacet
  facet normal -0 0 1
    outer loop
      vertex 79.442 2.94827 0.799999
      vertex 79.8191 -3.04509 0.799999
      vertex 79.8191 3.04509 0.799999
    endloop
  endfacet
  facet normal 0 0 1
    outer loop
      vertex 79.442 2.94827 0.799999
      vertex 79.442 -2.94827 0.799999
      vertex 79.8191 -3.04509 0.799999
    endloop
  endfacet
  facet normal -0 0 1
    outer loop
      vertex 79.0801 2.80496 0.799999
      vertex 79.442 -2.94827 0.799999
      vertex 79.442 2.94827 0.799999
    endloop
  endfacet
  facet normal 0 0 1
    outer loop
      vertex 79.0801 2.80496 0.799999
      vertex 79.0801 -2.80496 0.799999
      vertex 79.442 -2.94827 0.799999
    endloop
  endfacet
  facet normal -0 0 1
    outer loop
      vertex 78.7389 2.61742 0.799999
      vertex 79.0801 -2.80496 0.799999
      vertex 79.0801 2.80496 0.799999
    endloop
  endfacet
  facet normal 0 0 1
    outer loop
      vertex 78.7389 2.61742 0.799999
      vertex 78.7389 -2.61742 0.799999
      vertex 79.0801 -2.80496 0.799999
    endloop
  endfacet
  facet normal -0 0 1
    outer loop
      vertex 78.424 2.38859 0.799999
      vertex 78.7389 -2.61742 0.799999
      vertex 78.7389 2.61742 0.799999
    endloop
  endfacet
  facet normal 0 0 1
    outer loop
      vertex 78.424 2.38859 0.799999
      vertex 78.424 -2.38859 0.799999
      vertex 78.7389 -2.61742 0.799999
    endloop
  endfacet
  facet normal -0 0 1
    outer loop
      vertex 78.1402 2.1221 0.799999
      vertex 78.424 -2.38859 0.799999
      vertex 78.424 2.38859 0.799999
    endloop
  endfacet
  facet normal 0 0 1
    outer loop
      vertex 78.1402 2.1221 0.799999
      vertex 78.1402 -2.1221 0.799999
      vertex 78.424 -2.38859 0.799999
    endloop
  endfacet
  facet normal -0 0 1
    outer loop
      vertex 77.892 1.82213 0.799999
      vertex 78.1402 -2.1221 0.799999
      vertex 78.1402 2.1221 0.799999
    endloop
  endfacet
  facet normal 0 0 1
    outer loop
      vertex 77.892 1.82213 0.799999
      vertex 77.892 -1.82213 0.799999
      vertex 78.1402 -2.1221 0.799999
    endloop
  endfacet
  facet normal -0 0 1
    outer loop
      vertex 77.6834 1.49344 0.799999
      vertex 77.892 -1.82213 0.799999
      vertex 77.892 1.82213 0.799999
    endloop
  endfacet
  facet normal 0 0 1
    outer loop
      vertex 77.6834 1.49344 0.799999
      vertex 77.6834 -1.49344 0.799999
      vertex 77.892 -1.82213 0.799999
    endloop
  endfacet
  facet normal -0 0 1
    outer loop
      vertex 77.5177 1.14119 0.799999
      vertex 77.6834 -1.49344 0.799999
      vertex 77.6834 1.49344 0.799999
    endloop
  endfacet
  facet normal 0 0 1
    outer loop
      vertex 77.5177 1.14119 0.799999
      vertex 77.5177 -1.14119 0.799999
      vertex 77.6834 -1.49344 0.799999
    endloop
  endfacet
  facet normal -0 0 1
    outer loop
      vertex 77.3974 0.770938 0.799999
      vertex 77.5177 -1.14119 0.799999
      vertex 77.5177 1.14119 0.799999
    endloop
  endfacet
  facet normal 0 0 1
    outer loop
      vertex 77.3974 0.770938 0.799999
      vertex 77.3974 -0.770938 0.799999
      vertex 77.5177 -1.14119 0.799999
    endloop
  endfacet
  facet normal -0 0 1
    outer loop
      vertex 77.3244 0.388533 0.799999
      vertex 77.3974 -0.770938 0.799999
      vertex 77.3974 0.770938 0.799999
    endloop
  endfacet
  facet normal 0 0 1
    outer loop
      vertex 77.3244 0.388533 0.799999
      vertex 77.3244 -0.388533 0.799999
      vertex 77.3974 -0.770938 0.799999
    endloop
  endfacet
  facet normal 0 -0 1
    outer loop
      vertex 77.3244 -0.388533 0.799999
      vertex 77.3244 0.388533 0.799999
      vertex 77.3 0 0.799999
    endloop
  endfacet
  facet normal -0.998034 0.0626769 0
    outer loop
      vertex 83.4756 -0.388533 0.799999
      vertex 83.5 0 3
      vertex 83.5 0 0.799999
    endloop
  endfacet
  facet normal -0.998034 0.0626769 0
    outer loop
      vertex 83.5 0 3
      vertex 83.4756 -0.388533 0.799999
      vertex 83.4756 -0.388533 3
    endloop
  endfacet
  facet normal -0.84432 0.53584 0
    outer loop
      vertex 82.908 -1.82213 0.799999
      vertex 83.1166 -1.49344 3
      vertex 83.1166 -1.49344 0.799999
    endloop
  endfacet
  facet normal -0.84432 0.53584 0
    outer loop
      vertex 83.1166 -1.49344 3
      vertex 82.908 -1.82213 0.799999
      vertex 82.908 -1.82213 3
    endloop
  endfacet
  facet normal -0.587855 0.808966 0
    outer loop
      vertex 82.376 -2.38859 0.799999
      vertex 82.0611 -2.61742 3
      vertex 82.376 -2.38859 3
    endloop
  endfacet
  facet normal -0.587855 0.808966 0
    outer loop
      vertex 82.0611 -2.61742 3
      vertex 82.376 -2.38859 0.799999
      vertex 82.0611 -2.61742 0.799999
    endloop
  endfacet
  facet normal -0.248683 0.968585 0
    outer loop
      vertex 81.358 -2.94827 0.799999
      vertex 80.9809 -3.04509 3
      vertex 81.358 -2.94827 3
    endloop
  endfacet
  facet normal -0.248683 0.968585 0
    outer loop
      vertex 80.9809 -3.04509 3
      vertex 81.358 -2.94827 0.799999
      vertex 80.9809 -3.04509 0.799999
    endloop
  endfacet
  facet normal 0.998034 0.0626769 0
    outer loop
      vertex 77.3244 -0.388533 3
      vertex 77.3 0 0.799999
      vertex 77.3 0 3
    endloop
  endfacet
  facet normal 0.998034 0.0626769 0
    outer loop
      vertex 77.3 0 0.799999
      vertex 77.3244 -0.388533 3
      vertex 77.3244 -0.388533 0.799999
    endloop
  endfacet
  facet normal 0.481682 -0.876346 0
    outer loop
      vertex 78.7389 2.61742 0.799999
      vertex 79.0801 2.80496 3
      vertex 78.7389 2.61742 3
    endloop
  endfacet
  facet normal 0.481682 -0.876346 0
    outer loop
      vertex 79.0801 2.80496 3
      vertex 78.7389 2.61742 0.799999
      vertex 79.0801 2.80496 0.799999
    endloop
  endfacet
  facet normal 0.587855 -0.808966 0
    outer loop
      vertex 78.424 2.38859 0.799999
      vertex 78.7389 2.61742 3
      vertex 78.424 2.38859 3
    endloop
  endfacet
  facet normal 0.587855 -0.808966 0
    outer loop
      vertex 78.7389 2.61742 3
      vertex 78.424 2.38859 0.799999
      vertex 78.7389 2.61742 0.799999
    endloop
  endfacet
  facet normal 0.84432 -0.53584 0
    outer loop
      vertex 77.6834 1.49344 3
      vertex 77.892 1.82213 0.799999
      vertex 77.892 1.82213 3
    endloop
  endfacet
  facet normal 0.84432 -0.53584 0
    outer loop
      vertex 77.892 1.82213 0.799999
      vertex 77.6834 1.49344 3
      vertex 77.6834 1.49344 0.799999
    endloop
  endfacet
  facet normal 0 -1 0
    outer loop
      vertex 80.2054 3.09388 0.799999
      vertex 80.5947 3.09388 3
      vertex 80.2054 3.09388 3
    endloop
  endfacet
  facet normal 0 -1 -0
    outer loop
      vertex 80.5947 3.09388 3
      vertex 80.2054 3.09388 0.799999
      vertex 80.5947 3.09388 0.799999
    endloop
  endfacet
  facet normal -0.587855 -0.808966 0
    outer loop
      vertex 82.0611 2.61742 0.799999
      vertex 82.376 2.38859 3
      vertex 82.0611 2.61742 3
    endloop
  endfacet
  facet normal -0.587855 -0.808966 -0
    outer loop
      vertex 82.376 2.38859 3
      vertex 82.0611 2.61742 0.799999
      vertex 82.376 2.38859 0.799999
    endloop
  endfacet
  facet normal -0.84432 -0.53584 0
    outer loop
      vertex 83.1166 1.49344 0.799999
      vertex 82.908 1.82213 3
      vertex 82.908 1.82213 0.799999
    endloop
  endfacet
  facet normal -0.84432 -0.53584 0
    outer loop
      vertex 82.908 1.82213 3
      vertex 83.1166 1.49344 0.799999
      vertex 83.1166 1.49344 3
    endloop
  endfacet
  facet normal 0.951058 0.309012 0
    outer loop
      vertex 77.5177 -1.14119 3
      vertex 77.3974 -0.770938 0.799999
      vertex 77.3974 -0.770938 3
    endloop
  endfacet
  facet normal 0.951058 0.309012 0
    outer loop
      vertex 77.3974 -0.770938 0.799999
      vertex 77.5177 -1.14119 3
      vertex 77.5177 -1.14119 0.799999
    endloop
  endfacet
  facet normal 0.770459 0.63749 0
    outer loop
      vertex 78.1402 -2.1221 3
      vertex 77.892 -1.82213 0.799999
      vertex 77.892 -1.82213 3
    endloop
  endfacet
  facet normal 0.770459 0.63749 0
    outer loop
      vertex 77.892 -1.82213 0.799999
      vertex 78.1402 -2.1221 3
      vertex 78.1402 -2.1221 0.799999
    endloop
  endfacet
  facet normal 0.684525 0.728989 -0
    outer loop
      vertex 78.424 -2.38859 0.799999
      vertex 78.1402 -2.1221 3
      vertex 78.424 -2.38859 3
    endloop
  endfacet
  facet normal 0.684525 0.728989 0
    outer loop
      vertex 78.1402 -2.1221 3
      vertex 78.424 -2.38859 0.799999
      vertex 78.1402 -2.1221 0.799999
    endloop
  endfacet
  facet normal 0.481682 0.876346 -0
    outer loop
      vertex 79.0801 -2.80496 0.799999
      vertex 78.7389 -2.61742 3
      vertex 79.0801 -2.80496 3
    endloop
  endfacet
  facet normal 0.481682 0.876346 0
    outer loop
      vertex 78.7389 -2.61742 3
      vertex 79.0801 -2.80496 0.799999
      vertex 78.7389 -2.61742 0.799999
    endloop
  endfacet
  facet normal 0.248683 0.968585 -0
    outer loop
      vertex 79.8191 -3.04509 0.799999
      vertex 79.442 -2.94827 3
      vertex 79.8191 -3.04509 3
    endloop
  endfacet
  facet normal 0.248683 0.968585 0
    outer loop
      vertex 79.442 -2.94827 3
      vertex 79.8191 -3.04509 0.799999
      vertex 79.442 -2.94827 0.799999
    endloop
  endfacet
  facet normal 0.125305 0.992118 -0
    outer loop
      vertex 80.2054 -3.09388 0.799999
      vertex 79.8191 -3.04509 3
      vertex 80.2054 -3.09388 3
    endloop
  endfacet
  facet normal 0.125305 0.992118 0
    outer loop
      vertex 79.8191 -3.04509 3
      vertex 80.2054 -3.09388 0.799999
      vertex 79.8191 -3.04509 0.799999
    endloop
  endfacet
  facet normal 0 0 -1
    outer loop
      vertex 83.4756 -0.388533 3
      vertex 83.4756 0.388533 3
      vertex 83.5 0 3
    endloop
  endfacet
  facet normal 0 0 -1
    outer loop
      vertex 83.4026 -0.770938 3
      vertex 83.4756 0.388533 3
      vertex 83.4756 -0.388533 3
    endloop
  endfacet
  facet normal 0 0 -1
    outer loop
      vertex 83.4026 -0.770938 3
      vertex 83.4026 0.770938 3
      vertex 83.4756 0.388533 3
    endloop
  endfacet
  facet normal 0 0 -1
    outer loop
      vertex 83.2823 -1.14119 3
      vertex 83.4026 0.770938 3
      vertex 83.4026 -0.770938 3
    endloop
  endfacet
  facet normal 0 0 -1
    outer loop
      vertex 83.2823 -1.14119 3
      vertex 83.2823 1.14119 3
      vertex 83.4026 0.770938 3
    endloop
  endfacet
  facet normal 0 0 -1
    outer loop
      vertex 83.1166 -1.49344 3
      vertex 83.2823 1.14119 3
      vertex 83.2823 -1.14119 3
    endloop
  endfacet
  facet normal 0 0 -1
    outer loop
      vertex 83.1166 -1.49344 3
      vertex 83.1166 1.49344 3
      vertex 83.2823 1.14119 3
    endloop
  endfacet
  facet normal 0 0 -1
    outer loop
      vertex 82.908 -1.82213 3
      vertex 83.1166 1.49344 3
      vertex 83.1166 -1.49344 3
    endloop
  endfacet
  facet normal 0 0 -1
    outer loop
      vertex 82.908 -1.82213 3
      vertex 82.908 1.82213 3
      vertex 83.1166 1.49344 3
    endloop
  endfacet
  facet normal 0 0 -1
    outer loop
      vertex 82.6598 -2.1221 3
      vertex 82.908 1.82213 3
      vertex 82.908 -1.82213 3
    endloop
  endfacet
  facet normal 0 0 -1
    outer loop
      vertex 82.6598 -2.1221 3
      vertex 82.6598 2.1221 3
      vertex 82.908 1.82213 3
    endloop
  endfacet
  facet normal 0 0 -1
    outer loop
      vertex 82.376 -2.38859 3
      vertex 82.6598 2.1221 3
      vertex 82.6598 -2.1221 3
    endloop
  endfacet
  facet normal 0 0 -1
    outer loop
      vertex 82.376 -2.38859 3
      vertex 82.376 2.38859 3
      vertex 82.6598 2.1221 3
    endloop
  endfacet
  facet normal 0 0 -1
    outer loop
      vertex 82.0611 -2.61742 3
      vertex 82.376 2.38859 3
      vertex 82.376 -2.38859 3
    endloop
  endfacet
  facet normal 0 0 -1
    outer loop
      vertex 82.0611 -2.61742 3
      vertex 82.0611 2.61742 3
      vertex 82.376 2.38859 3
    endloop
  endfacet
  facet normal 0 0 -1
    outer loop
      vertex 81.7199 -2.80496 3
      vertex 82.0611 2.61742 3
      vertex 82.0611 -2.61742 3
    endloop
  endfacet
  facet normal 0 0 -1
    outer loop
      vertex 81.7199 -2.80496 3
      vertex 81.7199 2.80496 3
      vertex 82.0611 2.61742 3
    endloop
  endfacet
  facet normal 0 0 -1
    outer loop
      vertex 81.358 -2.94827 3
      vertex 81.7199 2.80496 3
      vertex 81.7199 -2.80496 3
    endloop
  endfacet
  facet normal 0 0 -1
    outer loop
      vertex 81.358 -2.94827 3
      vertex 81.358 2.94827 3
      vertex 81.7199 2.80496 3
    endloop
  endfacet
  facet normal 0 0 -1
    outer loop
      vertex 80.9809 -3.04509 3
      vertex 81.358 2.94827 3
      vertex 81.358 -2.94827 3
    endloop
  endfacet
  facet normal 0 0 -1
    outer loop
      vertex 80.9809 -3.04509 3
      vertex 80.9809 3.04509 3
      vertex 81.358 2.94827 3
    endloop
  endfacet
  facet normal 0 0 -1
    outer loop
      vertex 80.5947 -3.09388 3
      vertex 80.9809 3.04509 3
      vertex 80.9809 -3.04509 3
    endloop
  endfacet
  facet normal 0 0 -1
    outer loop
      vertex 80.5947 -3.09388 3
      vertex 80.5947 3.09388 3
      vertex 80.9809 3.04509 3
    endloop
  endfacet
  facet normal 0 0 -1
    outer loop
      vertex 80.2054 -3.09388 3
      vertex 80.5947 3.09388 3
      vertex 80.5947 -3.09388 3
    endloop
  endfacet
  facet normal 0 0 -1
    outer loop
      vertex 80.2054 -3.09388 3
      vertex 80.2054 3.09388 3
      vertex 80.5947 3.09388 3
    endloop
  endfacet
  facet normal 0 0 -1
    outer loop
      vertex 79.8191 -3.04509 3
      vertex 80.2054 3.09388 3
      vertex 80.2054 -3.09388 3
    endloop
  endfacet
  facet normal 0 0 -1
    outer loop
      vertex 79.8191 -3.04509 3
      vertex 79.8191 3.04509 3
      vertex 80.2054 3.09388 3
    endloop
  endfacet
  facet normal 0 0 -1
    outer loop
      vertex 79.442 -2.94827 3
      vertex 79.8191 3.04509 3
      vertex 79.8191 -3.04509 3
    endloop
  endfacet
  facet normal 0 0 -1
    outer loop
      vertex 79.442 -2.94827 3
      vertex 79.442 2.94827 3
      vertex 79.8191 3.04509 3
    endloop
  endfacet
  facet normal 0 0 -1
    outer loop
      vertex 79.0801 -2.80496 3
      vertex 79.442 2.94827 3
      vertex 79.442 -2.94827 3
    endloop
  endfacet
  facet normal 0 0 -1
    outer loop
      vertex 79.0801 -2.80496 3
      vertex 79.0801 2.80496 3
      vertex 79.442 2.94827 3
    endloop
  endfacet
  facet normal 0 0 -1
    outer loop
      vertex 78.7389 -2.61742 3
      vertex 79.0801 2.80496 3
      vertex 79.0801 -2.80496 3
    endloop
  endfacet
  facet normal 0 0 -1
    outer loop
      vertex 78.7389 -2.61742 3
      vertex 78.7389 2.61742 3
      vertex 79.0801 2.80496 3
    endloop
  endfacet
  facet normal 0 0 -1
    outer loop
      vertex 78.424 -2.38859 3
      vertex 78.7389 2.61742 3
      vertex 78.7389 -2.61742 3
    endloop
  endfacet
  facet normal 0 0 -1
    outer loop
      vertex 78.424 -2.38859 3
      vertex 78.424 2.38859 3
      vertex 78.7389 2.61742 3
    endloop
  endfacet
  facet normal 0 0 -1
    outer loop
      vertex 78.1402 -2.1221 3
      vertex 78.424 2.38859 3
      vertex 78.424 -2.38859 3
    endloop
  endfacet
  facet normal 0 0 -1
    outer loop
      vertex 78.1402 -2.1221 3
      vertex 78.1402 2.1221 3
      vertex 78.424 2.38859 3
    endloop
  endfacet
  facet normal 0 0 -1
    outer loop
      vertex 77.892 -1.82213 3
      vertex 78.1402 2.1221 3
      vertex 78.1402 -2.1221 3
    endloop
  endfacet
  facet normal 0 0 -1
    outer loop
      vertex 77.892 -1.82213 3
      vertex 77.892 1.82213 3
      vertex 78.1402 2.1221 3
    endloop
  endfacet
  facet normal 0 0 -1
    outer loop
      vertex 77.6834 -1.49344 3
      vertex 77.892 1.82213 3
      vertex 77.892 -1.82213 3
    endloop
  endfacet
  facet normal 0 0 -1
    outer loop
      vertex 77.6834 -1.49344 3
      vertex 77.6834 1.49344 3
      vertex 77.892 1.82213 3
    endloop
  endfacet
  facet normal 0 0 -1
    outer loop
      vertex 77.5177 -1.14119 3
      vertex 77.6834 1.49344 3
      vertex 77.6834 -1.49344 3
    endloop
  endfacet
  facet normal 0 0 -1
    outer loop
      vertex 77.5177 -1.14119 3
      vertex 77.5177 1.14119 3
      vertex 77.6834 1.49344 3
    endloop
  endfacet
  facet normal 0 0 -1
    outer loop
      vertex 77.3974 -0.770938 3
      vertex 77.5177 1.14119 3
      vertex 77.5177 -1.14119 3
    endloop
  endfacet
  facet normal 0 0 -1
    outer loop
      vertex 77.3974 -0.770938 3
      vertex 77.3974 0.770938 3
      vertex 77.5177 1.14119 3
    endloop
  endfacet
  facet normal 0 0 -1
    outer loop
      vertex 77.3244 -0.388533 3
      vertex 77.3974 0.770938 3
      vertex 77.3974 -0.770938 3
    endloop
  endfacet
  facet normal 0 0 -1
    outer loop
      vertex 77.3244 -0.388533 3
      vertex 77.3244 0.388533 3
      vertex 77.3974 0.770938 3
    endloop
  endfacet
  facet normal 0 -0 -1
    outer loop
      vertex 77.3244 0.388533 3
      vertex 77.3244 -0.388533 3
      vertex 77.3 0 3
    endloop
  endfacet
  facet normal -0.982262 0.187511 0
    outer loop
      vertex 83.4026 -0.770938 0.799999
      vertex 83.4756 -0.388533 3
      vertex 83.4756 -0.388533 0.799999
    endloop
  endfacet
  facet normal -0.982262 0.187511 0
    outer loop
      vertex 83.4756 -0.388533 3
      vertex 83.4026 -0.770938 0.799999
      vertex 83.4026 -0.770938 3
    endloop
  endfacet
  facet normal -0.904883 0.425661 0
    outer loop
      vertex 83.1166 -1.49344 0.799999
      vertex 83.2823 -1.14119 3
      vertex 83.2823 -1.14119 0.799999
    endloop
  endfacet
  facet normal -0.904883 0.425661 0
    outer loop
      vertex 83.2823 -1.14119 3
      vertex 83.1166 -1.49344 0.799999
      vertex 83.1166 -1.49344 3
    endloop
  endfacet
  facet normal -0.368177 0.929756 0
    outer loop
      vertex 81.7199 -2.80496 0.799999
      vertex 81.358 -2.94827 3
      vertex 81.7199 -2.80496 3
    endloop
  endfacet
  facet normal -0.368177 0.929756 0
    outer loop
      vertex 81.358 -2.94827 3
      vertex 81.7199 -2.80496 0.799999
      vertex 81.358 -2.94827 0.799999
    endloop
  endfacet
  facet normal -0.125337 0.992114 0
    outer loop
      vertex 80.9809 -3.04509 0.799999
      vertex 80.5947 -3.09388 3
      vertex 80.9809 -3.04509 3
    endloop
  endfacet
  facet normal -0.125337 0.992114 0
    outer loop
      vertex 80.5947 -3.09388 3
      vertex 80.9809 -3.04509 0.799999
      vertex 80.5947 -3.09388 0.799999
    endloop
  endfacet
  facet normal -0.684525 0.728989 0
    outer loop
      vertex 82.6598 -2.1221 0.799999
      vertex 82.376 -2.38859 3
      vertex 82.6598 -2.1221 3
    endloop
  endfacet
  facet normal -0.684525 0.728989 0
    outer loop
      vertex 82.376 -2.38859 3
      vertex 82.6598 -2.1221 0.799999
      vertex 82.376 -2.38859 0.799999
    endloop
  endfacet
  facet normal -0.770459 0.63749 0
    outer loop
      vertex 82.6598 -2.1221 0.799999
      vertex 82.908 -1.82213 3
      vertex 82.908 -1.82213 0.799999
    endloop
  endfacet
  facet normal -0.770459 0.63749 0
    outer loop
      vertex 82.908 -1.82213 3
      vertex 82.6598 -2.1221 0.799999
      vertex 82.6598 -2.1221 3
    endloop
  endfacet
  facet normal 0.982262 -0.187511 0
    outer loop
      vertex 77.3244 0.388533 3
      vertex 77.3974 0.770938 0.799999
      vertex 77.3974 0.770938 3
    endloop
  endfacet
  facet normal 0.982262 -0.187511 0
    outer loop
      vertex 77.3974 0.770938 0.799999
      vertex 77.3244 0.388533 3
      vertex 77.3244 0.388533 0.799999
    endloop
  endfacet
  facet normal 0.125305 -0.992118 0
    outer loop
      vertex 79.8191 3.04509 0.799999
      vertex 80.2054 3.09388 3
      vertex 79.8191 3.04509 3
    endloop
  endfacet
  facet normal 0.125305 -0.992118 0
    outer loop
      vertex 80.2054 3.09388 3
      vertex 79.8191 3.04509 0.799999
      vertex 80.2054 3.09388 0.799999
    endloop
  endfacet
  facet normal 0.368177 -0.929756 0
    outer loop
      vertex 79.0801 2.80496 0.799999
      vertex 79.442 2.94827 3
      vertex 79.0801 2.80496 3
    endloop
  endfacet
  facet normal 0.368177 -0.929756 0
    outer loop
      vertex 79.442 2.94827 3
      vertex 79.0801 2.80496 0.799999
      vertex 79.442 2.94827 0.799999
    endloop
  endfacet
  facet normal 0.684525 -0.728989 0
    outer loop
      vertex 78.1402 2.1221 0.799999
      vertex 78.424 2.38859 3
      vertex 78.1402 2.1221 3
    endloop
  endfacet
  facet normal 0.684525 -0.728989 0
    outer loop
      vertex 78.424 2.38859 3
      vertex 78.1402 2.1221 0.799999
      vertex 78.424 2.38859 0.799999
    endloop
  endfacet
  facet normal 0.904883 -0.425661 0
    outer loop
      vertex 77.5177 1.14119 3
      vertex 77.6834 1.49344 0.799999
      vertex 77.6834 1.49344 3
    endloop
  endfacet
  facet normal 0.904883 -0.425661 0
    outer loop
      vertex 77.6834 1.49344 0.799999
      vertex 77.5177 1.14119 3
      vertex 77.5177 1.14119 0.799999
    endloop
  endfacet
  facet normal -0.248683 -0.968585 0
    outer loop
      vertex 80.9809 3.04509 0.799999
      vertex 81.358 2.94827 3
      vertex 80.9809 3.04509 3
    endloop
  endfacet
  facet normal -0.248683 -0.968585 -0
    outer loop
      vertex 81.358 2.94827 3
      vertex 80.9809 3.04509 0.799999
      vertex 81.358 2.94827 0.799999
    endloop
  endfacet
  facet normal -0.481682 -0.876346 0
    outer loop
      vertex 81.7199 2.80496 0.799999
      vertex 82.0611 2.61742 3
      vertex 81.7199 2.80496 3
    endloop
  endfacet
  facet normal -0.481682 -0.876346 -0
    outer loop
      vertex 82.0611 2.61742 3
      vertex 81.7199 2.80496 0.799999
      vertex 82.0611 2.61742 0.799999
    endloop
  endfacet
  facet normal -0.904883 -0.425661 0
    outer loop
      vertex 83.2823 1.14119 0.799999
      vertex 83.1166 1.49344 3
      vertex 83.1166 1.49344 0.799999
    endloop
  endfacet
  facet normal -0.904883 -0.425661 0
    outer loop
      vertex 83.1166 1.49344 3
      vertex 83.2823 1.14119 0.799999
      vertex 83.2823 1.14119 3
    endloop
  endfacet
  facet normal -0.982262 -0.187511 0
    outer loop
      vertex 83.4756 0.388533 0.799999
      vertex 83.4026 0.770938 3
      vertex 83.4026 0.770938 0.799999
    endloop
  endfacet
  facet normal -0.982262 -0.187511 0
    outer loop
      vertex 83.4026 0.770938 3
      vertex 83.4756 0.388533 0.799999
      vertex 83.4756 0.388533 3
    endloop
  endfacet
  facet normal -0.770459 -0.63749 0
    outer loop
      vertex 82.908 1.82213 0.799999
      vertex 82.6598 2.1221 3
      vertex 82.6598 2.1221 0.799999
    endloop
  endfacet
  facet normal -0.770459 -0.63749 0
    outer loop
      vertex 82.6598 2.1221 3
      vertex 82.908 1.82213 0.799999
      vertex 82.908 1.82213 3
    endloop
  endfacet
  facet normal -0.998034 -0.0626769 0
    outer loop
      vertex 83.5 0 0.799999
      vertex 83.4756 0.388533 3
      vertex 83.4756 0.388533 0.799999
    endloop
  endfacet
  facet normal -0.998034 -0.0626769 0
    outer loop
      vertex 83.4756 0.388533 3
      vertex 83.5 0 0.799999
      vertex 83.5 0 3
    endloop
  endfacet
  facet normal 0.998034 -0.0626769 0
    outer loop
      vertex 77.3 0 3
      vertex 77.3244 0.388533 0.799999
      vertex 77.3244 0.388533 3
    endloop
  endfacet
  facet normal 0.998034 -0.0626769 0
    outer loop
      vertex 77.3244 0.388533 0.799999
      vertex 77.3 0 3
      vertex 77.3 0 0.799999
    endloop
  endfacet
  facet normal 0.248683 -0.968585 0
    outer loop
      vertex 79.442 2.94827 0.799999
      vertex 79.8191 3.04509 3
      vertex 79.442 2.94827 3
    endloop
  endfacet
  facet normal 0.248683 -0.968585 0
    outer loop
      vertex 79.8191 3.04509 3
      vertex 79.442 2.94827 0.799999
      vertex 79.8191 3.04509 0.799999
    endloop
  endfacet
  facet normal 0.770459 -0.63749 0
    outer loop
      vertex 77.892 1.82213 3
      vertex 78.1402 2.1221 0.799999
      vertex 78.1402 2.1221 3
    endloop
  endfacet
  facet normal 0.770459 -0.63749 0
    outer loop
      vertex 78.1402 2.1221 0.799999
      vertex 77.892 1.82213 3
      vertex 77.892 1.82213 0.799999
    endloop
  endfacet
  facet normal -0.125337 -0.992114 0
    outer loop
      vertex 80.5947 3.09388 0.799999
      vertex 80.9809 3.04509 3
      vertex 80.5947 3.09388 3
    endloop
  endfacet
  facet normal -0.125337 -0.992114 -0
    outer loop
      vertex 80.9809 3.04509 3
      vertex 80.5947 3.09388 0.799999
      vertex 80.9809 3.04509 0.799999
    endloop
  endfacet
  facet normal -0.951058 -0.309012 0
    outer loop
      vertex 83.4026 0.770938 0.799999
      vertex 83.2823 1.14119 3
      vertex 83.2823 1.14119 0.799999
    endloop
  endfacet
  facet normal -0.951058 -0.309012 0
    outer loop
      vertex 83.2823 1.14119 3
      vertex 83.4026 0.770938 0.799999
      vertex 83.4026 0.770938 3
    endloop
  endfacet
  facet normal -0.684525 -0.728989 0
    outer loop
      vertex 82.376 2.38859 0.799999
      vertex 82.6598 2.1221 3
      vertex 82.376 2.38859 3
    endloop
  endfacet
  facet normal -0.684525 -0.728989 -0
    outer loop
      vertex 82.6598 2.1221 3
      vertex 82.376 2.38859 0.799999
      vertex 82.6598 2.1221 0.799999
    endloop
  endfacet
  facet normal 0 1 -0
    outer loop
      vertex 131.358 12.9343 0
      vertex 120.642 12.9343 3.84
      vertex 131.358 12.9343 3.84
    endloop
  endfacet
  facet normal 0 1 0
    outer loop
      vertex 120.642 12.9343 3.84
      vertex 131.358 12.9343 0
      vertex 120.642 12.9343 0
    endloop
  endfacet
  facet normal 0.707141 0.707073 0
    outer loop
      vertex 138.934 5.35757 3.84
      vertex 131.358 12.9343 0
      vertex 131.358 12.9343 3.84
    endloop
  endfacet
  facet normal 0.707141 0.707073 0
    outer loop
      vertex 131.358 12.9343 0
      vertex 138.934 5.35757 3.84
      vertex 138.934 5.35757 0
    endloop
  endfacet
  facet normal 1 -0 0
    outer loop
      vertex 138.934 -5.35757 3.84
      vertex 138.934 5.35757 0
      vertex 138.934 5.35757 3.84
    endloop
  endfacet
  facet normal 1 0 0
    outer loop
      vertex 138.934 5.35757 0
      vertex 138.934 -5.35757 3.84
      vertex 138.934 -5.35757 0
    endloop
  endfacet
  facet normal -1 0 0
    outer loop
      vertex 113.066 -5.35757 0
      vertex 113.066 5.35757 3.84
      vertex 113.066 5.35757 0
    endloop
  endfacet
  facet normal -1 -0 0
    outer loop
      vertex 113.066 5.35757 3.84
      vertex 113.066 -5.35757 0
      vertex 113.066 -5.35757 3.84
    endloop
  endfacet
  facet normal -0.707141 -0.707073 0
    outer loop
      vertex 120.642 -12.9343 0
      vertex 113.066 -5.35757 3.84
      vertex 113.066 -5.35757 0
    endloop
  endfacet
  facet normal -0.707141 -0.707073 0
    outer loop
      vertex 113.066 -5.35757 3.84
      vertex 120.642 -12.9343 0
      vertex 120.642 -12.9343 3.84
    endloop
  endfacet
  facet normal -0.707141 0.707073 0
    outer loop
      vertex 113.066 5.35757 0
      vertex 120.642 12.9343 3.84
      vertex 120.642 12.9343 0
    endloop
  endfacet
  facet normal -0.707141 0.707073 0
    outer loop
      vertex 120.642 12.9343 3.84
      vertex 113.066 5.35757 0
      vertex 113.066 5.35757 3.84
    endloop
  endfacet
  facet normal 0.707141 -0.707073 0
    outer loop
      vertex 131.358 -12.9343 3.84
      vertex 138.934 -5.35757 0
      vertex 138.934 -5.35757 3.84
    endloop
  endfacet
  facet normal 0.707141 -0.707073 0
    outer loop
      vertex 138.934 -5.35757 0
      vertex 131.358 -12.9343 3.84
      vertex 131.358 -12.9343 0
    endloop
  endfacet
  facet normal 0 -1 0
    outer loop
      vertex 120.642 -12.9343 0
      vertex 131.358 -12.9343 3.84
      vertex 120.642 -12.9343 3.84
    endloop
  endfacet
  facet normal 0 -1 -0
    outer loop
      vertex 131.358 -12.9343 3.84
      vertex 120.642 -12.9343 0
      vertex 131.358 -12.9343 0
    endloop
  endfacet
  facet normal 0.420181 0.42014 0.80432
    outer loop
      vertex 131.358 12.9343 3.84
      vertex 137.364 4.70701 5
      vertex 138.934 5.35757 3.84
    endloop
  endfacet
  facet normal 0.420026 0.420046 0.80445
    outer loop
      vertex 137.364 4.70701 5
      vertex 131.358 12.9343 3.84
      vertex 130.707 11.3637 5
    endloop
  endfacet
  facet normal -0.420026 0.420046 0.80445
    outer loop
      vertex 120.642 12.9343 3.84
      vertex 114.636 4.70701 5
      vertex 121.293 11.3637 5
    endloop
  endfacet
  facet normal -0.420181 0.42014 0.80432
    outer loop
      vertex 114.636 4.70701 5
      vertex 120.642 12.9343 3.84
      vertex 113.066 5.35757 3.84
    endloop
  endfacet
  facet normal -0.420026 -0.420046 0.80445
    outer loop
      vertex 114.636 -4.70701 5
      vertex 120.642 -12.9343 3.84
      vertex 121.293 -11.3637 5
    endloop
  endfacet
  facet normal -0.420181 -0.42014 0.80432
    outer loop
      vertex 120.642 -12.9343 3.84
      vertex 114.636 -4.70701 5
      vertex 113.066 -5.35757 3.84
    endloop
  endfacet
  facet normal 0.420181 -0.42014 0.80432
    outer loop
      vertex 137.364 -4.70701 5
      vertex 131.358 -12.9343 3.84
      vertex 138.934 -5.35757 3.84
    endloop
  endfacet
  facet normal 0.420026 -0.420046 0.80445
    outer loop
      vertex 131.358 -12.9343 3.84
      vertex 137.364 -4.70701 5
      vertex 130.707 -11.3637 5
    endloop
  endfacet
  facet normal 0 0.5941 0.804391
    outer loop
      vertex 131.358 12.9343 3.84
      vertex 121.293 11.3637 5
      vertex 130.707 11.3637 5
    endloop
  endfacet
  facet normal 0 0.5941 0.804391
    outer loop
      vertex 121.293 11.3637 5
      vertex 131.358 12.9343 3.84
      vertex 120.642 12.9343 3.84
    endloop
  endfacet
  facet normal 0 -0.5941 0.804391
    outer loop
      vertex 121.293 -11.3637 5
      vertex 131.358 -12.9343 3.84
      vertex 130.707 -11.3637 5
    endloop
  endfacet
  facet normal 0 -0.5941 0.804391
    outer loop
      vertex 131.358 -12.9343 3.84
      vertex 121.293 -11.3637 5
      vertex 120.642 -12.9343 3.84
    endloop
  endfacet
  facet normal -0.594247 0 0.804283
    outer loop
      vertex 113.066 5.35757 3.84
      vertex 114.636 -4.70701 5
      vertex 114.636 4.70701 5
    endloop
  endfacet
  facet normal -0.594247 0 0.804283
    outer loop
      vertex 114.636 -4.70701 5
      vertex 113.066 5.35757 3.84
      vertex 113.066 -5.35757 3.84
    endloop
  endfacet
  facet normal 0.594247 0 0.804283
    outer loop
      vertex 137.364 4.70701 5
      vertex 138.934 -5.35757 3.84
      vertex 138.934 5.35757 3.84
    endloop
  endfacet
  facet normal 0.594247 0 0.804283
    outer loop
      vertex 138.934 -5.35757 3.84
      vertex 137.364 4.70701 5
      vertex 137.364 -4.70701 5
    endloop
  endfacet
  facet normal 0.70709 0.707123 -0
    outer loop
      vertex 137.364 4.70701 5
      vertex 130.707 11.3637 5.04
      vertex 137.364 4.70701 5.04
    endloop
  endfacet
  facet normal 0.70709 0.707123 0
    outer loop
      vertex 130.707 11.3637 5.04
      vertex 137.364 4.70701 5
      vertex 130.707 11.3637 5
    endloop
  endfacet
  facet normal 0 1 -0
    outer loop
      vertex 130.707 11.3637 5
      vertex 121.293 11.3637 5.04
      vertex 130.707 11.3637 5.04
    endloop
  endfacet
  facet normal 0 1 0
    outer loop
      vertex 121.293 11.3637 5.04
      vertex 130.707 11.3637 5
      vertex 121.293 11.3637 5
    endloop
  endfacet
  facet normal 0.878339 -0 0.478038
    outer loop
      vertex 133.576 -3.138 12
      vertex 137.364 4.70701 5.04
      vertex 133.576 3.138 12
    endloop
  endfacet
  facet normal 0.878339 0 0.478038
    outer loop
      vertex 137.364 4.70701 5.04
      vertex 133.576 -3.138 12
      vertex 137.364 -4.70701 5.04
    endloop
  endfacet
  facet normal 0 -1 0
    outer loop
      vertex 121.293 -11.3637 5
      vertex 130.707 -11.3637 5.04
      vertex 121.293 -11.3637 5.04
    endloop
  endfacet
  facet normal 0 -1 -0
    outer loop
      vertex 130.707 -11.3637 5.04
      vertex 121.293 -11.3637 5
      vertex 130.707 -11.3637 5
    endloop
  endfacet
  facet normal 0 0.878345 0.478028
    outer loop
      vertex 130.707 11.3637 5.04
      vertex 122.862 7.57581 12
      vertex 129.138 7.57581 12
    endloop
  endfacet
  facet normal 0 0.878345 0.478028
    outer loop
      vertex 122.862 7.57581 12
      vertex 130.707 11.3637 5.04
      vertex 121.293 11.3637 5.04
    endloop
  endfacet
  facet normal 0 -0.878345 0.478028
    outer loop
      vertex 121.293 -11.3637 5.04
      vertex 129.138 -7.57581 12
      vertex 122.862 -7.57581 12
    endloop
  endfacet
  facet normal 0 -0.878345 0.478028
    outer loop
      vertex 129.138 -7.57581 12
      vertex 121.293 -11.3637 5.04
      vertex 130.707 -11.3637 5.04
    endloop
  endfacet
  facet normal -0.70709 -0.707123 0
    outer loop
      vertex 121.293 -11.3637 5
      vertex 114.636 -4.70701 5.04
      vertex 114.636 -4.70701 5
    endloop
  endfacet
  facet normal -0.70709 -0.707123 0
    outer loop
      vertex 114.636 -4.70701 5.04
      vertex 121.293 -11.3637 5
      vertex 121.293 -11.3637 5.04
    endloop
  endfacet
  facet normal -0.878339 0 0.478038
    outer loop
      vertex 114.636 4.70701 5.04
      vertex 118.424 -3.138 12
      vertex 118.424 3.138 12
    endloop
  endfacet
  facet normal -0.878339 0 0.478038
    outer loop
      vertex 118.424 -3.138 12
      vertex 114.636 4.70701 5.04
      vertex 114.636 -4.70701 5.04
    endloop
  endfacet
  facet normal -0.621068 0.621096 0.478032
    outer loop
      vertex 114.636 4.70701 5.04
      vertex 122.862 7.57581 12
      vertex 121.293 11.3637 5.04
    endloop
  endfacet
  facet normal -0.621068 0.621095 0.478033
    outer loop
      vertex 122.862 7.57581 12
      vertex 114.636 4.70701 5.04
      vertex 118.424 3.138 12
    endloop
  endfacet
  facet normal 0.621067 0.621096 0.478033
    outer loop
      vertex 130.707 11.3637 5.04
      vertex 133.576 3.138 12
      vertex 137.364 4.70701 5.04
    endloop
  endfacet
  facet normal 0.621069 0.621095 0.478031
    outer loop
      vertex 133.576 3.138 12
      vertex 130.707 11.3637 5.04
      vertex 129.138 7.57581 12
    endloop
  endfacet
  facet normal -0.621068 -0.621095 0.478033
    outer loop
      vertex 114.636 -4.70701 5.04
      vertex 122.862 -7.57581 12
      vertex 118.424 -3.138 12
    endloop
  endfacet
  facet normal -0.621068 -0.621096 0.478032
    outer loop
      vertex 122.862 -7.57581 12
      vertex 114.636 -4.70701 5.04
      vertex 121.293 -11.3637 5.04
    endloop
  endfacet
  facet normal 0.621069 -0.621095 0.478031
    outer loop
      vertex 130.707 -11.3637 5.04
      vertex 133.576 -3.138 12
      vertex 129.138 -7.57581 12
    endloop
  endfacet
  facet normal 0.621067 -0.621096 0.478033
    outer loop
      vertex 133.576 -3.138 12
      vertex 130.707 -11.3637 5.04
      vertex 137.364 -4.70701 5.04
    endloop
  endfacet
  facet normal -1 0 0
    outer loop
      vertex 114.636 -4.70701 5
      vertex 114.636 4.70701 5.04
      vertex 114.636 4.70701 5
    endloop
  endfacet
  facet normal -1 -0 0
    outer loop
      vertex 114.636 4.70701 5.04
      vertex 114.636 -4.70701 5
      vertex 114.636 -4.70701 5.04
    endloop
  endfacet
  facet normal -0.70709 0.707123 0
    outer loop
      vertex 114.636 4.70701 5
      vertex 121.293 11.3637 5.04
      vertex 121.293 11.3637 5
    endloop
  endfacet
  facet normal -0.70709 0.707123 0
    outer loop
      vertex 121.293 11.3637 5.04
      vertex 114.636 4.70701 5
      vertex 114.636 4.70701 5.04
    endloop
  endfacet
  facet normal 0.70709 -0.707123 0
    outer loop
      vertex 130.707 -11.3637 5
      vertex 137.364 -4.70701 5.04
      vertex 130.707 -11.3637 5.04
    endloop
  endfacet
  facet normal 0.70709 -0.707123 0
    outer loop
      vertex 137.364 -4.70701 5.04
      vertex 130.707 -11.3637 5
      vertex 137.364 -4.70701 5
    endloop
  endfacet
  facet normal 1 -0 0
    outer loop
      vertex 137.364 -4.70701 5.04
      vertex 137.364 4.70701 5
      vertex 137.364 4.70701 5.04
    endloop
  endfacet
  facet normal 1 0 0
    outer loop
      vertex 137.364 4.70701 5
      vertex 137.364 -4.70701 5.04
      vertex 137.364 -4.70701 5
    endloop
  endfacet
  facet normal 0.707092 0.707122 0
    outer loop
      vertex 133.576 3.138 12.04
      vertex 129.138 7.57581 12
      vertex 129.138 7.57581 12.04
    endloop
  endfacet
  facet normal 0.707092 0.707122 0
    outer loop
      vertex 129.138 7.57581 12
      vertex 133.576 3.138 12.04
      vertex 133.576 3.138 12
    endloop
  endfacet
  facet normal 0 1 -0
    outer loop
      vertex 129.138 7.57581 12
      vertex 122.862 7.57581 12.04
      vertex 129.138 7.57581 12.04
    endloop
  endfacet
  facet normal 0 1 0
    outer loop
      vertex 122.862 7.57581 12.04
      vertex 129.138 7.57581 12
      vertex 122.862 7.57581 12
    endloop
  endfacet
  facet normal 0.997181 -0 0.0750385
    outer loop
      vertex 132.375 -2.64052 28
      vertex 133.576 3.138 12.04
      vertex 132.375 2.64052 28
    endloop
  endfacet
  facet normal 0.997181 0 0.0750385
    outer loop
      vertex 133.576 3.138 12.04
      vertex 132.375 -2.64052 28
      vertex 133.576 -3.138 12.04
    endloop
  endfacet
  facet normal -0.997181 0 0.0750385
    outer loop
      vertex 118.424 3.138 12.04
      vertex 119.625 -2.64052 28
      vertex 119.625 2.64052 28
    endloop
  endfacet
  facet normal -0.997181 0 0.0750385
    outer loop
      vertex 119.625 -2.64052 28
      vertex 118.424 3.138 12.04
      vertex 118.424 -3.138 12.04
    endloop
  endfacet
  facet normal 0.705099 0.705129 0.0750202
    outer loop
      vertex 128.641 6.37477 28
      vertex 133.576 3.138 12.04
      vertex 129.138 7.57581 12.04
    endloop
  endfacet
  facet normal 0.705137 0.70509 0.0750399
    outer loop
      vertex 133.576 3.138 12.04
      vertex 128.641 6.37477 28
      vertex 132.375 2.64052 28
    endloop
  endfacet
  facet normal 1 -0 0
    outer loop
      vertex 133.576 -3.138 12.04
      vertex 133.576 3.138 12
      vertex 133.576 3.138 12.04
    endloop
  endfacet
  facet normal 1 0 0
    outer loop
      vertex 133.576 3.138 12
      vertex 133.576 -3.138 12.04
      vertex 133.576 -3.138 12
    endloop
  endfacet
  facet normal 0 0.99718 0.075041
    outer loop
      vertex 129.138 7.57581 12.04
      vertex 123.359 6.37477 28
      vertex 128.641 6.37477 28
    endloop
  endfacet
  facet normal 0 0.99718 0.075041
    outer loop
      vertex 123.359 6.37477 28
      vertex 129.138 7.57581 12.04
      vertex 122.862 7.57581 12.04
    endloop
  endfacet
  facet normal -0.707092 0.707122 0
    outer loop
      vertex 122.862 7.57581 12
      vertex 118.424 3.138 12.04
      vertex 122.862 7.57581 12.04
    endloop
  endfacet
  facet normal -0.707092 0.707122 0
    outer loop
      vertex 118.424 3.138 12.04
      vertex 122.862 7.57581 12
      vertex 118.424 3.138 12
    endloop
  endfacet
  facet normal -0.705138 0.705091 0.0750185
    outer loop
      vertex 122.862 7.57581 12.04
      vertex 119.625 2.64052 28
      vertex 123.359 6.37477 28
    endloop
  endfacet
  facet normal -0.705098 0.705128 0.0750382
    outer loop
      vertex 119.625 2.64052 28
      vertex 122.862 7.57581 12.04
      vertex 118.424 3.138 12.04
    endloop
  endfacet
  facet normal 0 -1 0
    outer loop
      vertex 122.862 -7.57581 12
      vertex 129.138 -7.57581 12.04
      vertex 122.862 -7.57581 12.04
    endloop
  endfacet
  facet normal 0 -1 -0
    outer loop
      vertex 129.138 -7.57581 12.04
      vertex 122.862 -7.57581 12
      vertex 129.138 -7.57581 12
    endloop
  endfacet
  facet normal 0 -0.99718 0.075041
    outer loop
      vertex 122.862 -7.57581 12.04
      vertex 128.641 -6.37477 28
      vertex 123.359 -6.37477 28
    endloop
  endfacet
  facet normal 0 -0.99718 0.075041
    outer loop
      vertex 128.641 -6.37477 28
      vertex 122.862 -7.57581 12.04
      vertex 129.138 -7.57581 12.04
    endloop
  endfacet
  facet normal -1 0 0
    outer loop
      vertex 118.424 -3.138 12
      vertex 118.424 3.138 12.04
      vertex 118.424 3.138 12
    endloop
  endfacet
  facet normal -1 -0 0
    outer loop
      vertex 118.424 3.138 12.04
      vertex 118.424 -3.138 12
      vertex 118.424 -3.138 12.04
    endloop
  endfacet
  facet normal -0.707092 -0.707122 0
    outer loop
      vertex 118.424 -3.138 12
      vertex 122.862 -7.57581 12.04
      vertex 118.424 -3.138 12.04
    endloop
  endfacet
  facet normal -0.707092 -0.707122 -0
    outer loop
      vertex 122.862 -7.57581 12.04
      vertex 118.424 -3.138 12
      vertex 122.862 -7.57581 12
    endloop
  endfacet
  facet normal -0.705098 -0.705128 0.0750382
    outer loop
      vertex 122.862 -7.57581 12.04
      vertex 119.625 -2.64052 28
      vertex 118.424 -3.138 12.04
    endloop
  endfacet
  facet normal -0.705138 -0.705091 0.0750185
    outer loop
      vertex 119.625 -2.64052 28
      vertex 122.862 -7.57581 12.04
      vertex 123.359 -6.37477 28
    endloop
  endfacet
  facet normal 0.705137 -0.70509 0.0750399
    outer loop
      vertex 128.641 -6.37477 28
      vertex 133.576 -3.138 12.04
      vertex 132.375 -2.64052 28
    endloop
  endfacet
  facet normal 0.705099 -0.705129 0.0750202
    outer loop
      vertex 133.576 -3.138 12.04
      vertex 128.641 -6.37477 28
      vertex 129.138 -7.57581 12.04
    endloop
  endfacet
  facet normal 0.707092 -0.707122 0
    outer loop
      vertex 129.138 -7.57581 12.04
      vertex 133.576 -3.138 12
      vertex 133.576 -3.138 12.04
    endloop
  endfacet
  facet normal 0.707092 -0.707122 0
    outer loop
      vertex 133.576 -3.138 12
      vertex 129.138 -7.57581 12.04
      vertex 129.138 -7.57581 12
    endloop
  endfacet
  facet normal 0.682408 0.682332 -0.262189
    outer loop
      vertex 132.375 2.64052 28
      vertex 129.368 8.13014 34.46
      vertex 134.13 3.36761 34.46
    endloop
  endfacet
  facet normal 0.682389 0.682343 -0.262208
    outer loop
      vertex 129.368 8.13014 34.46
      vertex 132.375 2.64052 28
      vertex 128.641 6.37477 28
    endloop
  endfacet
  facet normal 0.707146 0.707067 -0
    outer loop
      vertex 134.13 3.36761 34.46
      vertex 129.368 8.13014 34.5
      vertex 134.13 3.36761 34.5
    endloop
  endfacet
  facet normal 0.707146 0.707067 0
    outer loop
      vertex 129.368 8.13014 34.5
      vertex 134.13 3.36761 34.46
      vertex 129.368 8.13014 34.46
    endloop
  endfacet
  facet normal 1 -0 0
    outer loop
      vertex 134.13 -3.36761 34.5
      vertex 134.13 3.36761 34.46
      vertex 134.13 3.36761 34.5
    endloop
  endfacet
  facet normal 1 0 0
    outer loop
      vertex 134.13 3.36761 34.46
      vertex 134.13 -3.36761 34.5
      vertex 134.13 -3.36761 34.46
    endloop
  endfacet
  facet normal 0.965022 0 -0.262169
    outer loop
      vertex 134.13 3.36761 34.46
      vertex 132.375 -2.64052 28
      vertex 132.375 2.64052 28
    endloop
  endfacet
  facet normal 0.965022 0 -0.262169
    outer loop
      vertex 132.375 -2.64052 28
      vertex 134.13 3.36761 34.46
      vertex 134.13 -3.36761 34.46
    endloop
  endfacet
  facet normal -0.965022 0 -0.262169
    outer loop
      vertex 119.625 -2.64052 28
      vertex 117.87 3.36761 34.46
      vertex 119.625 2.64052 28
    endloop
  endfacet
  facet normal -0.965022 -0 -0.262169
    outer loop
      vertex 117.87 3.36761 34.46
      vertex 119.625 -2.64052 28
      vertex 117.87 -3.36761 34.46
    endloop
  endfacet
  facet normal -1 0 0
    outer loop
      vertex 117.87 -3.36761 34.46
      vertex 117.87 3.36761 34.5
      vertex 117.87 3.36761 34.46
    endloop
  endfacet
  facet normal -1 -0 0
    outer loop
      vertex 117.87 3.36761 34.5
      vertex 117.87 -3.36761 34.46
      vertex 117.87 -3.36761 34.5
    endloop
  endfacet
  facet normal 0.707146 -0.707067 0
    outer loop
      vertex 129.368 -8.13014 34.46
      vertex 134.13 -3.36761 34.5
      vertex 129.368 -8.13014 34.5
    endloop
  endfacet
  facet normal 0.707146 -0.707067 0
    outer loop
      vertex 134.13 -3.36761 34.5
      vertex 129.368 -8.13014 34.46
      vertex 134.13 -3.36761 34.46
    endloop
  endfacet
  facet normal -0.682389 0.682343 -0.262208
    outer loop
      vertex 119.625 2.64052 28
      vertex 122.632 8.13014 34.46
      vertex 123.359 6.37477 28
    endloop
  endfacet
  facet normal -0.682408 0.682332 -0.262189
    outer loop
      vertex 122.632 8.13014 34.46
      vertex 119.625 2.64052 28
      vertex 117.87 3.36761 34.46
    endloop
  endfacet
  facet normal 0 -0.965013 -0.262202
    outer loop
      vertex 122.632 -8.13014 34.46
      vertex 126 -8.06781 34.2306
      vertex 129.368 -8.13014 34.46
    endloop
  endfacet
  facet normal -1.89499e-06 -0.965006 -0.262228
    outer loop
      vertex 122.632 -8.13014 34.46
      vertex 125.979 -8.06031 34.203
      vertex 126 -8.06781 34.2306
    endloop
  endfacet
  facet normal -4.69606e-06 -0.964997 -0.262262
    outer loop
      vertex 122.632 -8.13014 34.46
      vertex 125.855 -8.01601 34.04
      vertex 125.979 -8.06031 34.203
    endloop
  endfacet
  facet normal -1.40979e-06 -0.965003 -0.262239
    outer loop
      vertex 122.632 -8.13014 34.46
      vertex 125.836 -8.00514 34
      vertex 125.855 -8.01601 34.04
    endloop
  endfacet
  facet normal 0 -0.965008 -0.26222
    outer loop
      vertex 125.836 -8.00514 34
      vertex 123.359 -6.37477 28
      vertex 126.164 -8.00514 34
    endloop
  endfacet
  facet normal 1.4122e-06 -0.965008 -0.262221
    outer loop
      vertex 123.359 -6.37477 28
      vertex 125.836 -8.00514 34
      vertex 122.632 -8.13014 34.46
    endloop
  endfacet
  facet normal 1.89499e-06 -0.965006 -0.262228
    outer loop
      vertex 126.021 -8.06031 34.203
      vertex 129.368 -8.13014 34.46
      vertex 126 -8.06781 34.2306
    endloop
  endfacet
  facet normal 4.69606e-06 -0.964997 -0.262262
    outer loop
      vertex 126.145 -8.01601 34.04
      vertex 129.368 -8.13014 34.46
      vertex 126.021 -8.06031 34.203
    endloop
  endfacet
  facet normal 1.40979e-06 -0.965003 -0.262239
    outer loop
      vertex 126.164 -8.00514 34
      vertex 129.368 -8.13014 34.46
      vertex 126.145 -8.01601 34.04
    endloop
  endfacet
  facet normal -0 -0.965008 -0.26222
    outer loop
      vertex 128.641 -6.37477 28
      vertex 126.164 -8.00514 34
      vertex 123.359 -6.37477 28
    endloop
  endfacet
  facet normal -1.4122e-06 -0.965008 -0.262221
    outer loop
      vertex 126.164 -8.00514 34
      vertex 128.641 -6.37477 28
      vertex 129.368 -8.13014 34.46
    endloop
  endfacet
  facet normal 0.682389 -0.682343 -0.262208
    outer loop
      vertex 132.375 -2.64052 28
      vertex 129.368 -8.13014 34.46
      vertex 128.641 -6.37477 28
    endloop
  endfacet
  facet normal 0.682408 -0.682332 -0.262189
    outer loop
      vertex 129.368 -8.13014 34.46
      vertex 132.375 -2.64052 28
      vertex 134.13 -3.36761 34.46
    endloop
  endfacet
  facet normal 0 0 1
    outer loop
      vertex 134.13 3.36761 34.5
      vertex 132.948 4.01115 34.5
      vertex 134.13 -3.36761 34.5
    endloop
  endfacet
  facet normal 0 0 1
    outer loop
      vertex 129.368 8.13014 34.5
      vertex 132.948 4.01115 34.5
      vertex 134.13 3.36761 34.5
    endloop
  endfacet
  facet normal 0 0 1
    outer loop
      vertex 129.368 8.13014 34.5
      vertex 126.059 7.98798 34.5
      vertex 132.948 4.01115 34.5
    endloop
  endfacet
  facet normal 0 0 1
    outer loop
      vertex 129.368 8.13014 34.5
      vertex 126 8.02231 34.5
      vertex 126.059 7.98798 34.5
    endloop
  endfacet
  facet normal -0 0 1
    outer loop
      vertex 122.632 8.13014 34.5
      vertex 126 8.02231 34.5
      vertex 129.368 8.13014 34.5
    endloop
  endfacet
  facet normal 0 0 1
    outer loop
      vertex 122.632 8.13014 34.5
      vertex 125.941 7.98798 34.5
      vertex 126 8.02231 34.5
    endloop
  endfacet
  facet normal 0 0 1
    outer loop
      vertex 122.632 8.13014 34.5
      vertex 119.052 4.01115 34.5
      vertex 125.941 7.98798 34.5
    endloop
  endfacet
  facet normal 0 0 1
    outer loop
      vertex 119.052 4.01115 34.5
      vertex 117.87 3.36761 34.5
      vertex 119.052 -4.01115 34.5
    endloop
  endfacet
  facet normal 0 0 1
    outer loop
      vertex 117.87 3.36761 34.5
      vertex 119.052 4.01115 34.5
      vertex 122.632 8.13014 34.5
    endloop
  endfacet
  facet normal 0 0 1
    outer loop
      vertex 132.948 -4.01115 34.5
      vertex 134.13 -3.36761 34.5
      vertex 132.948 4.01115 34.5
    endloop
  endfacet
  facet normal -0 0 1
    outer loop
      vertex 132.948 -4.01115 34.5
      vertex 129.368 -8.13014 34.5
      vertex 134.13 -3.36761 34.5
    endloop
  endfacet
  facet normal -0 0 1
    outer loop
      vertex 126.059 -7.98798 34.5
      vertex 129.368 -8.13014 34.5
      vertex 132.948 -4.01115 34.5
    endloop
  endfacet
  facet normal -0 0 1
    outer loop
      vertex 126 -8.02231 34.5
      vertex 129.368 -8.13014 34.5
      vertex 126.059 -7.98798 34.5
    endloop
  endfacet
  facet normal 0 0 1
    outer loop
      vertex 126 -8.02231 34.5
      vertex 122.632 -8.13014 34.5
      vertex 129.368 -8.13014 34.5
    endloop
  endfacet
  facet normal 0 0 1
    outer loop
      vertex 125.941 -7.98798 34.5
      vertex 122.632 -8.13014 34.5
      vertex 126 -8.02231 34.5
    endloop
  endfacet
  facet normal 0 0 1
    outer loop
      vertex 119.052 -4.01115 34.5
      vertex 122.632 -8.13014 34.5
      vertex 125.941 -7.98798 34.5
    endloop
  endfacet
  facet normal 0 0 1
    outer loop
      vertex 119.052 -4.01115 34.5
      vertex 117.87 -3.36761 34.5
      vertex 122.632 -8.13014 34.5
    endloop
  endfacet
  facet normal -0 0 1
    outer loop
      vertex 117.87 -3.36761 34.5
      vertex 119.052 -4.01115 34.5
      vertex 117.87 3.36761 34.5
    endloop
  endfacet
  facet normal 0 0.965013 -0.262202
    outer loop
      vertex 129.368 8.13014 34.46
      vertex 126 8.06781 34.2306
      vertex 122.632 8.13014 34.46
    endloop
  endfacet
  facet normal 1.89499e-06 0.965006 -0.262228
    outer loop
      vertex 129.368 8.13014 34.46
      vertex 126.021 8.06031 34.203
      vertex 126 8.06781 34.2306
    endloop
  endfacet
  facet normal 4.69606e-06 0.964997 -0.262262
    outer loop
      vertex 129.368 8.13014 34.46
      vertex 126.145 8.01601 34.04
      vertex 126.021 8.06031 34.203
    endloop
  endfacet
  facet normal 1.40979e-06 0.965003 -0.262239
    outer loop
      vertex 129.368 8.13014 34.46
      vertex 126.164 8.00514 34
      vertex 126.145 8.01601 34.04
    endloop
  endfacet
  facet normal 0 0.965008 -0.26222
    outer loop
      vertex 126.164 8.00514 34
      vertex 128.641 6.37477 28
      vertex 125.836 8.00514 34
    endloop
  endfacet
  facet normal -1.4122e-06 0.965008 -0.262221
    outer loop
      vertex 128.641 6.37477 28
      vertex 126.164 8.00514 34
      vertex 129.368 8.13014 34.46
    endloop
  endfacet
  facet normal -1.89499e-06 0.965006 -0.262228
    outer loop
      vertex 125.979 8.06031 34.203
      vertex 122.632 8.13014 34.46
      vertex 126 8.06781 34.2306
    endloop
  endfacet
  facet normal -4.69606e-06 0.964997 -0.262262
    outer loop
      vertex 125.855 8.01601 34.04
      vertex 122.632 8.13014 34.46
      vertex 125.979 8.06031 34.203
    endloop
  endfacet
  facet normal -1.40979e-06 0.965003 -0.262239
    outer loop
      vertex 125.836 8.00514 34
      vertex 122.632 8.13014 34.46
      vertex 125.855 8.01601 34.04
    endloop
  endfacet
  facet normal 0 0.965008 -0.26222
    outer loop
      vertex 123.359 6.37477 28
      vertex 125.836 8.00514 34
      vertex 128.641 6.37477 28
    endloop
  endfacet
  facet normal 1.4122e-06 0.965008 -0.262221
    outer loop
      vertex 125.836 8.00514 34
      vertex 123.359 6.37477 28
      vertex 122.632 8.13014 34.46
    endloop
  endfacet
  facet normal -0.682408 -0.682332 -0.262189
    outer loop
      vertex 119.625 -2.64052 28
      vertex 122.632 -8.13014 34.46
      vertex 117.87 -3.36761 34.46
    endloop
  endfacet
  facet normal -0.682389 -0.682343 -0.262208
    outer loop
      vertex 122.632 -8.13014 34.46
      vertex 119.625 -2.64052 28
      vertex 123.359 -6.37477 28
    endloop
  endfacet
  facet normal -0.707146 -0.707067 0
    outer loop
      vertex 117.87 -3.36761 34.46
      vertex 122.632 -8.13014 34.5
      vertex 117.87 -3.36761 34.5
    endloop
  endfacet
  facet normal -0.707146 -0.707067 -0
    outer loop
      vertex 122.632 -8.13014 34.5
      vertex 117.87 -3.36761 34.46
      vertex 122.632 -8.13014 34.46
    endloop
  endfacet
  facet normal 0 -1 0
    outer loop
      vertex 122.632 -8.13014 34.46
      vertex 129.368 -8.13014 34.5
      vertex 122.632 -8.13014 34.5
    endloop
  endfacet
  facet normal 0 -1 -0
    outer loop
      vertex 129.368 -8.13014 34.5
      vertex 122.632 -8.13014 34.46
      vertex 129.368 -8.13014 34.46
    endloop
  endfacet
  facet normal -0.707146 0.707067 0
    outer loop
      vertex 122.632 8.13014 34.46
      vertex 117.87 3.36761 34.5
      vertex 122.632 8.13014 34.5
    endloop
  endfacet
  facet normal -0.707146 0.707067 0
    outer loop
      vertex 117.87 3.36761 34.5
      vertex 122.632 8.13014 34.46
      vertex 117.87 3.36761 34.46
    endloop
  endfacet
  facet normal 0 1 -0
    outer loop
      vertex 129.368 8.13014 34.46
      vertex 122.632 8.13014 34.5
      vertex 129.368 8.13014 34.5
    endloop
  endfacet
  facet normal 0 1 0
    outer loop
      vertex 122.632 8.13014 34.5
      vertex 129.368 8.13014 34.46
      vertex 122.632 8.13014 34.46
    endloop
  endfacet
  facet normal 0.500689 0.865623 0.00259423
    outer loop
      vertex 126 8.1 34
      vertex 126.145 8.01601 34.04
      vertex 126.164 8.00514 34
    endloop
  endfacet
  facet normal 0.501227 0.865316 0
    outer loop
      vertex 126.145 8.01601 34.04
      vertex 126 8.1 34
      vertex 126 8.1 34.04
    endloop
  endfacet
  facet normal 0.98947 -0 0.14474
    outer loop
      vertex 129.291 -1.9 59.5
      vertex 132.948 4.01115 34.5
      vertex 129.291 1.9 59.5
    endloop
  endfacet
  facet normal 0.98947 0 0.14474
    outer loop
      vertex 132.948 4.01115 34.5
      vertex 129.291 -1.9 59.5
      vertex 132.948 -4.01115 34.5
    endloop
  endfacet
  facet normal -0.49596 0.856223 0.144591
    outer loop
      vertex 126 8.1 34.04
      vertex 125.855 8.01601 34.04
      vertex 125.979 8.06031 34.203
    endloop
  endfacet
  facet normal -0.494686 0.856936 0.144727
    outer loop
      vertex 125.941 7.98798 34.5
      vertex 119.052 4.01115 34.5
      vertex 122.709 1.9 59.5
    endloop
  endfacet
  facet normal -0.500689 -0.865623 0.00259423
    outer loop
      vertex 126 -8.1 34
      vertex 125.855 -8.01601 34.04
      vertex 125.836 -8.00514 34
    endloop
  endfacet
  facet normal -0.501227 -0.865316 0
    outer loop
      vertex 125.855 -8.01601 34.04
      vertex 126 -8.1 34
      vertex 126 -8.1 34.04
    endloop
  endfacet
  facet normal 0.501227 -0.865316 0
    outer loop
      vertex 126 -8.1 34
      vertex 126.145 -8.01601 34.04
      vertex 126 -8.1 34.04
    endloop
  endfacet
  facet normal 0.500689 -0.865623 0.00259423
    outer loop
      vertex 126.145 -8.01601 34.04
      vertex 126 -8.1 34
      vertex 126.164 -8.00514 34
    endloop
  endfacet
  facet normal -0.494686 -0.856936 0.144727
    outer loop
      vertex 122.709 -1.9 59.5
      vertex 119.052 -4.01115 34.5
      vertex 125.941 -7.98798 34.5
    endloop
  endfacet
  facet normal -0.49596 -0.856223 0.144591
    outer loop
      vertex 125.979 -8.06031 34.203
      vertex 125.855 -8.01601 34.04
      vertex 126 -8.1 34.04
    endloop
  endfacet
  facet normal 0.495874 0.856269 0.144613
    outer loop
      vertex 126 8.1 34.04
      vertex 126 8.06781 34.2306
      vertex 126.021 8.06031 34.203
    endloop
  endfacet
  facet normal 0.494718 0.856918 0.144727
    outer loop
      vertex 129.291 1.9 59.5
      vertex 126.9 6.236 42
      vertex 126.9 3.28038 59.5
    endloop
  endfacet
  facet normal 0.495586 0.856456 0.144494
    outer loop
      vertex 126.059 7.98798 34.5
      vertex 126.9 6.236 42
      vertex 129.291 1.9 59.5
    endloop
  endfacet
  facet normal 0.494742 0.85691 0.144695
    outer loop
      vertex 126.059 7.98798 34.5
      vertex 126 6.75562 42
      vertex 126.9 6.236 42
    endloop
  endfacet
  facet normal 0.497649 0.855266 0.144448
    outer loop
      vertex 126 6.75562 42
      vertex 126.059 7.98798 34.5
      vertex 126 8.02231 34.5
    endloop
  endfacet
  facet normal -0.495874 0.856269 0.144613
    outer loop
      vertex 126 8.1 34.04
      vertex 125.979 8.06031 34.203
      vertex 126 8.06781 34.2306
    endloop
  endfacet
  facet normal -0.497649 0.855266 0.144448
    outer loop
      vertex 125.941 7.98798 34.5
      vertex 126 6.75562 42
      vertex 126 8.02231 34.5
    endloop
  endfacet
  facet normal -0.494718 0.856918 0.144727
    outer loop
      vertex 125.1 6.236 42
      vertex 122.709 1.9 59.5
      vertex 125.1 3.28038 59.5
    endloop
  endfacet
  facet normal -0.494742 0.85691 0.144695
    outer loop
      vertex 126 6.75562 42
      vertex 125.941 7.98798 34.5
      vertex 125.1 6.236 42
    endloop
  endfacet
  facet normal -0.495586 0.856456 0.144494
    outer loop
      vertex 125.1 6.236 42
      vertex 125.941 7.98798 34.5
      vertex 122.709 1.9 59.5
    endloop
  endfacet
  facet normal 0.494686 -0.856936 0.144727
    outer loop
      vertex 129.291 -1.9 59.5
      vertex 126.059 -7.98798 34.5
      vertex 132.948 -4.01115 34.5
    endloop
  endfacet
  facet normal 0.49596 -0.856223 0.144591
    outer loop
      vertex 126.021 -8.06031 34.203
      vertex 126 -8.1 34.04
      vertex 126.145 -8.01601 34.04
    endloop
  endfacet
  facet normal 0.497649 -0.855266 0.144448
    outer loop
      vertex 126.059 -7.98798 34.5
      vertex 126 -6.75562 42
      vertex 126 -8.02231 34.5
    endloop
  endfacet
  facet normal 0.494718 -0.856918 0.144727
    outer loop
      vertex 126.9 -6.236 42
      vertex 129.291 -1.9 59.5
      vertex 126.9 -3.28038 59.5
    endloop
  endfacet
  facet normal 0.494742 -0.85691 0.144695
    outer loop
      vertex 126 -6.75562 42
      vertex 126.059 -7.98798 34.5
      vertex 126.9 -6.236 42
    endloop
  endfacet
  facet normal 0.495586 -0.856456 0.144494
    outer loop
      vertex 126.9 -6.236 42
      vertex 126.059 -7.98798 34.5
      vertex 129.291 -1.9 59.5
    endloop
  endfacet
  facet normal 0.495874 -0.856269 0.144613
    outer loop
      vertex 126 -8.06781 34.2306
      vertex 126 -8.1 34.04
      vertex 126.021 -8.06031 34.203
    endloop
  endfacet
  facet normal 0 0 -1
    outer loop
      vertex 126.164 8.00514 34
      vertex 125.836 8.00514 34
      vertex 126 8.1 34
    endloop
  endfacet
  facet normal 0 0 -1
    outer loop
      vertex 126 -8.1 34
      vertex 125.836 -8.00514 34
      vertex 126.164 -8.00514 34
    endloop
  endfacet
  facet normal -0.501227 0.865316 0
    outer loop
      vertex 126 8.1 34
      vertex 125.855 8.01601 34.04
      vertex 126 8.1 34.04
    endloop
  endfacet
  facet normal -0.500689 0.865623 0.00259423
    outer loop
      vertex 125.855 8.01601 34.04
      vertex 126 8.1 34
      vertex 125.836 8.00514 34
    endloop
  endfacet
  facet normal 0.49596 0.856223 0.144591
    outer loop
      vertex 126.145 8.01601 34.04
      vertex 126 8.1 34.04
      vertex 126.021 8.06031 34.203
    endloop
  endfacet
  facet normal 0.494686 0.856936 0.144727
    outer loop
      vertex 132.948 4.01115 34.5
      vertex 126.059 7.98798 34.5
      vertex 129.291 1.9 59.5
    endloop
  endfacet
  facet normal -0.494718 -0.856918 0.144727
    outer loop
      vertex 122.709 -1.9 59.5
      vertex 125.1 -6.236 42
      vertex 125.1 -3.28038 59.5
    endloop
  endfacet
  facet normal -0.495586 -0.856456 0.144494
    outer loop
      vertex 125.941 -7.98798 34.5
      vertex 125.1 -6.236 42
      vertex 122.709 -1.9 59.5
    endloop
  endfacet
  facet normal -0.494742 -0.85691 0.144695
    outer loop
      vertex 125.941 -7.98798 34.5
      vertex 126 -6.75562 42
      vertex 125.1 -6.236 42
    endloop
  endfacet
  facet normal -0.497649 -0.855266 0.144448
    outer loop
      vertex 126 -6.75562 42
      vertex 125.941 -7.98798 34.5
      vertex 126 -8.02231 34.5
    endloop
  endfacet
  facet normal -0.495874 -0.856269 0.144613
    outer loop
      vertex 126 -8.06781 34.2306
      vertex 125.979 -8.06031 34.203
      vertex 126 -8.1 34.04
    endloop
  endfacet
  facet normal -0 0 1
    outer loop
      vertex 122.709 1.9 59.5
      vertex 125.1 -3.28038 59.5
      vertex 125.1 3.28038 59.5
    endloop
  endfacet
  facet normal 0 0 1
    outer loop
      vertex 125.1 -3.28038 59.5
      vertex 122.709 1.9 59.5
      vertex 122.709 -1.9 59.5
    endloop
  endfacet
  facet normal 0 0 1
    outer loop
      vertex 126.9 3.28038 59.5
      vertex 129.291 -1.9 59.5
      vertex 129.291 1.9 59.5
    endloop
  endfacet
  facet normal 0 0 1
    outer loop
      vertex 129.291 -1.9 59.5
      vertex 126.9 3.28038 59.5
      vertex 126.9 -3.28038 59.5
    endloop
  endfacet
  facet normal -0.98947 0 0.14474
    outer loop
      vertex 119.052 4.01115 34.5
      vertex 122.709 -1.9 59.5
      vertex 122.709 1.9 59.5
    endloop
  endfacet
  facet normal -0.98947 0 0.14474
    outer loop
      vertex 122.709 -1.9 59.5
      vertex 119.052 4.01115 34.5
      vertex 119.052 -4.01115 34.5
    endloop
  endfacet
  facet normal 1 -0 0
    outer loop
      vertex 125.1 -3.28038 59.5
      vertex 125.1 6.236 42
      vertex 125.1 3.28038 59.5
    endloop
  endfacet
  facet normal 1 0 0
    outer loop
      vertex 125.1 6.236 42
      vertex 125.1 -3.28038 59.5
      vertex 125.1 -6.236 42
    endloop
  endfacet
  facet normal -1 0 0
    outer loop
      vertex 126.9 6.236 42
      vertex 126.9 -3.28038 59.5
      vertex 126.9 3.28038 59.5
    endloop
  endfacet
  facet normal -1 0 -0
    outer loop
      vertex 126.9 -3.28038 59.5
      vertex 126.9 6.236 42
      vertex 126.9 -6.236 42
    endloop
  endfacet
  facet normal 0 0 1
    outer loop
      vertex 125.1 6.236 42
      vertex 126.9 6.236 42
      vertex 126 6.75562 42
    endloop
  endfacet
  facet normal 0 0 1
    outer loop
      vertex 126.9 6.236 42
      vertex 125.1 6.236 42
      vertex 126.9 -6.236 42
    endloop
  endfacet
  facet normal 0 0 1
    outer loop
      vertex 125.1 -6.236 42
      vertex 126.9 -6.236 42
      vertex 125.1 6.236 42
    endloop
  endfacet
  facet normal 0 0 1
    outer loop
      vertex 126.9 -6.236 42
      vertex 125.1 -6.236 42
      vertex 126 -6.75562 42
    endloop
  endfacet
  facet normal -0.998098 -0.0616533 0
    outer loop
      vertex 132.7 0 0.799999
      vertex 132.676 0.388533 3
      vertex 132.676 0.388533 0.799999
    endloop
  endfacet
  facet normal -0.998098 -0.0616533 0
    outer loop
      vertex 132.676 0.388533 3
      vertex 132.7 0 0.799999
      vertex 132.7 0 3
    endloop
  endfacet
  facet normal 0 -1 0
    outer loop
      vertex 129.405 3.09388 0.799999
      vertex 129.795 3.09388 3
      vertex 129.405 3.09388 3
    endloop
  endfacet
  facet normal 0 -1 -0
    outer loop
      vertex 129.795 3.09388 3
      vertex 129.405 3.09388 0.799999
      vertex 129.795 3.09388 0.799999
    endloop
  endfacet
  facet normal -0.684269 -0.72923 0
    outer loop
      vertex 131.576 2.38859 0.799999
      vertex 131.86 2.1221 3
      vertex 131.576 2.38859 3
    endloop
  endfacet
  facet normal -0.684269 -0.72923 -0
    outer loop
      vertex 131.86 2.1221 3
      vertex 131.576 2.38859 0.799999
      vertex 131.86 2.1221 0.799999
    endloop
  endfacet
  facet normal 0.770711 -0.637185 0
    outer loop
      vertex 127.092 1.82213 3
      vertex 127.34 2.1221 0.799999
      vertex 127.34 2.1221 3
    endloop
  endfacet
  facet normal 0.770711 -0.637185 0
    outer loop
      vertex 127.34 2.1221 0.799999
      vertex 127.092 1.82213 3
      vertex 127.092 1.82213 0.799999
    endloop
  endfacet
  facet normal 0.481899 -0.876227 0
    outer loop
      vertex 127.939 2.61742 0.799999
      vertex 128.28 2.80496 3
      vertex 127.939 2.61742 3
    endloop
  endfacet
  facet normal 0.481899 -0.876227 0
    outer loop
      vertex 128.28 2.80496 3
      vertex 127.939 2.61742 0.799999
      vertex 128.28 2.80496 0.799999
    endloop
  endfacet
  facet normal -0.843855 0.536571 0
    outer loop
      vertex 132.108 -1.82213 0.799999
      vertex 132.317 -1.49344 3
      vertex 132.317 -1.49344 0.799999
    endloop
  endfacet
  facet normal -0.843855 0.536571 0
    outer loop
      vertex 132.317 -1.49344 3
      vertex 132.108 -1.82213 0.799999
      vertex 132.108 -1.82213 3
    endloop
  endfacet
  facet normal -0.905575 -0.424187 0
    outer loop
      vertex 132.482 1.14119 0.799999
      vertex 132.317 1.49344 3
      vertex 132.317 1.49344 0.799999
    endloop
  endfacet
  facet normal -0.905575 -0.424187 0
    outer loop
      vertex 132.317 1.49344 3
      vertex 132.482 1.14119 0.799999
      vertex 132.482 1.14119 3
    endloop
  endfacet
  facet normal -0.982262 -0.187511 0
    outer loop
      vertex 132.676 0.388533 0.799999
      vertex 132.603 0.770938 3
      vertex 132.603 0.770938 0.799999
    endloop
  endfacet
  facet normal -0.982262 -0.187511 0
    outer loop
      vertex 132.603 0.770938 3
      vertex 132.676 0.388533 0.799999
      vertex 132.676 0.388533 3
    endloop
  endfacet
  facet normal -0.843855 -0.536571 0
    outer loop
      vertex 132.317 1.49344 0.799999
      vertex 132.108 1.82213 3
      vertex 132.108 1.82213 0.799999
    endloop
  endfacet
  facet normal -0.843855 -0.536571 0
    outer loop
      vertex 132.108 1.82213 3
      vertex 132.317 1.49344 0.799999
      vertex 132.317 1.49344 3
    endloop
  endfacet
  facet normal -0.368089 -0.92979 0
    outer loop
      vertex 130.558 2.94827 0.799999
      vertex 130.92 2.80496 3
      vertex 130.558 2.94827 3
    endloop
  endfacet
  facet normal -0.368089 -0.92979 -0
    outer loop
      vertex 130.92 2.80496 3
      vertex 130.558 2.94827 0.799999
      vertex 130.92 2.80496 0.799999
    endloop
  endfacet
  facet normal -0.587733 -0.809055 0
    outer loop
      vertex 131.261 2.61742 0.799999
      vertex 131.576 2.38859 3
      vertex 131.261 2.61742 3
    endloop
  endfacet
  facet normal -0.587733 -0.809055 -0
    outer loop
      vertex 131.576 2.38859 3
      vertex 131.261 2.61742 0.799999
      vertex 131.576 2.38859 0.799999
    endloop
  endfacet
  facet normal 0.950529 -0.310637 0
    outer loop
      vertex 126.597 0.770938 3
      vertex 126.718 1.14119 0.799999
      vertex 126.718 1.14119 3
    endloop
  endfacet
  facet normal 0.950529 -0.310637 0
    outer loop
      vertex 126.718 1.14119 0.799999
      vertex 126.597 0.770938 3
      vertex 126.597 0.770938 0.799999
    endloop
  endfacet
  facet normal 0.905575 -0.424187 0
    outer loop
      vertex 126.718 1.14119 3
      vertex 126.883 1.49344 0.799999
      vertex 126.883 1.49344 3
    endloop
  endfacet
  facet normal 0.905575 -0.424187 0
    outer loop
      vertex 126.883 1.49344 0.799999
      vertex 126.718 1.14119 3
      vertex 126.718 1.14119 0.799999
    endloop
  endfacet
  facet normal 0.982262 -0.187511 0
    outer loop
      vertex 126.524 0.388533 3
      vertex 126.597 0.770938 0.799999
      vertex 126.597 0.770938 3
    endloop
  endfacet
  facet normal 0.982262 -0.187511 0
    outer loop
      vertex 126.597 0.770938 0.799999
      vertex 126.524 0.388533 3
      vertex 126.524 0.388533 0.799999
    endloop
  endfacet
  facet normal 0.587733 -0.809055 0
    outer loop
      vertex 127.624 2.38859 0.799999
      vertex 127.939 2.61742 3
      vertex 127.624 2.38859 3
    endloop
  endfacet
  facet normal 0.587733 -0.809055 0
    outer loop
      vertex 127.939 2.61742 3
      vertex 127.624 2.38859 0.799999
      vertex 127.939 2.61742 0.799999
    endloop
  endfacet
  facet normal 0.248745 -0.968569 0
    outer loop
      vertex 128.642 2.94827 0.799999
      vertex 129.019 3.04509 3
      vertex 128.642 2.94827 3
    endloop
  endfacet
  facet normal 0.248745 -0.968569 0
    outer loop
      vertex 129.019 3.04509 3
      vertex 128.642 2.94827 0.799999
      vertex 129.019 3.04509 0.799999
    endloop
  endfacet
  facet normal -0.368089 0.92979 0
    outer loop
      vertex 130.92 -2.80496 0.799999
      vertex 130.558 -2.94827 3
      vertex 130.92 -2.80496 3
    endloop
  endfacet
  facet normal -0.368089 0.92979 0
    outer loop
      vertex 130.558 -2.94827 3
      vertex 130.92 -2.80496 0.799999
      vertex 130.558 -2.94827 0.799999
    endloop
  endfacet
  facet normal -0.770711 0.637185 0
    outer loop
      vertex 131.86 -2.1221 0.799999
      vertex 132.108 -1.82213 3
      vertex 132.108 -1.82213 0.799999
    endloop
  endfacet
  facet normal -0.770711 0.637185 0
    outer loop
      vertex 132.108 -1.82213 3
      vertex 131.86 -2.1221 0.799999
      vertex 131.86 -2.1221 3
    endloop
  endfacet
  facet normal -0.587733 0.809055 0
    outer loop
      vertex 131.576 -2.38859 0.799999
      vertex 131.261 -2.61742 3
      vertex 131.576 -2.38859 3
    endloop
  endfacet
  facet normal -0.587733 0.809055 0
    outer loop
      vertex 131.261 -2.61742 3
      vertex 131.576 -2.38859 0.799999
      vertex 131.261 -2.61742 0.799999
    endloop
  endfacet
  facet normal 0.587733 0.809055 -0
    outer loop
      vertex 127.939 -2.61742 0.799999
      vertex 127.624 -2.38859 3
      vertex 127.939 -2.61742 3
    endloop
  endfacet
  facet normal 0.587733 0.809055 0
    outer loop
      vertex 127.624 -2.38859 3
      vertex 127.939 -2.61742 0.799999
      vertex 127.624 -2.38859 0.799999
    endloop
  endfacet
  facet normal 0.248745 0.968569 -0
    outer loop
      vertex 129.019 -3.04509 0.799999
      vertex 128.642 -2.94827 3
      vertex 129.019 -3.04509 3
    endloop
  endfacet
  facet normal 0.248745 0.968569 0
    outer loop
      vertex 128.642 -2.94827 3
      vertex 129.019 -3.04509 0.799999
      vertex 128.642 -2.94827 0.799999
    endloop
  endfacet
  facet normal 0.843855 0.536571 0
    outer loop
      vertex 127.092 -1.82213 3
      vertex 126.883 -1.49344 0.799999
      vertex 126.883 -1.49344 3
    endloop
  endfacet
  facet normal 0.843855 0.536571 0
    outer loop
      vertex 126.883 -1.49344 0.799999
      vertex 127.092 -1.82213 3
      vertex 127.092 -1.82213 0.799999
    endloop
  endfacet
  facet normal 0.770711 0.637185 0
    outer loop
      vertex 127.34 -2.1221 3
      vertex 127.092 -1.82213 0.799999
      vertex 127.092 -1.82213 3
    endloop
  endfacet
  facet normal 0.770711 0.637185 0
    outer loop
      vertex 127.092 -1.82213 0.799999
      vertex 127.34 -2.1221 3
      vertex 127.34 -2.1221 0.799999
    endloop
  endfacet
  facet normal -0.950529 -0.310637 0
    outer loop
      vertex 132.603 0.770938 0.799999
      vertex 132.482 1.14119 3
      vertex 132.482 1.14119 0.799999
    endloop
  endfacet
  facet normal -0.950529 -0.310637 0
    outer loop
      vertex 132.482 1.14119 3
      vertex 132.603 0.770938 0.799999
      vertex 132.603 0.770938 3
    endloop
  endfacet
  facet normal -0.248745 -0.968569 0
    outer loop
      vertex 130.181 3.04509 0.799999
      vertex 130.558 2.94827 3
      vertex 130.181 3.04509 3
    endloop
  endfacet
  facet normal -0.248745 -0.968569 -0
    outer loop
      vertex 130.558 2.94827 3
      vertex 130.181 3.04509 0.799999
      vertex 130.558 2.94827 0.799999
    endloop
  endfacet
  facet normal -0.125401 -0.992106 0
    outer loop
      vertex 129.795 3.09388 0.799999
      vertex 130.181 3.04509 3
      vertex 129.795 3.09388 3
    endloop
  endfacet
  facet normal -0.125401 -0.992106 -0
    outer loop
      vertex 130.181 3.04509 3
      vertex 129.795 3.09388 0.799999
      vertex 130.181 3.04509 0.799999
    endloop
  endfacet
  facet normal -0.481899 -0.876227 0
    outer loop
      vertex 130.92 2.80496 0.799999
      vertex 131.261 2.61742 3
      vertex 130.92 2.80496 3
    endloop
  endfacet
  facet normal -0.481899 -0.876227 -0
    outer loop
      vertex 131.261 2.61742 3
      vertex 130.92 2.80496 0.799999
      vertex 131.261 2.61742 0.799999
    endloop
  endfacet
  facet normal 0 0 1
    outer loop
      vertex 132.676 0.388533 0.799999
      vertex 132.676 -0.388533 0.799999
      vertex 132.7 0 0.799999
    endloop
  endfacet
  facet normal 0 0 1
    outer loop
      vertex 132.603 0.770938 0.799999
      vertex 132.676 -0.388533 0.799999
      vertex 132.676 0.388533 0.799999
    endloop
  endfacet
  facet normal 0 0 1
    outer loop
      vertex 132.603 0.770938 0.799999
      vertex 132.603 -0.770938 0.799999
      vertex 132.676 -0.388533 0.799999
    endloop
  endfacet
  facet normal 0 0 1
    outer loop
      vertex 132.482 1.14119 0.799999
      vertex 132.603 -0.770938 0.799999
      vertex 132.603 0.770938 0.799999
    endloop
  endfacet
  facet normal 0 0 1
    outer loop
      vertex 132.482 1.14119 0.799999
      vertex 132.482 -1.14119 0.799999
      vertex 132.603 -0.770938 0.799999
    endloop
  endfacet
  facet normal 0 0 1
    outer loop
      vertex 132.317 1.49344 0.799999
      vertex 132.482 -1.14119 0.799999
      vertex 132.482 1.14119 0.799999
    endloop
  endfacet
  facet normal 0 0 1
    outer loop
      vertex 132.317 1.49344 0.799999
      vertex 132.317 -1.49344 0.799999
      vertex 132.482 -1.14119 0.799999
    endloop
  endfacet
  facet normal 0 0 1
    outer loop
      vertex 132.108 1.82213 0.799999
      vertex 132.317 -1.49344 0.799999
      vertex 132.317 1.49344 0.799999
    endloop
  endfacet
  facet normal 0 0 1
    outer loop
      vertex 132.108 1.82213 0.799999
      vertex 132.108 -1.82213 0.799999
      vertex 132.317 -1.49344 0.799999
    endloop
  endfacet
  facet normal 0 0 1
    outer loop
      vertex 131.86 2.1221 0.799999
      vertex 132.108 -1.82213 0.799999
      vertex 132.108 1.82213 0.799999
    endloop
  endfacet
  facet normal 0 0 1
    outer loop
      vertex 131.86 2.1221 0.799999
      vertex 131.86 -2.1221 0.799999
      vertex 132.108 -1.82213 0.799999
    endloop
  endfacet
  facet normal 0 0 1
    outer loop
      vertex 131.576 2.38859 0.799999
      vertex 131.86 -2.1221 0.799999
      vertex 131.86 2.1221 0.799999
    endloop
  endfacet
  facet normal 0 0 1
    outer loop
      vertex 131.576 2.38859 0.799999
      vertex 131.576 -2.38859 0.799999
      vertex 131.86 -2.1221 0.799999
    endloop
  endfacet
  facet normal 0 0 1
    outer loop
      vertex 131.261 2.61742 0.799999
      vertex 131.576 -2.38859 0.799999
      vertex 131.576 2.38859 0.799999
    endloop
  endfacet
  facet normal 0 0 1
    outer loop
      vertex 131.261 2.61742 0.799999
      vertex 131.261 -2.61742 0.799999
      vertex 131.576 -2.38859 0.799999
    endloop
  endfacet
  facet normal 0 0 1
    outer loop
      vertex 130.92 2.80496 0.799999
      vertex 131.261 -2.61742 0.799999
      vertex 131.261 2.61742 0.799999
    endloop
  endfacet
  facet normal 0 0 1
    outer loop
      vertex 130.92 2.80496 0.799999
      vertex 130.92 -2.80496 0.799999
      vertex 131.261 -2.61742 0.799999
    endloop
  endfacet
  facet normal 0 0 1
    outer loop
      vertex 130.558 2.94827 0.799999
      vertex 130.92 -2.80496 0.799999
      vertex 130.92 2.80496 0.799999
    endloop
  endfacet
  facet normal 0 0 1
    outer loop
      vertex 130.558 2.94827 0.799999
      vertex 130.558 -2.94827 0.799999
      vertex 130.92 -2.80496 0.799999
    endloop
  endfacet
  facet normal 0 0 1
    outer loop
      vertex 130.181 3.04509 0.799999
      vertex 130.558 -2.94827 0.799999
      vertex 130.558 2.94827 0.799999
    endloop
  endfacet
  facet normal 0 0 1
    outer loop
      vertex 130.181 3.04509 0.799999
      vertex 130.181 -3.04509 0.799999
      vertex 130.558 -2.94827 0.799999
    endloop
  endfacet
  facet normal 0 0 1
    outer loop
      vertex 129.795 3.09388 0.799999
      vertex 130.181 -3.04509 0.799999
      vertex 130.181 3.04509 0.799999
    endloop
  endfacet
  facet normal 0 0 1
    outer loop
      vertex 129.795 3.09388 0.799999
      vertex 129.795 -3.09388 0.799999
      vertex 130.181 -3.04509 0.799999
    endloop
  endfacet
  facet normal -0 0 1
    outer loop
      vertex 129.405 3.09388 0.799999
      vertex 129.795 -3.09388 0.799999
      vertex 129.795 3.09388 0.799999
    endloop
  endfacet
  facet normal 0 0 1
    outer loop
      vertex 129.405 3.09388 0.799999
      vertex 129.405 -3.09388 0.799999
      vertex 129.795 -3.09388 0.799999
    endloop
  endfacet
  facet normal -0 0 1
    outer loop
      vertex 129.019 3.04509 0.799999
      vertex 129.405 -3.09388 0.799999
      vertex 129.405 3.09388 0.799999
    endloop
  endfacet
  facet normal 0 0 1
    outer loop
      vertex 129.019 3.04509 0.799999
      vertex 129.019 -3.04509 0.799999
      vertex 129.405 -3.09388 0.799999
    endloop
  endfacet
  facet normal -0 0 1
    outer loop
      vertex 128.642 2.94827 0.799999
      vertex 129.019 -3.04509 0.799999
      vertex 129.019 3.04509 0.799999
    endloop
  endfacet
  facet normal 0 0 1
    outer loop
      vertex 128.642 2.94827 0.799999
      vertex 128.642 -2.94827 0.799999
      vertex 129.019 -3.04509 0.799999
    endloop
  endfacet
  facet normal -0 0 1
    outer loop
      vertex 128.28 2.80496 0.799999
      vertex 128.642 -2.94827 0.799999
      vertex 128.642 2.94827 0.799999
    endloop
  endfacet
  facet normal 0 0 1
    outer loop
      vertex 128.28 2.80496 0.799999
      vertex 128.28 -2.80496 0.799999
      vertex 128.642 -2.94827 0.799999
    endloop
  endfacet
  facet normal -0 0 1
    outer loop
      vertex 127.939 2.61742 0.799999
      vertex 128.28 -2.80496 0.799999
      vertex 128.28 2.80496 0.799999
    endloop
  endfacet
  facet normal 0 0 1
    outer loop
      vertex 127.939 2.61742 0.799999
      vertex 127.939 -2.61742 0.799999
      vertex 128.28 -2.80496 0.799999
    endloop
  endfacet
  facet normal -0 0 1
    outer loop
      vertex 127.624 2.38859 0.799999
      vertex 127.939 -2.61742 0.799999
      vertex 127.939 2.61742 0.799999
    endloop
  endfacet
  facet normal 0 0 1
    outer loop
      vertex 127.624 2.38859 0.799999
      vertex 127.624 -2.38859 0.799999
      vertex 127.939 -2.61742 0.799999
    endloop
  endfacet
  facet normal -0 0 1
    outer loop
      vertex 127.34 2.1221 0.799999
      vertex 127.624 -2.38859 0.799999
      vertex 127.624 2.38859 0.799999
    endloop
  endfacet
  facet normal 0 0 1
    outer loop
      vertex 127.34 2.1221 0.799999
      vertex 127.34 -2.1221 0.799999
      vertex 127.624 -2.38859 0.799999
    endloop
  endfacet
  facet normal -0 0 1
    outer loop
      vertex 127.092 1.82213 0.799999
      vertex 127.34 -2.1221 0.799999
      vertex 127.34 2.1221 0.799999
    endloop
  endfacet
  facet normal 0 0 1
    outer loop
      vertex 127.092 1.82213 0.799999
      vertex 127.092 -1.82213 0.799999
      vertex 127.34 -2.1221 0.799999
    endloop
  endfacet
  facet normal -0 0 1
    outer loop
      vertex 126.883 1.49344 0.799999
      vertex 127.092 -1.82213 0.799999
      vertex 127.092 1.82213 0.799999
    endloop
  endfacet
  facet normal 0 0 1
    outer loop
      vertex 126.883 1.49344 0.799999
      vertex 126.883 -1.49344 0.799999
      vertex 127.092 -1.82213 0.799999
    endloop
  endfacet
  facet normal -0 0 1
    outer loop
      vertex 126.718 1.14119 0.799999
      vertex 126.883 -1.49344 0.799999
      vertex 126.883 1.49344 0.799999
    endloop
  endfacet
  facet normal 0 0 1
    outer loop
      vertex 126.718 1.14119 0.799999
      vertex 126.718 -1.14119 0.799999
      vertex 126.883 -1.49344 0.799999
    endloop
  endfacet
  facet normal -0 0 1
    outer loop
      vertex 126.597 0.770938 0.799999
      vertex 126.718 -1.14119 0.799999
      vertex 126.718 1.14119 0.799999
    endloop
  endfacet
  facet normal 0 0 1
    outer loop
      vertex 126.597 0.770938 0.799999
      vertex 126.597 -0.770938 0.799999
      vertex 126.718 -1.14119 0.799999
    endloop
  endfacet
  facet normal -0 0 1
    outer loop
      vertex 126.524 0.388533 0.799999
      vertex 126.597 -0.770938 0.799999
      vertex 126.597 0.770938 0.799999
    endloop
  endfacet
  facet normal 0 0 1
    outer loop
      vertex 126.524 0.388533 0.799999
      vertex 126.524 -0.388533 0.799999
      vertex 126.597 -0.770938 0.799999
    endloop
  endfacet
  facet normal 0 -0 1
    outer loop
      vertex 126.524 -0.388533 0.799999
      vertex 126.524 0.388533 0.799999
      vertex 126.5 0 0.799999
    endloop
  endfacet
  facet normal 0.843855 -0.536571 0
    outer loop
      vertex 126.883 1.49344 3
      vertex 127.092 1.82213 0.799999
      vertex 127.092 1.82213 3
    endloop
  endfacet
  facet normal 0.843855 -0.536571 0
    outer loop
      vertex 127.092 1.82213 0.799999
      vertex 126.883 1.49344 3
      vertex 126.883 1.49344 0.799999
    endloop
  endfacet
  facet normal 0.998098 -0.0616533 0
    outer loop
      vertex 126.5 0 3
      vertex 126.524 0.388533 0.799999
      vertex 126.524 0.388533 3
    endloop
  endfacet
  facet normal 0.998098 -0.0616533 0
    outer loop
      vertex 126.524 0.388533 0.799999
      vertex 126.5 0 3
      vertex 126.5 0 0.799999
    endloop
  endfacet
  facet normal 0 0 -1
    outer loop
      vertex 132.676 -0.388533 3
      vertex 132.676 0.388533 3
      vertex 132.7 0 3
    endloop
  endfacet
  facet normal 0 0 -1
    outer loop
      vertex 132.603 -0.770938 3
      vertex 132.676 0.388533 3
      vertex 132.676 -0.388533 3
    endloop
  endfacet
  facet normal 0 0 -1
    outer loop
      vertex 132.603 -0.770938 3
      vertex 132.603 0.770938 3
      vertex 132.676 0.388533 3
    endloop
  endfacet
  facet normal 0 0 -1
    outer loop
      vertex 132.482 -1.14119 3
      vertex 132.603 0.770938 3
      vertex 132.603 -0.770938 3
    endloop
  endfacet
  facet normal 0 0 -1
    outer loop
      vertex 132.482 -1.14119 3
      vertex 132.482 1.14119 3
      vertex 132.603 0.770938 3
    endloop
  endfacet
  facet normal 0 0 -1
    outer loop
      vertex 132.317 -1.49344 3
      vertex 132.482 1.14119 3
      vertex 132.482 -1.14119 3
    endloop
  endfacet
  facet normal 0 0 -1
    outer loop
      vertex 132.317 -1.49344 3
      vertex 132.317 1.49344 3
      vertex 132.482 1.14119 3
    endloop
  endfacet
  facet normal 0 0 -1
    outer loop
      vertex 132.108 -1.82213 3
      vertex 132.317 1.49344 3
      vertex 132.317 -1.49344 3
    endloop
  endfacet
  facet normal 0 0 -1
    outer loop
      vertex 132.108 -1.82213 3
      vertex 132.108 1.82213 3
      vertex 132.317 1.49344 3
    endloop
  endfacet
  facet normal 0 0 -1
    outer loop
      vertex 131.86 -2.1221 3
      vertex 132.108 1.82213 3
      vertex 132.108 -1.82213 3
    endloop
  endfacet
  facet normal 0 0 -1
    outer loop
      vertex 131.86 -2.1221 3
      vertex 131.86 2.1221 3
      vertex 132.108 1.82213 3
    endloop
  endfacet
  facet normal 0 0 -1
    outer loop
      vertex 131.576 -2.38859 3
      vertex 131.86 2.1221 3
      vertex 131.86 -2.1221 3
    endloop
  endfacet
  facet normal 0 0 -1
    outer loop
      vertex 131.576 -2.38859 3
      vertex 131.576 2.38859 3
      vertex 131.86 2.1221 3
    endloop
  endfacet
  facet normal 0 0 -1
    outer loop
      vertex 131.261 -2.61742 3
      vertex 131.576 2.38859 3
      vertex 131.576 -2.38859 3
    endloop
  endfacet
  facet normal 0 0 -1
    outer loop
      vertex 131.261 -2.61742 3
      vertex 131.261 2.61742 3
      vertex 131.576 2.38859 3
    endloop
  endfacet
  facet normal 0 0 -1
    outer loop
      vertex 130.92 -2.80496 3
      vertex 131.261 2.61742 3
      vertex 131.261 -2.61742 3
    endloop
  endfacet
  facet normal 0 0 -1
    outer loop
      vertex 130.92 -2.80496 3
      vertex 130.92 2.80496 3
      vertex 131.261 2.61742 3
    endloop
  endfacet
  facet normal 0 0 -1
    outer loop
      vertex 130.558 -2.94827 3
      vertex 130.92 2.80496 3
      vertex 130.92 -2.80496 3
    endloop
  endfacet
  facet normal 0 0 -1
    outer loop
      vertex 130.558 -2.94827 3
      vertex 130.558 2.94827 3
      vertex 130.92 2.80496 3
    endloop
  endfacet
  facet normal 0 0 -1
    outer loop
      vertex 130.181 -3.04509 3
      vertex 130.558 2.94827 3
      vertex 130.558 -2.94827 3
    endloop
  endfacet
  facet normal 0 0 -1
    outer loop
      vertex 130.181 -3.04509 3
      vertex 130.181 3.04509 3
      vertex 130.558 2.94827 3
    endloop
  endfacet
  facet normal 0 0 -1
    outer loop
      vertex 129.795 -3.09388 3
      vertex 130.181 3.04509 3
      vertex 130.181 -3.04509 3
    endloop
  endfacet
  facet normal 0 0 -1
    outer loop
      vertex 129.795 -3.09388 3
      vertex 129.795 3.09388 3
      vertex 130.181 3.04509 3
    endloop
  endfacet
  facet normal 0 0 -1
    outer loop
      vertex 129.405 -3.09388 3
      vertex 129.795 3.09388 3
      vertex 129.795 -3.09388 3
    endloop
  endfacet
  facet normal 0 0 -1
    outer loop
      vertex 129.405 -3.09388 3
      vertex 129.405 3.09388 3
      vertex 129.795 3.09388 3
    endloop
  endfacet
  facet normal 0 0 -1
    outer loop
      vertex 129.019 -3.04509 3
      vertex 129.405 3.09388 3
      vertex 129.405 -3.09388 3
    endloop
  endfacet
  facet normal 0 0 -1
    outer loop
      vertex 129.019 -3.04509 3
      vertex 129.019 3.04509 3
      vertex 129.405 3.09388 3
    endloop
  endfacet
  facet normal 0 0 -1
    outer loop
      vertex 128.642 -2.94827 3
      vertex 129.019 3.04509 3
      vertex 129.019 -3.04509 3
    endloop
  endfacet
  facet normal 0 0 -1
    outer loop
      vertex 128.642 -2.94827 3
      vertex 128.642 2.94827 3
      vertex 129.019 3.04509 3
    endloop
  endfacet
  facet normal 0 0 -1
    outer loop
      vertex 128.28 -2.80496 3
      vertex 128.642 2.94827 3
      vertex 128.642 -2.94827 3
    endloop
  endfacet
  facet normal 0 0 -1
    outer loop
      vertex 128.28 -2.80496 3
      vertex 128.28 2.80496 3
      vertex 128.642 2.94827 3
    endloop
  endfacet
  facet normal 0 0 -1
    outer loop
      vertex 127.939 -2.61742 3
      vertex 128.28 2.80496 3
      vertex 128.28 -2.80496 3
    endloop
  endfacet
  facet normal 0 0 -1
    outer loop
      vertex 127.939 -2.61742 3
      vertex 127.939 2.61742 3
      vertex 128.28 2.80496 3
    endloop
  endfacet
  facet normal 0 0 -1
    outer loop
      vertex 127.624 -2.38859 3
      vertex 127.939 2.61742 3
      vertex 127.939 -2.61742 3
    endloop
  endfacet
  facet normal 0 0 -1
    outer loop
      vertex 127.624 -2.38859 3
      vertex 127.624 2.38859 3
      vertex 127.939 2.61742 3
    endloop
  endfacet
  facet normal 0 0 -1
    outer loop
      vertex 127.34 -2.1221 3
      vertex 127.624 2.38859 3
      vertex 127.624 -2.38859 3
    endloop
  endfacet
  facet normal 0 0 -1
    outer loop
      vertex 127.34 -2.1221 3
      vertex 127.34 2.1221 3
      vertex 127.624 2.38859 3
    endloop
  endfacet
  facet normal 0 0 -1
    outer loop
      vertex 127.092 -1.82213 3
      vertex 127.34 2.1221 3
      vertex 127.34 -2.1221 3
    endloop
  endfacet
  facet normal 0 0 -1
    outer loop
      vertex 127.092 -1.82213 3
      vertex 127.092 1.82213 3
      vertex 127.34 2.1221 3
    endloop
  endfacet
  facet normal 0 0 -1
    outer loop
      vertex 126.883 -1.49344 3
      vertex 127.092 1.82213 3
      vertex 127.092 -1.82213 3
    endloop
  endfacet
  facet normal 0 0 -1
    outer loop
      vertex 126.883 -1.49344 3
      vertex 126.883 1.49344 3
      vertex 127.092 1.82213 3
    endloop
  endfacet
  facet normal 0 0 -1
    outer loop
      vertex 126.718 -1.14119 3
      vertex 126.883 1.49344 3
      vertex 126.883 -1.49344 3
    endloop
  endfacet
  facet normal 0 0 -1
    outer loop
      vertex 126.718 -1.14119 3
      vertex 126.718 1.14119 3
      vertex 126.883 1.49344 3
    endloop
  endfacet
  facet normal 0 0 -1
    outer loop
      vertex 126.597 -0.770938 3
      vertex 126.718 1.14119 3
      vertex 126.718 -1.14119 3
    endloop
  endfacet
  facet normal 0 0 -1
    outer loop
      vertex 126.597 -0.770938 3
      vertex 126.597 0.770938 3
      vertex 126.718 1.14119 3
    endloop
  endfacet
  facet normal 0 0 -1
    outer loop
      vertex 126.524 -0.388533 3
      vertex 126.597 0.770938 3
      vertex 126.597 -0.770938 3
    endloop
  endfacet
  facet normal 0 0 -1
    outer loop
      vertex 126.524 -0.388533 3
      vertex 126.524 0.388533 3
      vertex 126.597 0.770938 3
    endloop
  endfacet
  facet normal 0 -0 -1
    outer loop
      vertex 126.524 0.388533 3
      vertex 126.524 -0.388533 3
      vertex 126.5 0 3
    endloop
  endfacet
  facet normal 0.684269 -0.72923 0
    outer loop
      vertex 127.34 2.1221 0.799999
      vertex 127.624 2.38859 3
      vertex 127.34 2.1221 3
    endloop
  endfacet
  facet normal 0.684269 -0.72923 0
    outer loop
      vertex 127.624 2.38859 3
      vertex 127.34 2.1221 0.799999
      vertex 127.624 2.38859 0.799999
    endloop
  endfacet
  facet normal 0.368089 -0.92979 0
    outer loop
      vertex 128.28 2.80496 0.799999
      vertex 128.642 2.94827 3
      vertex 128.28 2.80496 3
    endloop
  endfacet
  facet normal 0.368089 -0.92979 0
    outer loop
      vertex 128.642 2.94827 3
      vertex 128.28 2.80496 0.799999
      vertex 128.642 2.94827 0.799999
    endloop
  endfacet
  facet normal 0.125401 -0.992106 0
    outer loop
      vertex 129.019 3.04509 0.799999
      vertex 129.405 3.09388 3
      vertex 129.019 3.04509 3
    endloop
  endfacet
  facet normal 0.125401 -0.992106 0
    outer loop
      vertex 129.405 3.09388 3
      vertex 129.019 3.04509 0.799999
      vertex 129.405 3.09388 0.799999
    endloop
  endfacet
  facet normal -0.125401 0.992106 0
    outer loop
      vertex 130.181 -3.04509 0.799999
      vertex 129.795 -3.09388 3
      vertex 130.181 -3.04509 3
    endloop
  endfacet
  facet normal -0.125401 0.992106 0
    outer loop
      vertex 129.795 -3.09388 3
      vertex 130.181 -3.04509 0.799999
      vertex 129.795 -3.09388 0.799999
    endloop
  endfacet
  facet normal -0.684269 0.72923 0
    outer loop
      vertex 131.86 -2.1221 0.799999
      vertex 131.576 -2.38859 3
      vertex 131.86 -2.1221 3
    endloop
  endfacet
  facet normal -0.684269 0.72923 0
    outer loop
      vertex 131.576 -2.38859 3
      vertex 131.86 -2.1221 0.799999
      vertex 131.576 -2.38859 0.799999
    endloop
  endfacet
  facet normal -0.982262 0.187511 0
    outer loop
      vertex 132.603 -0.770938 0.799999
      vertex 132.676 -0.388533 3
      vertex 132.676 -0.388533 0.799999
    endloop
  endfacet
  facet normal -0.982262 0.187511 0
    outer loop
      vertex 132.676 -0.388533 3
      vertex 132.603 -0.770938 0.799999
      vertex 132.603 -0.770938 3
    endloop
  endfacet
  facet normal 0.481899 0.876227 -0
    outer loop
      vertex 128.28 -2.80496 0.799999
      vertex 127.939 -2.61742 3
      vertex 128.28 -2.80496 3
    endloop
  endfacet
  facet normal 0.481899 0.876227 0
    outer loop
      vertex 127.939 -2.61742 3
      vertex 128.28 -2.80496 0.799999
      vertex 127.939 -2.61742 0.799999
    endloop
  endfacet
  facet normal 0 1 -0
    outer loop
      vertex 129.795 -3.09388 0.799999
      vertex 129.405 -3.09388 3
      vertex 129.795 -3.09388 3
    endloop
  endfacet
  facet normal 0 1 0
    outer loop
      vertex 129.405 -3.09388 3
      vertex 129.795 -3.09388 0.799999
      vertex 129.405 -3.09388 0.799999
    endloop
  endfacet
  facet normal 0.684269 0.72923 -0
    outer loop
      vertex 127.624 -2.38859 0.799999
      vertex 127.34 -2.1221 3
      vertex 127.624 -2.38859 3
    endloop
  endfacet
  facet normal 0.684269 0.72923 0
    outer loop
      vertex 127.34 -2.1221 3
      vertex 127.624 -2.38859 0.799999
      vertex 127.34 -2.1221 0.799999
    endloop
  endfacet
  facet normal 0.905575 0.424187 0
    outer loop
      vertex 126.883 -1.49344 3
      vertex 126.718 -1.14119 0.799999
      vertex 126.718 -1.14119 3
    endloop
  endfacet
  facet normal 0.905575 0.424187 0
    outer loop
      vertex 126.718 -1.14119 0.799999
      vertex 126.883 -1.49344 3
      vertex 126.883 -1.49344 0.799999
    endloop
  endfacet
  facet normal 0.982262 0.187511 0
    outer loop
      vertex 126.597 -0.770938 3
      vertex 126.524 -0.388533 0.799999
      vertex 126.524 -0.388533 3
    endloop
  endfacet
  facet normal 0.982262 0.187511 0
    outer loop
      vertex 126.524 -0.388533 0.799999
      vertex 126.597 -0.770938 3
      vertex 126.597 -0.770938 0.799999
    endloop
  endfacet
  facet normal -0.770711 -0.637185 0
    outer loop
      vertex 132.108 1.82213 0.799999
      vertex 131.86 2.1221 3
      vertex 131.86 2.1221 0.799999
    endloop
  endfacet
  facet normal -0.770711 -0.637185 0
    outer loop
      vertex 131.86 2.1221 3
      vertex 132.108 1.82213 0.799999
      vertex 132.108 1.82213 3
    endloop
  endfacet
  facet normal 0.998098 0.0616533 0
    outer loop
      vertex 126.524 -0.388533 3
      vertex 126.5 0 0.799999
      vertex 126.5 0 3
    endloop
  endfacet
  facet normal 0.998098 0.0616533 0
    outer loop
      vertex 126.5 0 0.799999
      vertex 126.524 -0.388533 3
      vertex 126.524 -0.388533 0.799999
    endloop
  endfacet
  facet normal -0.248745 0.968569 0
    outer loop
      vertex 130.558 -2.94827 0.799999
      vertex 130.181 -3.04509 3
      vertex 130.558 -2.94827 3
    endloop
  endfacet
  facet normal -0.248745 0.968569 0
    outer loop
      vertex 130.181 -3.04509 3
      vertex 130.558 -2.94827 0.799999
      vertex 130.181 -3.04509 0.799999
    endloop
  endfacet
  facet normal -0.481899 0.876227 0
    outer loop
      vertex 131.261 -2.61742 0.799999
      vertex 130.92 -2.80496 3
      vertex 131.261 -2.61742 3
    endloop
  endfacet
  facet normal -0.481899 0.876227 0
    outer loop
      vertex 130.92 -2.80496 3
      vertex 131.261 -2.61742 0.799999
      vertex 130.92 -2.80496 0.799999
    endloop
  endfacet
  facet normal -0.950529 0.310637 0
    outer loop
      vertex 132.482 -1.14119 0.799999
      vertex 132.603 -0.770938 3
      vertex 132.603 -0.770938 0.799999
    endloop
  endfacet
  facet normal -0.950529 0.310637 0
    outer loop
      vertex 132.603 -0.770938 3
      vertex 132.482 -1.14119 0.799999
      vertex 132.482 -1.14119 3
    endloop
  endfacet
  facet normal -0.905575 0.424187 0
    outer loop
      vertex 132.317 -1.49344 0.799999
      vertex 132.482 -1.14119 3
      vertex 132.482 -1.14119 0.799999
    endloop
  endfacet
  facet normal -0.905575 0.424187 0
    outer loop
      vertex 132.482 -1.14119 3
      vertex 132.317 -1.49344 0.799999
      vertex 132.317 -1.49344 3
    endloop
  endfacet
  facet normal -0.998098 0.0616533 0
    outer loop
      vertex 132.676 -0.388533 0.799999
      vertex 132.7 0 3
      vertex 132.7 0 0.799999
    endloop
  endfacet
  facet normal -0.998098 0.0616533 0
    outer loop
      vertex 132.7 0 3
      vertex 132.676 -0.388533 0.799999
      vertex 132.676 -0.388533 3
    endloop
  endfacet
  facet normal 0.368089 0.92979 -0
    outer loop
      vertex 128.642 -2.94827 0.799999
      vertex 128.28 -2.80496 3
      vertex 128.642 -2.94827 3
    endloop
  endfacet
  facet normal 0.368089 0.92979 0
    outer loop
      vertex 128.28 -2.80496 3
      vertex 128.642 -2.94827 0.799999
      vertex 128.28 -2.80496 0.799999
    endloop
  endfacet
  facet normal 0.125401 0.992106 -0
    outer loop
      vertex 129.405 -3.09388 0.799999
      vertex 129.019 -3.04509 3
      vertex 129.405 -3.09388 3
    endloop
  endfacet
  facet normal 0.125401 0.992106 0
    outer loop
      vertex 129.019 -3.04509 3
      vertex 129.405 -3.09388 0.799999
      vertex 129.019 -3.04509 0.799999
    endloop
  endfacet
  facet normal 0.950529 0.310637 0
    outer loop
      vertex 126.718 -1.14119 3
      vertex 126.597 -0.770938 0.799999
      vertex 126.597 -0.770938 3
    endloop
  endfacet
  facet normal 0.950529 0.310637 0
    outer loop
      vertex 126.597 -0.770938 0.799999
      vertex 126.718 -1.14119 3
      vertex 126.718 -1.14119 0.799999
    endloop
  endfacet
  facet normal -0.998098 -0.0616533 0
    outer loop
      vertex 125.5 0 0.799999
      vertex 125.476 0.388533 3
      vertex 125.476 0.388533 0.799999
    endloop
  endfacet
  facet normal -0.998098 -0.0616533 0
    outer loop
      vertex 125.476 0.388533 3
      vertex 125.5 0 0.799999
      vertex 125.5 0 3
    endloop
  endfacet
  facet normal 0.998098 -0.0616533 0
    outer loop
      vertex 119.3 0 3
      vertex 119.324 0.388533 0.799999
      vertex 119.324 0.388533 3
    endloop
  endfacet
  facet normal 0.998098 -0.0616533 0
    outer loop
      vertex 119.324 0.388533 0.799999
      vertex 119.3 0 3
      vertex 119.3 0 0.799999
    endloop
  endfacet
  facet normal 0 -1 0
    outer loop
      vertex 122.205 3.09388 0.799999
      vertex 122.595 3.09388 3
      vertex 122.205 3.09388 3
    endloop
  endfacet
  facet normal 0 -1 -0
    outer loop
      vertex 122.595 3.09388 3
      vertex 122.205 3.09388 0.799999
      vertex 122.595 3.09388 0.799999
    endloop
  endfacet
  facet normal 0 1 -0
    outer loop
      vertex 122.595 -3.09388 0.799999
      vertex 122.205 -3.09388 3
      vertex 122.595 -3.09388 3
    endloop
  endfacet
  facet normal 0 1 0
    outer loop
      vertex 122.205 -3.09388 3
      vertex 122.595 -3.09388 0.799999
      vertex 122.205 -3.09388 0.799999
    endloop
  endfacet
  facet normal -0.770711 0.637185 0
    outer loop
      vertex 124.66 -2.1221 0.799999
      vertex 124.908 -1.82213 3
      vertex 124.908 -1.82213 0.799999
    endloop
  endfacet
  facet normal -0.770711 0.637185 0
    outer loop
      vertex 124.908 -1.82213 3
      vertex 124.66 -2.1221 0.799999
      vertex 124.66 -2.1221 3
    endloop
  endfacet
  facet normal -0.684269 -0.72923 0
    outer loop
      vertex 124.376 2.38859 0.799999
      vertex 124.66 2.1221 3
      vertex 124.376 2.38859 3
    endloop
  endfacet
  facet normal -0.684269 -0.72923 -0
    outer loop
      vertex 124.66 2.1221 3
      vertex 124.376 2.38859 0.799999
      vertex 124.66 2.1221 0.799999
    endloop
  endfacet
  facet normal 0.684269 -0.72923 0
    outer loop
      vertex 120.14 2.1221 0.799999
      vertex 120.424 2.38859 3
      vertex 120.14 2.1221 3
    endloop
  endfacet
  facet normal 0.684269 -0.72923 0
    outer loop
      vertex 120.424 2.38859 3
      vertex 120.14 2.1221 0.799999
      vertex 120.424 2.38859 0.799999
    endloop
  endfacet
  facet normal 0.368089 -0.92979 0
    outer loop
      vertex 121.08 2.80496 0.799999
      vertex 121.442 2.94827 3
      vertex 121.08 2.80496 3
    endloop
  endfacet
  facet normal 0.368089 -0.92979 0
    outer loop
      vertex 121.442 2.94827 3
      vertex 121.08 2.80496 0.799999
      vertex 121.442 2.94827 0.799999
    endloop
  endfacet
  facet normal -0.905575 -0.424187 0
    outer loop
      vertex 125.282 1.14119 0.799999
      vertex 125.117 1.49344 3
      vertex 125.117 1.49344 0.799999
    endloop
  endfacet
  facet normal -0.905575 -0.424187 0
    outer loop
      vertex 125.117 1.49344 3
      vertex 125.282 1.14119 0.799999
      vertex 125.282 1.14119 3
    endloop
  endfacet
  facet normal -0.843855 -0.536571 0
    outer loop
      vertex 125.117 1.49344 0.799999
      vertex 124.908 1.82213 3
      vertex 124.908 1.82213 0.799999
    endloop
  endfacet
  facet normal -0.843855 -0.536571 0
    outer loop
      vertex 124.908 1.82213 3
      vertex 125.117 1.49344 0.799999
      vertex 125.117 1.49344 3
    endloop
  endfacet
  facet normal -0.368089 -0.92979 0
    outer loop
      vertex 123.358 2.94827 0.799999
      vertex 123.72 2.80496 3
      vertex 123.358 2.94827 3
    endloop
  endfacet
  facet normal -0.368089 -0.92979 -0
    outer loop
      vertex 123.72 2.80496 3
      vertex 123.358 2.94827 0.799999
      vertex 123.72 2.80496 0.799999
    endloop
  endfacet
  facet normal -0.587733 -0.809055 0
    outer loop
      vertex 124.061 2.61742 0.799999
      vertex 124.376 2.38859 3
      vertex 124.061 2.61742 3
    endloop
  endfacet
  facet normal -0.587733 -0.809055 -0
    outer loop
      vertex 124.376 2.38859 3
      vertex 124.061 2.61742 0.799999
      vertex 124.376 2.38859 0.799999
    endloop
  endfacet
  facet normal 0.905575 -0.424187 0
    outer loop
      vertex 119.518 1.14119 3
      vertex 119.683 1.49344 0.799999
      vertex 119.683 1.49344 3
    endloop
  endfacet
  facet normal 0.905575 -0.424187 0
    outer loop
      vertex 119.683 1.49344 0.799999
      vertex 119.518 1.14119 3
      vertex 119.518 1.14119 0.799999
    endloop
  endfacet
  facet normal 0.770711 -0.637185 0
    outer loop
      vertex 119.892 1.82213 3
      vertex 120.14 2.1221 0.799999
      vertex 120.14 2.1221 3
    endloop
  endfacet
  facet normal 0.770711 -0.637185 0
    outer loop
      vertex 120.14 2.1221 0.799999
      vertex 119.892 1.82213 3
      vertex 119.892 1.82213 0.799999
    endloop
  endfacet
  facet normal 0.950529 -0.310637 0
    outer loop
      vertex 119.397 0.770938 3
      vertex 119.518 1.14119 0.799999
      vertex 119.518 1.14119 3
    endloop
  endfacet
  facet normal 0.950529 -0.310637 0
    outer loop
      vertex 119.518 1.14119 0.799999
      vertex 119.397 0.770938 3
      vertex 119.397 0.770938 0.799999
    endloop
  endfacet
  facet normal 0.481899 -0.876227 0
    outer loop
      vertex 120.739 2.61742 0.799999
      vertex 121.08 2.80496 3
      vertex 120.739 2.61742 3
    endloop
  endfacet
  facet normal 0.481899 -0.876227 0
    outer loop
      vertex 121.08 2.80496 3
      vertex 120.739 2.61742 0.799999
      vertex 121.08 2.80496 0.799999
    endloop
  endfacet
  facet normal 0.248745 -0.968569 0
    outer loop
      vertex 121.442 2.94827 0.799999
      vertex 121.819 3.04509 3
      vertex 121.442 2.94827 3
    endloop
  endfacet
  facet normal 0.248745 -0.968569 0
    outer loop
      vertex 121.819 3.04509 3
      vertex 121.442 2.94827 0.799999
      vertex 121.819 3.04509 0.799999
    endloop
  endfacet
  facet normal -0.368089 0.92979 0
    outer loop
      vertex 123.72 -2.80496 0.799999
      vertex 123.358 -2.94827 3
      vertex 123.72 -2.80496 3
    endloop
  endfacet
  facet normal -0.368089 0.92979 0
    outer loop
      vertex 123.358 -2.94827 3
      vertex 123.72 -2.80496 0.799999
      vertex 123.358 -2.94827 0.799999
    endloop
  endfacet
  facet normal -0.950529 -0.310637 0
    outer loop
      vertex 125.403 0.770938 0.799999
      vertex 125.282 1.14119 3
      vertex 125.282 1.14119 0.799999
    endloop
  endfacet
  facet normal -0.950529 -0.310637 0
    outer loop
      vertex 125.282 1.14119 3
      vertex 125.403 0.770938 0.799999
      vertex 125.403 0.770938 3
    endloop
  endfacet
  facet normal -0.982262 -0.187511 0
    outer loop
      vertex 125.476 0.388533 0.799999
      vertex 125.403 0.770938 3
      vertex 125.403 0.770938 0.799999
    endloop
  endfacet
  facet normal -0.982262 -0.187511 0
    outer loop
      vertex 125.403 0.770938 3
      vertex 125.476 0.388533 0.799999
      vertex 125.476 0.388533 3
    endloop
  endfacet
  facet normal -0.770711 -0.637185 0
    outer loop
      vertex 124.908 1.82213 0.799999
      vertex 124.66 2.1221 3
      vertex 124.66 2.1221 0.799999
    endloop
  endfacet
  facet normal -0.770711 -0.637185 0
    outer loop
      vertex 124.66 2.1221 3
      vertex 124.908 1.82213 0.799999
      vertex 124.908 1.82213 3
    endloop
  endfacet
  facet normal -0.248745 -0.968569 0
    outer loop
      vertex 122.981 3.04509 0.799999
      vertex 123.358 2.94827 3
      vertex 122.981 3.04509 3
    endloop
  endfacet
  facet normal -0.248745 -0.968569 -0
    outer loop
      vertex 123.358 2.94827 3
      vertex 122.981 3.04509 0.799999
      vertex 123.358 2.94827 0.799999
    endloop
  endfacet
  facet normal -0.125401 -0.992106 0
    outer loop
      vertex 122.595 3.09388 0.799999
      vertex 122.981 3.04509 3
      vertex 122.595 3.09388 3
    endloop
  endfacet
  facet normal -0.125401 -0.992106 -0
    outer loop
      vertex 122.981 3.04509 3
      vertex 122.595 3.09388 0.799999
      vertex 122.981 3.04509 0.799999
    endloop
  endfacet
  facet normal -0.481899 -0.876227 0
    outer loop
      vertex 123.72 2.80496 0.799999
      vertex 124.061 2.61742 3
      vertex 123.72 2.80496 3
    endloop
  endfacet
  facet normal -0.481899 -0.876227 -0
    outer loop
      vertex 124.061 2.61742 3
      vertex 123.72 2.80496 0.799999
      vertex 124.061 2.61742 0.799999
    endloop
  endfacet
  facet normal 0.843855 -0.536571 0
    outer loop
      vertex 119.683 1.49344 3
      vertex 119.892 1.82213 0.799999
      vertex 119.892 1.82213 3
    endloop
  endfacet
  facet normal 0.843855 -0.536571 0
    outer loop
      vertex 119.892 1.82213 0.799999
      vertex 119.683 1.49344 3
      vertex 119.683 1.49344 0.799999
    endloop
  endfacet
  facet normal 0.982262 -0.187511 0
    outer loop
      vertex 119.324 0.388533 3
      vertex 119.397 0.770938 0.799999
      vertex 119.397 0.770938 3
    endloop
  endfacet
  facet normal 0.982262 -0.187511 0
    outer loop
      vertex 119.397 0.770938 0.799999
      vertex 119.324 0.388533 3
      vertex 119.324 0.388533 0.799999
    endloop
  endfacet
  facet normal 0 0 -1
    outer loop
      vertex 125.476 -0.388533 3
      vertex 125.476 0.388533 3
      vertex 125.5 0 3
    endloop
  endfacet
  facet normal 0 0 -1
    outer loop
      vertex 125.403 -0.770938 3
      vertex 125.476 0.388533 3
      vertex 125.476 -0.388533 3
    endloop
  endfacet
  facet normal 0 0 -1
    outer loop
      vertex 125.403 -0.770938 3
      vertex 125.403 0.770938 3
      vertex 125.476 0.388533 3
    endloop
  endfacet
  facet normal 0 0 -1
    outer loop
      vertex 125.282 -1.14119 3
      vertex 125.403 0.770938 3
      vertex 125.403 -0.770938 3
    endloop
  endfacet
  facet normal 0 0 -1
    outer loop
      vertex 125.282 -1.14119 3
      vertex 125.282 1.14119 3
      vertex 125.403 0.770938 3
    endloop
  endfacet
  facet normal 0 0 -1
    outer loop
      vertex 125.117 -1.49344 3
      vertex 125.282 1.14119 3
      vertex 125.282 -1.14119 3
    endloop
  endfacet
  facet normal 0 0 -1
    outer loop
      vertex 125.117 -1.49344 3
      vertex 125.117 1.49344 3
      vertex 125.282 1.14119 3
    endloop
  endfacet
  facet normal 0 0 -1
    outer loop
      vertex 124.908 -1.82213 3
      vertex 125.117 1.49344 3
      vertex 125.117 -1.49344 3
    endloop
  endfacet
  facet normal 0 0 -1
    outer loop
      vertex 124.908 -1.82213 3
      vertex 124.908 1.82213 3
      vertex 125.117 1.49344 3
    endloop
  endfacet
  facet normal 0 0 -1
    outer loop
      vertex 124.66 -2.1221 3
      vertex 124.908 1.82213 3
      vertex 124.908 -1.82213 3
    endloop
  endfacet
  facet normal 0 0 -1
    outer loop
      vertex 124.66 -2.1221 3
      vertex 124.66 2.1221 3
      vertex 124.908 1.82213 3
    endloop
  endfacet
  facet normal 0 0 -1
    outer loop
      vertex 124.376 -2.38859 3
      vertex 124.66 2.1221 3
      vertex 124.66 -2.1221 3
    endloop
  endfacet
  facet normal 0 0 -1
    outer loop
      vertex 124.376 -2.38859 3
      vertex 124.376 2.38859 3
      vertex 124.66 2.1221 3
    endloop
  endfacet
  facet normal 0 0 -1
    outer loop
      vertex 124.061 -2.61742 3
      vertex 124.376 2.38859 3
      vertex 124.376 -2.38859 3
    endloop
  endfacet
  facet normal 0 0 -1
    outer loop
      vertex 124.061 -2.61742 3
      vertex 124.061 2.61742 3
      vertex 124.376 2.38859 3
    endloop
  endfacet
  facet normal 0 0 -1
    outer loop
      vertex 123.72 -2.80496 3
      vertex 124.061 2.61742 3
      vertex 124.061 -2.61742 3
    endloop
  endfacet
  facet normal 0 0 -1
    outer loop
      vertex 123.72 -2.80496 3
      vertex 123.72 2.80496 3
      vertex 124.061 2.61742 3
    endloop
  endfacet
  facet normal 0 0 -1
    outer loop
      vertex 123.358 -2.94827 3
      vertex 123.72 2.80496 3
      vertex 123.72 -2.80496 3
    endloop
  endfacet
  facet normal 0 0 -1
    outer loop
      vertex 123.358 -2.94827 3
      vertex 123.358 2.94827 3
      vertex 123.72 2.80496 3
    endloop
  endfacet
  facet normal 0 0 -1
    outer loop
      vertex 122.981 -3.04509 3
      vertex 123.358 2.94827 3
      vertex 123.358 -2.94827 3
    endloop
  endfacet
  facet normal 0 0 -1
    outer loop
      vertex 122.981 -3.04509 3
      vertex 122.981 3.04509 3
      vertex 123.358 2.94827 3
    endloop
  endfacet
  facet normal 0 0 -1
    outer loop
      vertex 122.595 -3.09388 3
      vertex 122.981 3.04509 3
      vertex 122.981 -3.04509 3
    endloop
  endfacet
  facet normal 0 0 -1
    outer loop
      vertex 122.595 -3.09388 3
      vertex 122.595 3.09388 3
      vertex 122.981 3.04509 3
    endloop
  endfacet
  facet normal 0 0 -1
    outer loop
      vertex 122.205 -3.09388 3
      vertex 122.595 3.09388 3
      vertex 122.595 -3.09388 3
    endloop
  endfacet
  facet normal 0 0 -1
    outer loop
      vertex 122.205 -3.09388 3
      vertex 122.205 3.09388 3
      vertex 122.595 3.09388 3
    endloop
  endfacet
  facet normal 0 0 -1
    outer loop
      vertex 121.819 -3.04509 3
      vertex 122.205 3.09388 3
      vertex 122.205 -3.09388 3
    endloop
  endfacet
  facet normal 0 0 -1
    outer loop
      vertex 121.819 -3.04509 3
      vertex 121.819 3.04509 3
      vertex 122.205 3.09388 3
    endloop
  endfacet
  facet normal 0 0 -1
    outer loop
      vertex 121.442 -2.94827 3
      vertex 121.819 3.04509 3
      vertex 121.819 -3.04509 3
    endloop
  endfacet
  facet normal 0 0 -1
    outer loop
      vertex 121.442 -2.94827 3
      vertex 121.442 2.94827 3
      vertex 121.819 3.04509 3
    endloop
  endfacet
  facet normal 0 0 -1
    outer loop
      vertex 121.08 -2.80496 3
      vertex 121.442 2.94827 3
      vertex 121.442 -2.94827 3
    endloop
  endfacet
  facet normal 0 0 -1
    outer loop
      vertex 121.08 -2.80496 3
      vertex 121.08 2.80496 3
      vertex 121.442 2.94827 3
    endloop
  endfacet
  facet normal 0 0 -1
    outer loop
      vertex 120.739 -2.61742 3
      vertex 121.08 2.80496 3
      vertex 121.08 -2.80496 3
    endloop
  endfacet
  facet normal 0 0 -1
    outer loop
      vertex 120.739 -2.61742 3
      vertex 120.739 2.61742 3
      vertex 121.08 2.80496 3
    endloop
  endfacet
  facet normal 0 0 -1
    outer loop
      vertex 120.424 -2.38859 3
      vertex 120.739 2.61742 3
      vertex 120.739 -2.61742 3
    endloop
  endfacet
  facet normal 0 0 -1
    outer loop
      vertex 120.424 -2.38859 3
      vertex 120.424 2.38859 3
      vertex 120.739 2.61742 3
    endloop
  endfacet
  facet normal 0 0 -1
    outer loop
      vertex 120.14 -2.1221 3
      vertex 120.424 2.38859 3
      vertex 120.424 -2.38859 3
    endloop
  endfacet
  facet normal 0 0 -1
    outer loop
      vertex 120.14 -2.1221 3
      vertex 120.14 2.1221 3
      vertex 120.424 2.38859 3
    endloop
  endfacet
  facet normal 0 0 -1
    outer loop
      vertex 119.892 -1.82213 3
      vertex 120.14 2.1221 3
      vertex 120.14 -2.1221 3
    endloop
  endfacet
  facet normal 0 0 -1
    outer loop
      vertex 119.892 -1.82213 3
      vertex 119.892 1.82213 3
      vertex 120.14 2.1221 3
    endloop
  endfacet
  facet normal 0 0 -1
    outer loop
      vertex 119.683 -1.49344 3
      vertex 119.892 1.82213 3
      vertex 119.892 -1.82213 3
    endloop
  endfacet
  facet normal 0 0 -1
    outer loop
      vertex 119.683 -1.49344 3
      vertex 119.683 1.49344 3
      vertex 119.892 1.82213 3
    endloop
  endfacet
  facet normal 0 0 -1
    outer loop
      vertex 119.518 -1.14119 3
      vertex 119.683 1.49344 3
      vertex 119.683 -1.49344 3
    endloop
  endfacet
  facet normal 0 0 -1
    outer loop
      vertex 119.518 -1.14119 3
      vertex 119.518 1.14119 3
      vertex 119.683 1.49344 3
    endloop
  endfacet
  facet normal 0 0 -1
    outer loop
      vertex 119.397 -0.770938 3
      vertex 119.518 1.14119 3
      vertex 119.518 -1.14119 3
    endloop
  endfacet
  facet normal 0 0 -1
    outer loop
      vertex 119.397 -0.770938 3
      vertex 119.397 0.770938 3
      vertex 119.518 1.14119 3
    endloop
  endfacet
  facet normal 0 0 -1
    outer loop
      vertex 119.324 -0.388533 3
      vertex 119.397 0.770938 3
      vertex 119.397 -0.770938 3
    endloop
  endfacet
  facet normal 0 0 -1
    outer loop
      vertex 119.324 -0.388533 3
      vertex 119.324 0.388533 3
      vertex 119.397 0.770938 3
    endloop
  endfacet
  facet normal 0 -0 -1
    outer loop
      vertex 119.324 0.388533 3
      vertex 119.324 -0.388533 3
      vertex 119.3 0 3
    endloop
  endfacet
  facet normal 0.587733 -0.809055 0
    outer loop
      vertex 120.424 2.38859 0.799999
      vertex 120.739 2.61742 3
      vertex 120.424 2.38859 3
    endloop
  endfacet
  facet normal 0.587733 -0.809055 0
    outer loop
      vertex 120.739 2.61742 3
      vertex 120.424 2.38859 0.799999
      vertex 120.739 2.61742 0.799999
    endloop
  endfacet
  facet normal 0.125401 -0.992106 0
    outer loop
      vertex 121.819 3.04509 0.799999
      vertex 122.205 3.09388 3
      vertex 121.819 3.04509 3
    endloop
  endfacet
  facet normal 0.125401 -0.992106 0
    outer loop
      vertex 122.205 3.09388 3
      vertex 121.819 3.04509 0.799999
      vertex 122.205 3.09388 0.799999
    endloop
  endfacet
  facet normal -0.998098 0.0616533 0
    outer loop
      vertex 125.476 -0.388533 0.799999
      vertex 125.5 0 3
      vertex 125.5 0 0.799999
    endloop
  endfacet
  facet normal -0.998098 0.0616533 0
    outer loop
      vertex 125.5 0 3
      vertex 125.476 -0.388533 0.799999
      vertex 125.476 -0.388533 3
    endloop
  endfacet
  facet normal -0.950529 0.310637 0
    outer loop
      vertex 125.282 -1.14119 0.799999
      vertex 125.403 -0.770938 3
      vertex 125.403 -0.770938 0.799999
    endloop
  endfacet
  facet normal -0.950529 0.310637 0
    outer loop
      vertex 125.403 -0.770938 3
      vertex 125.282 -1.14119 0.799999
      vertex 125.282 -1.14119 3
    endloop
  endfacet
  facet normal -0.982262 0.187511 0
    outer loop
      vertex 125.403 -0.770938 0.799999
      vertex 125.476 -0.388533 3
      vertex 125.476 -0.388533 0.799999
    endloop
  endfacet
  facet normal -0.982262 0.187511 0
    outer loop
      vertex 125.476 -0.388533 3
      vertex 125.403 -0.770938 0.799999
      vertex 125.403 -0.770938 3
    endloop
  endfacet
  facet normal 0 0 1
    outer loop
      vertex 125.476 0.388533 0.799999
      vertex 125.476 -0.388533 0.799999
      vertex 125.5 0 0.799999
    endloop
  endfacet
  facet normal 0 0 1
    outer loop
      vertex 125.403 0.770938 0.799999
      vertex 125.476 -0.388533 0.799999
      vertex 125.476 0.388533 0.799999
    endloop
  endfacet
  facet normal 0 0 1
    outer loop
      vertex 125.403 0.770938 0.799999
      vertex 125.403 -0.770938 0.799999
      vertex 125.476 -0.388533 0.799999
    endloop
  endfacet
  facet normal 0 0 1
    outer loop
      vertex 125.282 1.14119 0.799999
      vertex 125.403 -0.770938 0.799999
      vertex 125.403 0.770938 0.799999
    endloop
  endfacet
  facet normal 0 0 1
    outer loop
      vertex 125.282 1.14119 0.799999
      vertex 125.282 -1.14119 0.799999
      vertex 125.403 -0.770938 0.799999
    endloop
  endfacet
  facet normal 0 0 1
    outer loop
      vertex 125.117 1.49344 0.799999
      vertex 125.282 -1.14119 0.799999
      vertex 125.282 1.14119 0.799999
    endloop
  endfacet
  facet normal 0 0 1
    outer loop
      vertex 125.117 1.49344 0.799999
      vertex 125.117 -1.49344 0.799999
      vertex 125.282 -1.14119 0.799999
    endloop
  endfacet
  facet normal 0 0 1
    outer loop
      vertex 124.908 1.82213 0.799999
      vertex 125.117 -1.49344 0.799999
      vertex 125.117 1.49344 0.799999
    endloop
  endfacet
  facet normal 0 0 1
    outer loop
      vertex 124.908 1.82213 0.799999
      vertex 124.908 -1.82213 0.799999
      vertex 125.117 -1.49344 0.799999
    endloop
  endfacet
  facet normal 0 0 1
    outer loop
      vertex 124.66 2.1221 0.799999
      vertex 124.908 -1.82213 0.799999
      vertex 124.908 1.82213 0.799999
    endloop
  endfacet
  facet normal 0 0 1
    outer loop
      vertex 124.66 2.1221 0.799999
      vertex 124.66 -2.1221 0.799999
      vertex 124.908 -1.82213 0.799999
    endloop
  endfacet
  facet normal 0 0 1
    outer loop
      vertex 124.376 2.38859 0.799999
      vertex 124.66 -2.1221 0.799999
      vertex 124.66 2.1221 0.799999
    endloop
  endfacet
  facet normal 0 0 1
    outer loop
      vertex 124.376 2.38859 0.799999
      vertex 124.376 -2.38859 0.799999
      vertex 124.66 -2.1221 0.799999
    endloop
  endfacet
  facet normal 0 0 1
    outer loop
      vertex 124.061 2.61742 0.799999
      vertex 124.376 -2.38859 0.799999
      vertex 124.376 2.38859 0.799999
    endloop
  endfacet
  facet normal 0 0 1
    outer loop
      vertex 124.061 2.61742 0.799999
      vertex 124.061 -2.61742 0.799999
      vertex 124.376 -2.38859 0.799999
    endloop
  endfacet
  facet normal 0 0 1
    outer loop
      vertex 123.72 2.80496 0.799999
      vertex 124.061 -2.61742 0.799999
      vertex 124.061 2.61742 0.799999
    endloop
  endfacet
  facet normal 0 0 1
    outer loop
      vertex 123.72 2.80496 0.799999
      vertex 123.72 -2.80496 0.799999
      vertex 124.061 -2.61742 0.799999
    endloop
  endfacet
  facet normal 0 0 1
    outer loop
      vertex 123.358 2.94827 0.799999
      vertex 123.72 -2.80496 0.799999
      vertex 123.72 2.80496 0.799999
    endloop
  endfacet
  facet normal 0 0 1
    outer loop
      vertex 123.358 2.94827 0.799999
      vertex 123.358 -2.94827 0.799999
      vertex 123.72 -2.80496 0.799999
    endloop
  endfacet
  facet normal 0 0 1
    outer loop
      vertex 122.981 3.04509 0.799999
      vertex 123.358 -2.94827 0.799999
      vertex 123.358 2.94827 0.799999
    endloop
  endfacet
  facet normal 0 0 1
    outer loop
      vertex 122.981 3.04509 0.799999
      vertex 122.981 -3.04509 0.799999
      vertex 123.358 -2.94827 0.799999
    endloop
  endfacet
  facet normal 0 0 1
    outer loop
      vertex 122.595 3.09388 0.799999
      vertex 122.981 -3.04509 0.799999
      vertex 122.981 3.04509 0.799999
    endloop
  endfacet
  facet normal 0 0 1
    outer loop
      vertex 122.595 3.09388 0.799999
      vertex 122.595 -3.09388 0.799999
      vertex 122.981 -3.04509 0.799999
    endloop
  endfacet
  facet normal -0 0 1
    outer loop
      vertex 122.205 3.09388 0.799999
      vertex 122.595 -3.09388 0.799999
      vertex 122.595 3.09388 0.799999
    endloop
  endfacet
  facet normal 0 0 1
    outer loop
      vertex 122.205 3.09388 0.799999
      vertex 122.205 -3.09388 0.799999
      vertex 122.595 -3.09388 0.799999
    endloop
  endfacet
  facet normal -0 0 1
    outer loop
      vertex 121.819 3.04509 0.799999
      vertex 122.205 -3.09388 0.799999
      vertex 122.205 3.09388 0.799999
    endloop
  endfacet
  facet normal 0 0 1
    outer loop
      vertex 121.819 3.04509 0.799999
      vertex 121.819 -3.04509 0.799999
      vertex 122.205 -3.09388 0.799999
    endloop
  endfacet
  facet normal -0 0 1
    outer loop
      vertex 121.442 2.94827 0.799999
      vertex 121.819 -3.04509 0.799999
      vertex 121.819 3.04509 0.799999
    endloop
  endfacet
  facet normal 0 0 1
    outer loop
      vertex 121.442 2.94827 0.799999
      vertex 121.442 -2.94827 0.799999
      vertex 121.819 -3.04509 0.799999
    endloop
  endfacet
  facet normal -0 0 1
    outer loop
      vertex 121.08 2.80496 0.799999
      vertex 121.442 -2.94827 0.799999
      vertex 121.442 2.94827 0.799999
    endloop
  endfacet
  facet normal 0 0 1
    outer loop
      vertex 121.08 2.80496 0.799999
      vertex 121.08 -2.80496 0.799999
      vertex 121.442 -2.94827 0.799999
    endloop
  endfacet
  facet normal -0 0 1
    outer loop
      vertex 120.739 2.61742 0.799999
      vertex 121.08 -2.80496 0.799999
      vertex 121.08 2.80496 0.799999
    endloop
  endfacet
  facet normal 0 0 1
    outer loop
      vertex 120.739 2.61742 0.799999
      vertex 120.739 -2.61742 0.799999
      vertex 121.08 -2.80496 0.799999
    endloop
  endfacet
  facet normal -0 0 1
    outer loop
      vertex 120.424 2.38859 0.799999
      vertex 120.739 -2.61742 0.799999
      vertex 120.739 2.61742 0.799999
    endloop
  endfacet
  facet normal 0 0 1
    outer loop
      vertex 120.424 2.38859 0.799999
      vertex 120.424 -2.38859 0.799999
      vertex 120.739 -2.61742 0.799999
    endloop
  endfacet
  facet normal -0 0 1
    outer loop
      vertex 120.14 2.1221 0.799999
      vertex 120.424 -2.38859 0.799999
      vertex 120.424 2.38859 0.799999
    endloop
  endfacet
  facet normal 0 0 1
    outer loop
      vertex 120.14 2.1221 0.799999
      vertex 120.14 -2.1221 0.799999
      vertex 120.424 -2.38859 0.799999
    endloop
  endfacet
  facet normal -0 0 1
    outer loop
      vertex 119.892 1.82213 0.799999
      vertex 120.14 -2.1221 0.799999
      vertex 120.14 2.1221 0.799999
    endloop
  endfacet
  facet normal 0 0 1
    outer loop
      vertex 119.892 1.82213 0.799999
      vertex 119.892 -1.82213 0.799999
      vertex 120.14 -2.1221 0.799999
    endloop
  endfacet
  facet normal -0 0 1
    outer loop
      vertex 119.683 1.49344 0.799999
      vertex 119.892 -1.82213 0.799999
      vertex 119.892 1.82213 0.799999
    endloop
  endfacet
  facet normal 0 0 1
    outer loop
      vertex 119.683 1.49344 0.799999
      vertex 119.683 -1.49344 0.799999
      vertex 119.892 -1.82213 0.799999
    endloop
  endfacet
  facet normal -0 0 1
    outer loop
      vertex 119.518 1.14119 0.799999
      vertex 119.683 -1.49344 0.799999
      vertex 119.683 1.49344 0.799999
    endloop
  endfacet
  facet normal 0 0 1
    outer loop
      vertex 119.518 1.14119 0.799999
      vertex 119.518 -1.14119 0.799999
      vertex 119.683 -1.49344 0.799999
    endloop
  endfacet
  facet normal -0 0 1
    outer loop
      vertex 119.397 0.770938 0.799999
      vertex 119.518 -1.14119 0.799999
      vertex 119.518 1.14119 0.799999
    endloop
  endfacet
  facet normal 0 0 1
    outer loop
      vertex 119.397 0.770938 0.799999
      vertex 119.397 -0.770938 0.799999
      vertex 119.518 -1.14119 0.799999
    endloop
  endfacet
  facet normal -0 0 1
    outer loop
      vertex 119.324 0.388533 0.799999
      vertex 119.397 -0.770938 0.799999
      vertex 119.397 0.770938 0.799999
    endloop
  endfacet
  facet normal 0 0 1
    outer loop
      vertex 119.324 0.388533 0.799999
      vertex 119.324 -0.388533 0.799999
      vertex 119.397 -0.770938 0.799999
    endloop
  endfacet
  facet normal 0 -0 1
    outer loop
      vertex 119.324 -0.388533 0.799999
      vertex 119.324 0.388533 0.799999
      vertex 119.3 0 0.799999
    endloop
  endfacet
  facet normal -0.587733 0.809055 0
    outer loop
      vertex 124.376 -2.38859 0.799999
      vertex 124.061 -2.61742 3
      vertex 124.376 -2.38859 3
    endloop
  endfacet
  facet normal -0.587733 0.809055 0
    outer loop
      vertex 124.061 -2.61742 3
      vertex 124.376 -2.38859 0.799999
      vertex 124.061 -2.61742 0.799999
    endloop
  endfacet
  facet normal 0.950529 0.310637 0
    outer loop
      vertex 119.518 -1.14119 3
      vertex 119.397 -0.770938 0.799999
      vertex 119.397 -0.770938 3
    endloop
  endfacet
  facet normal 0.950529 0.310637 0
    outer loop
      vertex 119.397 -0.770938 0.799999
      vertex 119.518 -1.14119 3
      vertex 119.518 -1.14119 0.799999
    endloop
  endfacet
  facet normal 0.998098 0.0616533 0
    outer loop
      vertex 119.324 -0.388533 3
      vertex 119.3 0 0.799999
      vertex 119.3 0 3
    endloop
  endfacet
  facet normal 0.998098 0.0616533 0
    outer loop
      vertex 119.3 0 0.799999
      vertex 119.324 -0.388533 3
      vertex 119.324 -0.388533 0.799999
    endloop
  endfacet
  facet normal -0.684269 0.72923 0
    outer loop
      vertex 124.66 -2.1221 0.799999
      vertex 124.376 -2.38859 3
      vertex 124.66 -2.1221 3
    endloop
  endfacet
  facet normal -0.684269 0.72923 0
    outer loop
      vertex 124.376 -2.38859 3
      vertex 124.66 -2.1221 0.799999
      vertex 124.376 -2.38859 0.799999
    endloop
  endfacet
  facet normal -0.481899 0.876227 0
    outer loop
      vertex 124.061 -2.61742 0.799999
      vertex 123.72 -2.80496 3
      vertex 124.061 -2.61742 3
    endloop
  endfacet
  facet normal -0.481899 0.876227 0
    outer loop
      vertex 123.72 -2.80496 3
      vertex 124.061 -2.61742 0.799999
      vertex 123.72 -2.80496 0.799999
    endloop
  endfacet
  facet normal -0.905575 0.424187 0
    outer loop
      vertex 125.117 -1.49344 0.799999
      vertex 125.282 -1.14119 3
      vertex 125.282 -1.14119 0.799999
    endloop
  endfacet
  facet normal -0.905575 0.424187 0
    outer loop
      vertex 125.282 -1.14119 3
      vertex 125.117 -1.49344 0.799999
      vertex 125.117 -1.49344 3
    endloop
  endfacet
  facet normal -0.843855 0.536571 0
    outer loop
      vertex 124.908 -1.82213 0.799999
      vertex 125.117 -1.49344 3
      vertex 125.117 -1.49344 0.799999
    endloop
  endfacet
  facet normal -0.843855 0.536571 0
    outer loop
      vertex 125.117 -1.49344 3
      vertex 124.908 -1.82213 0.799999
      vertex 124.908 -1.82213 3
    endloop
  endfacet
  facet normal 0.248745 0.968569 -0
    outer loop
      vertex 121.819 -3.04509 0.799999
      vertex 121.442 -2.94827 3
      vertex 121.819 -3.04509 3
    endloop
  endfacet
  facet normal 0.248745 0.968569 0
    outer loop
      vertex 121.442 -2.94827 3
      vertex 121.819 -3.04509 0.799999
      vertex 121.442 -2.94827 0.799999
    endloop
  endfacet
  facet normal 0.770711 0.637185 0
    outer loop
      vertex 120.14 -2.1221 3
      vertex 119.892 -1.82213 0.799999
      vertex 119.892 -1.82213 3
    endloop
  endfacet
  facet normal 0.770711 0.637185 0
    outer loop
      vertex 119.892 -1.82213 0.799999
      vertex 120.14 -2.1221 3
      vertex 120.14 -2.1221 0.799999
    endloop
  endfacet
  facet normal 0.684269 0.72923 -0
    outer loop
      vertex 120.424 -2.38859 0.799999
      vertex 120.14 -2.1221 3
      vertex 120.424 -2.38859 3
    endloop
  endfacet
  facet normal 0.684269 0.72923 0
    outer loop
      vertex 120.14 -2.1221 3
      vertex 120.424 -2.38859 0.799999
      vertex 120.14 -2.1221 0.799999
    endloop
  endfacet
  facet normal 0.905575 0.424187 0
    outer loop
      vertex 119.683 -1.49344 3
      vertex 119.518 -1.14119 0.799999
      vertex 119.518 -1.14119 3
    endloop
  endfacet
  facet normal 0.905575 0.424187 0
    outer loop
      vertex 119.518 -1.14119 0.799999
      vertex 119.683 -1.49344 3
      vertex 119.683 -1.49344 0.799999
    endloop
  endfacet
  facet normal 0.982262 0.187511 0
    outer loop
      vertex 119.397 -0.770938 3
      vertex 119.324 -0.388533 0.799999
      vertex 119.324 -0.388533 3
    endloop
  endfacet
  facet normal 0.982262 0.187511 0
    outer loop
      vertex 119.324 -0.388533 0.799999
      vertex 119.397 -0.770938 3
      vertex 119.397 -0.770938 0.799999
    endloop
  endfacet
  facet normal -0.248745 0.968569 0
    outer loop
      vertex 123.358 -2.94827 0.799999
      vertex 122.981 -3.04509 3
      vertex 123.358 -2.94827 3
    endloop
  endfacet
  facet normal -0.248745 0.968569 0
    outer loop
      vertex 122.981 -3.04509 3
      vertex 123.358 -2.94827 0.799999
      vertex 122.981 -3.04509 0.799999
    endloop
  endfacet
  facet normal -0.125401 0.992106 0
    outer loop
      vertex 122.981 -3.04509 0.799999
      vertex 122.595 -3.09388 3
      vertex 122.981 -3.04509 3
    endloop
  endfacet
  facet normal -0.125401 0.992106 0
    outer loop
      vertex 122.595 -3.09388 3
      vertex 122.981 -3.04509 0.799999
      vertex 122.595 -3.09388 0.799999
    endloop
  endfacet
  facet normal 0.587733 0.809055 -0
    outer loop
      vertex 120.739 -2.61742 0.799999
      vertex 120.424 -2.38859 3
      vertex 120.739 -2.61742 3
    endloop
  endfacet
  facet normal 0.587733 0.809055 0
    outer loop
      vertex 120.424 -2.38859 3
      vertex 120.739 -2.61742 0.799999
      vertex 120.424 -2.38859 0.799999
    endloop
  endfacet
  facet normal 0.125401 0.992106 -0
    outer loop
      vertex 122.205 -3.09388 0.799999
      vertex 121.819 -3.04509 3
      vertex 122.205 -3.09388 3
    endloop
  endfacet
  facet normal 0.125401 0.992106 0
    outer loop
      vertex 121.819 -3.04509 3
      vertex 122.205 -3.09388 0.799999
      vertex 121.819 -3.04509 0.799999
    endloop
  endfacet
  facet normal 0.843855 0.536571 0
    outer loop
      vertex 119.892 -1.82213 3
      vertex 119.683 -1.49344 0.799999
      vertex 119.683 -1.49344 3
    endloop
  endfacet
  facet normal 0.843855 0.536571 0
    outer loop
      vertex 119.683 -1.49344 0.799999
      vertex 119.892 -1.82213 3
      vertex 119.892 -1.82213 0.799999
    endloop
  endfacet
  facet normal 0.368089 0.92979 -0
    outer loop
      vertex 121.442 -2.94827 0.799999
      vertex 121.08 -2.80496 3
      vertex 121.442 -2.94827 3
    endloop
  endfacet
  facet normal 0.368089 0.92979 0
    outer loop
      vertex 121.08 -2.80496 3
      vertex 121.442 -2.94827 0.799999
      vertex 121.08 -2.80496 0.799999
    endloop
  endfacet
  facet normal 0.481899 0.876227 -0
    outer loop
      vertex 121.08 -2.80496 0.799999
      vertex 120.739 -2.61742 3
      vertex 121.08 -2.80496 3
    endloop
  endfacet
  facet normal 0.481899 0.876227 0
    outer loop
      vertex 120.739 -2.61742 3
      vertex 121.08 -2.80496 0.799999
      vertex 120.739 -2.61742 0.799999
    endloop
  endfacet
  facet normal 0 1 -0
    outer loop
      vertex 174.506 15.706 0
      vertex 161.494 15.706 3.84
      vertex 174.506 15.706 3.84
    endloop
  endfacet
  facet normal 0 1 0
    outer loop
      vertex 161.494 15.706 3.84
      vertex 174.506 15.706 0
      vertex 161.494 15.706 0
    endloop
  endfacet
  facet normal 0.707121 0.707092 0
    outer loop
      vertex 183.706 6.50562 3.84
      vertex 174.506 15.706 0
      vertex 174.506 15.706 3.84
    endloop
  endfacet
  facet normal 0.707121 0.707092 0
    outer loop
      vertex 174.506 15.706 0
      vertex 183.706 6.50562 3.84
      vertex 183.706 6.50562 0
    endloop
  endfacet
  facet normal 1 -0 0
    outer loop
      vertex 183.706 -6.50562 3.84
      vertex 183.706 6.50562 0
      vertex 183.706 6.50562 3.84
    endloop
  endfacet
  facet normal 1 0 0
    outer loop
      vertex 183.706 6.50562 0
      vertex 183.706 -6.50562 3.84
      vertex 183.706 -6.50562 0
    endloop
  endfacet
  facet normal -0.707121 -0.707092 0
    outer loop
      vertex 161.494 -15.706 0
      vertex 152.294 -6.50562 3.84
      vertex 152.294 -6.50562 0
    endloop
  endfacet
  facet normal -0.707121 -0.707092 0
    outer loop
      vertex 152.294 -6.50562 3.84
      vertex 161.494 -15.706 0
      vertex 161.494 -15.706 3.84
    endloop
  endfacet
  facet normal 0.707121 -0.707092 0
    outer loop
      vertex 174.506 -15.706 3.84
      vertex 183.706 -6.50562 0
      vertex 183.706 -6.50562 3.84
    endloop
  endfacet
  facet normal 0.707121 -0.707092 0
    outer loop
      vertex 183.706 -6.50562 0
      vertex 174.506 -15.706 3.84
      vertex 174.506 -15.706 0
    endloop
  endfacet
  facet normal 0 -1 0
    outer loop
      vertex 161.494 -15.706 0
      vertex 174.506 -15.706 3.84
      vertex 161.494 -15.706 3.84
    endloop
  endfacet
  facet normal 0 -1 -0
    outer loop
      vertex 174.506 -15.706 3.84
      vertex 161.494 -15.706 0
      vertex 174.506 -15.706 0
    endloop
  endfacet
  facet normal -1 0 0
    outer loop
      vertex 152.294 -6.50562 0
      vertex 152.294 6.50562 3.84
      vertex 152.294 6.50562 0
    endloop
  endfacet
  facet normal -1 -0 0
    outer loop
      vertex 152.294 6.50562 3.84
      vertex 152.294 -6.50562 0
      vertex 152.294 -6.50562 3.84
    endloop
  endfacet
  facet normal -0.707121 0.707092 0
    outer loop
      vertex 152.294 6.50562 0
      vertex 161.494 15.706 3.84
      vertex 161.494 15.706 0
    endloop
  endfacet
  facet normal -0.707121 0.707092 0
    outer loop
      vertex 161.494 15.706 3.84
      vertex 152.294 6.50562 0
      vertex 152.294 6.50562 3.84
    endloop
  endfacet
  facet normal 0.42005 0.420033 0.804444
    outer loop
      vertex 174.506 15.706 3.84
      vertex 182.135 5.85506 5
      vertex 183.706 6.50562 3.84
    endloop
  endfacet
  facet normal 0.42005 0.420033 0.804444
    outer loop
      vertex 182.135 5.85506 5
      vertex 174.506 15.706 3.84
      vertex 173.855 14.1354 5
    endloop
  endfacet
  facet normal -0.42005 0.420033 0.804444
    outer loop
      vertex 161.494 15.706 3.84
      vertex 153.865 5.85506 5
      vertex 162.145 14.1354 5
    endloop
  endfacet
  facet normal -0.42005 0.420033 0.804444
    outer loop
      vertex 153.865 5.85506 5
      vertex 161.494 15.706 3.84
      vertex 152.294 6.50562 3.84
    endloop
  endfacet
  facet normal -0.42005 -0.420033 0.804444
    outer loop
      vertex 153.865 -5.85506 5
      vertex 161.494 -15.706 3.84
      vertex 162.145 -14.1354 5
    endloop
  endfacet
  facet normal -0.42005 -0.420033 0.804444
    outer loop
      vertex 161.494 -15.706 3.84
      vertex 153.865 -5.85506 5
      vertex 152.294 -6.50562 3.84
    endloop
  endfacet
  facet normal 0.594002 0 0.804463
    outer loop
      vertex 182.135 5.85506 5
      vertex 183.706 -6.50562 3.84
      vertex 183.706 6.50562 3.84
    endloop
  endfacet
  facet normal 0.594002 0 0.804463
    outer loop
      vertex 183.706 -6.50562 3.84
      vertex 182.135 5.85506 5
      vertex 182.135 -5.85506 5
    endloop
  endfacet
  facet normal 0.42005 -0.420033 0.804444
    outer loop
      vertex 182.135 -5.85506 5
      vertex 174.506 -15.706 3.84
      vertex 183.706 -6.50562 3.84
    endloop
  endfacet
  facet normal 0.42005 -0.420033 0.804444
    outer loop
      vertex 174.506 -15.706 3.84
      vertex 182.135 -5.85506 5
      vertex 173.855 -14.1354 5
    endloop
  endfacet
  facet normal 0 0.5941 0.804391
    outer loop
      vertex 174.506 15.706 3.84
      vertex 162.145 14.1354 5
      vertex 173.855 14.1354 5
    endloop
  endfacet
  facet normal 0 0.5941 0.804391
    outer loop
      vertex 162.145 14.1354 5
      vertex 174.506 15.706 3.84
      vertex 161.494 15.706 3.84
    endloop
  endfacet
  facet normal 0 -0.5941 0.804391
    outer loop
      vertex 162.145 -14.1354 5
      vertex 174.506 -15.706 3.84
      vertex 173.855 -14.1354 5
    endloop
  endfacet
  facet normal 0 -0.5941 0.804391
    outer loop
      vertex 174.506 -15.706 3.84
      vertex 162.145 -14.1354 5
      vertex 161.494 -15.706 3.84
    endloop
  endfacet
  facet normal -0.594002 0 0.804463
    outer loop
      vertex 152.294 6.50562 3.84
      vertex 153.865 -5.85506 5
      vertex 153.865 5.85506 5
    endloop
  endfacet
  facet normal -0.594002 0 0.804463
    outer loop
      vertex 153.865 -5.85506 5
      vertex 152.294 6.50562 3.84
      vertex 152.294 -6.50562 3.84
    endloop
  endfacet
  facet normal 0.707121 0.707092 -0
    outer loop
      vertex 182.135 5.85506 5
      vertex 173.855 14.1354 5.04
      vertex 182.135 5.85506 5.04
    endloop
  endfacet
  facet normal 0.707121 0.707092 0
    outer loop
      vertex 173.855 14.1354 5.04
      vertex 182.135 5.85506 5
      vertex 173.855 14.1354 5
    endloop
  endfacet
  facet normal 0 1 -0
    outer loop
      vertex 173.855 14.1354 5
      vertex 162.145 14.1354 5.04
      vertex 173.855 14.1354 5.04
    endloop
  endfacet
  facet normal 0 1 0
    outer loop
      vertex 162.145 14.1354 5.04
      vertex 173.855 14.1354 5
      vertex 162.145 14.1354 5
    endloop
  endfacet
  facet normal 0.870359 -0 0.492417
    outer loop
      vertex 176.5 -3.52069 15
      vertex 182.135 5.85506 5.04
      vertex 176.5 3.52069 15
    endloop
  endfacet
  facet normal 0.870359 0 0.492417
    outer loop
      vertex 182.135 5.85506 5.04
      vertex 176.5 -3.52069 15
      vertex 182.135 -5.85506 5.04
    endloop
  endfacet
  facet normal -0.615425 0.615425 0.492446
    outer loop
      vertex 162.145 14.1354 5.04
      vertex 159.5 3.52069 15
      vertex 164.479 8.49969 15
    endloop
  endfacet
  facet normal -0.615443 0.615418 0.492433
    outer loop
      vertex 159.5 3.52069 15
      vertex 162.145 14.1354 5.04
      vertex 153.865 5.85506 5.04
    endloop
  endfacet
  facet normal 0 0.870333 0.492464
    outer loop
      vertex 173.855 14.1354 5.04
      vertex 164.479 8.49969 15
      vertex 171.521 8.49969 15
    endloop
  endfacet
  facet normal 0 0.870333 0.492464
    outer loop
      vertex 164.479 8.49969 15
      vertex 173.855 14.1354 5.04
      vertex 162.145 14.1354 5.04
    endloop
  endfacet
  facet normal 1 -0 0
    outer loop
      vertex 182.135 -5.85506 5.04
      vertex 182.135 5.85506 5
      vertex 182.135 5.85506 5.04
    endloop
  endfacet
  facet normal 1 0 0
    outer loop
      vertex 182.135 5.85506 5
      vertex 182.135 -5.85506 5.04
      vertex 182.135 -5.85506 5
    endloop
  endfacet
  facet normal -0.707121 0.707092 0
    outer loop
      vertex 162.145 14.1354 5
      vertex 153.865 5.85506 5.04
      vertex 162.145 14.1354 5.04
    endloop
  endfacet
  facet normal -0.707121 0.707092 0
    outer loop
      vertex 153.865 5.85506 5.04
      vertex 162.145 14.1354 5
      vertex 153.865 5.85506 5
    endloop
  endfacet
  facet normal 0.615443 0.615418 0.492433
    outer loop
      vertex 173.855 14.1354 5.04
      vertex 176.5 3.52069 15
      vertex 182.135 5.85506 5.04
    endloop
  endfacet
  facet normal 0.615425 0.615425 0.492446
    outer loop
      vertex 176.5 3.52069 15
      vertex 173.855 14.1354 5.04
      vertex 171.521 8.49969 15
    endloop
  endfacet
  facet normal 0.615425 -0.615425 0.492446
    outer loop
      vertex 173.855 -14.1354 5.04
      vertex 176.5 -3.52069 15
      vertex 171.521 -8.49969 15
    endloop
  endfacet
  facet normal 0.615443 -0.615418 0.492433
    outer loop
      vertex 176.5 -3.52069 15
      vertex 173.855 -14.1354 5.04
      vertex 182.135 -5.85506 5.04
    endloop
  endfacet
  facet normal 0 -0.870333 0.492464
    outer loop
      vertex 162.145 -14.1354 5.04
      vertex 171.521 -8.49969 15
      vertex 164.479 -8.49969 15
    endloop
  endfacet
  facet normal 0 -0.870333 0.492464
    outer loop
      vertex 171.521 -8.49969 15
      vertex 162.145 -14.1354 5.04
      vertex 173.855 -14.1354 5.04
    endloop
  endfacet
  facet normal -1 0 0
    outer loop
      vertex 153.865 -5.85506 5
      vertex 153.865 5.85506 5.04
      vertex 153.865 5.85506 5
    endloop
  endfacet
  facet normal -1 -0 0
    outer loop
      vertex 153.865 5.85506 5.04
      vertex 153.865 -5.85506 5
      vertex 153.865 -5.85506 5.04
    endloop
  endfacet
  facet normal -0.707121 -0.707092 0
    outer loop
      vertex 153.865 -5.85506 5
      vertex 162.145 -14.1354 5.04
      vertex 153.865 -5.85506 5.04
    endloop
  endfacet
  facet normal -0.707121 -0.707092 -0
    outer loop
      vertex 162.145 -14.1354 5.04
      vertex 153.865 -5.85506 5
      vertex 162.145 -14.1354 5
    endloop
  endfacet
  facet normal -0.615443 -0.615418 0.492433
    outer loop
      vertex 162.145 -14.1354 5.04
      vertex 159.5 -3.52069 15
      vertex 153.865 -5.85506 5.04
    endloop
  endfacet
  facet normal -0.615425 -0.615425 0.492446
    outer loop
      vertex 159.5 -3.52069 15
      vertex 162.145 -14.1354 5.04
      vertex 164.479 -8.49969 15
    endloop
  endfacet
  facet normal -0.870359 0 0.492417
    outer loop
      vertex 153.865 5.85506 5.04
      vertex 159.5 -3.52069 15
      vertex 159.5 3.52069 15
    endloop
  endfacet
  facet normal -0.870359 0 0.492417
    outer loop
      vertex 159.5 -3.52069 15
      vertex 153.865 5.85506 5.04
      vertex 153.865 -5.85506 5.04
    endloop
  endfacet
  facet normal 0.707121 -0.707092 0
    outer loop
      vertex 173.855 -14.1354 5
      vertex 182.135 -5.85506 5.04
      vertex 173.855 -14.1354 5.04
    endloop
  endfacet
  facet normal 0.707121 -0.707092 0
    outer loop
      vertex 182.135 -5.85506 5.04
      vertex 173.855 -14.1354 5
      vertex 182.135 -5.85506 5
    endloop
  endfacet
  facet normal 0 -1 0
    outer loop
      vertex 162.145 -14.1354 5
      vertex 173.855 -14.1354 5.04
      vertex 162.145 -14.1354 5.04
    endloop
  endfacet
  facet normal 0 -1 -0
    outer loop
      vertex 173.855 -14.1354 5.04
      vertex 162.145 -14.1354 5
      vertex 173.855 -14.1354 5
    endloop
  endfacet
  facet normal 0.448512 0.775675 -0.444033
    outer loop
      vertex 169.729 2.24613 50.8
      vertex 168 5.64838 54.9969
      vertex 168.215 5.70736 55.3171
    endloop
  endfacet
  facet normal 0.448 0.775794 -0.444341
    outer loop
      vertex 168 5.64838 54.9969
      vertex 169.729 2.24613 50.8
      vertex 168 3.24458 50.8
    endloop
  endfacet
  facet normal 0.500008 0.866016 -0.00293939
    outer loop
      vertex 172.721 3.47421 55.96
      vertex 168.623 5.84053 56.04
      vertex 172.747 3.45947 56.04
    endloop
  endfacet
  facet normal 0.500002 0.866018 -0.003313
    outer loop
      vertex 168.623 5.84053 56.04
      vertex 172.721 3.47421 55.96
      vertex 168.648 5.82579 55.96
    endloop
  endfacet
  facet normal -0.895754 0 -0.444551
    outer loop
      vertex 162.676 -2.39613 55.8692
      vertex 162.676 2.39613 55.8692
      vertex 162.95 2.66707 55.3171
    endloop
  endfacet
  facet normal -0.895858 0.000133311 -0.44434
    outer loop
      vertex 163.108 -2.82419 54.9969
      vertex 162.95 2.66707 55.3171
      vertex 165.19 -0.374614 50.8
    endloop
  endfacet
  facet normal -0.895827 0 -0.444402
    outer loop
      vertex 163.108 -2.82419 54.9969
      vertex 165.19 -0.374614 50.8
      vertex 165.19 -1.62229 50.8
    endloop
  endfacet
  facet normal -0.896107 9.6872e-05 -0.443838
    outer loop
      vertex 162.676 -2.39613 55.8692
      vertex 162.95 2.66707 55.3171
      vertex 163.108 -2.82419 54.9969
    endloop
  endfacet
  facet normal -0.896 -0 -0.444053
    outer loop
      vertex 162.631 2.35158 55.96
      vertex 162.676 -2.39613 55.8692
      vertex 162.631 -2.35158 55.96
    endloop
  endfacet
  facet normal -0.896 -0 -0.444053
    outer loop
      vertex 162.676 2.39613 55.8692
      vertex 162.676 -2.39613 55.8692
      vertex 162.631 2.35158 55.96
    endloop
  endfacet
  facet normal -1 0 0
    outer loop
      vertex 162.631 -2.35158 55.96
      vertex 162.631 2.38105 56.04
      vertex 162.631 2.35158 55.96
    endloop
  endfacet
  facet normal -1 -0 0
    outer loop
      vertex 162.631 2.38105 56.04
      vertex 162.631 -2.35158 55.96
      vertex 162.631 -2.38105 56.04
    endloop
  endfacet
  facet normal 0.447982 0.775917 -0.444146
    outer loop
      vertex 172.892 2.82419 54.9969
      vertex 168.648 5.82579 55.96
      vertex 172.721 3.47421 55.96
    endloop
  endfacet
  facet normal 0.447814 0.7758 -0.444519
    outer loop
      vertex 168.648 5.82579 55.96
      vertex 172.892 2.82419 54.9969
      vertex 168.215 5.70736 55.3171
    endloop
  endfacet
  facet normal 0.447862 0.77586 -0.444365
    outer loop
      vertex 170.81 1.62229 50.8
      vertex 168.215 5.70736 55.3171
      vertex 172.892 2.82419 54.9969
    endloop
  endfacet
  facet normal 0.447755 0.775878 -0.444442
    outer loop
      vertex 168.215 5.70736 55.3171
      vertex 170.81 1.62229 50.8
      vertex 169.729 2.24613 50.8
    endloop
  endfacet
  facet normal 0.447916 -0.775871 -0.444292
    outer loop
      vertex 172.892 -2.82419 54.9969
      vertex 168.648 -5.82579 55.96
      vertex 168 -5.64838 54.9969
    endloop
  endfacet
  facet normal 0.447982 -0.775917 -0.444146
    outer loop
      vertex 168.648 -5.82579 55.96
      vertex 172.892 -2.82419 54.9969
      vertex 172.721 -3.47421 55.96
    endloop
  endfacet
  facet normal 0.44791 -0.775834 -0.444363
    outer loop
      vertex 170.81 -1.62229 50.8
      vertex 168 -5.64838 54.9969
      vertex 168 -3.24458 50.8
    endloop
  endfacet
  facet normal 0.447896 -0.775835 -0.444375
    outer loop
      vertex 168 -5.64838 54.9969
      vertex 170.81 -1.62229 50.8
      vertex 172.892 -2.82419 54.9969
    endloop
  endfacet
  facet normal 0.896398 0.00188802 -0.443246
    outer loop
      vertex 172.892 -2.82419 54.9969
      vertex 170.81 0.374614 50.8
      vertex 173.05 -2.66707 55.3171
    endloop
  endfacet
  facet normal 0.895827 0 -0.444402
    outer loop
      vertex 170.81 0.374614 50.8
      vertex 172.892 -2.82419 54.9969
      vertex 170.81 -1.62229 50.8
    endloop
  endfacet
  facet normal 0.500008 -0.866015 -0.00331071
    outer loop
      vertex 168.648 -5.82579 55.96
      vertex 172.747 -3.45947 56.04
      vertex 168.623 -5.84053 56.04
    endloop
  endfacet
  facet normal 0.500003 -0.866019 -0.00293703
    outer loop
      vertex 172.747 -3.45947 56.04
      vertex 168.648 -5.82579 55.96
      vertex 172.721 -3.47421 55.96
    endloop
  endfacet
  facet normal -0.447982 -0.775917 -0.444146
    outer loop
      vertex 163.108 -2.82419 54.9969
      vertex 167.352 -5.82579 55.96
      vertex 163.279 -3.47421 55.96
    endloop
  endfacet
  facet normal -0.447814 -0.7758 -0.444519
    outer loop
      vertex 167.352 -5.82579 55.96
      vertex 163.108 -2.82419 54.9969
      vertex 167.785 -5.70736 55.3171
    endloop
  endfacet
  facet normal -0.447862 -0.77586 -0.444365
    outer loop
      vertex 165.19 -1.62229 50.8
      vertex 167.785 -5.70736 55.3171
      vertex 163.108 -2.82419 54.9969
    endloop
  endfacet
  facet normal -0.447755 -0.775878 -0.444442
    outer loop
      vertex 167.785 -5.70736 55.3171
      vertex 165.19 -1.62229 50.8
      vertex 166.271 -2.24613 50.8
    endloop
  endfacet
  facet normal -0.500008 -0.866016 -0.00293939
    outer loop
      vertex 163.279 -3.47421 55.96
      vertex 167.377 -5.84053 56.04
      vertex 163.253 -3.45947 56.04
    endloop
  endfacet
  facet normal -0.500002 -0.866018 -0.003313
    outer loop
      vertex 167.377 -5.84053 56.04
      vertex 163.279 -3.47421 55.96
      vertex 167.352 -5.82579 55.96
    endloop
  endfacet
  facet normal -0.448512 -0.775675 -0.444033
    outer loop
      vertex 166.271 -2.24613 50.8
      vertex 168 -5.64838 54.9969
      vertex 167.785 -5.70736 55.3171
    endloop
  endfacet
  facet normal -0.448 -0.775794 -0.444341
    outer loop
      vertex 168 -5.64838 54.9969
      vertex 166.271 -2.24613 50.8
      vertex 168 -3.24458 50.8
    endloop
  endfacet
  facet normal -0.500008 0.866015 -0.00331071
    outer loop
      vertex 167.352 5.82579 55.96
      vertex 163.253 3.45947 56.04
      vertex 167.377 5.84053 56.04
    endloop
  endfacet
  facet normal -0.500003 0.866019 -0.00293703
    outer loop
      vertex 163.253 3.45947 56.04
      vertex 167.352 5.82579 55.96
      vertex 163.279 3.47421 55.96
    endloop
  endfacet
  facet normal -0.447916 0.775871 -0.444292
    outer loop
      vertex 163.108 2.82419 54.9969
      vertex 167.352 5.82579 55.96
      vertex 168 5.64838 54.9969
    endloop
  endfacet
  facet normal -0.447982 0.775917 -0.444146
    outer loop
      vertex 167.352 5.82579 55.96
      vertex 163.108 2.82419 54.9969
      vertex 163.279 3.47421 55.96
    endloop
  endfacet
  facet normal -0.44791 0.775834 -0.444363
    outer loop
      vertex 165.19 1.62229 50.8
      vertex 168 5.64838 54.9969
      vertex 168 3.24458 50.8
    endloop
  endfacet
  facet normal -0.447896 0.775835 -0.444375
    outer loop
      vertex 168 5.64838 54.9969
      vertex 165.19 1.62229 50.8
      vertex 163.108 2.82419 54.9969
    endloop
  endfacet
  facet normal 1 0 0
    outer loop
      vertex 173.369 2.38105 56.04
      vertex 173.369 -2.35158 55.96
      vertex 173.369 2.35158 55.96
    endloop
  endfacet
  facet normal 1 0 -0
    outer loop
      vertex 173.369 -2.35158 55.96
      vertex 173.369 2.38105 56.04
      vertex 173.369 -2.38105 56.04
    endloop
  endfacet
  facet normal 0.896107 -9.6872e-05 -0.443838
    outer loop
      vertex 173.05 -2.66707 55.3171
      vertex 172.892 2.82419 54.9969
      vertex 173.324 2.39613 55.8692
    endloop
  endfacet
  facet normal 0.896 0 -0.444053
    outer loop
      vertex 173.324 -2.39613 55.8692
      vertex 173.324 2.39613 55.8692
      vertex 173.369 2.35158 55.96
    endloop
  endfacet
  facet normal 0.895827 0 -0.444402
    outer loop
      vertex 172.892 2.82419 54.9969
      vertex 170.81 0.374614 50.8
      vertex 170.81 1.62229 50.8
    endloop
  endfacet
  facet normal 0.896 0 -0.444053
    outer loop
      vertex 173.324 -2.39613 55.8692
      vertex 173.369 2.35158 55.96
      vertex 173.369 -2.35158 55.96
    endloop
  endfacet
  facet normal 0.895754 0 -0.444551
    outer loop
      vertex 173.324 2.39613 55.8692
      vertex 173.324 -2.39613 55.8692
      vertex 173.05 -2.66707 55.3171
    endloop
  endfacet
  facet normal 0.895858 -0.000133311 -0.44434
    outer loop
      vertex 172.892 2.82419 54.9969
      vertex 173.05 -2.66707 55.3171
      vertex 170.81 0.374614 50.8
    endloop
  endfacet
  facet normal -0.895827 0 -0.444402
    outer loop
      vertex 165.19 -0.374614 50.8
      vertex 163.108 2.82419 54.9969
      vertex 165.19 1.62229 50.8
    endloop
  endfacet
  facet normal -0.896398 -0.00188802 -0.443246
    outer loop
      vertex 163.108 2.82419 54.9969
      vertex 165.19 -0.374614 50.8
      vertex 162.95 2.66707 55.3171
    endloop
  endfacet
  facet normal 0.48071 0.832831 0.274428
    outer loop
      vertex 169.386 0.8 70
      vertex 168 5.96943 56.7397
      vertex 168 1.6 70
    endloop
  endfacet
  facet normal 0.483386 0.831539 0.273644
    outer loop
      vertex 168 5.96943 56.7397
      vertex 169.386 0.8 70
      vertex 168.062 5.95649 56.6695
    endloop
  endfacet
  facet normal 0 0 1
    outer loop
      vertex 168 1.6 70
      vertex 169.386 -0.8 70
      vertex 169.386 0.8 70
    endloop
  endfacet
  facet normal 0 0 1
    outer loop
      vertex 168 1.6 70
      vertex 168 -1.6 70
      vertex 169.386 -0.8 70
    endloop
  endfacet
  facet normal -0 0 1
    outer loop
      vertex 166.614 0.8 70
      vertex 168 -1.6 70
      vertex 168 1.6 70
    endloop
  endfacet
  facet normal 0 0 1
    outer loop
      vertex 168 -1.6 70
      vertex 166.614 0.8 70
      vertex 166.614 -0.8 70
    endloop
  endfacet
  facet normal 0.480752 0.832816 0.2744
    outer loop
      vertex 173.17 2.98471 56.7397
      vertex 168.062 5.95649 56.6695
      vertex 169.386 0.8 70
    endloop
  endfacet
  facet normal 0.480821 0.832782 0.274381
    outer loop
      vertex 168.623 5.84053 56.04
      vertex 173.17 2.98471 56.7397
      vertex 172.747 3.45947 56.04
    endloop
  endfacet
  facet normal 0.480664 0.832678 0.274973
    outer loop
      vertex 173.17 2.98471 56.7397
      vertex 168.623 5.84053 56.04
      vertex 168.062 5.95649 56.6695
    endloop
  endfacet
  facet normal 0.961612 -5.35423e-06 0.274414
    outer loop
      vertex 173.19 -2.92413 56.6695
      vertex 173.333 2.49191 56.1685
      vertex 173.17 2.98471 56.7397
    endloop
  endfacet
  facet normal 0.961613 -5.27681e-06 0.274408
    outer loop
      vertex 173.19 -2.92413 56.6695
      vertex 173.17 2.98471 56.7397
      vertex 169.386 0.8 70
    endloop
  endfacet
  facet normal 0.961596 0 0.274468
    outer loop
      vertex 173.333 2.49191 56.1685
      vertex 173.19 -2.92413 56.6695
      vertex 173.333 -2.49191 56.1685
    endloop
  endfacet
  facet normal 0.962925 0 0.269769
    outer loop
      vertex 173.369 2.38105 56.04
      vertex 173.333 -2.49191 56.1685
      vertex 173.369 -2.38105 56.04
    endloop
  endfacet
  facet normal 0.962925 0 0.269769
    outer loop
      vertex 173.333 2.49191 56.1685
      vertex 173.333 -2.49191 56.1685
      vertex 173.369 2.38105 56.04
    endloop
  endfacet
  facet normal -0.48071 0.832831 0.274428
    outer loop
      vertex 168 5.96943 56.7397
      vertex 166.614 0.8 70
      vertex 168 1.6 70
    endloop
  endfacet
  facet normal -0.480785 0.832795 0.274406
    outer loop
      vertex 168 5.96943 56.7397
      vertex 162.83 2.98471 56.7397
      vertex 166.614 0.8 70
    endloop
  endfacet
  facet normal -0.480751 0.832736 0.274644
    outer loop
      vertex 167.377 5.84053 56.04
      vertex 162.83 2.98471 56.7397
      vertex 168 5.96943 56.7397
    endloop
  endfacet
  facet normal -0.480821 0.832782 0.274381
    outer loop
      vertex 162.83 2.98471 56.7397
      vertex 167.377 5.84053 56.04
      vertex 163.253 3.45947 56.04
    endloop
  endfacet
  facet normal 0.961613 0 0.274409
    outer loop
      vertex 173.17 -2.98471 56.7397
      vertex 169.386 0.8 70
      vertex 169.386 -0.8 70
    endloop
  endfacet
  facet normal 0.961642 0.000387537 0.274307
    outer loop
      vertex 169.386 0.8 70
      vertex 173.17 -2.98471 56.7397
      vertex 173.19 -2.92413 56.6695
    endloop
  endfacet
  facet normal 0.48071 -0.832831 0.274428
    outer loop
      vertex 168 -5.96943 56.7397
      vertex 169.386 -0.8 70
      vertex 168 -1.6 70
    endloop
  endfacet
  facet normal 0.480785 -0.832795 0.274406
    outer loop
      vertex 168 -5.96943 56.7397
      vertex 173.17 -2.98471 56.7397
      vertex 169.386 -0.8 70
    endloop
  endfacet
  facet normal 0.480751 -0.832736 0.274644
    outer loop
      vertex 168.623 -5.84053 56.04
      vertex 173.17 -2.98471 56.7397
      vertex 168 -5.96943 56.7397
    endloop
  endfacet
  facet normal 0.480821 -0.832782 0.274381
    outer loop
      vertex 173.17 -2.98471 56.7397
      vertex 168.623 -5.84053 56.04
      vertex 172.747 -3.45947 56.04
    endloop
  endfacet
  facet normal -0.48071 -0.832831 0.274428
    outer loop
      vertex 166.614 -0.8 70
      vertex 168 -5.96943 56.7397
      vertex 168 -1.6 70
    endloop
  endfacet
  facet normal -0.483386 -0.831539 0.273644
    outer loop
      vertex 168 -5.96943 56.7397
      vertex 166.614 -0.8 70
      vertex 167.938 -5.95649 56.6695
    endloop
  endfacet
  facet normal -0.961642 -0.000387537 0.274307
    outer loop
      vertex 166.614 -0.8 70
      vertex 162.83 2.98471 56.7397
      vertex 162.81 2.92413 56.6695
    endloop
  endfacet
  facet normal -0.961613 0 0.274409
    outer loop
      vertex 162.83 2.98471 56.7397
      vertex 166.614 -0.8 70
      vertex 166.614 0.8 70
    endloop
  endfacet
  facet normal -0.961596 0 0.274468
    outer loop
      vertex 162.667 -2.49191 56.1685
      vertex 162.81 2.92413 56.6695
      vertex 162.667 2.49191 56.1685
    endloop
  endfacet
  facet normal -0.962925 0 0.269769
    outer loop
      vertex 162.667 -2.49191 56.1685
      vertex 162.667 2.49191 56.1685
      vertex 162.631 2.38105 56.04
    endloop
  endfacet
  facet normal -0.962925 0 0.269769
    outer loop
      vertex 162.667 -2.49191 56.1685
      vertex 162.631 2.38105 56.04
      vertex 162.631 -2.38105 56.04
    endloop
  endfacet
  facet normal -0.961612 5.35423e-06 0.274414
    outer loop
      vertex 162.81 2.92413 56.6695
      vertex 162.667 -2.49191 56.1685
      vertex 162.83 -2.98471 56.7397
    endloop
  endfacet
  facet normal -0.961613 5.27681e-06 0.274408
    outer loop
      vertex 162.81 2.92413 56.6695
      vertex 162.83 -2.98471 56.7397
      vertex 166.614 -0.8 70
    endloop
  endfacet
  facet normal -0.480752 -0.832816 0.2744
    outer loop
      vertex 162.83 -2.98471 56.7397
      vertex 167.938 -5.95649 56.6695
      vertex 166.614 -0.8 70
    endloop
  endfacet
  facet normal -0.480821 -0.832782 0.274381
    outer loop
      vertex 167.377 -5.84053 56.04
      vertex 162.83 -2.98471 56.7397
      vertex 163.253 -3.45947 56.04
    endloop
  endfacet
  facet normal -0.480664 -0.832678 0.274973
    outer loop
      vertex 162.83 -2.98471 56.7397
      vertex 167.377 -5.84053 56.04
      vertex 167.938 -5.95649 56.6695
    endloop
  endfacet
  facet normal 0.498464 -0.86333 0.0787038
    outer loop
      vertex 175.945 1.82023 50.8
      vertex 174.935 2.38756 63.42
      vertex 173.42 0.362362 50.8
    endloop
  endfacet
  facet normal 0.49823 -0.863467 0.0786912
    outer loop
      vertex 177.424 2.53146 49.24
      vertex 174.935 2.38756 63.42
      vertex 175.945 1.82023 50.8
    endloop
  endfacet
  facet normal 0.509516 -0.856665 0.0807412
    outer loop
      vertex 177.424 2.53146 49.24
      vertex 177.614 2.54833 48.22
      vertex 174.935 2.38756 63.42
    endloop
  endfacet
  facet normal 0.498973 -0.863039 0.0786719
    outer loop
      vertex 177.614 2.54833 48.22
      vertex 177.424 2.53146 49.24
      vertex 177.424 2.43848 48.22
    endloop
  endfacet
  facet normal 0 0 1
    outer loop
      vertex 175.96 6.21243 63.42
      vertex 174.935 2.38756 63.42
      vertex 177.36 3.78756 63.42
    endloop
  endfacet
  facet normal 0 -0 1
    outer loop
      vertex 174.935 2.38756 63.42
      vertex 175.96 6.21243 63.42
      vertex 173.535 4.81244 63.42
    endloop
  endfacet
  facet normal 0.500524 -0.865722 0
    outer loop
      vertex 177.424 2.43848 48.18
      vertex 177.614 2.54833 48.22
      vertex 177.424 2.43848 48.22
    endloop
  endfacet
  facet normal 0.500524 -0.865722 0
    outer loop
      vertex 177.614 2.54833 48.22
      vertex 177.424 2.43848 48.18
      vertex 177.614 2.54833 48.18
    endloop
  endfacet
  facet normal 0.663635 0.748056 -0
    outer loop
      vertex 175.96 6.21243 63.38
      vertex 175.014 7.05167 48.22
      vertex 175.96 6.21243 63.42
    endloop
  endfacet
  facet normal 0.663635 0.748056 0
    outer loop
      vertex 175.014 7.05167 48.22
      vertex 175.96 6.21243 63.38
      vertex 175.014 7.05167 48.18
    endloop
  endfacet
  facet normal -0 0 -1
    outer loop
      vertex 177.614 2.54833 48.18
      vertex 177.424 2.43848 48.18
      vertex 177.424 2.87789 48.18
    endloop
  endfacet
  facet normal 0 0 -1
    outer loop
      vertex 176.023 5.3042 48.18
      vertex 174.546 6.78133 48.18
      vertex 175.014 7.05167 48.18
    endloop
  endfacet
  facet normal 0 0 -1
    outer loop
      vertex 158.576 -2.87789 48.18
      vertex 158.386 -2.54833 48.18
      vertex 158.576 -2.43848 48.18
    endloop
  endfacet
  facet normal 0 0 -1
    outer loop
      vertex 160.986 -7.05167 48.18
      vertex 159.977 -5.3042 48.18
      vertex 161.454 -6.78133 48.18
    endloop
  endfacet
  facet normal 0 0 -1
    outer loop
      vertex 165.4 9.42357 48.18
      vertex 170.6 9.6 48.18
      vertex 170.6 9.42357 48.18
    endloop
  endfacet
  facet normal -0 0 -1
    outer loop
      vertex 170.6 9.6 48.18
      vertex 165.4 9.42357 48.18
      vertex 165.4 9.6 48.18
    endloop
  endfacet
  facet normal 0 0 -1
    outer loop
      vertex 165.4 -9.6 48.18
      vertex 170.6 -9.42357 48.18
      vertex 170.6 -9.6 48.18
    endloop
  endfacet
  facet normal -0 0 -1
    outer loop
      vertex 170.6 -9.42357 48.18
      vertex 165.4 -9.6 48.18
      vertex 165.4 -9.42357 48.18
    endloop
  endfacet
  facet normal -0 0 -1
    outer loop
      vertex 161.454 6.78133 48.18
      vertex 159.977 5.3042 48.18
      vertex 160.986 7.05167 48.18
    endloop
  endfacet
  facet normal 0 0 -1
    outer loop
      vertex 158.576 2.43848 48.18
      vertex 158.386 2.54833 48.18
      vertex 158.576 2.87789 48.18
    endloop
  endfacet
  facet normal 0 0 -1
    outer loop
      vertex 175.014 -7.05167 48.18
      vertex 174.546 -6.78133 48.18
      vertex 176.023 -5.3042 48.18
    endloop
  endfacet
  facet normal -0 0 -1
    outer loop
      vertex 177.614 -2.54833 48.18
      vertex 177.424 -2.87789 48.18
      vertex 177.424 -2.43848 48.18
    endloop
  endfacet
  facet normal -0.498198 0.863483 0.0787115
    outer loop
      vertex 173.535 4.81244 63.42
      vertex 174.605 6.72238 49.24
      vertex 173.369 5.86705 50.8
    endloop
  endfacet
  facet normal -0.498851 0.863115 0.0786126
    outer loop
      vertex 175.014 7.05167 48.22
      vertex 174.605 6.72238 49.24
      vertex 173.535 4.81244 63.42
    endloop
  endfacet
  facet normal -0.498642 0.863225 0.0787323
    outer loop
      vertex 174.605 6.72238 49.24
      vertex 175.014 7.05167 48.22
      vertex 174.546 6.78133 48.22
    endloop
  endfacet
  facet normal -0.498522 0.863297 0.0787002
    outer loop
      vertex 173.535 4.81244 63.42
      vertex 173.369 5.86705 50.8
      vertex 171.024 4.5129 50.8
    endloop
  endfacet
  facet normal 0.865709 0.499866 -0.0261312
    outer loop
      vertex 175.014 7.05167 48.18
      vertex 176.099 5.22799 49.24
      vertex 176.023 5.3042 48.18
    endloop
  endfacet
  facet normal 0.865746 0.499793 -0.0262933
    outer loop
      vertex 177.36 3.78756 63.38
      vertex 176.099 5.22799 49.24
      vertex 175.014 7.05167 48.18
    endloop
  endfacet
  facet normal 0.865778 0.499736 -0.0263021
    outer loop
      vertex 177.36 3.78756 63.38
      vertex 176.983 3.72095 49.7048
      vertex 176.099 5.22799 49.24
    endloop
  endfacet
  facet normal 0.865444 0.500315 -0.0262957
    outer loop
      vertex 177.36 3.78756 63.38
      vertex 177.424 2.93368 49.24
      vertex 176.983 3.72095 49.7048
    endloop
  endfacet
  facet normal 0.866035 0.499292 -0.0262788
    outer loop
      vertex 177.424 2.93368 49.24
      vertex 177.614 2.54833 48.18
      vertex 177.424 2.87789 48.18
    endloop
  endfacet
  facet normal 0.866104 0.499175 -0.0262238
    outer loop
      vertex 177.614 2.54833 48.18
      vertex 177.424 2.93368 49.24
      vertex 177.36 3.78756 63.38
    endloop
  endfacet
  facet normal 0.979634 0.200792 0
    outer loop
      vertex 177.614 2.54833 48.22
      vertex 177.36 3.78756 63.38
      vertex 177.36 3.78756 63.42
    endloop
  endfacet
  facet normal 0.979634 0.200792 0
    outer loop
      vertex 177.36 3.78756 63.38
      vertex 177.614 2.54833 48.22
      vertex 177.614 2.54833 48.18
    endloop
  endfacet
  facet normal 0.866025 0.5 0
    outer loop
      vertex 177.36 3.78756 63.42
      vertex 175.96 6.21243 63.38
      vertex 175.96 6.21243 63.42
    endloop
  endfacet
  facet normal 0.866025 0.5 0
    outer loop
      vertex 175.96 6.21243 63.38
      vertex 177.36 3.78756 63.42
      vertex 177.36 3.78756 63.38
    endloop
  endfacet
  facet normal 0.865726 0.499827 -0.026283
    outer loop
      vertex 177.36 3.78756 63.38
      vertex 175.014 7.05167 48.18
      vertex 175.96 6.21243 63.38
    endloop
  endfacet
  facet normal 0.498429 -0.86335 0.0787164
    outer loop
      vertex 177.36 3.78756 63.42
      vertex 174.935 2.38756 63.42
      vertex 177.614 2.54833 48.22
    endloop
  endfacet
  facet normal -0.851498 -0.492138 0.180972
    outer loop
      vertex 171.024 4.5129 50.8
      vertex 172.892 2.82419 54.9969
      vertex 172.721 3.47421 55.96
    endloop
  endfacet
  facet normal -0.85166 -0.491778 0.181188
    outer loop
      vertex 173.183 0.773952 50.8
      vertex 172.892 2.82419 54.9969
      vertex 171.024 4.5129 50.8
    endloop
  endfacet
  facet normal -0.852033 -0.491239 0.180899
    outer loop
      vertex 172.892 2.82419 54.9969
      vertex 173.183 0.773952 50.8
      vertex 173.324 2.39613 55.8692
    endloop
  endfacet
  facet normal -0.851726 -0.491683 0.181138
    outer loop
      vertex 172.721 3.47421 55.96
      vertex 173.535 4.81244 63.42
      vertex 171.024 4.5129 50.8
    endloop
  endfacet
  facet normal -0.845472 -0.501941 0.182296
    outer loop
      vertex 172.747 3.45947 56.04
      vertex 173.535 4.81244 63.42
      vertex 172.721 3.47421 55.96
    endloop
  endfacet
  facet normal -0.851627 -0.491866 0.181106
    outer loop
      vertex 173.17 2.98471 56.7397
      vertex 173.535 4.81244 63.42
      vertex 172.747 3.45947 56.04
    endloop
  endfacet
  facet normal -0.851803 -0.491585 0.181039
    outer loop
      vertex 173.535 4.81244 63.42
      vertex 173.17 2.98471 56.7397
      vertex 173.333 2.49191 56.1685
    endloop
  endfacet
  facet normal -0.852325 -0.490782 0.180761
    outer loop
      vertex 173.42 0.362362 50.8
      vertex 173.324 2.39613 55.8692
      vertex 173.183 0.773952 50.8
    endloop
  endfacet
  facet normal -0.851709 -0.491733 0.181083
    outer loop
      vertex 173.333 2.49191 56.1685
      vertex 174.935 2.38756 63.42
      vertex 173.535 4.81244 63.42
    endloop
  endfacet
  facet normal -0.85386 -0.487791 0.181615
    outer loop
      vertex 173.369 2.38105 56.04
      vertex 174.935 2.38756 63.42
      vertex 173.333 2.49191 56.1685
    endloop
  endfacet
  facet normal -0.851674 -0.491767 0.181155
    outer loop
      vertex 173.369 2.35158 55.96
      vertex 174.935 2.38756 63.42
      vertex 173.369 2.38105 56.04
    endloop
  endfacet
  facet normal -0.851868 -0.491471 0.181046
    outer loop
      vertex 173.324 2.39613 55.8692
      vertex 173.42 0.362362 50.8
      vertex 173.369 2.35158 55.96
    endloop
  endfacet
  facet normal -0.851682 -0.491752 0.181156
    outer loop
      vertex 173.369 2.35158 55.96
      vertex 173.42 0.362362 50.8
      vertex 174.935 2.38756 63.42
    endloop
  endfacet
  facet normal -0.498427 0.863353 0.078689
    outer loop
      vertex 175.014 7.05167 48.22
      vertex 173.535 4.81244 63.42
      vertex 175.96 6.21243 63.42
    endloop
  endfacet
  facet normal -0.500194 0.865913 0
    outer loop
      vertex 175.014 7.05167 48.18
      vertex 174.546 6.78133 48.22
      vertex 175.014 7.05167 48.22
    endloop
  endfacet
  facet normal -0.500194 0.865913 0
    outer loop
      vertex 174.546 6.78133 48.22
      vertex 175.014 7.05167 48.18
      vertex 174.546 6.78133 48.18
    endloop
  endfacet
  facet normal 1 -0 0
    outer loop
      vertex 170.6 9.42357 48.22
      vertex 170.6 9.6 48.18
      vertex 170.6 9.6 48.22
    endloop
  endfacet
  facet normal 1 0 0
    outer loop
      vertex 170.6 9.6 48.18
      vertex 170.6 9.42357 48.22
      vertex 170.6 9.42357 48.18
    endloop
  endfacet
  facet normal -0 0 1
    outer loop
      vertex 166.6 10 63.42
      vertex 169.4 7.2 63.42
      vertex 169.4 10 63.42
    endloop
  endfacet
  facet normal 0 0 1
    outer loop
      vertex 169.4 7.2 63.42
      vertex 166.6 10 63.42
      vertex 166.6 7.2 63.42
    endloop
  endfacet
  facet normal 0 -0.983453 0.181161
    outer loop
      vertex 166.6 7.2 63.42
      vertex 168 5.96943 56.7397
      vertex 169.4 7.2 63.42
    endloop
  endfacet
  facet normal 1.16377e-05 -0.983453 0.181163
    outer loop
      vertex 166.6 7.2 63.42
      vertex 167.377 5.84053 56.04
      vertex 168 5.96943 56.7397
    endloop
  endfacet
  facet normal 9.40949e-05 -0.983452 0.181172
    outer loop
      vertex 166.6 7.2 63.42
      vertex 167.352 5.82579 55.96
      vertex 167.377 5.84053 56.04
    endloop
  endfacet
  facet normal 3.88183e-06 -0.983453 0.181162
    outer loop
      vertex 167.352 5.82579 55.96
      vertex 165.604 4.87526 50.8
      vertex 168 5.64838 54.9969
    endloop
  endfacet
  facet normal 1.75529e-06 -0.983453 0.181163
    outer loop
      vertex 165.604 4.87526 50.8
      vertex 167.352 5.82579 55.96
      vertex 166.6 7.2 63.42
    endloop
  endfacet
  facet normal -0.000109518 -0.983449 0.181183
    outer loop
      vertex 168.062 5.95649 56.6695
      vertex 169.4 7.2 63.42
      vertex 168 5.96943 56.7397
    endloop
  endfacet
  facet normal 3.3247e-07 -0.983453 0.181162
    outer loop
      vertex 168.623 5.84053 56.04
      vertex 169.4 7.2 63.42
      vertex 168.062 5.95649 56.6695
    endloop
  endfacet
  facet normal -9.40949e-05 -0.983452 0.181172
    outer loop
      vertex 168.648 5.82579 55.96
      vertex 169.4 7.2 63.42
      vertex 168.623 5.84053 56.04
    endloop
  endfacet
  facet normal -1.16999e-05 -0.983454 0.181158
    outer loop
      vertex 170.396 4.87526 50.8
      vertex 168.215 5.70736 55.3171
      vertex 168 5.64838 54.9969
    endloop
  endfacet
  facet normal 0 -0.983453 0.181164
    outer loop
      vertex 170.396 4.87526 50.8
      vertex 168 5.64838 54.9969
      vertex 165.604 4.87526 50.8
    endloop
  endfacet
  facet normal -1.75529e-06 -0.983453 0.181163
    outer loop
      vertex 168.648 5.82579 55.96
      vertex 170.396 4.87526 50.8
      vertex 169.4 7.2 63.42
    endloop
  endfacet
  facet normal 8.97038e-07 -0.983453 0.181163
    outer loop
      vertex 168.215 5.70736 55.3171
      vertex 170.396 4.87526 50.8
      vertex 168.648 5.82579 55.96
    endloop
  endfacet
  facet normal 0.316228 0.948683 0
    outer loop
      vertex 170.6 9.6 48.22
      vertex 169.4 10 63.38
      vertex 169.4 10 63.42
    endloop
  endfacet
  facet normal 0.316228 0.948683 0
    outer loop
      vertex 169.4 10 63.38
      vertex 170.6 9.6 48.22
      vertex 170.6 9.6 48.18
    endloop
  endfacet
  facet normal -0.996862 0 0.0791625
    outer loop
      vertex 165.481 9.42357 49.24
      vertex 165.4 9.6 48.22
      vertex 165.4 9.42357 48.22
    endloop
  endfacet
  facet normal -0.996891 -0.00232305 0.078763
    outer loop
      vertex 165.4 9.6 48.22
      vertex 165.481 9.42357 49.24
      vertex 166.6 10 63.42
    endloop
  endfacet
  facet normal -0.996901 6.84051e-05 0.0786666
    outer loop
      vertex 165.604 7.94536 50.8
      vertex 166.6 10 63.42
      vertex 165.481 9.42357 49.24
    endloop
  endfacet
  facet normal -0.9969 0 0.0786777
    outer loop
      vertex 165.604 7.94536 50.8
      vertex 166.6 7.2 63.42
      vertex 166.6 10 63.42
    endloop
  endfacet
  facet normal -0.9969 0 0.0786777
    outer loop
      vertex 166.6 7.2 63.42
      vertex 165.604 7.94536 50.8
      vertex 165.604 4.87526 50.8
    endloop
  endfacet
  facet normal 0.996891 -0.00232305 0.078763
    outer loop
      vertex 169.4 10 63.42
      vertex 170.519 9.42357 49.24
      vertex 170.6 9.6 48.22
    endloop
  endfacet
  facet normal 0.996901 6.84051e-05 0.0786666
    outer loop
      vertex 169.4 10 63.42
      vertex 170.396 7.94536 50.8
      vertex 170.519 9.42357 49.24
    endloop
  endfacet
  facet normal 0.9969 -0 0.0786777
    outer loop
      vertex 169.4 7.2 63.42
      vertex 170.396 7.94536 50.8
      vertex 169.4 10 63.42
    endloop
  endfacet
  facet normal 0.9969 0 0.0786777
    outer loop
      vertex 170.396 7.94536 50.8
      vertex 169.4 7.2 63.42
      vertex 170.396 4.87526 50.8
    endloop
  endfacet
  facet normal 0.996862 0 0.0791625
    outer loop
      vertex 170.6 9.6 48.22
      vertex 170.519 9.42357 49.24
      vertex 170.6 9.42357 48.22
    endloop
  endfacet
  facet normal -1 0 0
    outer loop
      vertex 165.4 9.42357 48.18
      vertex 165.4 9.6 48.22
      vertex 165.4 9.6 48.18
    endloop
  endfacet
  facet normal -1 -0 0
    outer loop
      vertex 165.4 9.6 48.22
      vertex 165.4 9.42357 48.18
      vertex 165.4 9.42357 48.22
    endloop
  endfacet
  facet normal 0 0.999654 -0.0263067
    outer loop
      vertex 170.6 9.6 48.18
      vertex 166.6 10 63.38
      vertex 169.4 10 63.38
    endloop
  endfacet
  facet normal 0 0.999654 -0.0263067
    outer loop
      vertex 166.6 10 63.38
      vertex 170.6 9.6 48.18
      vertex 165.4 9.6 48.18
    endloop
  endfacet
  facet normal 0 1 -0
    outer loop
      vertex 169.4 10 63.38
      vertex 166.6 10 63.42
      vertex 169.4 10 63.42
    endloop
  endfacet
  facet normal 0 1 0
    outer loop
      vertex 166.6 10 63.42
      vertex 169.4 10 63.38
      vertex 166.6 10 63.38
    endloop
  endfacet
  facet normal -0.316228 0.948683 0
    outer loop
      vertex 166.6 10 63.38
      vertex 165.4 9.6 48.22
      vertex 166.6 10 63.42
    endloop
  endfacet
  facet normal -0.316228 0.948683 0
    outer loop
      vertex 165.4 9.6 48.22
      vertex 166.6 10 63.38
      vertex 165.4 9.6 48.18
    endloop
  endfacet
  facet normal 0.498522 0.863297 0.0787002
    outer loop
      vertex 162.631 5.86705 50.8
      vertex 162.465 4.81244 63.42
      vertex 164.976 4.5129 50.8
    endloop
  endfacet
  facet normal 0.498198 0.863483 0.0787115
    outer loop
      vertex 161.395 6.72238 49.24
      vertex 162.465 4.81244 63.42
      vertex 162.631 5.86705 50.8
    endloop
  endfacet
  facet normal 0.498851 0.863115 0.0786126
    outer loop
      vertex 161.395 6.72238 49.24
      vertex 160.986 7.05167 48.22
      vertex 162.465 4.81244 63.42
    endloop
  endfacet
  facet normal 0.498642 0.863225 0.0787323
    outer loop
      vertex 160.986 7.05167 48.22
      vertex 161.395 6.72238 49.24
      vertex 161.454 6.78133 48.22
    endloop
  endfacet
  facet normal -0.500524 -0.865722 0
    outer loop
      vertex 158.386 2.54833 48.18
      vertex 158.576 2.43848 48.22
      vertex 158.386 2.54833 48.22
    endloop
  endfacet
  facet normal -0.500524 -0.865722 -0
    outer loop
      vertex 158.576 2.43848 48.22
      vertex 158.386 2.54833 48.18
      vertex 158.576 2.43848 48.18
    endloop
  endfacet
  facet normal -0.979634 0.200792 0
    outer loop
      vertex 158.386 2.54833 48.22
      vertex 158.64 3.78756 63.38
      vertex 158.386 2.54833 48.18
    endloop
  endfacet
  facet normal -0.979634 0.200792 0
    outer loop
      vertex 158.64 3.78756 63.38
      vertex 158.386 2.54833 48.22
      vertex 158.64 3.78756 63.42
    endloop
  endfacet
  facet normal 0.500194 0.865913 -0
    outer loop
      vertex 161.454 6.78133 48.18
      vertex 160.986 7.05167 48.22
      vertex 161.454 6.78133 48.22
    endloop
  endfacet
  facet normal 0.500194 0.865913 0
    outer loop
      vertex 160.986 7.05167 48.22
      vertex 161.454 6.78133 48.18
      vertex 160.986 7.05167 48.18
    endloop
  endfacet
  facet normal 0.851726 -0.491683 0.181138
    outer loop
      vertex 162.465 4.81244 63.42
      vertex 163.279 3.47421 55.96
      vertex 164.976 4.5129 50.8
    endloop
  endfacet
  facet normal 0.845472 -0.501941 0.182296
    outer loop
      vertex 162.465 4.81244 63.42
      vertex 163.253 3.45947 56.04
      vertex 163.279 3.47421 55.96
    endloop
  endfacet
  facet normal 0.851627 -0.491866 0.181106
    outer loop
      vertex 162.465 4.81244 63.42
      vertex 162.83 2.98471 56.7397
      vertex 163.253 3.45947 56.04
    endloop
  endfacet
  facet normal 0.852196 -0.49096 0.180889
    outer loop
      vertex 162.465 4.81244 63.42
      vertex 162.81 2.92413 56.6695
      vertex 162.83 2.98471 56.7397
    endloop
  endfacet
  facet normal 0.851743 -0.49168 0.181067
    outer loop
      vertex 162.81 2.92413 56.6695
      vertex 162.465 4.81244 63.42
      vertex 162.667 2.49191 56.1685
    endloop
  endfacet
  facet normal 0.851498 -0.492138 0.180972
    outer loop
      vertex 163.108 2.82419 54.9969
      vertex 164.976 4.5129 50.8
      vertex 163.279 3.47421 55.96
    endloop
  endfacet
  facet normal 0.852798 -0.490128 0.180303
    outer loop
      vertex 162.817 0.773952 50.8
      vertex 163.108 2.82419 54.9969
      vertex 162.95 2.66707 55.3171
    endloop
  endfacet
  facet normal 0.851524 -0.492032 0.181139
    outer loop
      vertex 162.817 0.773952 50.8
      vertex 162.95 2.66707 55.3171
      vertex 162.676 2.39613 55.8692
    endloop
  endfacet
  facet normal 0.85166 -0.491778 0.181188
    outer loop
      vertex 163.108 2.82419 54.9969
      vertex 162.817 0.773952 50.8
      vertex 164.976 4.5129 50.8
    endloop
  endfacet
  facet normal -0.866025 0.5 0
    outer loop
      vertex 158.64 3.78756 63.38
      vertex 160.04 6.21243 63.42
      vertex 160.04 6.21243 63.38
    endloop
  endfacet
  facet normal -0.866025 0.5 0
    outer loop
      vertex 160.04 6.21243 63.42
      vertex 158.64 3.78756 63.38
      vertex 158.64 3.78756 63.42
    endloop
  endfacet
  facet normal -0.663635 0.748056 0
    outer loop
      vertex 160.986 7.05167 48.22
      vertex 160.04 6.21243 63.38
      vertex 160.04 6.21243 63.42
    endloop
  endfacet
  facet normal -0.663635 0.748056 0
    outer loop
      vertex 160.04 6.21243 63.38
      vertex 160.986 7.05167 48.22
      vertex 160.986 7.05167 48.18
    endloop
  endfacet
  facet normal -0.865726 0.499827 -0.026283
    outer loop
      vertex 160.986 7.05167 48.18
      vertex 158.64 3.78756 63.38
      vertex 160.04 6.21243 63.38
    endloop
  endfacet
  facet normal -0.865709 0.499866 -0.0261312
    outer loop
      vertex 159.901 5.22799 49.24
      vertex 160.986 7.05167 48.18
      vertex 159.977 5.3042 48.18
    endloop
  endfacet
  facet normal -0.865746 0.499793 -0.0262933
    outer loop
      vertex 159.901 5.22799 49.24
      vertex 158.64 3.78756 63.38
      vertex 160.986 7.05167 48.18
    endloop
  endfacet
  facet normal -0.865778 0.499736 -0.0263021
    outer loop
      vertex 159.017 3.72095 49.7048
      vertex 158.64 3.78756 63.38
      vertex 159.901 5.22799 49.24
    endloop
  endfacet
  facet normal -0.865444 0.500315 -0.0262957
    outer loop
      vertex 158.576 2.93368 49.24
      vertex 158.64 3.78756 63.38
      vertex 159.017 3.72095 49.7048
    endloop
  endfacet
  facet normal -0.866104 0.499175 -0.0262238
    outer loop
      vertex 158.576 2.93368 49.24
      vertex 158.386 2.54833 48.18
      vertex 158.64 3.78756 63.38
    endloop
  endfacet
  facet normal -0.866035 0.499292 -0.0262788
    outer loop
      vertex 158.386 2.54833 48.18
      vertex 158.576 2.93368 49.24
      vertex 158.576 2.87789 48.18
    endloop
  endfacet
  facet normal 0 0 1
    outer loop
      vertex 160.04 6.21243 63.42
      vertex 161.065 2.38756 63.42
      vertex 162.465 4.81244 63.42
    endloop
  endfacet
  facet normal 0 0 1
    outer loop
      vertex 161.065 2.38756 63.42
      vertex 160.04 6.21243 63.42
      vertex 158.64 3.78756 63.42
    endloop
  endfacet
  facet normal 0.498427 0.863353 0.078689
    outer loop
      vertex 160.986 7.05167 48.22
      vertex 160.04 6.21243 63.42
      vertex 162.465 4.81244 63.42
    endloop
  endfacet
  facet normal -0.49823 -0.863467 0.0786912
    outer loop
      vertex 161.065 2.38756 63.42
      vertex 158.576 2.53146 49.24
      vertex 160.055 1.82023 50.8
    endloop
  endfacet
  facet normal -0.509516 -0.856665 0.0807412
    outer loop
      vertex 158.386 2.54833 48.22
      vertex 158.576 2.53146 49.24
      vertex 161.065 2.38756 63.42
    endloop
  endfacet
  facet normal -0.498973 -0.863039 0.0786719
    outer loop
      vertex 158.576 2.53146 49.24
      vertex 158.386 2.54833 48.22
      vertex 158.576 2.43848 48.22
    endloop
  endfacet
  facet normal -0.498464 -0.86333 0.0787038
    outer loop
      vertex 161.065 2.38756 63.42
      vertex 160.055 1.82023 50.8
      vertex 162.58 0.362362 50.8
    endloop
  endfacet
  facet normal 0.851709 -0.491733 0.181083
    outer loop
      vertex 161.065 2.38756 63.42
      vertex 162.667 2.49191 56.1685
      vertex 162.465 4.81244 63.42
    endloop
  endfacet
  facet normal 0.85386 -0.487791 0.181615
    outer loop
      vertex 161.065 2.38756 63.42
      vertex 162.631 2.38105 56.04
      vertex 162.667 2.49191 56.1685
    endloop
  endfacet
  facet normal 0.851674 -0.491767 0.181155
    outer loop
      vertex 161.065 2.38756 63.42
      vertex 162.631 2.35158 55.96
      vertex 162.631 2.38105 56.04
    endloop
  endfacet
  facet normal 0.851682 -0.491752 0.181156
    outer loop
      vertex 162.58 0.362362 50.8
      vertex 162.631 2.35158 55.96
      vertex 161.065 2.38756 63.42
    endloop
  endfacet
  facet normal 0.852323 -0.490781 0.180776
    outer loop
      vertex 162.631 2.35158 55.96
      vertex 162.58 0.362362 50.8
      vertex 162.817 0.773952 50.8
    endloop
  endfacet
  facet normal 0.851835 -0.491548 0.180992
    outer loop
      vertex 162.676 2.39613 55.8692
      vertex 162.631 2.35158 55.96
      vertex 162.817 0.773952 50.8
    endloop
  endfacet
  facet normal -0.498429 -0.86335 0.0787164
    outer loop
      vertex 158.64 3.78756 63.42
      vertex 158.386 2.54833 48.22
      vertex 161.065 2.38756 63.42
    endloop
  endfacet
  facet normal -0.498464 0.86333 0.0787038
    outer loop
      vertex 160.055 -1.82023 50.8
      vertex 161.065 -2.38756 63.42
      vertex 162.58 -0.362362 50.8
    endloop
  endfacet
  facet normal -0.49823 0.863467 0.0786912
    outer loop
      vertex 158.576 -2.53146 49.24
      vertex 161.065 -2.38756 63.42
      vertex 160.055 -1.82023 50.8
    endloop
  endfacet
  facet normal -0.509516 0.856665 0.0807412
    outer loop
      vertex 158.576 -2.53146 49.24
      vertex 158.386 -2.54833 48.22
      vertex 161.065 -2.38756 63.42
    endloop
  endfacet
  facet normal -0.498973 0.863039 0.0786719
    outer loop
      vertex 158.386 -2.54833 48.22
      vertex 158.576 -2.53146 49.24
      vertex 158.576 -2.43848 48.22
    endloop
  endfacet
  facet normal -0.663635 -0.748056 0
    outer loop
      vertex 160.04 -6.21243 63.38
      vertex 160.986 -7.05167 48.22
      vertex 160.04 -6.21243 63.42
    endloop
  endfacet
  facet normal -0.663635 -0.748056 -0
    outer loop
      vertex 160.986 -7.05167 48.22
      vertex 160.04 -6.21243 63.38
      vertex 160.986 -7.05167 48.18
    endloop
  endfacet
  facet normal -0.500524 0.865722 0
    outer loop
      vertex 158.576 -2.43848 48.18
      vertex 158.386 -2.54833 48.22
      vertex 158.576 -2.43848 48.22
    endloop
  endfacet
  facet normal -0.500524 0.865722 0
    outer loop
      vertex 158.386 -2.54833 48.22
      vertex 158.576 -2.43848 48.18
      vertex 158.386 -2.54833 48.18
    endloop
  endfacet
  facet normal -0.866025 -0.5 0
    outer loop
      vertex 160.04 -6.21243 63.38
      vertex 158.64 -3.78756 63.42
      vertex 158.64 -3.78756 63.38
    endloop
  endfacet
  facet normal -0.866025 -0.5 0
    outer loop
      vertex 158.64 -3.78756 63.42
      vertex 160.04 -6.21243 63.38
      vertex 160.04 -6.21243 63.42
    endloop
  endfacet
  facet normal 0.498198 -0.863483 0.0787115
    outer loop
      vertex 162.465 -4.81244 63.42
      vertex 161.395 -6.72238 49.24
      vertex 162.631 -5.86705 50.8
    endloop
  endfacet
  facet normal 0.498851 -0.863115 0.0786126
    outer loop
      vertex 160.986 -7.05167 48.22
      vertex 161.395 -6.72238 49.24
      vertex 162.465 -4.81244 63.42
    endloop
  endfacet
  facet normal 0.498642 -0.863225 0.0787323
    outer loop
      vertex 161.395 -6.72238 49.24
      vertex 160.986 -7.05167 48.22
      vertex 161.454 -6.78133 48.22
    endloop
  endfacet
  facet normal 0.498522 -0.863297 0.0787002
    outer loop
      vertex 162.465 -4.81244 63.42
      vertex 162.631 -5.86705 50.8
      vertex 164.976 -4.5129 50.8
    endloop
  endfacet
  facet normal -0.866035 -0.499292 -0.0262788
    outer loop
      vertex 158.576 -2.93368 49.24
      vertex 158.386 -2.54833 48.18
      vertex 158.576 -2.87789 48.18
    endloop
  endfacet
  facet normal -0.866104 -0.499175 -0.0262238
    outer loop
      vertex 158.576 -2.93368 49.24
      vertex 158.64 -3.78756 63.38
      vertex 158.386 -2.54833 48.18
    endloop
  endfacet
  facet normal -0.865444 -0.500315 -0.0262957
    outer loop
      vertex 159.017 -3.72095 49.7048
      vertex 158.64 -3.78756 63.38
      vertex 158.576 -2.93368 49.24
    endloop
  endfacet
  facet normal -0.865778 -0.499736 -0.0263021
    outer loop
      vertex 159.901 -5.22799 49.24
      vertex 158.64 -3.78756 63.38
      vertex 159.017 -3.72095 49.7048
    endloop
  endfacet
  facet normal -0.865746 -0.499793 -0.0262933
    outer loop
      vertex 159.901 -5.22799 49.24
      vertex 160.986 -7.05167 48.18
      vertex 158.64 -3.78756 63.38
    endloop
  endfacet
  facet normal -0.865709 -0.499866 -0.0261312
    outer loop
      vertex 160.986 -7.05167 48.18
      vertex 159.901 -5.22799 49.24
      vertex 159.977 -5.3042 48.18
    endloop
  endfacet
  facet normal -0.979634 -0.200792 0
    outer loop
      vertex 158.64 -3.78756 63.38
      vertex 158.386 -2.54833 48.22
      vertex 158.386 -2.54833 48.18
    endloop
  endfacet
  facet normal -0.979634 -0.200792 0
    outer loop
      vertex 158.386 -2.54833 48.22
      vertex 158.64 -3.78756 63.38
      vertex 158.64 -3.78756 63.42
    endloop
  endfacet
  facet normal -0.865726 -0.499827 -0.026283
    outer loop
      vertex 160.04 -6.21243 63.38
      vertex 158.64 -3.78756 63.38
      vertex 160.986 -7.05167 48.18
    endloop
  endfacet
  facet normal 0 0 1
    outer loop
      vertex 161.065 -2.38756 63.42
      vertex 160.04 -6.21243 63.42
      vertex 162.465 -4.81244 63.42
    endloop
  endfacet
  facet normal 0 -0 1
    outer loop
      vertex 160.04 -6.21243 63.42
      vertex 161.065 -2.38756 63.42
      vertex 158.64 -3.78756 63.42
    endloop
  endfacet
  facet normal -0.498429 0.86335 0.0787164
    outer loop
      vertex 161.065 -2.38756 63.42
      vertex 158.386 -2.54833 48.22
      vertex 158.64 -3.78756 63.42
    endloop
  endfacet
  facet normal 0.845472 0.501941 0.182296
    outer loop
      vertex 162.465 -4.81244 63.42
      vertex 163.279 -3.47421 55.96
      vertex 163.253 -3.45947 56.04
    endloop
  endfacet
  facet normal 0.851726 0.491683 0.181138
    outer loop
      vertex 163.279 -3.47421 55.96
      vertex 162.465 -4.81244 63.42
      vertex 164.976 -4.5129 50.8
    endloop
  endfacet
  facet normal 0.851627 0.491866 0.181106
    outer loop
      vertex 162.83 -2.98471 56.7397
      vertex 162.465 -4.81244 63.42
      vertex 163.253 -3.45947 56.04
    endloop
  endfacet
  facet normal 0.851803 0.491585 0.181039
    outer loop
      vertex 162.465 -4.81244 63.42
      vertex 162.83 -2.98471 56.7397
      vertex 162.667 -2.49191 56.1685
    endloop
  endfacet
  facet normal 0.852033 0.491239 0.180899
    outer loop
      vertex 163.108 -2.82419 54.9969
      vertex 162.817 -0.773952 50.8
      vertex 162.676 -2.39613 55.8692
    endloop
  endfacet
  facet normal 0.851498 0.492138 0.180972
    outer loop
      vertex 164.976 -4.5129 50.8
      vertex 163.108 -2.82419 54.9969
      vertex 163.279 -3.47421 55.96
    endloop
  endfacet
  facet normal 0.85166 0.491778 0.181188
    outer loop
      vertex 163.108 -2.82419 54.9969
      vertex 164.976 -4.5129 50.8
      vertex 162.817 -0.773952 50.8
    endloop
  endfacet
  facet normal 0.851868 0.491471 0.181046
    outer loop
      vertex 162.676 -2.39613 55.8692
      vertex 162.58 -0.362362 50.8
      vertex 162.631 -2.35158 55.96
    endloop
  endfacet
  facet normal 0.851682 0.491752 0.181156
    outer loop
      vertex 161.065 -2.38756 63.42
      vertex 162.631 -2.35158 55.96
      vertex 162.58 -0.362362 50.8
    endloop
  endfacet
  facet normal 0.851674 0.491767 0.181155
    outer loop
      vertex 162.631 -2.35158 55.96
      vertex 161.065 -2.38756 63.42
      vertex 162.631 -2.38105 56.04
    endloop
  endfacet
  facet normal 0.85386 0.487791 0.181615
    outer loop
      vertex 161.065 -2.38756 63.42
      vertex 162.667 -2.49191 56.1685
      vertex 162.631 -2.38105 56.04
    endloop
  endfacet
  facet normal 0.851709 0.491733 0.181083
    outer loop
      vertex 162.667 -2.49191 56.1685
      vertex 161.065 -2.38756 63.42
      vertex 162.465 -4.81244 63.42
    endloop
  endfacet
  facet normal 0.852325 0.490782 0.180761
    outer loop
      vertex 162.58 -0.362362 50.8
      vertex 162.676 -2.39613 55.8692
      vertex 162.817 -0.773952 50.8
    endloop
  endfacet
  facet normal 0.498427 -0.863353 0.078689
    outer loop
      vertex 162.465 -4.81244 63.42
      vertex 160.04 -6.21243 63.42
      vertex 160.986 -7.05167 48.22
    endloop
  endfacet
  facet normal 0.500194 -0.865913 0
    outer loop
      vertex 160.986 -7.05167 48.18
      vertex 161.454 -6.78133 48.22
      vertex 160.986 -7.05167 48.22
    endloop
  endfacet
  facet normal 0.500194 -0.865913 0
    outer loop
      vertex 161.454 -6.78133 48.22
      vertex 160.986 -7.05167 48.18
      vertex 161.454 -6.78133 48.18
    endloop
  endfacet
  facet normal -0.996862 0 0.0791625
    outer loop
      vertex 165.4 -9.42357 48.22
      vertex 165.4 -9.6 48.22
      vertex 165.481 -9.42357 49.24
    endloop
  endfacet
  facet normal -0.9969 0 0.0786777
    outer loop
      vertex 165.604 -7.94536 50.8
      vertex 166.6 -7.2 63.42
      vertex 165.604 -4.87526 50.8
    endloop
  endfacet
  facet normal -0.996901 -6.84051e-05 0.0786666
    outer loop
      vertex 166.6 -10 63.42
      vertex 165.604 -7.94536 50.8
      vertex 165.481 -9.42357 49.24
    endloop
  endfacet
  facet normal -0.996891 0.00232305 0.078763
    outer loop
      vertex 166.6 -10 63.42
      vertex 165.481 -9.42357 49.24
      vertex 165.4 -9.6 48.22
    endloop
  endfacet
  facet normal -0.9969 0 0.0786777
    outer loop
      vertex 165.604 -7.94536 50.8
      vertex 166.6 -10 63.42
      vertex 166.6 -7.2 63.42
    endloop
  endfacet
  facet normal -1 0 0
    outer loop
      vertex 165.4 -9.6 48.18
      vertex 165.4 -9.42357 48.22
      vertex 165.4 -9.42357 48.18
    endloop
  endfacet
  facet normal -1 -0 0
    outer loop
      vertex 165.4 -9.42357 48.22
      vertex 165.4 -9.6 48.18
      vertex 165.4 -9.6 48.22
    endloop
  endfacet
  facet normal 0.9969 0 0.0786777
    outer loop
      vertex 169.4 -7.2 63.42
      vertex 170.396 -7.94536 50.8
      vertex 170.396 -4.87526 50.8
    endloop
  endfacet
  facet normal 0.9969 -0 0.0786777
    outer loop
      vertex 169.4 -10 63.42
      vertex 170.396 -7.94536 50.8
      vertex 169.4 -7.2 63.42
    endloop
  endfacet
  facet normal 0.996862 0 0.0791625
    outer loop
      vertex 170.519 -9.42357 49.24
      vertex 170.6 -9.6 48.22
      vertex 170.6 -9.42357 48.22
    endloop
  endfacet
  facet normal 0.996901 -6.84051e-05 0.0786666
    outer loop
      vertex 170.396 -7.94536 50.8
      vertex 169.4 -10 63.42
      vertex 170.519 -9.42357 49.24
    endloop
  endfacet
  facet normal 0.996891 0.00232305 0.078763
    outer loop
      vertex 170.519 -9.42357 49.24
      vertex 169.4 -10 63.42
      vertex 170.6 -9.6 48.22
    endloop
  endfacet
  facet normal 0 0.983453 0.181161
    outer loop
      vertex 169.4 -7.2 63.42
      vertex 168 -5.96943 56.7397
      vertex 166.6 -7.2 63.42
    endloop
  endfacet
  facet normal -1.16377e-05 0.983453 0.181163
    outer loop
      vertex 169.4 -7.2 63.42
      vertex 168.623 -5.84053 56.04
      vertex 168 -5.96943 56.7397
    endloop
  endfacet
  facet normal -9.40949e-05 0.983452 0.181172
    outer loop
      vertex 169.4 -7.2 63.42
      vertex 168.648 -5.82579 55.96
      vertex 168.623 -5.84053 56.04
    endloop
  endfacet
  facet normal -3.88183e-06 0.983453 0.181162
    outer loop
      vertex 168.648 -5.82579 55.96
      vertex 170.396 -4.87526 50.8
      vertex 168 -5.64838 54.9969
    endloop
  endfacet
  facet normal -1.75529e-06 0.983453 0.181163
    outer loop
      vertex 170.396 -4.87526 50.8
      vertex 168.648 -5.82579 55.96
      vertex 169.4 -7.2 63.42
    endloop
  endfacet
  facet normal 0.000109518 0.983449 0.181183
    outer loop
      vertex 167.938 -5.95649 56.6695
      vertex 166.6 -7.2 63.42
      vertex 168 -5.96943 56.7397
    endloop
  endfacet
  facet normal -3.3247e-07 0.983453 0.181162
    outer loop
      vertex 167.377 -5.84053 56.04
      vertex 166.6 -7.2 63.42
      vertex 167.938 -5.95649 56.6695
    endloop
  endfacet
  facet normal 9.40949e-05 0.983452 0.181172
    outer loop
      vertex 167.352 -5.82579 55.96
      vertex 166.6 -7.2 63.42
      vertex 167.377 -5.84053 56.04
    endloop
  endfacet
  facet normal 1.16999e-05 0.983454 0.181158
    outer loop
      vertex 165.604 -4.87526 50.8
      vertex 167.785 -5.70736 55.3171
      vertex 168 -5.64838 54.9969
    endloop
  endfacet
  facet normal -0 0.983453 0.181164
    outer loop
      vertex 165.604 -4.87526 50.8
      vertex 168 -5.64838 54.9969
      vertex 170.396 -4.87526 50.8
    endloop
  endfacet
  facet normal 1.75529e-06 0.983453 0.181163
    outer loop
      vertex 167.352 -5.82579 55.96
      vertex 165.604 -4.87526 50.8
      vertex 166.6 -7.2 63.42
    endloop
  endfacet
  facet normal -8.97038e-07 0.983453 0.181163
    outer loop
      vertex 167.785 -5.70736 55.3171
      vertex 165.604 -4.87526 50.8
      vertex 167.352 -5.82579 55.96
    endloop
  endfacet
  facet normal -0 0 1
    outer loop
      vertex 166.6 -7.2 63.42
      vertex 169.4 -10 63.42
      vertex 169.4 -7.2 63.42
    endloop
  endfacet
  facet normal 0 0 1
    outer loop
      vertex 169.4 -10 63.42
      vertex 166.6 -7.2 63.42
      vertex 166.6 -10 63.42
    endloop
  endfacet
  facet normal 0 -1 0
    outer loop
      vertex 166.6 -10 63.38
      vertex 169.4 -10 63.42
      vertex 166.6 -10 63.42
    endloop
  endfacet
  facet normal 0 -1 -0
    outer loop
      vertex 169.4 -10 63.42
      vertex 166.6 -10 63.38
      vertex 169.4 -10 63.38
    endloop
  endfacet
  facet normal -0.316228 -0.948683 0
    outer loop
      vertex 165.4 -9.6 48.22
      vertex 166.6 -10 63.38
      vertex 166.6 -10 63.42
    endloop
  endfacet
  facet normal -0.316228 -0.948683 0
    outer loop
      vertex 166.6 -10 63.38
      vertex 165.4 -9.6 48.22
      vertex 165.4 -9.6 48.18
    endloop
  endfacet
  facet normal 1 -0 0
    outer loop
      vertex 170.6 -9.6 48.22
      vertex 170.6 -9.42357 48.18
      vertex 170.6 -9.42357 48.22
    endloop
  endfacet
  facet normal 1 0 0
    outer loop
      vertex 170.6 -9.42357 48.18
      vertex 170.6 -9.6 48.22
      vertex 170.6 -9.6 48.18
    endloop
  endfacet
  facet normal 0 -0.999654 -0.0263067
    outer loop
      vertex 165.4 -9.6 48.18
      vertex 169.4 -10 63.38
      vertex 166.6 -10 63.38
    endloop
  endfacet
  facet normal 0 -0.999654 -0.0263067
    outer loop
      vertex 169.4 -10 63.38
      vertex 165.4 -9.6 48.18
      vertex 170.6 -9.6 48.18
    endloop
  endfacet
  facet normal 0.316228 -0.948683 0
    outer loop
      vertex 169.4 -10 63.38
      vertex 170.6 -9.6 48.22
      vertex 169.4 -10 63.42
    endloop
  endfacet
  facet normal 0.316228 -0.948683 0
    outer loop
      vertex 170.6 -9.6 48.22
      vertex 169.4 -10 63.38
      vertex 170.6 -9.6 48.18
    endloop
  endfacet
  facet normal -0.498522 -0.863297 0.0787002
    outer loop
      vertex 173.369 -5.86705 50.8
      vertex 173.535 -4.81244 63.42
      vertex 171.024 -4.5129 50.8
    endloop
  endfacet
  facet normal -0.498198 -0.863483 0.0787115
    outer loop
      vertex 174.605 -6.72238 49.24
      vertex 173.535 -4.81244 63.42
      vertex 173.369 -5.86705 50.8
    endloop
  endfacet
  facet normal -0.498851 -0.863115 0.0786126
    outer loop
      vertex 174.605 -6.72238 49.24
      vertex 175.014 -7.05167 48.22
      vertex 173.535 -4.81244 63.42
    endloop
  endfacet
  facet normal -0.498642 -0.863225 0.0787323
    outer loop
      vertex 175.014 -7.05167 48.22
      vertex 174.605 -6.72238 49.24
      vertex 174.546 -6.78133 48.22
    endloop
  endfacet
  facet normal 0 0 1
    outer loop
      vertex 174.935 -2.38756 63.42
      vertex 175.96 -6.21243 63.42
      vertex 177.36 -3.78756 63.42
    endloop
  endfacet
  facet normal 0 0 1
    outer loop
      vertex 175.96 -6.21243 63.42
      vertex 174.935 -2.38756 63.42
      vertex 173.535 -4.81244 63.42
    endloop
  endfacet
  facet normal -0.500194 -0.865913 0
    outer loop
      vertex 174.546 -6.78133 48.18
      vertex 175.014 -7.05167 48.22
      vertex 174.546 -6.78133 48.22
    endloop
  endfacet
  facet normal -0.500194 -0.865913 -0
    outer loop
      vertex 175.014 -7.05167 48.22
      vertex 174.546 -6.78133 48.18
      vertex 175.014 -7.05167 48.18
    endloop
  endfacet
  facet normal 0.979634 -0.200792 0
    outer loop
      vertex 177.36 -3.78756 63.38
      vertex 177.614 -2.54833 48.22
      vertex 177.36 -3.78756 63.42
    endloop
  endfacet
  facet normal 0.979634 -0.200792 0
    outer loop
      vertex 177.614 -2.54833 48.22
      vertex 177.36 -3.78756 63.38
      vertex 177.614 -2.54833 48.18
    endloop
  endfacet
  facet normal 0.866025 -0.5 0
    outer loop
      vertex 175.96 -6.21243 63.42
      vertex 177.36 -3.78756 63.38
      vertex 177.36 -3.78756 63.42
    endloop
  endfacet
  facet normal 0.866025 -0.5 0
    outer loop
      vertex 177.36 -3.78756 63.38
      vertex 175.96 -6.21243 63.42
      vertex 175.96 -6.21243 63.38
    endloop
  endfacet
  facet normal -0.851524 0.492032 0.181139
    outer loop
      vertex 173.183 -0.773952 50.8
      vertex 173.05 -2.66707 55.3171
      vertex 173.324 -2.39613 55.8692
    endloop
  endfacet
  facet normal -0.852798 0.490128 0.180303
    outer loop
      vertex 173.183 -0.773952 50.8
      vertex 172.892 -2.82419 54.9969
      vertex 173.05 -2.66707 55.3171
    endloop
  endfacet
  facet normal -0.85166 0.491778 0.181188
    outer loop
      vertex 171.024 -4.5129 50.8
      vertex 172.892 -2.82419 54.9969
      vertex 173.183 -0.773952 50.8
    endloop
  endfacet
  facet normal -0.851498 0.492138 0.180972
    outer loop
      vertex 172.892 -2.82419 54.9969
      vertex 171.024 -4.5129 50.8
      vertex 172.721 -3.47421 55.96
    endloop
  endfacet
  facet normal -0.852196 0.49096 0.180889
    outer loop
      vertex 173.535 -4.81244 63.42
      vertex 173.19 -2.92413 56.6695
      vertex 173.17 -2.98471 56.7397
    endloop
  endfacet
  facet normal -0.851726 0.491683 0.181138
    outer loop
      vertex 173.535 -4.81244 63.42
      vertex 172.721 -3.47421 55.96
      vertex 171.024 -4.5129 50.8
    endloop
  endfacet
  facet normal -0.851743 0.49168 0.181067
    outer loop
      vertex 173.19 -2.92413 56.6695
      vertex 173.535 -4.81244 63.42
      vertex 173.333 -2.49191 56.1685
    endloop
  endfacet
  facet normal -0.851627 0.491866 0.181106
    outer loop
      vertex 172.747 -3.45947 56.04
      vertex 173.535 -4.81244 63.42
      vertex 173.17 -2.98471 56.7397
    endloop
  endfacet
  facet normal -0.845472 0.501941 0.182296
    outer loop
      vertex 172.721 -3.47421 55.96
      vertex 173.535 -4.81244 63.42
      vertex 172.747 -3.45947 56.04
    endloop
  endfacet
  facet normal 0.663635 -0.748056 0
    outer loop
      vertex 175.014 -7.05167 48.22
      vertex 175.96 -6.21243 63.38
      vertex 175.96 -6.21243 63.42
    endloop
  endfacet
  facet normal 0.663635 -0.748056 0
    outer loop
      vertex 175.96 -6.21243 63.38
      vertex 175.014 -7.05167 48.22
      vertex 175.014 -7.05167 48.18
    endloop
  endfacet
  facet normal 0.865726 -0.499827 -0.026283
    outer loop
      vertex 175.96 -6.21243 63.38
      vertex 175.014 -7.05167 48.18
      vertex 177.36 -3.78756 63.38
    endloop
  endfacet
  facet normal 0.866035 -0.499292 -0.0262788
    outer loop
      vertex 177.614 -2.54833 48.18
      vertex 177.424 -2.93368 49.24
      vertex 177.424 -2.87789 48.18
    endloop
  endfacet
  facet normal 0.866104 -0.499175 -0.0262238
    outer loop
      vertex 177.36 -3.78756 63.38
      vertex 177.424 -2.93368 49.24
      vertex 177.614 -2.54833 48.18
    endloop
  endfacet
  facet normal 0.865444 -0.500315 -0.0262957
    outer loop
      vertex 177.36 -3.78756 63.38
      vertex 176.983 -3.72095 49.7048
      vertex 177.424 -2.93368 49.24
    endloop
  endfacet
  facet normal 0.865778 -0.499736 -0.0263021
    outer loop
      vertex 177.36 -3.78756 63.38
      vertex 176.099 -5.22799 49.24
      vertex 176.983 -3.72095 49.7048
    endloop
  endfacet
  facet normal 0.865709 -0.499866 -0.0261312
    outer loop
      vertex 176.099 -5.22799 49.24
      vertex 175.014 -7.05167 48.18
      vertex 176.023 -5.3042 48.18
    endloop
  endfacet
  facet normal 0.865746 -0.499793 -0.0262933
    outer loop
      vertex 175.014 -7.05167 48.18
      vertex 176.099 -5.22799 49.24
      vertex 177.36 -3.78756 63.38
    endloop
  endfacet
  facet normal -0.498427 -0.863353 0.078689
    outer loop
      vertex 175.96 -6.21243 63.42
      vertex 173.535 -4.81244 63.42
      vertex 175.014 -7.05167 48.22
    endloop
  endfacet
  facet normal 0.49823 0.863467 0.0786912
    outer loop
      vertex 174.935 -2.38756 63.42
      vertex 177.424 -2.53146 49.24
      vertex 175.945 -1.82023 50.8
    endloop
  endfacet
  facet normal 0.509516 0.856665 0.0807412
    outer loop
      vertex 177.614 -2.54833 48.22
      vertex 177.424 -2.53146 49.24
      vertex 174.935 -2.38756 63.42
    endloop
  endfacet
  facet normal 0.498973 0.863039 0.0786719
    outer loop
      vertex 177.424 -2.53146 49.24
      vertex 177.614 -2.54833 48.22
      vertex 177.424 -2.43848 48.22
    endloop
  endfacet
  facet normal 0.498464 0.86333 0.0787038
    outer loop
      vertex 174.935 -2.38756 63.42
      vertex 175.945 -1.82023 50.8
      vertex 173.42 -0.362362 50.8
    endloop
  endfacet
  facet normal -0.851868 0.491471 0.181046
    outer loop
      vertex 173.42 -0.362362 50.8
      vertex 173.324 -2.39613 55.8692
      vertex 173.369 -2.35158 55.96
    endloop
  endfacet
  facet normal -0.852325 0.490782 0.180761
    outer loop
      vertex 173.324 -2.39613 55.8692
      vertex 173.42 -0.362362 50.8
      vertex 173.183 -0.773952 50.8
    endloop
  endfacet
  facet normal -0.851674 0.491767 0.181155
    outer loop
      vertex 174.935 -2.38756 63.42
      vertex 173.369 -2.35158 55.96
      vertex 173.369 -2.38105 56.04
    endloop
  endfacet
  facet normal -0.851682 0.491752 0.181156
    outer loop
      vertex 173.369 -2.35158 55.96
      vertex 174.935 -2.38756 63.42
      vertex 173.42 -0.362362 50.8
    endloop
  endfacet
  facet normal -0.85386 0.487791 0.181615
    outer loop
      vertex 173.333 -2.49191 56.1685
      vertex 174.935 -2.38756 63.42
      vertex 173.369 -2.38105 56.04
    endloop
  endfacet
  facet normal -0.851709 0.491733 0.181083
    outer loop
      vertex 174.935 -2.38756 63.42
      vertex 173.333 -2.49191 56.1685
      vertex 173.535 -4.81244 63.42
    endloop
  endfacet
  facet normal 0.498429 0.86335 0.0787164
    outer loop
      vertex 177.614 -2.54833 48.22
      vertex 174.935 -2.38756 63.42
      vertex 177.36 -3.78756 63.42
    endloop
  endfacet
  facet normal 0.500524 0.865722 -0
    outer loop
      vertex 177.614 -2.54833 48.18
      vertex 177.424 -2.43848 48.22
      vertex 177.614 -2.54833 48.22
    endloop
  endfacet
  facet normal 0.500524 0.865722 0
    outer loop
      vertex 177.424 -2.43848 48.22
      vertex 177.614 -2.54833 48.18
      vertex 177.424 -2.43848 48.18
    endloop
  endfacet
  facet normal 0.707107 0.707107 0
    outer loop
      vertex 176.5 3.52069 15.04
      vertex 171.521 8.49969 15
      vertex 171.521 8.49969 15.04
    endloop
  endfacet
  facet normal 0.707107 0.707107 0
    outer loop
      vertex 171.521 8.49969 15
      vertex 176.5 3.52069 15.04
      vertex 176.5 3.52069 15
    endloop
  endfacet
  facet normal 0 1 -0
    outer loop
      vertex 171.521 8.49969 15
      vertex 164.479 8.49969 15.04
      vertex 171.521 8.49969 15.04
    endloop
  endfacet
  facet normal 0 1 0
    outer loop
      vertex 164.479 8.49969 15.04
      vertex 171.521 8.49969 15
      vertex 164.479 8.49969 15
    endloop
  endfacet
  facet normal 0.704375 0.704375 0.087824
    outer loop
      vertex 171.521 8.49969 15.04
      vertex 174.652 2.75532 36
      vertex 176.5 3.52069 15.04
    endloop
  endfacet
  facet normal 0.704338 0.704409 0.0878388
    outer loop
      vertex 174.652 2.75532 36
      vertex 171.521 8.49969 15.04
      vertex 170.755 6.65193 36
    endloop
  endfacet
  facet normal -0.704374 0.704374 0.087837
    outer loop
      vertex 159.5 3.52069 15.04
      vertex 165.245 6.65193 36
      vertex 164.479 8.49969 15.04
    endloop
  endfacet
  facet normal -0.704339 0.70441 0.0878222
    outer loop
      vertex 165.245 6.65193 36
      vertex 159.5 3.52069 15.04
      vertex 161.348 2.75532 36
    endloop
  endfacet
  facet normal -0.996136 0 0.0878272
    outer loop
      vertex 159.5 3.52069 15.04
      vertex 161.348 -2.75532 36
      vertex 161.348 2.75532 36
    endloop
  endfacet
  facet normal -0.996136 0 0.0878272
    outer loop
      vertex 161.348 -2.75532 36
      vertex 159.5 3.52069 15.04
      vertex 159.5 -3.52069 15.04
    endloop
  endfacet
  facet normal -0.707107 -0.707107 0
    outer loop
      vertex 164.479 -8.49969 15
      vertex 159.5 -3.52069 15.04
      vertex 159.5 -3.52069 15
    endloop
  endfacet
  facet normal -0.707107 -0.707107 0
    outer loop
      vertex 159.5 -3.52069 15.04
      vertex 164.479 -8.49969 15
      vertex 164.479 -8.49969 15.04
    endloop
  endfacet
  facet normal 0.704338 -0.704409 0.0878388
    outer loop
      vertex 171.521 -8.49969 15.04
      vertex 174.652 -2.75532 36
      vertex 170.755 -6.65193 36
    endloop
  endfacet
  facet normal 0.704375 -0.704375 0.087824
    outer loop
      vertex 174.652 -2.75532 36
      vertex 171.521 -8.49969 15.04
      vertex 176.5 -3.52069 15.04
    endloop
  endfacet
  facet normal 0 0.996137 0.0878159
    outer loop
      vertex 171.521 8.49969 15.04
      vertex 165.245 6.65193 36
      vertex 170.755 6.65193 36
    endloop
  endfacet
  facet normal 0 0.996137 0.0878159
    outer loop
      vertex 165.245 6.65193 36
      vertex 171.521 8.49969 15.04
      vertex 164.479 8.49969 15.04
    endloop
  endfacet
  facet normal -0.707107 0.707107 0
    outer loop
      vertex 159.5 3.52069 15
      vertex 164.479 8.49969 15.04
      vertex 164.479 8.49969 15
    endloop
  endfacet
  facet normal -0.707107 0.707107 0
    outer loop
      vertex 164.479 8.49969 15.04
      vertex 159.5 3.52069 15
      vertex 159.5 3.52069 15.04
    endloop
  endfacet
  facet normal -0.704375 -0.704375 0.087824
    outer loop
      vertex 164.479 -8.49969 15.04
      vertex 161.348 -2.75532 36
      vertex 159.5 -3.52069 15.04
    endloop
  endfacet
  facet normal -0.704338 -0.704409 0.0878388
    outer loop
      vertex 161.348 -2.75532 36
      vertex 164.479 -8.49969 15.04
      vertex 165.245 -6.65193 36
    endloop
  endfacet
  facet normal 1 -0 0
    outer loop
      vertex 176.5 -3.52069 15.04
      vertex 176.5 3.52069 15
      vertex 176.5 3.52069 15.04
    endloop
  endfacet
  facet normal 1 0 0
    outer loop
      vertex 176.5 3.52069 15
      vertex 176.5 -3.52069 15.04
      vertex 176.5 -3.52069 15
    endloop
  endfacet
  facet normal 0.996136 -0 0.0878272
    outer loop
      vertex 174.652 -2.75532 36
      vertex 176.5 3.52069 15.04
      vertex 174.652 2.75532 36
    endloop
  endfacet
  facet normal 0.996136 0 0.0878272
    outer loop
      vertex 176.5 3.52069 15.04
      vertex 174.652 -2.75532 36
      vertex 176.5 -3.52069 15.04
    endloop
  endfacet
  facet normal 0 -0.996137 0.0878159
    outer loop
      vertex 164.479 -8.49969 15.04
      vertex 170.755 -6.65193 36
      vertex 165.245 -6.65193 36
    endloop
  endfacet
  facet normal 0 -0.996137 0.0878159
    outer loop
      vertex 170.755 -6.65193 36
      vertex 164.479 -8.49969 15.04
      vertex 171.521 -8.49969 15.04
    endloop
  endfacet
  facet normal -1 0 0
    outer loop
      vertex 159.5 -3.52069 15
      vertex 159.5 3.52069 15.04
      vertex 159.5 3.52069 15
    endloop
  endfacet
  facet normal -1 -0 0
    outer loop
      vertex 159.5 3.52069 15.04
      vertex 159.5 -3.52069 15
      vertex 159.5 -3.52069 15.04
    endloop
  endfacet
  facet normal 0.707107 -0.707107 0
    outer loop
      vertex 171.521 -8.49969 15.04
      vertex 176.5 -3.52069 15
      vertex 176.5 -3.52069 15.04
    endloop
  endfacet
  facet normal 0.707107 -0.707107 0
    outer loop
      vertex 176.5 -3.52069 15
      vertex 171.521 -8.49969 15.04
      vertex 171.521 -8.49969 15
    endloop
  endfacet
  facet normal 0 -1 0
    outer loop
      vertex 164.479 -8.49969 15
      vertex 171.521 -8.49969 15.04
      vertex 164.479 -8.49969 15.04
    endloop
  endfacet
  facet normal 0 -1 -0
    outer loop
      vertex 171.521 -8.49969 15.04
      vertex 164.479 -8.49969 15
      vertex 171.521 -8.49969 15
    endloop
  endfacet
  facet normal 0 1 0
    outer loop
      vertex 171.903 9.42357 49.24
      vertex 170.6 9.42357 48.22
      vertex 170.519 9.42357 49.24
    endloop
  endfacet
  facet normal 0 1 0
    outer loop
      vertex 171.903 9.42357 49.24
      vertex 170.6 9.42357 48.18
      vertex 170.6 9.42357 48.22
    endloop
  endfacet
  facet normal 0 1 0
    outer loop
      vertex 170.6 9.42357 48.18
      vertex 171.903 9.42357 43.96
      vertex 165.4 9.42357 48.18
    endloop
  endfacet
  facet normal 0 1 -0
    outer loop
      vertex 171.903 9.42357 43.96
      vertex 170.6 9.42357 48.18
      vertex 171.903 9.42357 49.24
    endloop
  endfacet
  facet normal 0 1 -0
    outer loop
      vertex 165.4 9.42357 48.22
      vertex 164.097 9.42357 49.24
      vertex 165.481 9.42357 49.24
    endloop
  endfacet
  facet normal 0 1 -0
    outer loop
      vertex 165.4 9.42357 48.18
      vertex 164.097 9.42357 49.24
      vertex 165.4 9.42357 48.22
    endloop
  endfacet
  facet normal 0 1 0
    outer loop
      vertex 165.4 9.42357 48.18
      vertex 164.097 9.42357 43.96
      vertex 164.097 9.42357 49.24
    endloop
  endfacet
  facet normal 0 1 0
    outer loop
      vertex 164.097 9.42357 43.96
      vertex 165.4 9.42357 48.18
      vertex 171.903 9.42357 43.96
    endloop
  endfacet
  facet normal 0 0.944388 -0.328832
    outer loop
      vertex 170.755 6.65193 36
      vertex 164.097 9.42357 43.96
      vertex 171.903 9.42357 43.96
    endloop
  endfacet
  facet normal 0 0.944388 -0.328832
    outer loop
      vertex 164.097 9.42357 43.96
      vertex 170.755 6.65193 36
      vertex 165.245 6.65193 36
    endloop
  endfacet
  facet normal -0.667731 -0.667827 -0.32885
    outer loop
      vertex 161.348 -2.75532 36
      vertex 164.097 -9.42357 43.96
      vertex 158.576 -3.90337 43.96
    endloop
  endfacet
  facet normal -0.667749 -0.667816 -0.328835
    outer loop
      vertex 164.097 -9.42357 43.96
      vertex 161.348 -2.75532 36
      vertex 165.245 -6.65193 36
    endloop
  endfacet
  facet normal -0.944375 0 -0.32887
    outer loop
      vertex 161.348 -2.75532 36
      vertex 158.576 3.90337 43.96
      vertex 161.348 2.75532 36
    endloop
  endfacet
  facet normal -0.944375 -0 -0.32887
    outer loop
      vertex 158.576 3.90337 43.96
      vertex 161.348 -2.75532 36
      vertex 158.576 -3.90337 43.96
    endloop
  endfacet
  facet normal 0.707005 0.707208 0.000154649
    outer loop
      vertex 177.424 3.90337 49.24
      vertex 176.023 5.3042 48.18
      vertex 176.099 5.22799 49.24
    endloop
  endfacet
  facet normal 0.707138 0.707076 4.91452e-05
    outer loop
      vertex 176.023 5.3042 48.18
      vertex 177.424 3.90337 43.96
      vertex 174.546 6.78133 48.18
    endloop
  endfacet
  facet normal 0.707064 0.70715 -0
    outer loop
      vertex 177.424 3.90337 43.96
      vertex 176.023 5.3042 48.18
      vertex 177.424 3.90337 49.24
    endloop
  endfacet
  facet normal 0.707001 0.707213 -2.24042e-05
    outer loop
      vertex 174.546 6.78133 48.22
      vertex 171.903 9.42357 49.24
      vertex 174.605 6.72238 49.24
    endloop
  endfacet
  facet normal 0.707005 0.707208 -0
    outer loop
      vertex 174.546 6.78133 48.18
      vertex 171.903 9.42357 49.24
      vertex 174.546 6.78133 48.22
    endloop
  endfacet
  facet normal 0.707056 0.707158 -6.31794e-05
    outer loop
      vertex 171.903 9.42357 43.96
      vertex 174.546 6.78133 48.18
      vertex 177.424 3.90337 43.96
    endloop
  endfacet
  facet normal 0.707005 0.707208 0
    outer loop
      vertex 174.546 6.78133 48.18
      vertex 171.903 9.42357 43.96
      vertex 171.903 9.42357 49.24
    endloop
  endfacet
  facet normal 0.667731 0.667827 -0.32885
    outer loop
      vertex 174.652 2.75532 36
      vertex 171.903 9.42357 43.96
      vertex 177.424 3.90337 43.96
    endloop
  endfacet
  facet normal 0.667749 0.667816 -0.328835
    outer loop
      vertex 171.903 9.42357 43.96
      vertex 174.652 2.75532 36
      vertex 170.755 6.65193 36
    endloop
  endfacet
  facet normal 1 0 0
    outer loop
      vertex 177.424 2.43848 48.22
      vertex 177.424 -2.43848 48.22
      vertex 177.424 2.43848 48.18
    endloop
  endfacet
  facet normal 1 0 0
    outer loop
      vertex 177.424 2.53146 49.24
      vertex 177.424 -2.43848 48.22
      vertex 177.424 2.43848 48.22
    endloop
  endfacet
  facet normal 1 0 -0
    outer loop
      vertex 177.424 -2.43848 48.22
      vertex 177.424 2.53146 49.24
      vertex 177.424 -2.53146 49.24
    endloop
  endfacet
  facet normal 1 0 0
    outer loop
      vertex 177.424 2.87789 48.18
      vertex 177.424 3.90337 49.24
      vertex 177.424 2.93368 49.24
    endloop
  endfacet
  facet normal 1 0 0
    outer loop
      vertex 177.424 3.90337 49.24
      vertex 177.424 2.87789 48.18
      vertex 177.424 3.90337 43.96
    endloop
  endfacet
  facet normal 1 -0 0
    outer loop
      vertex 177.424 2.43848 48.18
      vertex 177.424 3.90337 43.96
      vertex 177.424 2.87789 48.18
    endloop
  endfacet
  facet normal 1 0 0
    outer loop
      vertex 177.424 -2.43848 48.18
      vertex 177.424 2.43848 48.18
      vertex 177.424 -2.43848 48.22
    endloop
  endfacet
  facet normal 1 0 0
    outer loop
      vertex 177.424 2.43848 48.18
      vertex 177.424 -2.43848 48.18
      vertex 177.424 3.90337 43.96
    endloop
  endfacet
  facet normal 1 0 0
    outer loop
      vertex 177.424 -3.90337 43.96
      vertex 177.424 -2.43848 48.18
      vertex 177.424 -2.87789 48.18
    endloop
  endfacet
  facet normal 1 -0 0
    outer loop
      vertex 177.424 -3.90337 49.24
      vertex 177.424 -2.87789 48.18
      vertex 177.424 -2.93368 49.24
    endloop
  endfacet
  facet normal 1 0 0
    outer loop
      vertex 177.424 -2.43848 48.18
      vertex 177.424 -3.90337 43.96
      vertex 177.424 3.90337 43.96
    endloop
  endfacet
  facet normal 1 0 0
    outer loop
      vertex 177.424 -3.90337 43.96
      vertex 177.424 -2.87789 48.18
      vertex 177.424 -3.90337 49.24
    endloop
  endfacet
  facet normal -0.667749 0.667816 -0.328835
    outer loop
      vertex 161.348 2.75532 36
      vertex 164.097 9.42357 43.96
      vertex 165.245 6.65193 36
    endloop
  endfacet
  facet normal -0.667731 0.667827 -0.32885
    outer loop
      vertex 164.097 9.42357 43.96
      vertex 161.348 2.75532 36
      vertex 158.576 3.90337 43.96
    endloop
  endfacet
  facet normal 0.944375 0 -0.32887
    outer loop
      vertex 177.424 3.90337 43.96
      vertex 174.652 -2.75532 36
      vertex 174.652 2.75532 36
    endloop
  endfacet
  facet normal 0.944375 0 -0.32887
    outer loop
      vertex 174.652 -2.75532 36
      vertex 177.424 3.90337 43.96
      vertex 177.424 -3.90337 43.96
    endloop
  endfacet
  facet normal -0.707005 -0.707208 0.000154649
    outer loop
      vertex 158.576 -3.90337 49.24
      vertex 159.977 -5.3042 48.18
      vertex 159.901 -5.22799 49.24
    endloop
  endfacet
  facet normal -0.707138 -0.707076 4.91452e-05
    outer loop
      vertex 159.977 -5.3042 48.18
      vertex 158.576 -3.90337 43.96
      vertex 161.454 -6.78133 48.18
    endloop
  endfacet
  facet normal -0.707064 -0.70715 0
    outer loop
      vertex 158.576 -3.90337 43.96
      vertex 159.977 -5.3042 48.18
      vertex 158.576 -3.90337 49.24
    endloop
  endfacet
  facet normal -0.707001 -0.707213 -2.24042e-05
    outer loop
      vertex 161.454 -6.78133 48.22
      vertex 164.097 -9.42357 49.24
      vertex 161.395 -6.72238 49.24
    endloop
  endfacet
  facet normal -0.707005 -0.707208 0
    outer loop
      vertex 161.454 -6.78133 48.18
      vertex 164.097 -9.42357 49.24
      vertex 161.454 -6.78133 48.22
    endloop
  endfacet
  facet normal -0.707056 -0.707158 -6.31794e-05
    outer loop
      vertex 164.097 -9.42357 43.96
      vertex 161.454 -6.78133 48.18
      vertex 158.576 -3.90337 43.96
    endloop
  endfacet
  facet normal -0.707005 -0.707208 0
    outer loop
      vertex 161.454 -6.78133 48.18
      vertex 164.097 -9.42357 43.96
      vertex 164.097 -9.42357 49.24
    endloop
  endfacet
  facet normal -1 0 0
    outer loop
      vertex 158.576 2.87789 48.18
      vertex 158.576 3.90337 49.24
      vertex 158.576 3.90337 43.96
    endloop
  endfacet
  facet normal -1 -0 0
    outer loop
      vertex 158.576 3.90337 49.24
      vertex 158.576 2.87789 48.18
      vertex 158.576 2.93368 49.24
    endloop
  endfacet
  facet normal -1 0 0
    outer loop
      vertex 158.576 3.90337 43.96
      vertex 158.576 2.43848 48.18
      vertex 158.576 2.87789 48.18
    endloop
  endfacet
  facet normal -1 0 0
    outer loop
      vertex 158.576 2.43848 48.18
      vertex 158.576 -2.43848 48.18
      vertex 158.576 2.43848 48.22
    endloop
  endfacet
  facet normal -1 0 0
    outer loop
      vertex 158.576 3.90337 43.96
      vertex 158.576 -2.43848 48.18
      vertex 158.576 2.43848 48.18
    endloop
  endfacet
  facet normal -1 0 0
    outer loop
      vertex 158.576 -3.90337 43.96
      vertex 158.576 -2.43848 48.18
      vertex 158.576 3.90337 43.96
    endloop
  endfacet
  facet normal -1 -0 0
    outer loop
      vertex 158.576 -2.43848 48.18
      vertex 158.576 -3.90337 43.96
      vertex 158.576 -2.87789 48.18
    endloop
  endfacet
  facet normal -1 0 0
    outer loop
      vertex 158.576 -3.90337 49.24
      vertex 158.576 -2.87789 48.18
      vertex 158.576 -3.90337 43.96
    endloop
  endfacet
  facet normal -1 0 0
    outer loop
      vertex 158.576 -2.87789 48.18
      vertex 158.576 -3.90337 49.24
      vertex 158.576 -2.93368 49.24
    endloop
  endfacet
  facet normal -1 0 0
    outer loop
      vertex 158.576 -2.43848 48.22
      vertex 158.576 2.43848 48.22
      vertex 158.576 -2.43848 48.18
    endloop
  endfacet
  facet normal -1 0 0
    outer loop
      vertex 158.576 2.43848 48.22
      vertex 158.576 -2.43848 48.22
      vertex 158.576 2.53146 49.24
    endloop
  endfacet
  facet normal -1 -0 0
    outer loop
      vertex 158.576 2.53146 49.24
      vertex 158.576 -2.43848 48.22
      vertex 158.576 -2.53146 49.24
    endloop
  endfacet
  facet normal -0.707001 0.707213 -2.24042e-05
    outer loop
      vertex 164.097 9.42357 49.24
      vertex 161.454 6.78133 48.22
      vertex 161.395 6.72238 49.24
    endloop
  endfacet
  facet normal -0.707005 0.707208 0
    outer loop
      vertex 164.097 9.42357 49.24
      vertex 161.454 6.78133 48.18
      vertex 161.454 6.78133 48.22
    endloop
  endfacet
  facet normal -0.707056 0.707158 -6.31794e-05
    outer loop
      vertex 158.576 3.90337 43.96
      vertex 161.454 6.78133 48.18
      vertex 164.097 9.42357 43.96
    endloop
  endfacet
  facet normal -0.707005 0.707208 0
    outer loop
      vertex 164.097 9.42357 43.96
      vertex 161.454 6.78133 48.18
      vertex 164.097 9.42357 49.24
    endloop
  endfacet
  facet normal -0.707005 0.707208 0.000154649
    outer loop
      vertex 159.977 5.3042 48.18
      vertex 158.576 3.90337 49.24
      vertex 159.901 5.22799 49.24
    endloop
  endfacet
  facet normal -0.707138 0.707076 4.91452e-05
    outer loop
      vertex 161.454 6.78133 48.18
      vertex 158.576 3.90337 43.96
      vertex 159.977 5.3042 48.18
    endloop
  endfacet
  facet normal -0.707064 0.70715 0
    outer loop
      vertex 159.977 5.3042 48.18
      vertex 158.576 3.90337 43.96
      vertex 158.576 3.90337 49.24
    endloop
  endfacet
  facet normal 0 -0.944388 -0.328832
    outer loop
      vertex 165.245 -6.65193 36
      vertex 171.903 -9.42357 43.96
      vertex 164.097 -9.42357 43.96
    endloop
  endfacet
  facet normal 0 -0.944388 -0.328832
    outer loop
      vertex 171.903 -9.42357 43.96
      vertex 165.245 -6.65193 36
      vertex 170.755 -6.65193 36
    endloop
  endfacet
  facet normal 0 -1 0
    outer loop
      vertex 164.097 -9.42357 49.24
      vertex 165.4 -9.42357 48.22
      vertex 165.481 -9.42357 49.24
    endloop
  endfacet
  facet normal 0 -1 0
    outer loop
      vertex 164.097 -9.42357 49.24
      vertex 165.4 -9.42357 48.18
      vertex 165.4 -9.42357 48.22
    endloop
  endfacet
  facet normal 0 -1 -0
    outer loop
      vertex 165.4 -9.42357 48.18
      vertex 164.097 -9.42357 43.96
      vertex 170.6 -9.42357 48.18
    endloop
  endfacet
  facet normal 0 -1 0
    outer loop
      vertex 164.097 -9.42357 43.96
      vertex 165.4 -9.42357 48.18
      vertex 164.097 -9.42357 49.24
    endloop
  endfacet
  facet normal 0 -1 0
    outer loop
      vertex 170.6 -9.42357 48.22
      vertex 171.903 -9.42357 49.24
      vertex 170.519 -9.42357 49.24
    endloop
  endfacet
  facet normal 0 -1 0
    outer loop
      vertex 170.6 -9.42357 48.18
      vertex 171.903 -9.42357 49.24
      vertex 170.6 -9.42357 48.22
    endloop
  endfacet
  facet normal 0 -1 0
    outer loop
      vertex 170.6 -9.42357 48.18
      vertex 171.903 -9.42357 43.96
      vertex 171.903 -9.42357 49.24
    endloop
  endfacet
  facet normal 0 -1 0
    outer loop
      vertex 171.903 -9.42357 43.96
      vertex 170.6 -9.42357 48.18
      vertex 164.097 -9.42357 43.96
    endloop
  endfacet
  facet normal 0.707001 -0.707213 -2.24042e-05
    outer loop
      vertex 171.903 -9.42357 49.24
      vertex 174.546 -6.78133 48.22
      vertex 174.605 -6.72238 49.24
    endloop
  endfacet
  facet normal 0.707005 -0.707208 0
    outer loop
      vertex 171.903 -9.42357 49.24
      vertex 174.546 -6.78133 48.18
      vertex 174.546 -6.78133 48.22
    endloop
  endfacet
  facet normal 0.707056 -0.707158 -6.31794e-05
    outer loop
      vertex 177.424 -3.90337 43.96
      vertex 174.546 -6.78133 48.18
      vertex 171.903 -9.42357 43.96
    endloop
  endfacet
  facet normal 0.707005 -0.707208 0
    outer loop
      vertex 171.903 -9.42357 43.96
      vertex 174.546 -6.78133 48.18
      vertex 171.903 -9.42357 49.24
    endloop
  endfacet
  facet normal 0.707005 -0.707208 0.000154649
    outer loop
      vertex 176.023 -5.3042 48.18
      vertex 177.424 -3.90337 49.24
      vertex 176.099 -5.22799 49.24
    endloop
  endfacet
  facet normal 0.707138 -0.707076 4.91452e-05
    outer loop
      vertex 174.546 -6.78133 48.18
      vertex 177.424 -3.90337 43.96
      vertex 176.023 -5.3042 48.18
    endloop
  endfacet
  facet normal 0.707064 -0.70715 0
    outer loop
      vertex 176.023 -5.3042 48.18
      vertex 177.424 -3.90337 43.96
      vertex 177.424 -3.90337 49.24
    endloop
  endfacet
  facet normal 0.667749 -0.667816 -0.328835
    outer loop
      vertex 174.652 -2.75532 36
      vertex 171.903 -9.42357 43.96
      vertex 170.755 -6.65193 36
    endloop
  endfacet
  facet normal 0.667731 -0.667827 -0.32885
    outer loop
      vertex 171.903 -9.42357 43.96
      vertex 174.652 -2.75532 36
      vertex 177.424 -3.90337 43.96
    endloop
  endfacet
  facet normal 0.725436 0 0.68829
    outer loop
      vertex 177.424 -2.93368 49.24
      vertex 176.983 -3.72095 49.7048
      vertex 177.424 -3.90337 49.24
    endloop
  endfacet
  facet normal 0.725436 0 0.68829
    outer loop
      vertex 177.424 3.90337 49.24
      vertex 176.983 3.72095 49.7048
      vertex 177.424 2.93368 49.24
    endloop
  endfacet
  facet normal 0.725696 -0 0.688016
    outer loop
      vertex 175.945 -1.82023 50.8
      vertex 177.424 2.53146 49.24
      vertex 175.945 1.82023 50.8
    endloop
  endfacet
  facet normal 0.725696 0 0.688016
    outer loop
      vertex 177.424 2.53146 49.24
      vertex 175.945 -1.82023 50.8
      vertex 177.424 -2.53146 49.24
    endloop
  endfacet
  facet normal -0.513216 0.51337 0.687793
    outer loop
      vertex 161.395 6.72238 49.24
      vertex 164.709 7.94536 50.8
      vertex 164.097 9.42357 49.24
    endloop
  endfacet
  facet normal -0.513213 0.513137 0.68797
    outer loop
      vertex 164.709 7.94536 50.8
      vertex 161.395 6.72238 49.24
      vertex 162.631 5.86705 50.8
    endloop
  endfacet
  facet normal -0.512998 0.513145 0.688124
    outer loop
      vertex 159.901 5.22799 49.24
      vertex 158.576 3.90337 49.24
      vertex 159.017 3.72095 49.7048
    endloop
  endfacet
  facet normal 0 0.725879 0.687822
    outer loop
      vertex 165.481 9.42357 49.24
      vertex 164.709 7.94536 50.8
      vertex 165.604 7.94536 50.8
    endloop
  endfacet
  facet normal 0 0.725879 0.687822
    outer loop
      vertex 164.709 7.94536 50.8
      vertex 165.481 9.42357 49.24
      vertex 164.097 9.42357 49.24
    endloop
  endfacet
  facet normal -0 0.725879 0.687822
    outer loop
      vertex 170.519 9.42357 49.24
      vertex 171.291 7.94536 50.8
      vertex 171.903 9.42357 49.24
    endloop
  endfacet
  facet normal 0 0.725879 0.687822
    outer loop
      vertex 171.291 7.94536 50.8
      vertex 170.519 9.42357 49.24
      vertex 170.396 7.94536 50.8
    endloop
  endfacet
  facet normal 0.513216 0.51337 0.687793
    outer loop
      vertex 171.291 7.94536 50.8
      vertex 174.605 6.72238 49.24
      vertex 171.903 9.42357 49.24
    endloop
  endfacet
  facet normal 0.513213 0.513137 0.68797
    outer loop
      vertex 174.605 6.72238 49.24
      vertex 171.291 7.94536 50.8
      vertex 173.369 5.86705 50.8
    endloop
  endfacet
  facet normal 0.512998 0.513145 0.688124
    outer loop
      vertex 177.424 3.90337 49.24
      vertex 176.099 5.22799 49.24
      vertex 176.983 3.72095 49.7048
    endloop
  endfacet
  facet normal 0 -0.725879 0.687822
    outer loop
      vertex 170.519 -9.42357 49.24
      vertex 171.291 -7.94536 50.8
      vertex 170.396 -7.94536 50.8
    endloop
  endfacet
  facet normal 0 -0.725879 0.687822
    outer loop
      vertex 171.291 -7.94536 50.8
      vertex 170.519 -9.42357 49.24
      vertex 171.903 -9.42357 49.24
    endloop
  endfacet
  facet normal 0 -0.725879 0.687822
    outer loop
      vertex 165.481 -9.42357 49.24
      vertex 164.709 -7.94536 50.8
      vertex 164.097 -9.42357 49.24
    endloop
  endfacet
  facet normal 0 -0.725879 0.687822
    outer loop
      vertex 164.709 -7.94536 50.8
      vertex 165.481 -9.42357 49.24
      vertex 165.604 -7.94536 50.8
    endloop
  endfacet
  facet normal 0 0 1
    outer loop
      vertex 165.19 -0.374614 50.8
      vertex 162.817 -0.773952 50.8
      vertex 165.19 -1.62229 50.8
    endloop
  endfacet
  facet normal 0 0 1
    outer loop
      vertex 165.19 -1.62229 50.8
      vertex 162.817 -0.773952 50.8
      vertex 164.976 -4.5129 50.8
    endloop
  endfacet
  facet normal -0 0 1
    outer loop
      vertex 162.58 0.362362 50.8
      vertex 162.817 -0.773952 50.8
      vertex 162.817 0.773952 50.8
    endloop
  endfacet
  facet normal 0 0 1
    outer loop
      vertex 162.58 0.362362 50.8
      vertex 162.58 -0.362362 50.8
      vertex 162.817 -0.773952 50.8
    endloop
  endfacet
  facet normal 0 0 1
    outer loop
      vertex 160.055 1.82023 50.8
      vertex 162.58 -0.362362 50.8
      vertex 162.58 0.362362 50.8
    endloop
  endfacet
  facet normal 0 0 1
    outer loop
      vertex 162.58 -0.362362 50.8
      vertex 160.055 1.82023 50.8
      vertex 160.055 -1.82023 50.8
    endloop
  endfacet
  facet normal -0 0 1
    outer loop
      vertex 164.709 7.94536 50.8
      vertex 165.604 4.87526 50.8
      vertex 165.604 7.94536 50.8
    endloop
  endfacet
  facet normal 0 0 1
    outer loop
      vertex 162.817 0.773952 50.8
      vertex 165.19 1.62229 50.8
      vertex 164.976 4.5129 50.8
    endloop
  endfacet
  facet normal 0 0 1
    outer loop
      vertex 165.19 1.62229 50.8
      vertex 162.817 0.773952 50.8
      vertex 165.19 -0.374614 50.8
    endloop
  endfacet
  facet normal 0 0 1
    outer loop
      vertex 165.604 4.87526 50.8
      vertex 164.976 4.5129 50.8
      vertex 165.19 1.62229 50.8
    endloop
  endfacet
  facet normal 0 0 1
    outer loop
      vertex 165.604 4.87526 50.8
      vertex 164.709 7.94536 50.8
      vertex 164.976 4.5129 50.8
    endloop
  endfacet
  facet normal 0 0 1
    outer loop
      vertex 164.976 4.5129 50.8
      vertex 164.709 7.94536 50.8
      vertex 162.631 5.86705 50.8
    endloop
  endfacet
  facet normal -0 0 1
    outer loop
      vertex 168 -3.24458 50.8
      vertex 170.396 -4.87526 50.8
      vertex 170.81 -1.62229 50.8
    endloop
  endfacet
  facet normal 0 0 1
    outer loop
      vertex 165.604 -4.87526 50.8
      vertex 168 -3.24458 50.8
      vertex 166.271 -2.24613 50.8
    endloop
  endfacet
  facet normal 0 0 1
    outer loop
      vertex 168 -3.24458 50.8
      vertex 165.604 -4.87526 50.8
      vertex 170.396 -4.87526 50.8
    endloop
  endfacet
  facet normal 0 0 1
    outer loop
      vertex 164.976 -4.5129 50.8
      vertex 166.271 -2.24613 50.8
      vertex 165.19 -1.62229 50.8
    endloop
  endfacet
  facet normal 0 0 1
    outer loop
      vertex 166.271 -2.24613 50.8
      vertex 164.976 -4.5129 50.8
      vertex 165.604 -4.87526 50.8
    endloop
  endfacet
  facet normal 0 0 1
    outer loop
      vertex 162.817 -0.773952 50.8
      vertex 165.19 -0.374614 50.8
      vertex 162.817 0.773952 50.8
    endloop
  endfacet
  facet normal 0 0 1
    outer loop
      vertex 164.709 -7.94536 50.8
      vertex 165.604 -4.87526 50.8
      vertex 164.976 -4.5129 50.8
    endloop
  endfacet
  facet normal 0 0 1
    outer loop
      vertex 165.604 -4.87526 50.8
      vertex 164.709 -7.94536 50.8
      vertex 165.604 -7.94536 50.8
    endloop
  endfacet
  facet normal 0 -0 1
    outer loop
      vertex 164.709 -7.94536 50.8
      vertex 164.976 -4.5129 50.8
      vertex 162.631 -5.86705 50.8
    endloop
  endfacet
  facet normal 0 0 1
    outer loop
      vertex 171.291 7.94536 50.8
      vertex 171.024 4.5129 50.8
      vertex 173.369 5.86705 50.8
    endloop
  endfacet
  facet normal 0 0 1
    outer loop
      vertex 173.183 0.773952 50.8
      vertex 170.81 0.374614 50.8
      vertex 173.183 -0.773952 50.8
    endloop
  endfacet
  facet normal 0 0 1
    outer loop
      vertex 170.396 4.87526 50.8
      vertex 171.291 7.94536 50.8
      vertex 170.396 7.94536 50.8
    endloop
  endfacet
  facet normal 0 0 1
    outer loop
      vertex 171.291 7.94536 50.8
      vertex 170.396 4.87526 50.8
      vertex 171.024 4.5129 50.8
    endloop
  endfacet
  facet normal 0 0 1
    outer loop
      vertex 169.729 2.24613 50.8
      vertex 171.024 4.5129 50.8
      vertex 170.396 4.87526 50.8
    endloop
  endfacet
  facet normal 0 0 1
    outer loop
      vertex 171.024 4.5129 50.8
      vertex 169.729 2.24613 50.8
      vertex 170.81 1.62229 50.8
    endloop
  endfacet
  facet normal 0 0 1
    outer loop
      vertex 170.396 4.87526 50.8
      vertex 168 3.24458 50.8
      vertex 169.729 2.24613 50.8
    endloop
  endfacet
  facet normal -0 0 1
    outer loop
      vertex 165.604 4.87526 50.8
      vertex 168 3.24458 50.8
      vertex 170.396 4.87526 50.8
    endloop
  endfacet
  facet normal 0 0 1
    outer loop
      vertex 168 3.24458 50.8
      vertex 165.604 4.87526 50.8
      vertex 165.19 1.62229 50.8
    endloop
  endfacet
  facet normal -0 0 1
    outer loop
      vertex 173.42 0.362362 50.8
      vertex 175.945 -1.82023 50.8
      vertex 175.945 1.82023 50.8
    endloop
  endfacet
  facet normal 0 0 1
    outer loop
      vertex 173.42 0.362362 50.8
      vertex 173.42 -0.362362 50.8
      vertex 175.945 -1.82023 50.8
    endloop
  endfacet
  facet normal 0 0 1
    outer loop
      vertex 173.183 0.773952 50.8
      vertex 173.42 -0.362362 50.8
      vertex 173.42 0.362362 50.8
    endloop
  endfacet
  facet normal 0 0 1
    outer loop
      vertex 173.183 0.773952 50.8
      vertex 173.183 -0.773952 50.8
      vertex 173.42 -0.362362 50.8
    endloop
  endfacet
  facet normal -0 0 1
    outer loop
      vertex 170.81 1.62229 50.8
      vertex 173.183 0.773952 50.8
      vertex 171.024 4.5129 50.8
    endloop
  endfacet
  facet normal 0 0 1
    outer loop
      vertex 170.81 0.374614 50.8
      vertex 173.183 0.773952 50.8
      vertex 170.81 1.62229 50.8
    endloop
  endfacet
  facet normal 0 0 1
    outer loop
      vertex 171.024 -4.5129 50.8
      vertex 171.291 -7.94536 50.8
      vertex 173.369 -5.86705 50.8
    endloop
  endfacet
  facet normal 0 0 1
    outer loop
      vertex 170.81 -1.62229 50.8
      vertex 173.183 -0.773952 50.8
      vertex 170.81 0.374614 50.8
    endloop
  endfacet
  facet normal 0 0 1
    outer loop
      vertex 173.183 -0.773952 50.8
      vertex 170.81 -1.62229 50.8
      vertex 171.024 -4.5129 50.8
    endloop
  endfacet
  facet normal 0 0 1
    outer loop
      vertex 170.396 -4.87526 50.8
      vertex 171.024 -4.5129 50.8
      vertex 170.81 -1.62229 50.8
    endloop
  endfacet
  facet normal -0 0 1
    outer loop
      vertex 170.396 -4.87526 50.8
      vertex 171.291 -7.94536 50.8
      vertex 171.024 -4.5129 50.8
    endloop
  endfacet
  facet normal 0 0 1
    outer loop
      vertex 171.291 -7.94536 50.8
      vertex 170.396 -4.87526 50.8
      vertex 170.396 -7.94536 50.8
    endloop
  endfacet
  facet normal 0.512998 -0.513145 0.688124
    outer loop
      vertex 176.983 -3.72095 49.7048
      vertex 176.099 -5.22799 49.24
      vertex 177.424 -3.90337 49.24
    endloop
  endfacet
  facet normal 0.513213 -0.513137 0.68797
    outer loop
      vertex 171.291 -7.94536 50.8
      vertex 174.605 -6.72238 49.24
      vertex 173.369 -5.86705 50.8
    endloop
  endfacet
  facet normal 0.513216 -0.51337 0.687793
    outer loop
      vertex 174.605 -6.72238 49.24
      vertex 171.291 -7.94536 50.8
      vertex 171.903 -9.42357 49.24
    endloop
  endfacet
  facet normal -0.512998 -0.513145 0.688124
    outer loop
      vertex 159.017 -3.72095 49.7048
      vertex 158.576 -3.90337 49.24
      vertex 159.901 -5.22799 49.24
    endloop
  endfacet
  facet normal -0.513213 -0.513137 0.68797
    outer loop
      vertex 161.395 -6.72238 49.24
      vertex 164.709 -7.94536 50.8
      vertex 162.631 -5.86705 50.8
    endloop
  endfacet
  facet normal -0.513216 -0.51337 0.687793
    outer loop
      vertex 164.709 -7.94536 50.8
      vertex 161.395 -6.72238 49.24
      vertex 164.097 -9.42357 49.24
    endloop
  endfacet
  facet normal -0.725436 0 0.68829
    outer loop
      vertex 158.576 -2.93368 49.24
      vertex 158.576 -3.90337 49.24
      vertex 159.017 -3.72095 49.7048
    endloop
  endfacet
  facet normal -0.725436 0 0.68829
    outer loop
      vertex 158.576 3.90337 49.24
      vertex 158.576 2.93368 49.24
      vertex 159.017 3.72095 49.7048
    endloop
  endfacet
  facet normal -0.725696 0 0.688016
    outer loop
      vertex 158.576 2.53146 49.24
      vertex 160.055 -1.82023 50.8
      vertex 160.055 1.82023 50.8
    endloop
  endfacet
  facet normal -0.725696 0 0.688016
    outer loop
      vertex 160.055 -1.82023 50.8
      vertex 158.576 2.53146 49.24
      vertex 158.576 -2.53146 49.24
    endloop
  endfacet
  facet normal -0.998098 -0.0616533 0
    outer loop
      vertex 176.297 0 0.799999
      vertex 176.273 0.388533 3
      vertex 176.273 0.388533 0.799999
    endloop
  endfacet
  facet normal -0.998098 -0.0616533 0
    outer loop
      vertex 176.273 0.388533 3
      vertex 176.297 0 0.799999
      vertex 176.297 0 3
    endloop
  endfacet
  facet normal 0 -1 0
    outer loop
      vertex 173.003 3.09388 0.799999
      vertex 173.392 3.09388 3
      vertex 173.003 3.09388 3
    endloop
  endfacet
  facet normal 0 -1 -0
    outer loop
      vertex 173.392 3.09388 3
      vertex 173.003 3.09388 0.799999
      vertex 173.392 3.09388 0.799999
    endloop
  endfacet
  facet normal -0.684269 -0.72923 0
    outer loop
      vertex 175.173 2.38859 0.799999
      vertex 175.457 2.1221 3
      vertex 175.173 2.38859 3
    endloop
  endfacet
  facet normal -0.684269 -0.72923 -0
    outer loop
      vertex 175.457 2.1221 3
      vertex 175.173 2.38859 0.799999
      vertex 175.457 2.1221 0.799999
    endloop
  endfacet
  facet normal 0.770711 -0.637185 0
    outer loop
      vertex 170.689 1.82213 3
      vertex 170.937 2.1221 0.799999
      vertex 170.937 2.1221 3
    endloop
  endfacet
  facet normal 0.770711 -0.637185 0
    outer loop
      vertex 170.937 2.1221 0.799999
      vertex 170.689 1.82213 3
      vertex 170.689 1.82213 0.799999
    endloop
  endfacet
  facet normal 0.481899 -0.876227 0
    outer loop
      vertex 171.536 2.61742 0.799999
      vertex 171.877 2.80496 3
      vertex 171.536 2.61742 3
    endloop
  endfacet
  facet normal 0.481899 -0.876227 0
    outer loop
      vertex 171.877 2.80496 3
      vertex 171.536 2.61742 0.799999
      vertex 171.877 2.80496 0.799999
    endloop
  endfacet
  facet normal 0.770711 0.637185 0
    outer loop
      vertex 170.937 -2.1221 3
      vertex 170.689 -1.82213 0.799999
      vertex 170.689 -1.82213 3
    endloop
  endfacet
  facet normal 0.770711 0.637185 0
    outer loop
      vertex 170.689 -1.82213 0.799999
      vertex 170.937 -2.1221 3
      vertex 170.937 -2.1221 0.799999
    endloop
  endfacet
  facet normal -0.951284 -0.308315 0
    outer loop
      vertex 176.2 0.770938 0.799999
      vertex 176.08 1.14119 3
      vertex 176.08 1.14119 0.799999
    endloop
  endfacet
  facet normal -0.951284 -0.308315 0
    outer loop
      vertex 176.08 1.14119 3
      vertex 176.2 0.770938 0.799999
      vertex 176.2 0.770938 3
    endloop
  endfacet
  facet normal -0.982262 -0.187511 0
    outer loop
      vertex 176.273 0.388533 0.799999
      vertex 176.2 0.770938 3
      vertex 176.2 0.770938 0.799999
    endloop
  endfacet
  facet normal -0.982262 -0.187511 0
    outer loop
      vertex 176.2 0.770938 3
      vertex 176.273 0.388533 0.799999
      vertex 176.273 0.388533 3
    endloop
  endfacet
  facet normal -0.843855 -0.536571 0
    outer loop
      vertex 175.914 1.49344 0.799999
      vertex 175.705 1.82213 3
      vertex 175.705 1.82213 0.799999
    endloop
  endfacet
  facet normal -0.843855 -0.536571 0
    outer loop
      vertex 175.705 1.82213 3
      vertex 175.914 1.49344 0.799999
      vertex 175.914 1.49344 3
    endloop
  endfacet
  facet normal -0.368089 -0.92979 0
    outer loop
      vertex 174.155 2.94827 0.799999
      vertex 174.517 2.80496 3
      vertex 174.155 2.94827 3
    endloop
  endfacet
  facet normal -0.368089 -0.92979 -0
    outer loop
      vertex 174.517 2.80496 3
      vertex 174.155 2.94827 0.799999
      vertex 174.517 2.80496 0.799999
    endloop
  endfacet
  facet normal -0.125401 -0.992106 0
    outer loop
      vertex 173.392 3.09388 0.799999
      vertex 173.778 3.04509 3
      vertex 173.392 3.09388 3
    endloop
  endfacet
  facet normal -0.125401 -0.992106 -0
    outer loop
      vertex 173.778 3.04509 3
      vertex 173.392 3.09388 0.799999
      vertex 173.778 3.04509 0.799999
    endloop
  endfacet
  facet normal -0.587733 -0.809055 0
    outer loop
      vertex 174.858 2.61742 0.799999
      vertex 175.173 2.38859 3
      vertex 174.858 2.61742 3
    endloop
  endfacet
  facet normal -0.587733 -0.809055 -0
    outer loop
      vertex 175.173 2.38859 3
      vertex 174.858 2.61742 0.799999
      vertex 175.173 2.38859 0.799999
    endloop
  endfacet
  facet normal 0.951284 -0.308315 0
    outer loop
      vertex 170.195 0.770938 3
      vertex 170.315 1.14119 0.799999
      vertex 170.315 1.14119 3
    endloop
  endfacet
  facet normal 0.951284 -0.308315 0
    outer loop
      vertex 170.315 1.14119 0.799999
      vertex 170.195 0.770938 3
      vertex 170.195 0.770938 0.799999
    endloop
  endfacet
  facet normal 0.904586 -0.426292 0
    outer loop
      vertex 170.315 1.14119 3
      vertex 170.481 1.49344 0.799999
      vertex 170.481 1.49344 3
    endloop
  endfacet
  facet normal 0.904586 -0.426292 0
    outer loop
      vertex 170.481 1.49344 0.799999
      vertex 170.315 1.14119 3
      vertex 170.315 1.14119 0.799999
    endloop
  endfacet
  facet normal 0.982262 -0.187511 0
    outer loop
      vertex 170.122 0.388533 3
      vertex 170.195 0.770938 0.799999
      vertex 170.195 0.770938 3
    endloop
  endfacet
  facet normal 0.982262 -0.187511 0
    outer loop
      vertex 170.195 0.770938 0.799999
      vertex 170.122 0.388533 3
      vertex 170.122 0.388533 0.799999
    endloop
  endfacet
  facet normal 0.997936 0.0642118 0
    outer loop
      vertex 170.122 -0.388533 3
      vertex 170.097 0 0.799999
      vertex 170.097 0 3
    endloop
  endfacet
  facet normal 0.997936 0.0642118 0
    outer loop
      vertex 170.097 0 0.799999
      vertex 170.122 -0.388533 3
      vertex 170.122 -0.388533 0.799999
    endloop
  endfacet
  facet normal 0.587733 -0.809055 0
    outer loop
      vertex 171.221 2.38859 0.799999
      vertex 171.536 2.61742 3
      vertex 171.221 2.38859 3
    endloop
  endfacet
  facet normal 0.587733 -0.809055 0
    outer loop
      vertex 171.536 2.61742 3
      vertex 171.221 2.38859 0.799999
      vertex 171.536 2.61742 0.799999
    endloop
  endfacet
  facet normal -0.368089 0.92979 0
    outer loop
      vertex 174.517 -2.80496 0.799999
      vertex 174.155 -2.94827 3
      vertex 174.517 -2.80496 3
    endloop
  endfacet
  facet normal -0.368089 0.92979 0
    outer loop
      vertex 174.155 -2.94827 3
      vertex 174.517 -2.80496 0.799999
      vertex 174.155 -2.94827 0.799999
    endloop
  endfacet
  facet normal -0.770711 0.637185 0
    outer loop
      vertex 175.457 -2.1221 0.799999
      vertex 175.705 -1.82213 3
      vertex 175.705 -1.82213 0.799999
    endloop
  endfacet
  facet normal -0.770711 0.637185 0
    outer loop
      vertex 175.705 -1.82213 3
      vertex 175.457 -2.1221 0.799999
      vertex 175.457 -2.1221 3
    endloop
  endfacet
  facet normal -0.587733 0.809055 0
    outer loop
      vertex 175.173 -2.38859 0.799999
      vertex 174.858 -2.61742 3
      vertex 175.173 -2.38859 3
    endloop
  endfacet
  facet normal -0.587733 0.809055 0
    outer loop
      vertex 174.858 -2.61742 3
      vertex 175.173 -2.38859 0.799999
      vertex 174.858 -2.61742 0.799999
    endloop
  endfacet
  facet normal -0.998098 0.0616533 0
    outer loop
      vertex 176.273 -0.388533 0.799999
      vertex 176.297 0 3
      vertex 176.297 0 0.799999
    endloop
  endfacet
  facet normal -0.998098 0.0616533 0
    outer loop
      vertex 176.297 0 3
      vertex 176.273 -0.388533 0.799999
      vertex 176.273 -0.388533 3
    endloop
  endfacet
  facet normal 0.587733 0.809055 -0
    outer loop
      vertex 171.536 -2.61742 0.799999
      vertex 171.221 -2.38859 3
      vertex 171.536 -2.61742 3
    endloop
  endfacet
  facet normal 0.587733 0.809055 0
    outer loop
      vertex 171.221 -2.38859 3
      vertex 171.536 -2.61742 0.799999
      vertex 171.221 -2.38859 0.799999
    endloop
  endfacet
  facet normal 0.248745 0.968569 -0
    outer loop
      vertex 172.616 -3.04509 0.799999
      vertex 172.239 -2.94827 3
      vertex 172.616 -3.04509 3
    endloop
  endfacet
  facet normal 0.248745 0.968569 0
    outer loop
      vertex 172.239 -2.94827 3
      vertex 172.616 -3.04509 0.799999
      vertex 172.239 -2.94827 0.799999
    endloop
  endfacet
  facet normal 0.951284 0.308315 0
    outer loop
      vertex 170.315 -1.14119 3
      vertex 170.195 -0.770938 0.799999
      vertex 170.195 -0.770938 3
    endloop
  endfacet
  facet normal 0.951284 0.308315 0
    outer loop
      vertex 170.195 -0.770938 0.799999
      vertex 170.315 -1.14119 3
      vertex 170.315 -1.14119 0.799999
    endloop
  endfacet
  facet normal 0.845017 0.53474 0
    outer loop
      vertex 170.689 -1.82213 3
      vertex 170.481 -1.49344 0.799999
      vertex 170.481 -1.49344 3
    endloop
  endfacet
  facet normal 0.845017 0.53474 0
    outer loop
      vertex 170.481 -1.49344 0.799999
      vertex 170.689 -1.82213 3
      vertex 170.689 -1.82213 0.799999
    endloop
  endfacet
  facet normal 0.904586 0.426292 0
    outer loop
      vertex 170.481 -1.49344 3
      vertex 170.315 -1.14119 0.799999
      vertex 170.315 -1.14119 3
    endloop
  endfacet
  facet normal 0.904586 0.426292 0
    outer loop
      vertex 170.315 -1.14119 0.799999
      vertex 170.481 -1.49344 3
      vertex 170.481 -1.49344 0.799999
    endloop
  endfacet
  facet normal -0.904586 -0.426292 0
    outer loop
      vertex 176.08 1.14119 0.799999
      vertex 175.914 1.49344 3
      vertex 175.914 1.49344 0.799999
    endloop
  endfacet
  facet normal -0.904586 -0.426292 0
    outer loop
      vertex 175.914 1.49344 3
      vertex 176.08 1.14119 0.799999
      vertex 176.08 1.14119 3
    endloop
  endfacet
  facet normal 0 0 1
    outer loop
      vertex 176.273 0.388533 0.799999
      vertex 176.273 -0.388533 0.799999
      vertex 176.297 0 0.799999
    endloop
  endfacet
  facet normal 0 0 1
    outer loop
      vertex 176.2 0.770938 0.799999
      vertex 176.273 -0.388533 0.799999
      vertex 176.273 0.388533 0.799999
    endloop
  endfacet
  facet normal 0 0 1
    outer loop
      vertex 176.2 0.770938 0.799999
      vertex 176.2 -0.770938 0.799999
      vertex 176.273 -0.388533 0.799999
    endloop
  endfacet
  facet normal 0 0 1
    outer loop
      vertex 176.08 1.14119 0.799999
      vertex 176.2 -0.770938 0.799999
      vertex 176.2 0.770938 0.799999
    endloop
  endfacet
  facet normal 0 0 1
    outer loop
      vertex 176.08 1.14119 0.799999
      vertex 176.08 -1.14119 0.799999
      vertex 176.2 -0.770938 0.799999
    endloop
  endfacet
  facet normal 0 0 1
    outer loop
      vertex 175.914 1.49344 0.799999
      vertex 176.08 -1.14119 0.799999
      vertex 176.08 1.14119 0.799999
    endloop
  endfacet
  facet normal 0 0 1
    outer loop
      vertex 175.914 1.49344 0.799999
      vertex 175.914 -1.49344 0.799999
      vertex 176.08 -1.14119 0.799999
    endloop
  endfacet
  facet normal 0 0 1
    outer loop
      vertex 175.705 1.82213 0.799999
      vertex 175.914 -1.49344 0.799999
      vertex 175.914 1.49344 0.799999
    endloop
  endfacet
  facet normal 0 0 1
    outer loop
      vertex 175.705 1.82213 0.799999
      vertex 175.705 -1.82213 0.799999
      vertex 175.914 -1.49344 0.799999
    endloop
  endfacet
  facet normal 0 0 1
    outer loop
      vertex 175.457 2.1221 0.799999
      vertex 175.705 -1.82213 0.799999
      vertex 175.705 1.82213 0.799999
    endloop
  endfacet
  facet normal 0 0 1
    outer loop
      vertex 175.457 2.1221 0.799999
      vertex 175.457 -2.1221 0.799999
      vertex 175.705 -1.82213 0.799999
    endloop
  endfacet
  facet normal 0 0 1
    outer loop
      vertex 175.173 2.38859 0.799999
      vertex 175.457 -2.1221 0.799999
      vertex 175.457 2.1221 0.799999
    endloop
  endfacet
  facet normal 0 0 1
    outer loop
      vertex 175.173 2.38859 0.799999
      vertex 175.173 -2.38859 0.799999
      vertex 175.457 -2.1221 0.799999
    endloop
  endfacet
  facet normal 0 0 1
    outer loop
      vertex 174.858 2.61742 0.799999
      vertex 175.173 -2.38859 0.799999
      vertex 175.173 2.38859 0.799999
    endloop
  endfacet
  facet normal 0 0 1
    outer loop
      vertex 174.858 2.61742 0.799999
      vertex 174.858 -2.61742 0.799999
      vertex 175.173 -2.38859 0.799999
    endloop
  endfacet
  facet normal 0 0 1
    outer loop
      vertex 174.517 2.80496 0.799999
      vertex 174.858 -2.61742 0.799999
      vertex 174.858 2.61742 0.799999
    endloop
  endfacet
  facet normal 0 0 1
    outer loop
      vertex 174.517 2.80496 0.799999
      vertex 174.517 -2.80496 0.799999
      vertex 174.858 -2.61742 0.799999
    endloop
  endfacet
  facet normal 0 0 1
    outer loop
      vertex 174.155 2.94827 0.799999
      vertex 174.517 -2.80496 0.799999
      vertex 174.517 2.80496 0.799999
    endloop
  endfacet
  facet normal 0 0 1
    outer loop
      vertex 174.155 2.94827 0.799999
      vertex 174.155 -2.94827 0.799999
      vertex 174.517 -2.80496 0.799999
    endloop
  endfacet
  facet normal 0 0 1
    outer loop
      vertex 173.778 3.04509 0.799999
      vertex 174.155 -2.94827 0.799999
      vertex 174.155 2.94827 0.799999
    endloop
  endfacet
  facet normal 0 0 1
    outer loop
      vertex 173.778 3.04509 0.799999
      vertex 173.778 -3.04509 0.799999
      vertex 174.155 -2.94827 0.799999
    endloop
  endfacet
  facet normal 0 0 1
    outer loop
      vertex 173.392 3.09388 0.799999
      vertex 173.778 -3.04509 0.799999
      vertex 173.778 3.04509 0.799999
    endloop
  endfacet
  facet normal 0 0 1
    outer loop
      vertex 173.392 3.09388 0.799999
      vertex 173.392 -3.09388 0.799999
      vertex 173.778 -3.04509 0.799999
    endloop
  endfacet
  facet normal -0 0 1
    outer loop
      vertex 173.003 3.09388 0.799999
      vertex 173.392 -3.09388 0.799999
      vertex 173.392 3.09388 0.799999
    endloop
  endfacet
  facet normal 0 0 1
    outer loop
      vertex 173.003 3.09388 0.799999
      vertex 173.003 -3.09388 0.799999
      vertex 173.392 -3.09388 0.799999
    endloop
  endfacet
  facet normal -0 0 1
    outer loop
      vertex 172.616 3.04509 0.799999
      vertex 173.003 -3.09388 0.799999
      vertex 173.003 3.09388 0.799999
    endloop
  endfacet
  facet normal 0 0 1
    outer loop
      vertex 172.616 3.04509 0.799999
      vertex 172.616 -3.04509 0.799999
      vertex 173.003 -3.09388 0.799999
    endloop
  endfacet
  facet normal -0 0 1
    outer loop
      vertex 172.239 2.94827 0.799999
      vertex 172.616 -3.04509 0.799999
      vertex 172.616 3.04509 0.799999
    endloop
  endfacet
  facet normal 0 0 1
    outer loop
      vertex 172.239 2.94827 0.799999
      vertex 172.239 -2.94827 0.799999
      vertex 172.616 -3.04509 0.799999
    endloop
  endfacet
  facet normal -0 0 1
    outer loop
      vertex 171.877 2.80496 0.799999
      vertex 172.239 -2.94827 0.799999
      vertex 172.239 2.94827 0.799999
    endloop
  endfacet
  facet normal 0 0 1
    outer loop
      vertex 171.877 2.80496 0.799999
      vertex 171.877 -2.80496 0.799999
      vertex 172.239 -2.94827 0.799999
    endloop
  endfacet
  facet normal -0 0 1
    outer loop
      vertex 171.536 2.61742 0.799999
      vertex 171.877 -2.80496 0.799999
      vertex 171.877 2.80496 0.799999
    endloop
  endfacet
  facet normal 0 0 1
    outer loop
      vertex 171.536 2.61742 0.799999
      vertex 171.536 -2.61742 0.799999
      vertex 171.877 -2.80496 0.799999
    endloop
  endfacet
  facet normal -0 0 1
    outer loop
      vertex 171.221 2.38859 0.799999
      vertex 171.536 -2.61742 0.799999
      vertex 171.536 2.61742 0.799999
    endloop
  endfacet
  facet normal 0 0 1
    outer loop
      vertex 171.221 2.38859 0.799999
      vertex 171.221 -2.38859 0.799999
      vertex 171.536 -2.61742 0.799999
    endloop
  endfacet
  facet normal -0 0 1
    outer loop
      vertex 170.937 2.1221 0.799999
      vertex 171.221 -2.38859 0.799999
      vertex 171.221 2.38859 0.799999
    endloop
  endfacet
  facet normal 0 0 1
    outer loop
      vertex 170.937 2.1221 0.799999
      vertex 170.937 -2.1221 0.799999
      vertex 171.221 -2.38859 0.799999
    endloop
  endfacet
  facet normal -0 0 1
    outer loop
      vertex 170.689 1.82213 0.799999
      vertex 170.937 -2.1221 0.799999
      vertex 170.937 2.1221 0.799999
    endloop
  endfacet
  facet normal 0 0 1
    outer loop
      vertex 170.689 1.82213 0.799999
      vertex 170.689 -1.82213 0.799999
      vertex 170.937 -2.1221 0.799999
    endloop
  endfacet
  facet normal -0 0 1
    outer loop
      vertex 170.481 1.49344 0.799999
      vertex 170.689 -1.82213 0.799999
      vertex 170.689 1.82213 0.799999
    endloop
  endfacet
  facet normal 0 0 1
    outer loop
      vertex 170.481 1.49344 0.799999
      vertex 170.481 -1.49344 0.799999
      vertex 170.689 -1.82213 0.799999
    endloop
  endfacet
  facet normal -0 0 1
    outer loop
      vertex 170.315 1.14119 0.799999
      vertex 170.481 -1.49344 0.799999
      vertex 170.481 1.49344 0.799999
    endloop
  endfacet
  facet normal 0 0 1
    outer loop
      vertex 170.315 1.14119 0.799999
      vertex 170.315 -1.14119 0.799999
      vertex 170.481 -1.49344 0.799999
    endloop
  endfacet
  facet normal -0 0 1
    outer loop
      vertex 170.195 0.770938 0.799999
      vertex 170.315 -1.14119 0.799999
      vertex 170.315 1.14119 0.799999
    endloop
  endfacet
  facet normal 0 0 1
    outer loop
      vertex 170.195 0.770938 0.799999
      vertex 170.195 -0.770938 0.799999
      vertex 170.315 -1.14119 0.799999
    endloop
  endfacet
  facet normal -0 0 1
    outer loop
      vertex 170.122 0.388533 0.799999
      vertex 170.195 -0.770938 0.799999
      vertex 170.195 0.770938 0.799999
    endloop
  endfacet
  facet normal 0 0 1
    outer loop
      vertex 170.122 0.388533 0.799999
      vertex 170.122 -0.388533 0.799999
      vertex 170.195 -0.770938 0.799999
    endloop
  endfacet
  facet normal 0 -0 1
    outer loop
      vertex 170.122 -0.388533 0.799999
      vertex 170.122 0.388533 0.799999
      vertex 170.097 0 0.799999
    endloop
  endfacet
  facet normal 0.125082 -0.992146 0
    outer loop
      vertex 172.616 3.04509 0.799999
      vertex 173.003 3.09388 3
      vertex 172.616 3.04509 3
    endloop
  endfacet
  facet normal 0.125082 -0.992146 0
    outer loop
      vertex 173.003 3.09388 3
      vertex 172.616 3.04509 0.799999
      vertex 173.003 3.09388 0.799999
    endloop
  endfacet
  facet normal 0.248745 -0.968569 0
    outer loop
      vertex 172.239 2.94827 0.799999
      vertex 172.616 3.04509 3
      vertex 172.239 2.94827 3
    endloop
  endfacet
  facet normal 0.248745 -0.968569 0
    outer loop
      vertex 172.616 3.04509 3
      vertex 172.239 2.94827 0.799999
      vertex 172.616 3.04509 0.799999
    endloop
  endfacet
  facet normal -0.125401 0.992106 0
    outer loop
      vertex 173.778 -3.04509 0.799999
      vertex 173.392 -3.09388 3
      vertex 173.778 -3.04509 3
    endloop
  endfacet
  facet normal -0.125401 0.992106 0
    outer loop
      vertex 173.392 -3.09388 3
      vertex 173.778 -3.04509 0.799999
      vertex 173.392 -3.09388 0.799999
    endloop
  endfacet
  facet normal -0.248745 0.968569 0
    outer loop
      vertex 174.155 -2.94827 0.799999
      vertex 173.778 -3.04509 3
      vertex 174.155 -2.94827 3
    endloop
  endfacet
  facet normal -0.248745 0.968569 0
    outer loop
      vertex 173.778 -3.04509 3
      vertex 174.155 -2.94827 0.799999
      vertex 173.778 -3.04509 0.799999
    endloop
  endfacet
  facet normal -0.684269 0.72923 0
    outer loop
      vertex 175.457 -2.1221 0.799999
      vertex 175.173 -2.38859 3
      vertex 175.457 -2.1221 3
    endloop
  endfacet
  facet normal -0.684269 0.72923 0
    outer loop
      vertex 175.173 -2.38859 3
      vertex 175.457 -2.1221 0.799999
      vertex 175.173 -2.38859 0.799999
    endloop
  endfacet
  facet normal -0.843855 0.536571 0
    outer loop
      vertex 175.705 -1.82213 0.799999
      vertex 175.914 -1.49344 3
      vertex 175.914 -1.49344 0.799999
    endloop
  endfacet
  facet normal -0.843855 0.536571 0
    outer loop
      vertex 175.914 -1.49344 3
      vertex 175.705 -1.82213 0.799999
      vertex 175.705 -1.82213 3
    endloop
  endfacet
  facet normal -0.951284 0.308315 0
    outer loop
      vertex 176.08 -1.14119 0.799999
      vertex 176.2 -0.770938 3
      vertex 176.2 -0.770938 0.799999
    endloop
  endfacet
  facet normal -0.951284 0.308315 0
    outer loop
      vertex 176.2 -0.770938 3
      vertex 176.08 -1.14119 0.799999
      vertex 176.08 -1.14119 3
    endloop
  endfacet
  facet normal -0.982262 0.187511 0
    outer loop
      vertex 176.2 -0.770938 0.799999
      vertex 176.273 -0.388533 3
      vertex 176.273 -0.388533 0.799999
    endloop
  endfacet
  facet normal -0.982262 0.187511 0
    outer loop
      vertex 176.273 -0.388533 3
      vertex 176.2 -0.770938 0.799999
      vertex 176.2 -0.770938 3
    endloop
  endfacet
  facet normal 0.481899 0.876227 -0
    outer loop
      vertex 171.877 -2.80496 0.799999
      vertex 171.536 -2.61742 3
      vertex 171.877 -2.80496 3
    endloop
  endfacet
  facet normal 0.481899 0.876227 0
    outer loop
      vertex 171.536 -2.61742 3
      vertex 171.877 -2.80496 0.799999
      vertex 171.536 -2.61742 0.799999
    endloop
  endfacet
  facet normal 0 1 -0
    outer loop
      vertex 173.392 -3.09388 0.799999
      vertex 173.003 -3.09388 3
      vertex 173.392 -3.09388 3
    endloop
  endfacet
  facet normal 0 1 0
    outer loop
      vertex 173.003 -3.09388 3
      vertex 173.392 -3.09388 0.799999
      vertex 173.003 -3.09388 0.799999
    endloop
  endfacet
  facet normal 0.684269 0.72923 -0
    outer loop
      vertex 171.221 -2.38859 0.799999
      vertex 170.937 -2.1221 3
      vertex 171.221 -2.38859 3
    endloop
  endfacet
  facet normal 0.684269 0.72923 0
    outer loop
      vertex 170.937 -2.1221 3
      vertex 171.221 -2.38859 0.799999
      vertex 170.937 -2.1221 0.799999
    endloop
  endfacet
  facet normal 0.982262 0.187511 0
    outer loop
      vertex 170.195 -0.770938 3
      vertex 170.122 -0.388533 0.799999
      vertex 170.122 -0.388533 3
    endloop
  endfacet
  facet normal 0.982262 0.187511 0
    outer loop
      vertex 170.122 -0.388533 0.799999
      vertex 170.195 -0.770938 3
      vertex 170.195 -0.770938 0.799999
    endloop
  endfacet
  facet normal -0.770711 -0.637185 0
    outer loop
      vertex 175.705 1.82213 0.799999
      vertex 175.457 2.1221 3
      vertex 175.457 2.1221 0.799999
    endloop
  endfacet
  facet normal -0.770711 -0.637185 0
    outer loop
      vertex 175.457 2.1221 3
      vertex 175.705 1.82213 0.799999
      vertex 175.705 1.82213 3
    endloop
  endfacet
  facet normal -0.248745 -0.968569 0
    outer loop
      vertex 173.778 3.04509 0.799999
      vertex 174.155 2.94827 3
      vertex 173.778 3.04509 3
    endloop
  endfacet
  facet normal -0.248745 -0.968569 -0
    outer loop
      vertex 174.155 2.94827 3
      vertex 173.778 3.04509 0.799999
      vertex 174.155 2.94827 0.799999
    endloop
  endfacet
  facet normal -0.481899 -0.876227 0
    outer loop
      vertex 174.517 2.80496 0.799999
      vertex 174.858 2.61742 3
      vertex 174.517 2.80496 3
    endloop
  endfacet
  facet normal -0.481899 -0.876227 -0
    outer loop
      vertex 174.858 2.61742 3
      vertex 174.517 2.80496 0.799999
      vertex 174.858 2.61742 0.799999
    endloop
  endfacet
  facet normal 0.845017 -0.53474 0
    outer loop
      vertex 170.481 1.49344 3
      vertex 170.689 1.82213 0.799999
      vertex 170.689 1.82213 3
    endloop
  endfacet
  facet normal 0.845017 -0.53474 0
    outer loop
      vertex 170.689 1.82213 0.799999
      vertex 170.481 1.49344 3
      vertex 170.481 1.49344 0.799999
    endloop
  endfacet
  facet normal 0 0 -1
    outer loop
      vertex 176.273 -0.388533 3
      vertex 176.273 0.388533 3
      vertex 176.297 0 3
    endloop
  endfacet
  facet normal 0 0 -1
    outer loop
      vertex 176.2 -0.770938 3
      vertex 176.273 0.388533 3
      vertex 176.273 -0.388533 3
    endloop
  endfacet
  facet normal 0 0 -1
    outer loop
      vertex 176.2 -0.770938 3
      vertex 176.2 0.770938 3
      vertex 176.273 0.388533 3
    endloop
  endfacet
  facet normal 0 0 -1
    outer loop
      vertex 176.08 -1.14119 3
      vertex 176.2 0.770938 3
      vertex 176.2 -0.770938 3
    endloop
  endfacet
  facet normal 0 0 -1
    outer loop
      vertex 176.08 -1.14119 3
      vertex 176.08 1.14119 3
      vertex 176.2 0.770938 3
    endloop
  endfacet
  facet normal 0 0 -1
    outer loop
      vertex 175.914 -1.49344 3
      vertex 176.08 1.14119 3
      vertex 176.08 -1.14119 3
    endloop
  endfacet
  facet normal 0 0 -1
    outer loop
      vertex 175.914 -1.49344 3
      vertex 175.914 1.49344 3
      vertex 176.08 1.14119 3
    endloop
  endfacet
  facet normal 0 0 -1
    outer loop
      vertex 175.705 -1.82213 3
      vertex 175.914 1.49344 3
      vertex 175.914 -1.49344 3
    endloop
  endfacet
  facet normal 0 0 -1
    outer loop
      vertex 175.705 -1.82213 3
      vertex 175.705 1.82213 3
      vertex 175.914 1.49344 3
    endloop
  endfacet
  facet normal 0 0 -1
    outer loop
      vertex 175.457 -2.1221 3
      vertex 175.705 1.82213 3
      vertex 175.705 -1.82213 3
    endloop
  endfacet
  facet normal 0 0 -1
    outer loop
      vertex 175.457 -2.1221 3
      vertex 175.457 2.1221 3
      vertex 175.705 1.82213 3
    endloop
  endfacet
  facet normal 0 0 -1
    outer loop
      vertex 175.173 -2.38859 3
      vertex 175.457 2.1221 3
      vertex 175.457 -2.1221 3
    endloop
  endfacet
  facet normal 0 0 -1
    outer loop
      vertex 175.173 -2.38859 3
      vertex 175.173 2.38859 3
      vertex 175.457 2.1221 3
    endloop
  endfacet
  facet normal 0 0 -1
    outer loop
      vertex 174.858 -2.61742 3
      vertex 175.173 2.38859 3
      vertex 175.173 -2.38859 3
    endloop
  endfacet
  facet normal 0 0 -1
    outer loop
      vertex 174.858 -2.61742 3
      vertex 174.858 2.61742 3
      vertex 175.173 2.38859 3
    endloop
  endfacet
  facet normal 0 0 -1
    outer loop
      vertex 174.517 -2.80496 3
      vertex 174.858 2.61742 3
      vertex 174.858 -2.61742 3
    endloop
  endfacet
  facet normal 0 0 -1
    outer loop
      vertex 174.517 -2.80496 3
      vertex 174.517 2.80496 3
      vertex 174.858 2.61742 3
    endloop
  endfacet
  facet normal 0 0 -1
    outer loop
      vertex 174.155 -2.94827 3
      vertex 174.517 2.80496 3
      vertex 174.517 -2.80496 3
    endloop
  endfacet
  facet normal 0 0 -1
    outer loop
      vertex 174.155 -2.94827 3
      vertex 174.155 2.94827 3
      vertex 174.517 2.80496 3
    endloop
  endfacet
  facet normal 0 0 -1
    outer loop
      vertex 173.778 -3.04509 3
      vertex 174.155 2.94827 3
      vertex 174.155 -2.94827 3
    endloop
  endfacet
  facet normal 0 0 -1
    outer loop
      vertex 173.778 -3.04509 3
      vertex 173.778 3.04509 3
      vertex 174.155 2.94827 3
    endloop
  endfacet
  facet normal 0 0 -1
    outer loop
      vertex 173.392 -3.09388 3
      vertex 173.778 3.04509 3
      vertex 173.778 -3.04509 3
    endloop
  endfacet
  facet normal 0 0 -1
    outer loop
      vertex 173.392 -3.09388 3
      vertex 173.392 3.09388 3
      vertex 173.778 3.04509 3
    endloop
  endfacet
  facet normal 0 0 -1
    outer loop
      vertex 173.003 -3.09388 3
      vertex 173.392 3.09388 3
      vertex 173.392 -3.09388 3
    endloop
  endfacet
  facet normal 0 0 -1
    outer loop
      vertex 173.003 -3.09388 3
      vertex 173.003 3.09388 3
      vertex 173.392 3.09388 3
    endloop
  endfacet
  facet normal 0 0 -1
    outer loop
      vertex 172.616 -3.04509 3
      vertex 173.003 3.09388 3
      vertex 173.003 -3.09388 3
    endloop
  endfacet
  facet normal 0 0 -1
    outer loop
      vertex 172.616 -3.04509 3
      vertex 172.616 3.04509 3
      vertex 173.003 3.09388 3
    endloop
  endfacet
  facet normal 0 0 -1
    outer loop
      vertex 172.239 -2.94827 3
      vertex 172.616 3.04509 3
      vertex 172.616 -3.04509 3
    endloop
  endfacet
  facet normal 0 0 -1
    outer loop
      vertex 172.239 -2.94827 3
      vertex 172.239 2.94827 3
      vertex 172.616 3.04509 3
    endloop
  endfacet
  facet normal 0 0 -1
    outer loop
      vertex 171.877 -2.80496 3
      vertex 172.239 2.94827 3
      vertex 172.239 -2.94827 3
    endloop
  endfacet
  facet normal 0 0 -1
    outer loop
      vertex 171.877 -2.80496 3
      vertex 171.877 2.80496 3
      vertex 172.239 2.94827 3
    endloop
  endfacet
  facet normal 0 0 -1
    outer loop
      vertex 171.536 -2.61742 3
      vertex 171.877 2.80496 3
      vertex 171.877 -2.80496 3
    endloop
  endfacet
  facet normal 0 0 -1
    outer loop
      vertex 171.536 -2.61742 3
      vertex 171.536 2.61742 3
      vertex 171.877 2.80496 3
    endloop
  endfacet
  facet normal 0 0 -1
    outer loop
      vertex 171.221 -2.38859 3
      vertex 171.536 2.61742 3
      vertex 171.536 -2.61742 3
    endloop
  endfacet
  facet normal 0 0 -1
    outer loop
      vertex 171.221 -2.38859 3
      vertex 171.221 2.38859 3
      vertex 171.536 2.61742 3
    endloop
  endfacet
  facet normal 0 0 -1
    outer loop
      vertex 170.937 -2.1221 3
      vertex 171.221 2.38859 3
      vertex 171.221 -2.38859 3
    endloop
  endfacet
  facet normal 0 0 -1
    outer loop
      vertex 170.937 -2.1221 3
      vertex 170.937 2.1221 3
      vertex 171.221 2.38859 3
    endloop
  endfacet
  facet normal 0 0 -1
    outer loop
      vertex 170.689 -1.82213 3
      vertex 170.937 2.1221 3
      vertex 170.937 -2.1221 3
    endloop
  endfacet
  facet normal 0 0 -1
    outer loop
      vertex 170.689 -1.82213 3
      vertex 170.689 1.82213 3
      vertex 170.937 2.1221 3
    endloop
  endfacet
  facet normal 0 0 -1
    outer loop
      vertex 170.481 -1.49344 3
      vertex 170.689 1.82213 3
      vertex 170.689 -1.82213 3
    endloop
  endfacet
  facet normal 0 0 -1
    outer loop
      vertex 170.481 -1.49344 3
      vertex 170.481 1.49344 3
      vertex 170.689 1.82213 3
    endloop
  endfacet
  facet normal 0 0 -1
    outer loop
      vertex 170.315 -1.14119 3
      vertex 170.481 1.49344 3
      vertex 170.481 -1.49344 3
    endloop
  endfacet
  facet normal 0 0 -1
    outer loop
      vertex 170.315 -1.14119 3
      vertex 170.315 1.14119 3
      vertex 170.481 1.49344 3
    endloop
  endfacet
  facet normal 0 0 -1
    outer loop
      vertex 170.195 -0.770938 3
      vertex 170.315 1.14119 3
      vertex 170.315 -1.14119 3
    endloop
  endfacet
  facet normal 0 0 -1
    outer loop
      vertex 170.195 -0.770938 3
      vertex 170.195 0.770938 3
      vertex 170.315 1.14119 3
    endloop
  endfacet
  facet normal 0 0 -1
    outer loop
      vertex 170.122 -0.388533 3
      vertex 170.195 0.770938 3
      vertex 170.195 -0.770938 3
    endloop
  endfacet
  facet normal 0 0 -1
    outer loop
      vertex 170.122 -0.388533 3
      vertex 170.122 0.388533 3
      vertex 170.195 0.770938 3
    endloop
  endfacet
  facet normal 0 -0 -1
    outer loop
      vertex 170.122 0.388533 3
      vertex 170.122 -0.388533 3
      vertex 170.097 0 3
    endloop
  endfacet
  facet normal 0.997936 -0.0642118 0
    outer loop
      vertex 170.097 0 3
      vertex 170.122 0.388533 0.799999
      vertex 170.122 0.388533 3
    endloop
  endfacet
  facet normal 0.997936 -0.0642118 0
    outer loop
      vertex 170.122 0.388533 0.799999
      vertex 170.097 0 3
      vertex 170.097 0 0.799999
    endloop
  endfacet
  facet normal 0.684269 -0.72923 0
    outer loop
      vertex 170.937 2.1221 0.799999
      vertex 171.221 2.38859 3
      vertex 170.937 2.1221 3
    endloop
  endfacet
  facet normal 0.684269 -0.72923 0
    outer loop
      vertex 171.221 2.38859 3
      vertex 170.937 2.1221 0.799999
      vertex 171.221 2.38859 0.799999
    endloop
  endfacet
  facet normal 0.368089 -0.92979 0
    outer loop
      vertex 171.877 2.80496 0.799999
      vertex 172.239 2.94827 3
      vertex 171.877 2.80496 3
    endloop
  endfacet
  facet normal 0.368089 -0.92979 0
    outer loop
      vertex 172.239 2.94827 3
      vertex 171.877 2.80496 0.799999
      vertex 172.239 2.94827 0.799999
    endloop
  endfacet
  facet normal -0.481899 0.876227 0
    outer loop
      vertex 174.858 -2.61742 0.799999
      vertex 174.517 -2.80496 3
      vertex 174.858 -2.61742 3
    endloop
  endfacet
  facet normal -0.481899 0.876227 0
    outer loop
      vertex 174.517 -2.80496 3
      vertex 174.858 -2.61742 0.799999
      vertex 174.517 -2.80496 0.799999
    endloop
  endfacet
  facet normal -0.904586 0.426292 0
    outer loop
      vertex 175.914 -1.49344 0.799999
      vertex 176.08 -1.14119 3
      vertex 176.08 -1.14119 0.799999
    endloop
  endfacet
  facet normal -0.904586 0.426292 0
    outer loop
      vertex 176.08 -1.14119 3
      vertex 175.914 -1.49344 0.799999
      vertex 175.914 -1.49344 3
    endloop
  endfacet
  facet normal 0.368089 0.92979 -0
    outer loop
      vertex 172.239 -2.94827 0.799999
      vertex 171.877 -2.80496 3
      vertex 172.239 -2.94827 3
    endloop
  endfacet
  facet normal 0.368089 0.92979 0
    outer loop
      vertex 171.877 -2.80496 3
      vertex 172.239 -2.94827 0.799999
      vertex 171.877 -2.80496 0.799999
    endloop
  endfacet
  facet normal 0.125082 0.992146 -0
    outer loop
      vertex 173.003 -3.09388 0.799999
      vertex 172.616 -3.04509 3
      vertex 173.003 -3.09388 3
    endloop
  endfacet
  facet normal 0.125082 0.992146 0
    outer loop
      vertex 172.616 -3.04509 3
      vertex 173.003 -3.09388 0.799999
      vertex 172.616 -3.04509 0.799999
    endloop
  endfacet
  facet normal -0.904586 -0.426292 0
    outer loop
      vertex 165.685 1.14119 0.799999
      vertex 165.519 1.49344 3
      vertex 165.519 1.49344 0.799999
    endloop
  endfacet
  facet normal -0.904586 -0.426292 0
    outer loop
      vertex 165.519 1.49344 3
      vertex 165.685 1.14119 0.799999
      vertex 165.685 1.14119 3
    endloop
  endfacet
  facet normal -0.845017 -0.53474 0
    outer loop
      vertex 165.519 1.49344 0.799999
      vertex 165.311 1.82213 3
      vertex 165.311 1.82213 0.799999
    endloop
  endfacet
  facet normal -0.845017 -0.53474 0
    outer loop
      vertex 165.311 1.82213 3
      vertex 165.519 1.49344 0.799999
      vertex 165.519 1.49344 3
    endloop
  endfacet
  facet normal -0.368089 -0.92979 0
    outer loop
      vertex 163.761 2.94827 0.799999
      vertex 164.123 2.80496 3
      vertex 163.761 2.94827 3
    endloop
  endfacet
  facet normal -0.368089 -0.92979 -0
    outer loop
      vertex 164.123 2.80496 3
      vertex 163.761 2.94827 0.799999
      vertex 164.123 2.80496 0.799999
    endloop
  endfacet
  facet normal 0.368089 -0.92979 0
    outer loop
      vertex 161.483 2.80496 0.799999
      vertex 161.845 2.94827 3
      vertex 161.483 2.80496 3
    endloop
  endfacet
  facet normal 0.368089 -0.92979 0
    outer loop
      vertex 161.845 2.94827 3
      vertex 161.483 2.80496 0.799999
      vertex 161.845 2.94827 0.799999
    endloop
  endfacet
  facet normal 0.904586 -0.426292 0
    outer loop
      vertex 159.92 1.14119 3
      vertex 160.086 1.49344 0.799999
      vertex 160.086 1.49344 3
    endloop
  endfacet
  facet normal 0.904586 -0.426292 0
    outer loop
      vertex 160.086 1.49344 0.799999
      vertex 159.92 1.14119 3
      vertex 159.92 1.14119 0.799999
    endloop
  endfacet
  facet normal -0.982262 0.187511 0
    outer loop
      vertex 165.805 -0.770938 0.799999
      vertex 165.878 -0.388533 3
      vertex 165.878 -0.388533 0.799999
    endloop
  endfacet
  facet normal -0.982262 0.187511 0
    outer loop
      vertex 165.878 -0.388533 3
      vertex 165.805 -0.770938 0.799999
      vertex 165.805 -0.770938 3
    endloop
  endfacet
  facet normal 0 -1 0
    outer loop
      vertex 162.608 3.09388 0.799999
      vertex 162.997 3.09388 3
      vertex 162.608 3.09388 3
    endloop
  endfacet
  facet normal 0 -1 -0
    outer loop
      vertex 162.997 3.09388 3
      vertex 162.608 3.09388 0.799999
      vertex 162.997 3.09388 0.799999
    endloop
  endfacet
  facet normal -0.587733 -0.809055 0
    outer loop
      vertex 164.464 2.61742 0.799999
      vertex 164.779 2.38859 3
      vertex 164.464 2.61742 3
    endloop
  endfacet
  facet normal -0.587733 -0.809055 -0
    outer loop
      vertex 164.779 2.38859 3
      vertex 164.464 2.61742 0.799999
      vertex 164.779 2.38859 0.799999
    endloop
  endfacet
  facet normal 0.982262 -0.187511 0
    outer loop
      vertex 159.727 0.388533 3
      vertex 159.8 0.770938 0.799999
      vertex 159.8 0.770938 3
    endloop
  endfacet
  facet normal 0.982262 -0.187511 0
    outer loop
      vertex 159.8 0.770938 0.799999
      vertex 159.727 0.388533 3
      vertex 159.727 0.388533 0.799999
    endloop
  endfacet
  facet normal 0.770711 -0.637185 0
    outer loop
      vertex 160.295 1.82213 3
      vertex 160.543 2.1221 0.799999
      vertex 160.543 2.1221 3
    endloop
  endfacet
  facet normal 0.770711 -0.637185 0
    outer loop
      vertex 160.543 2.1221 0.799999
      vertex 160.295 1.82213 3
      vertex 160.295 1.82213 0.799999
    endloop
  endfacet
  facet normal 0.481899 -0.876227 0
    outer loop
      vertex 161.142 2.61742 0.799999
      vertex 161.483 2.80496 3
      vertex 161.142 2.61742 3
    endloop
  endfacet
  facet normal 0.481899 -0.876227 0
    outer loop
      vertex 161.483 2.80496 3
      vertex 161.142 2.61742 0.799999
      vertex 161.483 2.80496 0.799999
    endloop
  endfacet
  facet normal 0.248745 -0.968569 0
    outer loop
      vertex 161.845 2.94827 0.799999
      vertex 162.222 3.04509 3
      vertex 161.845 2.94827 3
    endloop
  endfacet
  facet normal 0.248745 -0.968569 0
    outer loop
      vertex 162.222 3.04509 3
      vertex 161.845 2.94827 0.799999
      vertex 162.222 3.04509 0.799999
    endloop
  endfacet
  facet normal -0.997936 0.0642118 0
    outer loop
      vertex 165.878 -0.388533 0.799999
      vertex 165.903 0 3
      vertex 165.903 0 0.799999
    endloop
  endfacet
  facet normal -0.997936 0.0642118 0
    outer loop
      vertex 165.903 0 3
      vertex 165.878 -0.388533 0.799999
      vertex 165.878 -0.388533 3
    endloop
  endfacet
  facet normal -0.951284 0.308315 0
    outer loop
      vertex 165.685 -1.14119 0.799999
      vertex 165.805 -0.770938 3
      vertex 165.805 -0.770938 0.799999
    endloop
  endfacet
  facet normal -0.951284 0.308315 0
    outer loop
      vertex 165.805 -0.770938 3
      vertex 165.685 -1.14119 0.799999
      vertex 165.685 -1.14119 3
    endloop
  endfacet
  facet normal -0.587733 0.809055 0
    outer loop
      vertex 164.779 -2.38859 0.799999
      vertex 164.464 -2.61742 3
      vertex 164.779 -2.38859 3
    endloop
  endfacet
  facet normal -0.587733 0.809055 0
    outer loop
      vertex 164.464 -2.61742 3
      vertex 164.779 -2.38859 0.799999
      vertex 164.464 -2.61742 0.799999
    endloop
  endfacet
  facet normal -0.982262 -0.187511 0
    outer loop
      vertex 165.878 0.388533 0.799999
      vertex 165.805 0.770938 3
      vertex 165.805 0.770938 0.799999
    endloop
  endfacet
  facet normal -0.982262 -0.187511 0
    outer loop
      vertex 165.805 0.770938 3
      vertex 165.878 0.388533 0.799999
      vertex 165.878 0.388533 3
    endloop
  endfacet
  facet normal -0.951284 -0.308315 0
    outer loop
      vertex 165.805 0.770938 0.799999
      vertex 165.685 1.14119 3
      vertex 165.685 1.14119 0.799999
    endloop
  endfacet
  facet normal -0.951284 -0.308315 0
    outer loop
      vertex 165.685 1.14119 3
      vertex 165.805 0.770938 0.799999
      vertex 165.805 0.770938 3
    endloop
  endfacet
  facet normal -0.684269 -0.72923 0
    outer loop
      vertex 164.779 2.38859 0.799999
      vertex 165.063 2.1221 3
      vertex 164.779 2.38859 3
    endloop
  endfacet
  facet normal -0.684269 -0.72923 -0
    outer loop
      vertex 165.063 2.1221 3
      vertex 164.779 2.38859 0.799999
      vertex 165.063 2.1221 0.799999
    endloop
  endfacet
  facet normal -0.248745 -0.968569 0
    outer loop
      vertex 163.384 3.04509 0.799999
      vertex 163.761 2.94827 3
      vertex 163.384 3.04509 3
    endloop
  endfacet
  facet normal -0.248745 -0.968569 -0
    outer loop
      vertex 163.761 2.94827 3
      vertex 163.384 3.04509 0.799999
      vertex 163.761 2.94827 0.799999
    endloop
  endfacet
  facet normal -0.125082 -0.992146 0
    outer loop
      vertex 162.997 3.09388 0.799999
      vertex 163.384 3.04509 3
      vertex 162.997 3.09388 3
    endloop
  endfacet
  facet normal -0.125082 -0.992146 -0
    outer loop
      vertex 163.384 3.04509 3
      vertex 162.997 3.09388 0.799999
      vertex 163.384 3.04509 0.799999
    endloop
  endfacet
  facet normal -0.481899 -0.876227 0
    outer loop
      vertex 164.123 2.80496 0.799999
      vertex 164.464 2.61742 3
      vertex 164.123 2.80496 3
    endloop
  endfacet
  facet normal -0.481899 -0.876227 -0
    outer loop
      vertex 164.464 2.61742 3
      vertex 164.123 2.80496 0.799999
      vertex 164.464 2.61742 0.799999
    endloop
  endfacet
  facet normal 0.998098 -0.0616533 0
    outer loop
      vertex 159.703 0 3
      vertex 159.727 0.388533 0.799999
      vertex 159.727 0.388533 3
    endloop
  endfacet
  facet normal 0.998098 -0.0616533 0
    outer loop
      vertex 159.727 0.388533 0.799999
      vertex 159.703 0 3
      vertex 159.703 0 0.799999
    endloop
  endfacet
  facet normal 0.951284 -0.308315 0
    outer loop
      vertex 159.8 0.770938 3
      vertex 159.92 1.14119 0.799999
      vertex 159.92 1.14119 3
    endloop
  endfacet
  facet normal 0.951284 -0.308315 0
    outer loop
      vertex 159.92 1.14119 0.799999
      vertex 159.8 0.770938 3
      vertex 159.8 0.770938 0.799999
    endloop
  endfacet
  facet normal 0.843855 -0.536571 0
    outer loop
      vertex 160.086 1.49344 3
      vertex 160.295 1.82213 0.799999
      vertex 160.295 1.82213 3
    endloop
  endfacet
  facet normal 0.843855 -0.536571 0
    outer loop
      vertex 160.295 1.82213 0.799999
      vertex 160.086 1.49344 3
      vertex 160.086 1.49344 0.799999
    endloop
  endfacet
  facet normal 0.125401 -0.992106 0
    outer loop
      vertex 162.222 3.04509 0.799999
      vertex 162.608 3.09388 3
      vertex 162.222 3.04509 3
    endloop
  endfacet
  facet normal 0.125401 -0.992106 0
    outer loop
      vertex 162.608 3.09388 3
      vertex 162.222 3.04509 0.799999
      vertex 162.608 3.09388 0.799999
    endloop
  endfacet
  facet normal 0.587733 -0.809055 0
    outer loop
      vertex 160.827 2.38859 0.799999
      vertex 161.142 2.61742 3
      vertex 160.827 2.38859 3
    endloop
  endfacet
  facet normal 0.587733 -0.809055 0
    outer loop
      vertex 161.142 2.61742 3
      vertex 160.827 2.38859 0.799999
      vertex 161.142 2.61742 0.799999
    endloop
  endfacet
  facet normal 0.684269 -0.72923 0
    outer loop
      vertex 160.543 2.1221 0.799999
      vertex 160.827 2.38859 3
      vertex 160.543 2.1221 3
    endloop
  endfacet
  facet normal 0.684269 -0.72923 0
    outer loop
      vertex 160.827 2.38859 3
      vertex 160.543 2.1221 0.799999
      vertex 160.827 2.38859 0.799999
    endloop
  endfacet
  facet normal -0.997936 -0.0642118 0
    outer loop
      vertex 165.903 0 0.799999
      vertex 165.878 0.388533 3
      vertex 165.878 0.388533 0.799999
    endloop
  endfacet
  facet normal -0.997936 -0.0642118 0
    outer loop
      vertex 165.878 0.388533 3
      vertex 165.903 0 0.799999
      vertex 165.903 0 3
    endloop
  endfacet
  facet normal -0.845017 0.53474 0
    outer loop
      vertex 165.311 -1.82213 0.799999
      vertex 165.519 -1.49344 3
      vertex 165.519 -1.49344 0.799999
    endloop
  endfacet
  facet normal -0.845017 0.53474 0
    outer loop
      vertex 165.519 -1.49344 3
      vertex 165.311 -1.82213 0.799999
      vertex 165.311 -1.82213 3
    endloop
  endfacet
  facet normal -0.684269 0.72923 0
    outer loop
      vertex 165.063 -2.1221 0.799999
      vertex 164.779 -2.38859 3
      vertex 165.063 -2.1221 3
    endloop
  endfacet
  facet normal -0.684269 0.72923 0
    outer loop
      vertex 164.779 -2.38859 3
      vertex 165.063 -2.1221 0.799999
      vertex 164.779 -2.38859 0.799999
    endloop
  endfacet
  facet normal -0.770711 -0.637185 0
    outer loop
      vertex 165.311 1.82213 0.799999
      vertex 165.063 2.1221 3
      vertex 165.063 2.1221 0.799999
    endloop
  endfacet
  facet normal -0.770711 -0.637185 0
    outer loop
      vertex 165.063 2.1221 3
      vertex 165.311 1.82213 0.799999
      vertex 165.311 1.82213 3
    endloop
  endfacet
  facet normal 0 0 -1
    outer loop
      vertex 165.878 -0.388533 3
      vertex 165.878 0.388533 3
      vertex 165.903 0 3
    endloop
  endfacet
  facet normal 0 0 -1
    outer loop
      vertex 165.805 -0.770938 3
      vertex 165.878 0.388533 3
      vertex 165.878 -0.388533 3
    endloop
  endfacet
  facet normal 0 0 -1
    outer loop
      vertex 165.805 -0.770938 3
      vertex 165.805 0.770938 3
      vertex 165.878 0.388533 3
    endloop
  endfacet
  facet normal 0 0 -1
    outer loop
      vertex 165.685 -1.14119 3
      vertex 165.805 0.770938 3
      vertex 165.805 -0.770938 3
    endloop
  endfacet
  facet normal 0 0 -1
    outer loop
      vertex 165.685 -1.14119 3
      vertex 165.685 1.14119 3
      vertex 165.805 0.770938 3
    endloop
  endfacet
  facet normal 0 0 -1
    outer loop
      vertex 165.519 -1.49344 3
      vertex 165.685 1.14119 3
      vertex 165.685 -1.14119 3
    endloop
  endfacet
  facet normal 0 0 -1
    outer loop
      vertex 165.519 -1.49344 3
      vertex 165.519 1.49344 3
      vertex 165.685 1.14119 3
    endloop
  endfacet
  facet normal 0 0 -1
    outer loop
      vertex 165.311 -1.82213 3
      vertex 165.519 1.49344 3
      vertex 165.519 -1.49344 3
    endloop
  endfacet
  facet normal 0 0 -1
    outer loop
      vertex 165.311 -1.82213 3
      vertex 165.311 1.82213 3
      vertex 165.519 1.49344 3
    endloop
  endfacet
  facet normal 0 0 -1
    outer loop
      vertex 165.063 -2.1221 3
      vertex 165.311 1.82213 3
      vertex 165.311 -1.82213 3
    endloop
  endfacet
  facet normal 0 0 -1
    outer loop
      vertex 165.063 -2.1221 3
      vertex 165.063 2.1221 3
      vertex 165.311 1.82213 3
    endloop
  endfacet
  facet normal 0 0 -1
    outer loop
      vertex 164.779 -2.38859 3
      vertex 165.063 2.1221 3
      vertex 165.063 -2.1221 3
    endloop
  endfacet
  facet normal 0 0 -1
    outer loop
      vertex 164.779 -2.38859 3
      vertex 164.779 2.38859 3
      vertex 165.063 2.1221 3
    endloop
  endfacet
  facet normal 0 0 -1
    outer loop
      vertex 164.464 -2.61742 3
      vertex 164.779 2.38859 3
      vertex 164.779 -2.38859 3
    endloop
  endfacet
  facet normal 0 0 -1
    outer loop
      vertex 164.464 -2.61742 3
      vertex 164.464 2.61742 3
      vertex 164.779 2.38859 3
    endloop
  endfacet
  facet normal 0 0 -1
    outer loop
      vertex 164.123 -2.80496 3
      vertex 164.464 2.61742 3
      vertex 164.464 -2.61742 3
    endloop
  endfacet
  facet normal 0 0 -1
    outer loop
      vertex 164.123 -2.80496 3
      vertex 164.123 2.80496 3
      vertex 164.464 2.61742 3
    endloop
  endfacet
  facet normal 0 0 -1
    outer loop
      vertex 163.761 -2.94827 3
      vertex 164.123 2.80496 3
      vertex 164.123 -2.80496 3
    endloop
  endfacet
  facet normal 0 0 -1
    outer loop
      vertex 163.761 -2.94827 3
      vertex 163.761 2.94827 3
      vertex 164.123 2.80496 3
    endloop
  endfacet
  facet normal 0 0 -1
    outer loop
      vertex 163.384 -3.04509 3
      vertex 163.761 2.94827 3
      vertex 163.761 -2.94827 3
    endloop
  endfacet
  facet normal 0 0 -1
    outer loop
      vertex 163.384 -3.04509 3
      vertex 163.384 3.04509 3
      vertex 163.761 2.94827 3
    endloop
  endfacet
  facet normal 0 0 -1
    outer loop
      vertex 162.997 -3.09388 3
      vertex 163.384 3.04509 3
      vertex 163.384 -3.04509 3
    endloop
  endfacet
  facet normal 0 0 -1
    outer loop
      vertex 162.997 -3.09388 3
      vertex 162.997 3.09388 3
      vertex 163.384 3.04509 3
    endloop
  endfacet
  facet normal 0 0 -1
    outer loop
      vertex 162.608 -3.09388 3
      vertex 162.997 3.09388 3
      vertex 162.997 -3.09388 3
    endloop
  endfacet
  facet normal 0 0 -1
    outer loop
      vertex 162.608 -3.09388 3
      vertex 162.608 3.09388 3
      vertex 162.997 3.09388 3
    endloop
  endfacet
  facet normal 0 0 -1
    outer loop
      vertex 162.222 -3.04509 3
      vertex 162.608 3.09388 3
      vertex 162.608 -3.09388 3
    endloop
  endfacet
  facet normal 0 0 -1
    outer loop
      vertex 162.222 -3.04509 3
      vertex 162.222 3.04509 3
      vertex 162.608 3.09388 3
    endloop
  endfacet
  facet normal 0 0 -1
    outer loop
      vertex 161.845 -2.94827 3
      vertex 162.222 3.04509 3
      vertex 162.222 -3.04509 3
    endloop
  endfacet
  facet normal 0 0 -1
    outer loop
      vertex 161.845 -2.94827 3
      vertex 161.845 2.94827 3
      vertex 162.222 3.04509 3
    endloop
  endfacet
  facet normal 0 0 -1
    outer loop
      vertex 161.483 -2.80496 3
      vertex 161.845 2.94827 3
      vertex 161.845 -2.94827 3
    endloop
  endfacet
  facet normal 0 0 -1
    outer loop
      vertex 161.483 -2.80496 3
      vertex 161.483 2.80496 3
      vertex 161.845 2.94827 3
    endloop
  endfacet
  facet normal 0 0 -1
    outer loop
      vertex 161.142 -2.61742 3
      vertex 161.483 2.80496 3
      vertex 161.483 -2.80496 3
    endloop
  endfacet
  facet normal 0 0 -1
    outer loop
      vertex 161.142 -2.61742 3
      vertex 161.142 2.61742 3
      vertex 161.483 2.80496 3
    endloop
  endfacet
  facet normal 0 0 -1
    outer loop
      vertex 160.827 -2.38859 3
      vertex 161.142 2.61742 3
      vertex 161.142 -2.61742 3
    endloop
  endfacet
  facet normal 0 0 -1
    outer loop
      vertex 160.827 -2.38859 3
      vertex 160.827 2.38859 3
      vertex 161.142 2.61742 3
    endloop
  endfacet
  facet normal 0 0 -1
    outer loop
      vertex 160.543 -2.1221 3
      vertex 160.827 2.38859 3
      vertex 160.827 -2.38859 3
    endloop
  endfacet
  facet normal 0 0 -1
    outer loop
      vertex 160.543 -2.1221 3
      vertex 160.543 2.1221 3
      vertex 160.827 2.38859 3
    endloop
  endfacet
  facet normal 0 0 -1
    outer loop
      vertex 160.295 -1.82213 3
      vertex 160.543 2.1221 3
      vertex 160.543 -2.1221 3
    endloop
  endfacet
  facet normal 0 0 -1
    outer loop
      vertex 160.295 -1.82213 3
      vertex 160.295 1.82213 3
      vertex 160.543 2.1221 3
    endloop
  endfacet
  facet normal 0 0 -1
    outer loop
      vertex 160.086 -1.49344 3
      vertex 160.295 1.82213 3
      vertex 160.295 -1.82213 3
    endloop
  endfacet
  facet normal 0 0 -1
    outer loop
      vertex 160.086 -1.49344 3
      vertex 160.086 1.49344 3
      vertex 160.295 1.82213 3
    endloop
  endfacet
  facet normal 0 0 -1
    outer loop
      vertex 159.92 -1.14119 3
      vertex 160.086 1.49344 3
      vertex 160.086 -1.49344 3
    endloop
  endfacet
  facet normal 0 0 -1
    outer loop
      vertex 159.92 -1.14119 3
      vertex 159.92 1.14119 3
      vertex 160.086 1.49344 3
    endloop
  endfacet
  facet normal 0 0 -1
    outer loop
      vertex 159.8 -0.770938 3
      vertex 159.92 1.14119 3
      vertex 159.92 -1.14119 3
    endloop
  endfacet
  facet normal 0 0 -1
    outer loop
      vertex 159.8 -0.770938 3
      vertex 159.8 0.770938 3
      vertex 159.92 1.14119 3
    endloop
  endfacet
  facet normal 0 0 -1
    outer loop
      vertex 159.727 -0.388533 3
      vertex 159.8 0.770938 3
      vertex 159.8 -0.770938 3
    endloop
  endfacet
  facet normal 0 0 -1
    outer loop
      vertex 159.727 -0.388533 3
      vertex 159.727 0.388533 3
      vertex 159.8 0.770938 3
    endloop
  endfacet
  facet normal 0 -0 -1
    outer loop
      vertex 159.727 0.388533 3
      vertex 159.727 -0.388533 3
      vertex 159.703 0 3
    endloop
  endfacet
  facet normal -0.904586 0.426292 0
    outer loop
      vertex 165.519 -1.49344 0.799999
      vertex 165.685 -1.14119 3
      vertex 165.685 -1.14119 0.799999
    endloop
  endfacet
  facet normal -0.904586 0.426292 0
    outer loop
      vertex 165.685 -1.14119 3
      vertex 165.519 -1.49344 0.799999
      vertex 165.519 -1.49344 3
    endloop
  endfacet
  facet normal 0 1 -0
    outer loop
      vertex 162.997 -3.09388 0.799999
      vertex 162.608 -3.09388 3
      vertex 162.997 -3.09388 3
    endloop
  endfacet
  facet normal 0 1 0
    outer loop
      vertex 162.608 -3.09388 3
      vertex 162.997 -3.09388 0.799999
      vertex 162.608 -3.09388 0.799999
    endloop
  endfacet
  facet normal 0.998098 0.0616533 0
    outer loop
      vertex 159.727 -0.388533 3
      vertex 159.703 0 0.799999
      vertex 159.703 0 3
    endloop
  endfacet
  facet normal 0.998098 0.0616533 0
    outer loop
      vertex 159.703 0 0.799999
      vertex 159.727 -0.388533 3
      vertex 159.727 -0.388533 0.799999
    endloop
  endfacet
  facet normal 0.982262 0.187511 0
    outer loop
      vertex 159.8 -0.770938 3
      vertex 159.727 -0.388533 0.799999
      vertex 159.727 -0.388533 3
    endloop
  endfacet
  facet normal 0.982262 0.187511 0
    outer loop
      vertex 159.727 -0.388533 0.799999
      vertex 159.8 -0.770938 3
      vertex 159.8 -0.770938 0.799999
    endloop
  endfacet
  facet normal 0.770711 0.637185 0
    outer loop
      vertex 160.543 -2.1221 3
      vertex 160.295 -1.82213 0.799999
      vertex 160.295 -1.82213 3
    endloop
  endfacet
  facet normal 0.770711 0.637185 0
    outer loop
      vertex 160.295 -1.82213 0.799999
      vertex 160.543 -2.1221 3
      vertex 160.543 -2.1221 0.799999
    endloop
  endfacet
  facet normal 0.904586 0.426292 0
    outer loop
      vertex 160.086 -1.49344 3
      vertex 159.92 -1.14119 0.799999
      vertex 159.92 -1.14119 3
    endloop
  endfacet
  facet normal 0.904586 0.426292 0
    outer loop
      vertex 159.92 -1.14119 0.799999
      vertex 160.086 -1.49344 3
      vertex 160.086 -1.49344 0.799999
    endloop
  endfacet
  facet normal -0.125082 0.992146 0
    outer loop
      vertex 163.384 -3.04509 0.799999
      vertex 162.997 -3.09388 3
      vertex 163.384 -3.04509 3
    endloop
  endfacet
  facet normal -0.125082 0.992146 0
    outer loop
      vertex 162.997 -3.09388 3
      vertex 163.384 -3.04509 0.799999
      vertex 162.997 -3.09388 0.799999
    endloop
  endfacet
  facet normal -0.481899 0.876227 0
    outer loop
      vertex 164.464 -2.61742 0.799999
      vertex 164.123 -2.80496 3
      vertex 164.464 -2.61742 3
    endloop
  endfacet
  facet normal -0.481899 0.876227 0
    outer loop
      vertex 164.123 -2.80496 3
      vertex 164.464 -2.61742 0.799999
      vertex 164.123 -2.80496 0.799999
    endloop
  endfacet
  facet normal -0.368089 0.92979 0
    outer loop
      vertex 164.123 -2.80496 0.799999
      vertex 163.761 -2.94827 3
      vertex 164.123 -2.80496 3
    endloop
  endfacet
  facet normal -0.368089 0.92979 0
    outer loop
      vertex 163.761 -2.94827 3
      vertex 164.123 -2.80496 0.799999
      vertex 163.761 -2.94827 0.799999
    endloop
  endfacet
  facet normal 0.587733 0.809055 -0
    outer loop
      vertex 161.142 -2.61742 0.799999
      vertex 160.827 -2.38859 3
      vertex 161.142 -2.61742 3
    endloop
  endfacet
  facet normal 0.587733 0.809055 0
    outer loop
      vertex 160.827 -2.38859 3
      vertex 161.142 -2.61742 0.799999
      vertex 160.827 -2.38859 0.799999
    endloop
  endfacet
  facet normal 0.248745 0.968569 -0
    outer loop
      vertex 162.222 -3.04509 0.799999
      vertex 161.845 -2.94827 3
      vertex 162.222 -3.04509 3
    endloop
  endfacet
  facet normal 0.248745 0.968569 0
    outer loop
      vertex 161.845 -2.94827 3
      vertex 162.222 -3.04509 0.799999
      vertex 161.845 -2.94827 0.799999
    endloop
  endfacet
  facet normal 0 0 1
    outer loop
      vertex 165.878 0.388533 0.799999
      vertex 165.878 -0.388533 0.799999
      vertex 165.903 0 0.799999
    endloop
  endfacet
  facet normal 0 0 1
    outer loop
      vertex 165.805 0.770938 0.799999
      vertex 165.878 -0.388533 0.799999
      vertex 165.878 0.388533 0.799999
    endloop
  endfacet
  facet normal 0 0 1
    outer loop
      vertex 165.805 0.770938 0.799999
      vertex 165.805 -0.770938 0.799999
      vertex 165.878 -0.388533 0.799999
    endloop
  endfacet
  facet normal 0 0 1
    outer loop
      vertex 165.685 1.14119 0.799999
      vertex 165.805 -0.770938 0.799999
      vertex 165.805 0.770938 0.799999
    endloop
  endfacet
  facet normal 0 0 1
    outer loop
      vertex 165.685 1.14119 0.799999
      vertex 165.685 -1.14119 0.799999
      vertex 165.805 -0.770938 0.799999
    endloop
  endfacet
  facet normal 0 0 1
    outer loop
      vertex 165.519 1.49344 0.799999
      vertex 165.685 -1.14119 0.799999
      vertex 165.685 1.14119 0.799999
    endloop
  endfacet
  facet normal 0 0 1
    outer loop
      vertex 165.519 1.49344 0.799999
      vertex 165.519 -1.49344 0.799999
      vertex 165.685 -1.14119 0.799999
    endloop
  endfacet
  facet normal 0 0 1
    outer loop
      vertex 165.311 1.82213 0.799999
      vertex 165.519 -1.49344 0.799999
      vertex 165.519 1.49344 0.799999
    endloop
  endfacet
  facet normal 0 0 1
    outer loop
      vertex 165.311 1.82213 0.799999
      vertex 165.311 -1.82213 0.799999
      vertex 165.519 -1.49344 0.799999
    endloop
  endfacet
  facet normal 0 0 1
    outer loop
      vertex 165.063 2.1221 0.799999
      vertex 165.311 -1.82213 0.799999
      vertex 165.311 1.82213 0.799999
    endloop
  endfacet
  facet normal 0 0 1
    outer loop
      vertex 165.063 2.1221 0.799999
      vertex 165.063 -2.1221 0.799999
      vertex 165.311 -1.82213 0.799999
    endloop
  endfacet
  facet normal 0 0 1
    outer loop
      vertex 164.779 2.38859 0.799999
      vertex 165.063 -2.1221 0.799999
      vertex 165.063 2.1221 0.799999
    endloop
  endfacet
  facet normal 0 0 1
    outer loop
      vertex 164.779 2.38859 0.799999
      vertex 164.779 -2.38859 0.799999
      vertex 165.063 -2.1221 0.799999
    endloop
  endfacet
  facet normal 0 0 1
    outer loop
      vertex 164.464 2.61742 0.799999
      vertex 164.779 -2.38859 0.799999
      vertex 164.779 2.38859 0.799999
    endloop
  endfacet
  facet normal 0 0 1
    outer loop
      vertex 164.464 2.61742 0.799999
      vertex 164.464 -2.61742 0.799999
      vertex 164.779 -2.38859 0.799999
    endloop
  endfacet
  facet normal 0 0 1
    outer loop
      vertex 164.123 2.80496 0.799999
      vertex 164.464 -2.61742 0.799999
      vertex 164.464 2.61742 0.799999
    endloop
  endfacet
  facet normal 0 0 1
    outer loop
      vertex 164.123 2.80496 0.799999
      vertex 164.123 -2.80496 0.799999
      vertex 164.464 -2.61742 0.799999
    endloop
  endfacet
  facet normal 0 0 1
    outer loop
      vertex 163.761 2.94827 0.799999
      vertex 164.123 -2.80496 0.799999
      vertex 164.123 2.80496 0.799999
    endloop
  endfacet
  facet normal 0 0 1
    outer loop
      vertex 163.761 2.94827 0.799999
      vertex 163.761 -2.94827 0.799999
      vertex 164.123 -2.80496 0.799999
    endloop
  endfacet
  facet normal 0 0 1
    outer loop
      vertex 163.384 3.04509 0.799999
      vertex 163.761 -2.94827 0.799999
      vertex 163.761 2.94827 0.799999
    endloop
  endfacet
  facet normal 0 0 1
    outer loop
      vertex 163.384 3.04509 0.799999
      vertex 163.384 -3.04509 0.799999
      vertex 163.761 -2.94827 0.799999
    endloop
  endfacet
  facet normal 0 0 1
    outer loop
      vertex 162.997 3.09388 0.799999
      vertex 163.384 -3.04509 0.799999
      vertex 163.384 3.04509 0.799999
    endloop
  endfacet
  facet normal 0 0 1
    outer loop
      vertex 162.997 3.09388 0.799999
      vertex 162.997 -3.09388 0.799999
      vertex 163.384 -3.04509 0.799999
    endloop
  endfacet
  facet normal -0 0 1
    outer loop
      vertex 162.608 3.09388 0.799999
      vertex 162.997 -3.09388 0.799999
      vertex 162.997 3.09388 0.799999
    endloop
  endfacet
  facet normal 0 0 1
    outer loop
      vertex 162.608 3.09388 0.799999
      vertex 162.608 -3.09388 0.799999
      vertex 162.997 -3.09388 0.799999
    endloop
  endfacet
  facet normal -0 0 1
    outer loop
      vertex 162.222 3.04509 0.799999
      vertex 162.608 -3.09388 0.799999
      vertex 162.608 3.09388 0.799999
    endloop
  endfacet
  facet normal 0 0 1
    outer loop
      vertex 162.222 3.04509 0.799999
      vertex 162.222 -3.04509 0.799999
      vertex 162.608 -3.09388 0.799999
    endloop
  endfacet
  facet normal -0 0 1
    outer loop
      vertex 161.845 2.94827 0.799999
      vertex 162.222 -3.04509 0.799999
      vertex 162.222 3.04509 0.799999
    endloop
  endfacet
  facet normal 0 0 1
    outer loop
      vertex 161.845 2.94827 0.799999
      vertex 161.845 -2.94827 0.799999
      vertex 162.222 -3.04509 0.799999
    endloop
  endfacet
  facet normal -0 0 1
    outer loop
      vertex 161.483 2.80496 0.799999
      vertex 161.845 -2.94827 0.799999
      vertex 161.845 2.94827 0.799999
    endloop
  endfacet
  facet normal 0 0 1
    outer loop
      vertex 161.483 2.80496 0.799999
      vertex 161.483 -2.80496 0.799999
      vertex 161.845 -2.94827 0.799999
    endloop
  endfacet
  facet normal -0 0 1
    outer loop
      vertex 161.142 2.61742 0.799999
      vertex 161.483 -2.80496 0.799999
      vertex 161.483 2.80496 0.799999
    endloop
  endfacet
  facet normal 0 0 1
    outer loop
      vertex 161.142 2.61742 0.799999
      vertex 161.142 -2.61742 0.799999
      vertex 161.483 -2.80496 0.799999
    endloop
  endfacet
  facet normal -0 0 1
    outer loop
      vertex 160.827 2.38859 0.799999
      vertex 161.142 -2.61742 0.799999
      vertex 161.142 2.61742 0.799999
    endloop
  endfacet
  facet normal 0 0 1
    outer loop
      vertex 160.827 2.38859 0.799999
      vertex 160.827 -2.38859 0.799999
      vertex 161.142 -2.61742 0.799999
    endloop
  endfacet
  facet normal -0 0 1
    outer loop
      vertex 160.543 2.1221 0.799999
      vertex 160.827 -2.38859 0.799999
      vertex 160.827 2.38859 0.799999
    endloop
  endfacet
  facet normal 0 0 1
    outer loop
      vertex 160.543 2.1221 0.799999
      vertex 160.543 -2.1221 0.799999
      vertex 160.827 -2.38859 0.799999
    endloop
  endfacet
  facet normal -0 0 1
    outer loop
      vertex 160.295 1.82213 0.799999
      vertex 160.543 -2.1221 0.799999
      vertex 160.543 2.1221 0.799999
    endloop
  endfacet
  facet normal 0 0 1
    outer loop
      vertex 160.295 1.82213 0.799999
      vertex 160.295 -1.82213 0.799999
      vertex 160.543 -2.1221 0.799999
    endloop
  endfacet
  facet normal -0 0 1
    outer loop
      vertex 160.086 1.49344 0.799999
      vertex 160.295 -1.82213 0.799999
      vertex 160.295 1.82213 0.799999
    endloop
  endfacet
  facet normal 0 0 1
    outer loop
      vertex 160.086 1.49344 0.799999
      vertex 160.086 -1.49344 0.799999
      vertex 160.295 -1.82213 0.799999
    endloop
  endfacet
  facet normal -0 0 1
    outer loop
      vertex 159.92 1.14119 0.799999
      vertex 160.086 -1.49344 0.799999
      vertex 160.086 1.49344 0.799999
    endloop
  endfacet
  facet normal 0 0 1
    outer loop
      vertex 159.92 1.14119 0.799999
      vertex 159.92 -1.14119 0.799999
      vertex 160.086 -1.49344 0.799999
    endloop
  endfacet
  facet normal -0 0 1
    outer loop
      vertex 159.8 0.770938 0.799999
      vertex 159.92 -1.14119 0.799999
      vertex 159.92 1.14119 0.799999
    endloop
  endfacet
  facet normal 0 0 1
    outer loop
      vertex 159.8 0.770938 0.799999
      vertex 159.8 -0.770938 0.799999
      vertex 159.92 -1.14119 0.799999
    endloop
  endfacet
  facet normal -0 0 1
    outer loop
      vertex 159.727 0.388533 0.799999
      vertex 159.8 -0.770938 0.799999
      vertex 159.8 0.770938 0.799999
    endloop
  endfacet
  facet normal 0 0 1
    outer loop
      vertex 159.727 0.388533 0.799999
      vertex 159.727 -0.388533 0.799999
      vertex 159.8 -0.770938 0.799999
    endloop
  endfacet
  facet normal 0 -0 1
    outer loop
      vertex 159.727 -0.388533 0.799999
      vertex 159.727 0.388533 0.799999
      vertex 159.703 0 0.799999
    endloop
  endfacet
  facet normal 0.843855 0.536571 0
    outer loop
      vertex 160.295 -1.82213 3
      vertex 160.086 -1.49344 0.799999
      vertex 160.086 -1.49344 3
    endloop
  endfacet
  facet normal 0.843855 0.536571 0
    outer loop
      vertex 160.086 -1.49344 0.799999
      vertex 160.295 -1.82213 3
      vertex 160.295 -1.82213 0.799999
    endloop
  endfacet
  facet normal -0.248745 0.968569 0
    outer loop
      vertex 163.761 -2.94827 0.799999
      vertex 163.384 -3.04509 3
      vertex 163.761 -2.94827 3
    endloop
  endfacet
  facet normal -0.248745 0.968569 0
    outer loop
      vertex 163.384 -3.04509 3
      vertex 163.761 -2.94827 0.799999
      vertex 163.384 -3.04509 0.799999
    endloop
  endfacet
  facet normal -0.770711 0.637185 0
    outer loop
      vertex 165.063 -2.1221 0.799999
      vertex 165.311 -1.82213 3
      vertex 165.311 -1.82213 0.799999
    endloop
  endfacet
  facet normal -0.770711 0.637185 0
    outer loop
      vertex 165.311 -1.82213 3
      vertex 165.063 -2.1221 0.799999
      vertex 165.063 -2.1221 3
    endloop
  endfacet
  facet normal 0.481899 0.876227 -0
    outer loop
      vertex 161.483 -2.80496 0.799999
      vertex 161.142 -2.61742 3
      vertex 161.483 -2.80496 3
    endloop
  endfacet
  facet normal 0.481899 0.876227 0
    outer loop
      vertex 161.142 -2.61742 3
      vertex 161.483 -2.80496 0.799999
      vertex 161.142 -2.61742 0.799999
    endloop
  endfacet
  facet normal 0.125401 0.992106 -0
    outer loop
      vertex 162.608 -3.09388 0.799999
      vertex 162.222 -3.04509 3
      vertex 162.608 -3.09388 3
    endloop
  endfacet
  facet normal 0.125401 0.992106 0
    outer loop
      vertex 162.222 -3.04509 3
      vertex 162.608 -3.09388 0.799999
      vertex 162.222 -3.04509 0.799999
    endloop
  endfacet
  facet normal 0.951284 0.308315 0
    outer loop
      vertex 159.92 -1.14119 3
      vertex 159.8 -0.770938 0.799999
      vertex 159.8 -0.770938 3
    endloop
  endfacet
  facet normal 0.951284 0.308315 0
    outer loop
      vertex 159.8 -0.770938 0.799999
      vertex 159.92 -1.14119 3
      vertex 159.92 -1.14119 0.799999
    endloop
  endfacet
  facet normal 0.684269 0.72923 -0
    outer loop
      vertex 160.827 -2.38859 0.799999
      vertex 160.543 -2.1221 3
      vertex 160.827 -2.38859 3
    endloop
  endfacet
  facet normal 0.684269 0.72923 0
    outer loop
      vertex 160.543 -2.1221 3
      vertex 160.827 -2.38859 0.799999
      vertex 160.543 -2.1221 0.799999
    endloop
  endfacet
  facet normal 0.368089 0.92979 -0
    outer loop
      vertex 161.845 -2.94827 0.799999
      vertex 161.483 -2.80496 3
      vertex 161.845 -2.94827 3
    endloop
  endfacet
  facet normal 0.368089 0.92979 0
    outer loop
      vertex 161.483 -2.80496 3
      vertex 161.845 -2.94827 0.799999
      vertex 161.483 -2.80496 0.799999
    endloop
  endfacet
  facet normal -0.998098 -0.0616522 0
    outer loop
      vertex 171.1 5.19723 0.799999
      vertex 171.076 5.58577 3
      vertex 171.076 5.58577 0.799999
    endloop
  endfacet
  facet normal -0.998098 -0.0616522 0
    outer loop
      vertex 171.076 5.58577 3
      vertex 171.1 5.19723 0.799999
      vertex 171.1 5.19723 3
    endloop
  endfacet
  facet normal 0.998098 -0.0616522 0
    outer loop
      vertex 164.9 5.19723 3
      vertex 164.924 5.58577 0.799999
      vertex 164.924 5.58577 3
    endloop
  endfacet
  facet normal 0.998098 -0.0616522 0
    outer loop
      vertex 164.924 5.58577 0.799999
      vertex 164.9 5.19723 3
      vertex 164.9 5.19723 0.799999
    endloop
  endfacet
  facet normal 0 -1 0
    outer loop
      vertex 167.805 8.29112 0.799999
      vertex 168.195 8.29112 3
      vertex 167.805 8.29112 3
    endloop
  endfacet
  facet normal 0 -1 -0
    outer loop
      vertex 168.195 8.29112 3
      vertex 167.805 8.29112 0.799999
      vertex 168.195 8.29112 0.799999
    endloop
  endfacet
  facet normal 0 1 -0
    outer loop
      vertex 168.195 2.10335 0.799999
      vertex 167.805 2.10335 3
      vertex 168.195 2.10335 3
    endloop
  endfacet
  facet normal 0 1 0
    outer loop
      vertex 167.805 2.10335 3
      vertex 168.195 2.10335 0.799999
      vertex 167.805 2.10335 0.799999
    endloop
  endfacet
  facet normal -0.770701 0.637197 0
    outer loop
      vertex 170.26 3.07514 0.799999
      vertex 170.508 3.3751 3
      vertex 170.508 3.3751 0.799999
    endloop
  endfacet
  facet normal -0.770701 0.637197 0
    outer loop
      vertex 170.508 3.3751 3
      vertex 170.26 3.07514 0.799999
      vertex 170.26 3.07514 3
    endloop
  endfacet
  facet normal -0.684269 -0.72923 0
    outer loop
      vertex 169.976 7.58582 0.799999
      vertex 170.26 7.31933 3
      vertex 169.976 7.58582 3
    endloop
  endfacet
  facet normal -0.684269 -0.72923 -0
    outer loop
      vertex 170.26 7.31933 3
      vertex 169.976 7.58582 0.799999
      vertex 170.26 7.31933 0.799999
    endloop
  endfacet
  facet normal 0.684269 -0.72923 0
    outer loop
      vertex 165.74 7.31933 0.799999
      vertex 166.024 7.58582 3
      vertex 165.74 7.31933 3
    endloop
  endfacet
  facet normal 0.684269 -0.72923 0
    outer loop
      vertex 166.024 7.58582 3
      vertex 165.74 7.31933 0.799999
      vertex 166.024 7.58582 0.799999
    endloop
  endfacet
  facet normal 0.368089 -0.92979 0
    outer loop
      vertex 166.68 8.0022 0.799999
      vertex 167.042 8.14551 3
      vertex 166.68 8.0022 3
    endloop
  endfacet
  facet normal 0.368089 -0.92979 0
    outer loop
      vertex 167.042 8.14551 3
      vertex 166.68 8.0022 0.799999
      vertex 167.042 8.14551 0.799999
    endloop
  endfacet
  facet normal -0.905575 -0.424187 0
    outer loop
      vertex 170.882 6.33842 0.799999
      vertex 170.717 6.69067 3
      vertex 170.717 6.69067 0.799999
    endloop
  endfacet
  facet normal -0.905575 -0.424187 0
    outer loop
      vertex 170.717 6.69067 3
      vertex 170.882 6.33842 0.799999
      vertex 170.882 6.33842 3
    endloop
  endfacet
  facet normal -0.368089 -0.92979 0
    outer loop
      vertex 168.958 8.14551 0.799999
      vertex 169.32 8.0022 3
      vertex 168.958 8.14551 3
    endloop
  endfacet
  facet normal -0.368089 -0.92979 -0
    outer loop
      vertex 169.32 8.0022 3
      vertex 168.958 8.14551 0.799999
      vertex 169.32 8.0022 0.799999
    endloop
  endfacet
  facet normal -0.481919 -0.876216 0
    outer loop
      vertex 169.32 8.0022 0.799999
      vertex 169.661 7.81465 3
      vertex 169.32 8.0022 3
    endloop
  endfacet
  facet normal -0.481919 -0.876216 -0
    outer loop
      vertex 169.661 7.81465 3
      vertex 169.32 8.0022 0.799999
      vertex 169.661 7.81465 0.799999
    endloop
  endfacet
  facet normal 0.905575 -0.424187 0
    outer loop
      vertex 165.118 6.33842 3
      vertex 165.283 6.69067 0.799999
      vertex 165.283 6.69067 3
    endloop
  endfacet
  facet normal 0.905575 -0.424187 0
    outer loop
      vertex 165.283 6.69067 0.799999
      vertex 165.118 6.33842 3
      vertex 165.118 6.33842 0.799999
    endloop
  endfacet
  facet normal 0 0 -1
    outer loop
      vertex 171.076 4.8087 3
      vertex 171.076 5.58577 3
      vertex 171.1 5.19723 3
    endloop
  endfacet
  facet normal 0 0 -1
    outer loop
      vertex 171.003 4.4263 3
      vertex 171.076 5.58577 3
      vertex 171.076 4.8087 3
    endloop
  endfacet
  facet normal 0 0 -1
    outer loop
      vertex 171.003 4.4263 3
      vertex 171.003 5.96817 3
      vertex 171.076 5.58577 3
    endloop
  endfacet
  facet normal 0 0 -1
    outer loop
      vertex 170.882 4.05605 3
      vertex 171.003 5.96817 3
      vertex 171.003 4.4263 3
    endloop
  endfacet
  facet normal 0 0 -1
    outer loop
      vertex 170.882 4.05605 3
      vertex 170.882 6.33842 3
      vertex 171.003 5.96817 3
    endloop
  endfacet
  facet normal 0 0 -1
    outer loop
      vertex 170.717 3.7038 3
      vertex 170.882 6.33842 3
      vertex 170.882 4.05605 3
    endloop
  endfacet
  facet normal 0 0 -1
    outer loop
      vertex 170.717 3.7038 3
      vertex 170.717 6.69067 3
      vertex 170.882 6.33842 3
    endloop
  endfacet
  facet normal 0 0 -1
    outer loop
      vertex 170.508 3.3751 3
      vertex 170.717 6.69067 3
      vertex 170.717 3.7038 3
    endloop
  endfacet
  facet normal 0 0 -1
    outer loop
      vertex 170.508 3.3751 3
      vertex 170.508 7.01937 3
      vertex 170.717 6.69067 3
    endloop
  endfacet
  facet normal 0 0 -1
    outer loop
      vertex 170.26 3.07514 3
      vertex 170.508 7.01937 3
      vertex 170.508 3.3751 3
    endloop
  endfacet
  facet normal 0 0 -1
    outer loop
      vertex 170.26 3.07514 3
      vertex 170.26 7.31933 3
      vertex 170.508 7.01937 3
    endloop
  endfacet
  facet normal 0 0 -1
    outer loop
      vertex 169.976 2.80864 3
      vertex 170.26 7.31933 3
      vertex 170.26 3.07514 3
    endloop
  endfacet
  facet normal 0 0 -1
    outer loop
      vertex 169.976 2.80864 3
      vertex 169.976 7.58582 3
      vertex 170.26 7.31933 3
    endloop
  endfacet
  facet normal 0 0 -1
    outer loop
      vertex 169.661 2.57982 3
      vertex 169.976 7.58582 3
      vertex 169.976 2.80864 3
    endloop
  endfacet
  facet normal 0 0 -1
    outer loop
      vertex 169.661 2.57982 3
      vertex 169.661 7.81465 3
      vertex 169.976 7.58582 3
    endloop
  endfacet
  facet normal 0 0 -1
    outer loop
      vertex 169.32 2.39227 3
      vertex 169.661 7.81465 3
      vertex 169.661 2.57982 3
    endloop
  endfacet
  facet normal 0 0 -1
    outer loop
      vertex 169.32 2.39227 3
      vertex 169.32 8.0022 3
      vertex 169.661 7.81465 3
    endloop
  endfacet
  facet normal 0 0 -1
    outer loop
      vertex 168.958 2.24896 3
      vertex 169.32 8.0022 3
      vertex 169.32 2.39227 3
    endloop
  endfacet
  facet normal 0 0 -1
    outer loop
      vertex 168.958 2.24896 3
      vertex 168.958 8.14551 3
      vertex 169.32 8.0022 3
    endloop
  endfacet
  facet normal 0 0 -1
    outer loop
      vertex 168.581 2.15214 3
      vertex 168.958 8.14551 3
      vertex 168.958 2.24896 3
    endloop
  endfacet
  facet normal 0 0 -1
    outer loop
      vertex 168.581 2.15214 3
      vertex 168.581 8.24232 3
      vertex 168.958 8.14551 3
    endloop
  endfacet
  facet normal 0 0 -1
    outer loop
      vertex 168.195 2.10335 3
      vertex 168.581 8.24232 3
      vertex 168.581 2.15214 3
    endloop
  endfacet
  facet normal 0 0 -1
    outer loop
      vertex 168.195 2.10335 3
      vertex 168.195 8.29112 3
      vertex 168.581 8.24232 3
    endloop
  endfacet
  facet normal 0 0 -1
    outer loop
      vertex 167.805 2.10335 3
      vertex 168.195 8.29112 3
      vertex 168.195 2.10335 3
    endloop
  endfacet
  facet normal 0 0 -1
    outer loop
      vertex 167.805 2.10335 3
      vertex 167.805 8.29112 3
      vertex 168.195 8.29112 3
    endloop
  endfacet
  facet normal 0 0 -1
    outer loop
      vertex 167.419 2.15214 3
      vertex 167.805 8.29112 3
      vertex 167.805 2.10335 3
    endloop
  endfacet
  facet normal 0 0 -1
    outer loop
      vertex 167.419 2.15214 3
      vertex 167.419 8.24232 3
      vertex 167.805 8.29112 3
    endloop
  endfacet
  facet normal 0 0 -1
    outer loop
      vertex 167.042 2.24896 3
      vertex 167.419 8.24232 3
      vertex 167.419 2.15214 3
    endloop
  endfacet
  facet normal 0 0 -1
    outer loop
      vertex 167.042 2.24896 3
      vertex 167.042 8.14551 3
      vertex 167.419 8.24232 3
    endloop
  endfacet
  facet normal 0 0 -1
    outer loop
      vertex 166.68 2.39227 3
      vertex 167.042 8.14551 3
      vertex 167.042 2.24896 3
    endloop
  endfacet
  facet normal 0 0 -1
    outer loop
      vertex 166.68 2.39227 3
      vertex 166.68 8.0022 3
      vertex 167.042 8.14551 3
    endloop
  endfacet
  facet normal 0 0 -1
    outer loop
      vertex 166.339 2.57982 3
      vertex 166.68 8.0022 3
      vertex 166.68 2.39227 3
    endloop
  endfacet
  facet normal 0 0 -1
    outer loop
      vertex 166.339 2.57982 3
      vertex 166.339 7.81465 3
      vertex 166.68 8.0022 3
    endloop
  endfacet
  facet normal 0 0 -1
    outer loop
      vertex 166.024 2.80864 3
      vertex 166.339 7.81465 3
      vertex 166.339 2.57982 3
    endloop
  endfacet
  facet normal 0 0 -1
    outer loop
      vertex 166.024 2.80864 3
      vertex 166.024 7.58582 3
      vertex 166.339 7.81465 3
    endloop
  endfacet
  facet normal 0 0 -1
    outer loop
      vertex 165.74 3.07514 3
      vertex 166.024 7.58582 3
      vertex 166.024 2.80864 3
    endloop
  endfacet
  facet normal 0 0 -1
    outer loop
      vertex 165.74 3.07514 3
      vertex 165.74 7.31933 3
      vertex 166.024 7.58582 3
    endloop
  endfacet
  facet normal 0 0 -1
    outer loop
      vertex 165.492 3.3751 3
      vertex 165.74 7.31933 3
      vertex 165.74 3.07514 3
    endloop
  endfacet
  facet normal 0 0 -1
    outer loop
      vertex 165.492 3.3751 3
      vertex 165.492 7.01937 3
      vertex 165.74 7.31933 3
    endloop
  endfacet
  facet normal 0 0 -1
    outer loop
      vertex 165.283 3.7038 3
      vertex 165.492 7.01937 3
      vertex 165.492 3.3751 3
    endloop
  endfacet
  facet normal 0 0 -1
    outer loop
      vertex 165.283 3.7038 3
      vertex 165.283 6.69067 3
      vertex 165.492 7.01937 3
    endloop
  endfacet
  facet normal 0 0 -1
    outer loop
      vertex 165.118 4.05605 3
      vertex 165.283 6.69067 3
      vertex 165.283 3.7038 3
    endloop
  endfacet
  facet normal 0 0 -1
    outer loop
      vertex 165.118 4.05605 3
      vertex 165.118 6.33842 3
      vertex 165.283 6.69067 3
    endloop
  endfacet
  facet normal 0 0 -1
    outer loop
      vertex 164.997 4.4263 3
      vertex 165.118 6.33842 3
      vertex 165.118 4.05605 3
    endloop
  endfacet
  facet normal 0 0 -1
    outer loop
      vertex 164.997 4.4263 3
      vertex 164.997 5.96817 3
      vertex 165.118 6.33842 3
    endloop
  endfacet
  facet normal 0 0 -1
    outer loop
      vertex 164.924 4.8087 3
      vertex 164.997 5.96817 3
      vertex 164.997 4.4263 3
    endloop
  endfacet
  facet normal 0 0 -1
    outer loop
      vertex 164.924 4.8087 3
      vertex 164.924 5.58577 3
      vertex 164.997 5.96817 3
    endloop
  endfacet
  facet normal 0 -0 -1
    outer loop
      vertex 164.924 5.58577 3
      vertex 164.924 4.8087 3
      vertex 164.9 5.19723 3
    endloop
  endfacet
  facet normal 0.248721 -0.968575 0
    outer loop
      vertex 167.042 8.14551 0.799999
      vertex 167.419 8.24232 3
      vertex 167.042 8.14551 3
    endloop
  endfacet
  facet normal 0.248721 -0.968575 0
    outer loop
      vertex 167.419 8.24232 3
      vertex 167.042 8.14551 0.799999
      vertex 167.419 8.24232 0.799999
    endloop
  endfacet
  facet normal -0.125401 0.992106 0
    outer loop
      vertex 168.581 2.15214 0.799999
      vertex 168.195 2.10335 3
      vertex 168.581 2.15214 3
    endloop
  endfacet
  facet normal -0.125401 0.992106 0
    outer loop
      vertex 168.195 2.10335 3
      vertex 168.581 2.15214 0.799999
      vertex 168.195 2.10335 0.799999
    endloop
  endfacet
  facet normal -0.950528 -0.310638 0
    outer loop
      vertex 171.003 5.96817 0.799999
      vertex 170.882 6.33842 3
      vertex 170.882 6.33842 0.799999
    endloop
  endfacet
  facet normal -0.950528 -0.310638 0
    outer loop
      vertex 170.882 6.33842 3
      vertex 171.003 5.96817 0.799999
      vertex 171.003 5.96817 3
    endloop
  endfacet
  facet normal -0.982262 -0.187513 0
    outer loop
      vertex 171.076 5.58577 0.799999
      vertex 171.003 5.96817 3
      vertex 171.003 5.96817 0.799999
    endloop
  endfacet
  facet normal -0.982262 -0.187513 0
    outer loop
      vertex 171.003 5.96817 3
      vertex 171.076 5.58577 0.799999
      vertex 171.076 5.58577 3
    endloop
  endfacet
  facet normal -0.770701 -0.637197 0
    outer loop
      vertex 170.508 7.01937 0.799999
      vertex 170.26 7.31933 3
      vertex 170.26 7.31933 0.799999
    endloop
  endfacet
  facet normal -0.770701 -0.637197 0
    outer loop
      vertex 170.26 7.31933 3
      vertex 170.508 7.01937 0.799999
      vertex 170.508 7.01937 3
    endloop
  endfacet
  facet normal -0.843862 -0.53656 0
    outer loop
      vertex 170.717 6.69067 0.799999
      vertex 170.508 7.01937 3
      vertex 170.508 7.01937 0.799999
    endloop
  endfacet
  facet normal -0.843862 -0.53656 0
    outer loop
      vertex 170.508 7.01937 3
      vertex 170.717 6.69067 0.799999
      vertex 170.717 6.69067 3
    endloop
  endfacet
  facet normal -0.248721 -0.968575 0
    outer loop
      vertex 168.581 8.24232 0.799999
      vertex 168.958 8.14551 3
      vertex 168.581 8.24232 3
    endloop
  endfacet
  facet normal -0.248721 -0.968575 -0
    outer loop
      vertex 168.958 8.14551 3
      vertex 168.581 8.24232 0.799999
      vertex 168.958 8.14551 0.799999
    endloop
  endfacet
  facet normal -0.125426 -0.992103 0
    outer loop
      vertex 168.195 8.29112 0.799999
      vertex 168.581 8.24232 3
      vertex 168.195 8.29112 3
    endloop
  endfacet
  facet normal -0.125426 -0.992103 -0
    outer loop
      vertex 168.581 8.24232 3
      vertex 168.195 8.29112 0.799999
      vertex 168.581 8.24232 0.799999
    endloop
  endfacet
  facet normal -0.587733 -0.809055 0
    outer loop
      vertex 169.661 7.81465 0.799999
      vertex 169.976 7.58582 3
      vertex 169.661 7.81465 3
    endloop
  endfacet
  facet normal -0.587733 -0.809055 -0
    outer loop
      vertex 169.976 7.58582 3
      vertex 169.661 7.81465 0.799999
      vertex 169.976 7.58582 0.799999
    endloop
  endfacet
  facet normal 0.843862 -0.53656 0
    outer loop
      vertex 165.283 6.69067 3
      vertex 165.492 7.01937 0.799999
      vertex 165.492 7.01937 3
    endloop
  endfacet
  facet normal 0.843862 -0.53656 0
    outer loop
      vertex 165.492 7.01937 0.799999
      vertex 165.283 6.69067 3
      vertex 165.283 6.69067 0.799999
    endloop
  endfacet
  facet normal 0.770701 -0.637197 0
    outer loop
      vertex 165.492 7.01937 3
      vertex 165.74 7.31933 0.799999
      vertex 165.74 7.31933 3
    endloop
  endfacet
  facet normal 0.770701 -0.637197 0
    outer loop
      vertex 165.74 7.31933 0.799999
      vertex 165.492 7.01937 3
      vertex 165.492 7.01937 0.799999
    endloop
  endfacet
  facet normal 0.950528 -0.310638 0
    outer loop
      vertex 164.997 5.96817 3
      vertex 165.118 6.33842 0.799999
      vertex 165.118 6.33842 3
    endloop
  endfacet
  facet normal 0.950528 -0.310638 0
    outer loop
      vertex 165.118 6.33842 0.799999
      vertex 164.997 5.96817 3
      vertex 164.997 5.96817 0.799999
    endloop
  endfacet
  facet normal 0.982262 -0.187513 0
    outer loop
      vertex 164.924 5.58577 3
      vertex 164.997 5.96817 0.799999
      vertex 164.997 5.96817 3
    endloop
  endfacet
  facet normal 0.982262 -0.187513 0
    outer loop
      vertex 164.997 5.96817 0.799999
      vertex 164.924 5.58577 3
      vertex 164.924 5.58577 0.799999
    endloop
  endfacet
  facet normal 0.481919 -0.876216 0
    outer loop
      vertex 166.339 7.81465 0.799999
      vertex 166.68 8.0022 3
      vertex 166.339 7.81465 3
    endloop
  endfacet
  facet normal 0.481919 -0.876216 0
    outer loop
      vertex 166.68 8.0022 3
      vertex 166.339 7.81465 0.799999
      vertex 166.68 8.0022 0.799999
    endloop
  endfacet
  facet normal 0.587733 -0.809055 0
    outer loop
      vertex 166.024 7.58582 0.799999
      vertex 166.339 7.81465 3
      vertex 166.024 7.58582 3
    endloop
  endfacet
  facet normal 0.587733 -0.809055 0
    outer loop
      vertex 166.339 7.81465 3
      vertex 166.024 7.58582 0.799999
      vertex 166.339 7.81465 0.799999
    endloop
  endfacet
  facet normal 0.125426 -0.992103 0
    outer loop
      vertex 167.419 8.24232 0.799999
      vertex 167.805 8.29112 3
      vertex 167.419 8.24232 3
    endloop
  endfacet
  facet normal 0.125426 -0.992103 0
    outer loop
      vertex 167.805 8.29112 3
      vertex 167.419 8.24232 0.799999
      vertex 167.805 8.29112 0.799999
    endloop
  endfacet
  facet normal -0.998098 0.0616538 0
    outer loop
      vertex 171.076 4.8087 0.799999
      vertex 171.1 5.19723 3
      vertex 171.1 5.19723 0.799999
    endloop
  endfacet
  facet normal -0.998098 0.0616538 0
    outer loop
      vertex 171.1 5.19723 3
      vertex 171.076 4.8087 0.799999
      vertex 171.076 4.8087 3
    endloop
  endfacet
  facet normal 0.905575 0.424187 0
    outer loop
      vertex 165.283 3.7038 3
      vertex 165.118 4.05605 0.799999
      vertex 165.118 4.05605 3
    endloop
  endfacet
  facet normal 0.905575 0.424187 0
    outer loop
      vertex 165.118 4.05605 0.799999
      vertex 165.283 3.7038 3
      vertex 165.283 3.7038 0.799999
    endloop
  endfacet
  facet normal 0 0 1
    outer loop
      vertex 171.076 5.58577 0.799999
      vertex 171.076 4.8087 0.799999
      vertex 171.1 5.19723 0.799999
    endloop
  endfacet
  facet normal 0 0 1
    outer loop
      vertex 171.003 5.96817 0.799999
      vertex 171.076 4.8087 0.799999
      vertex 171.076 5.58577 0.799999
    endloop
  endfacet
  facet normal 0 0 1
    outer loop
      vertex 171.003 5.96817 0.799999
      vertex 171.003 4.4263 0.799999
      vertex 171.076 4.8087 0.799999
    endloop
  endfacet
  facet normal 0 0 1
    outer loop
      vertex 170.882 6.33842 0.799999
      vertex 171.003 4.4263 0.799999
      vertex 171.003 5.96817 0.799999
    endloop
  endfacet
  facet normal 0 0 1
    outer loop
      vertex 170.882 6.33842 0.799999
      vertex 170.882 4.05605 0.799999
      vertex 171.003 4.4263 0.799999
    endloop
  endfacet
  facet normal 0 0 1
    outer loop
      vertex 170.717 6.69067 0.799999
      vertex 170.882 4.05605 0.799999
      vertex 170.882 6.33842 0.799999
    endloop
  endfacet
  facet normal 0 0 1
    outer loop
      vertex 170.717 6.69067 0.799999
      vertex 170.717 3.7038 0.799999
      vertex 170.882 4.05605 0.799999
    endloop
  endfacet
  facet normal 0 0 1
    outer loop
      vertex 170.508 7.01937 0.799999
      vertex 170.717 3.7038 0.799999
      vertex 170.717 6.69067 0.799999
    endloop
  endfacet
  facet normal 0 0 1
    outer loop
      vertex 170.508 7.01937 0.799999
      vertex 170.508 3.3751 0.799999
      vertex 170.717 3.7038 0.799999
    endloop
  endfacet
  facet normal 0 0 1
    outer loop
      vertex 170.26 7.31933 0.799999
      vertex 170.508 3.3751 0.799999
      vertex 170.508 7.01937 0.799999
    endloop
  endfacet
  facet normal 0 0 1
    outer loop
      vertex 170.26 7.31933 0.799999
      vertex 170.26 3.07514 0.799999
      vertex 170.508 3.3751 0.799999
    endloop
  endfacet
  facet normal 0 0 1
    outer loop
      vertex 169.976 7.58582 0.799999
      vertex 170.26 3.07514 0.799999
      vertex 170.26 7.31933 0.799999
    endloop
  endfacet
  facet normal 0 0 1
    outer loop
      vertex 169.976 7.58582 0.799999
      vertex 169.976 2.80864 0.799999
      vertex 170.26 3.07514 0.799999
    endloop
  endfacet
  facet normal 0 0 1
    outer loop
      vertex 169.661 7.81465 0.799999
      vertex 169.976 2.80864 0.799999
      vertex 169.976 7.58582 0.799999
    endloop
  endfacet
  facet normal 0 0 1
    outer loop
      vertex 169.661 7.81465 0.799999
      vertex 169.661 2.57982 0.799999
      vertex 169.976 2.80864 0.799999
    endloop
  endfacet
  facet normal 0 0 1
    outer loop
      vertex 169.32 8.0022 0.799999
      vertex 169.661 2.57982 0.799999
      vertex 169.661 7.81465 0.799999
    endloop
  endfacet
  facet normal 0 0 1
    outer loop
      vertex 169.32 8.0022 0.799999
      vertex 169.32 2.39227 0.799999
      vertex 169.661 2.57982 0.799999
    endloop
  endfacet
  facet normal 0 0 1
    outer loop
      vertex 168.958 8.14551 0.799999
      vertex 169.32 2.39227 0.799999
      vertex 169.32 8.0022 0.799999
    endloop
  endfacet
  facet normal 0 0 1
    outer loop
      vertex 168.958 8.14551 0.799999
      vertex 168.958 2.24896 0.799999
      vertex 169.32 2.39227 0.799999
    endloop
  endfacet
  facet normal 0 0 1
    outer loop
      vertex 168.581 8.24232 0.799999
      vertex 168.958 2.24896 0.799999
      vertex 168.958 8.14551 0.799999
    endloop
  endfacet
  facet normal 0 0 1
    outer loop
      vertex 168.581 8.24232 0.799999
      vertex 168.581 2.15214 0.799999
      vertex 168.958 2.24896 0.799999
    endloop
  endfacet
  facet normal 0 0 1
    outer loop
      vertex 168.195 8.29112 0.799999
      vertex 168.581 2.15214 0.799999
      vertex 168.581 8.24232 0.799999
    endloop
  endfacet
  facet normal 0 0 1
    outer loop
      vertex 168.195 8.29112 0.799999
      vertex 168.195 2.10335 0.799999
      vertex 168.581 2.15214 0.799999
    endloop
  endfacet
  facet normal -0 0 1
    outer loop
      vertex 167.805 8.29112 0.799999
      vertex 168.195 2.10335 0.799999
      vertex 168.195 8.29112 0.799999
    endloop
  endfacet
  facet normal 0 0 1
    outer loop
      vertex 167.805 8.29112 0.799999
      vertex 167.805 2.10335 0.799999
      vertex 168.195 2.10335 0.799999
    endloop
  endfacet
  facet normal -0 0 1
    outer loop
      vertex 167.419 8.24232 0.799999
      vertex 167.805 2.10335 0.799999
      vertex 167.805 8.29112 0.799999
    endloop
  endfacet
  facet normal 0 0 1
    outer loop
      vertex 167.419 8.24232 0.799999
      vertex 167.419 2.15214 0.799999
      vertex 167.805 2.10335 0.799999
    endloop
  endfacet
  facet normal -0 0 1
    outer loop
      vertex 167.042 8.14551 0.799999
      vertex 167.419 2.15214 0.799999
      vertex 167.419 8.24232 0.799999
    endloop
  endfacet
  facet normal 0 0 1
    outer loop
      vertex 167.042 8.14551 0.799999
      vertex 167.042 2.24896 0.799999
      vertex 167.419 2.15214 0.799999
    endloop
  endfacet
  facet normal -0 0 1
    outer loop
      vertex 166.68 8.0022 0.799999
      vertex 167.042 2.24896 0.799999
      vertex 167.042 8.14551 0.799999
    endloop
  endfacet
  facet normal 0 0 1
    outer loop
      vertex 166.68 8.0022 0.799999
      vertex 166.68 2.39227 0.799999
      vertex 167.042 2.24896 0.799999
    endloop
  endfacet
  facet normal -0 0 1
    outer loop
      vertex 166.339 7.81465 0.799999
      vertex 166.68 2.39227 0.799999
      vertex 166.68 8.0022 0.799999
    endloop
  endfacet
  facet normal 0 0 1
    outer loop
      vertex 166.339 7.81465 0.799999
      vertex 166.339 2.57982 0.799999
      vertex 166.68 2.39227 0.799999
    endloop
  endfacet
  facet normal -0 0 1
    outer loop
      vertex 166.024 7.58582 0.799999
      vertex 166.339 2.57982 0.799999
      vertex 166.339 7.81465 0.799999
    endloop
  endfacet
  facet normal 0 0 1
    outer loop
      vertex 166.024 7.58582 0.799999
      vertex 166.024 2.80864 0.799999
      vertex 166.339 2.57982 0.799999
    endloop
  endfacet
  facet normal -0 0 1
    outer loop
      vertex 165.74 7.31933 0.799999
      vertex 166.024 2.80864 0.799999
      vertex 166.024 7.58582 0.799999
    endloop
  endfacet
  facet normal 0 0 1
    outer loop
      vertex 165.74 7.31933 0.799999
      vertex 165.74 3.07514 0.799999
      vertex 166.024 2.80864 0.799999
    endloop
  endfacet
  facet normal -0 0 1
    outer loop
      vertex 165.492 7.01937 0.799999
      vertex 165.74 3.07514 0.799999
      vertex 165.74 7.31933 0.799999
    endloop
  endfacet
  facet normal 0 0 1
    outer loop
      vertex 165.492 7.01937 0.799999
      vertex 165.492 3.3751 0.799999
      vertex 165.74 3.07514 0.799999
    endloop
  endfacet
  facet normal -0 0 1
    outer loop
      vertex 165.283 6.69067 0.799999
      vertex 165.492 3.3751 0.799999
      vertex 165.492 7.01937 0.799999
    endloop
  endfacet
  facet normal 0 0 1
    outer loop
      vertex 165.283 6.69067 0.799999
      vertex 165.283 3.7038 0.799999
      vertex 165.492 3.3751 0.799999
    endloop
  endfacet
  facet normal -0 0 1
    outer loop
      vertex 165.118 6.33842 0.799999
      vertex 165.283 3.7038 0.799999
      vertex 165.283 6.69067 0.799999
    endloop
  endfacet
  facet normal 0 0 1
    outer loop
      vertex 165.118 6.33842 0.799999
      vertex 165.118 4.05605 0.799999
      vertex 165.283 3.7038 0.799999
    endloop
  endfacet
  facet normal -0 0 1
    outer loop
      vertex 164.997 5.96817 0.799999
      vertex 165.118 4.05605 0.799999
      vertex 165.118 6.33842 0.799999
    endloop
  endfacet
  facet normal 0 0 1
    outer loop
      vertex 164.997 5.96817 0.799999
      vertex 164.997 4.4263 0.799999
      vertex 165.118 4.05605 0.799999
    endloop
  endfacet
  facet normal -0 0 1
    outer loop
      vertex 164.924 5.58577 0.799999
      vertex 164.997 4.4263 0.799999
      vertex 164.997 5.96817 0.799999
    endloop
  endfacet
  facet normal 0 0 1
    outer loop
      vertex 164.924 5.58577 0.799999
      vertex 164.924 4.8087 0.799999
      vertex 164.997 4.4263 0.799999
    endloop
  endfacet
  facet normal 0 -0 1
    outer loop
      vertex 164.924 4.8087 0.799999
      vertex 164.924 5.58577 0.799999
      vertex 164.9 5.19723 0.799999
    endloop
  endfacet
  facet normal -0.481919 0.876216 0
    outer loop
      vertex 169.661 2.57982 0.799999
      vertex 169.32 2.39227 3
      vertex 169.661 2.57982 3
    endloop
  endfacet
  facet normal -0.481919 0.876216 0
    outer loop
      vertex 169.32 2.39227 3
      vertex 169.661 2.57982 0.799999
      vertex 169.32 2.39227 0.799999
    endloop
  endfacet
  facet normal -0.950528 0.310638 0
    outer loop
      vertex 170.882 4.05605 0.799999
      vertex 171.003 4.4263 3
      vertex 171.003 4.4263 0.799999
    endloop
  endfacet
  facet normal -0.950528 0.310638 0
    outer loop
      vertex 171.003 4.4263 3
      vertex 170.882 4.05605 0.799999
      vertex 170.882 4.05605 3
    endloop
  endfacet
  facet normal 0.950528 0.310638 0
    outer loop
      vertex 165.118 4.05605 3
      vertex 164.997 4.4263 0.799999
      vertex 164.997 4.4263 3
    endloop
  endfacet
  facet normal 0.950528 0.310638 0
    outer loop
      vertex 164.997 4.4263 0.799999
      vertex 165.118 4.05605 3
      vertex 165.118 4.05605 0.799999
    endloop
  endfacet
  facet normal 0.998098 0.0616538 0
    outer loop
      vertex 164.924 4.8087 3
      vertex 164.9 5.19723 0.799999
      vertex 164.9 5.19723 3
    endloop
  endfacet
  facet normal 0.998098 0.0616538 0
    outer loop
      vertex 164.9 5.19723 0.799999
      vertex 164.924 4.8087 3
      vertex 164.924 4.8087 0.799999
    endloop
  endfacet
  facet normal -0.684283 0.729217 0
    outer loop
      vertex 170.26 3.07514 0.799999
      vertex 169.976 2.80864 3
      vertex 170.26 3.07514 3
    endloop
  endfacet
  facet normal -0.684283 0.729217 0
    outer loop
      vertex 169.976 2.80864 3
      vertex 170.26 3.07514 0.799999
      vertex 169.976 2.80864 0.799999
    endloop
  endfacet
  facet normal -0.368089 0.92979 0
    outer loop
      vertex 169.32 2.39227 0.799999
      vertex 168.958 2.24896 3
      vertex 169.32 2.39227 3
    endloop
  endfacet
  facet normal -0.368089 0.92979 0
    outer loop
      vertex 168.958 2.24896 3
      vertex 169.32 2.39227 0.799999
      vertex 168.958 2.24896 0.799999
    endloop
  endfacet
  facet normal -0.248745 0.968569 0
    outer loop
      vertex 168.958 2.24896 0.799999
      vertex 168.581 2.15214 3
      vertex 168.958 2.24896 3
    endloop
  endfacet
  facet normal -0.248745 0.968569 0
    outer loop
      vertex 168.581 2.15214 3
      vertex 168.958 2.24896 0.799999
      vertex 168.581 2.15214 0.799999
    endloop
  endfacet
  facet normal -0.843862 0.53656 0
    outer loop
      vertex 170.508 3.3751 0.799999
      vertex 170.717 3.7038 3
      vertex 170.717 3.7038 0.799999
    endloop
  endfacet
  facet normal -0.843862 0.53656 0
    outer loop
      vertex 170.717 3.7038 3
      vertex 170.508 3.3751 0.799999
      vertex 170.508 3.3751 3
    endloop
  endfacet
  facet normal -0.982262 0.187513 0
    outer loop
      vertex 171.003 4.4263 0.799999
      vertex 171.076 4.8087 3
      vertex 171.076 4.8087 0.799999
    endloop
  endfacet
  facet normal -0.982262 0.187513 0
    outer loop
      vertex 171.076 4.8087 3
      vertex 171.003 4.4263 0.799999
      vertex 171.003 4.4263 3
    endloop
  endfacet
  facet normal 0.125401 0.992106 -0
    outer loop
      vertex 167.805 2.10335 0.799999
      vertex 167.419 2.15214 3
      vertex 167.805 2.10335 3
    endloop
  endfacet
  facet normal 0.125401 0.992106 0
    outer loop
      vertex 167.419 2.15214 3
      vertex 167.805 2.10335 0.799999
      vertex 167.419 2.15214 0.799999
    endloop
  endfacet
  facet normal 0.368089 0.92979 -0
    outer loop
      vertex 167.042 2.24896 0.799999
      vertex 166.68 2.39227 3
      vertex 167.042 2.24896 3
    endloop
  endfacet
  facet normal 0.368089 0.92979 0
    outer loop
      vertex 166.68 2.39227 3
      vertex 167.042 2.24896 0.799999
      vertex 166.68 2.39227 0.799999
    endloop
  endfacet
  facet normal 0.248745 0.968569 -0
    outer loop
      vertex 167.419 2.15214 0.799999
      vertex 167.042 2.24896 3
      vertex 167.419 2.15214 3
    endloop
  endfacet
  facet normal 0.248745 0.968569 0
    outer loop
      vertex 167.042 2.24896 3
      vertex 167.419 2.15214 0.799999
      vertex 167.042 2.24896 0.799999
    endloop
  endfacet
  facet normal 0.770701 0.637197 0
    outer loop
      vertex 165.74 3.07514 3
      vertex 165.492 3.3751 0.799999
      vertex 165.492 3.3751 3
    endloop
  endfacet
  facet normal 0.770701 0.637197 0
    outer loop
      vertex 165.492 3.3751 0.799999
      vertex 165.74 3.07514 3
      vertex 165.74 3.07514 0.799999
    endloop
  endfacet
  facet normal 0.843862 0.53656 0
    outer loop
      vertex 165.492 3.3751 3
      vertex 165.283 3.7038 0.799999
      vertex 165.283 3.7038 3
    endloop
  endfacet
  facet normal 0.843862 0.53656 0
    outer loop
      vertex 165.283 3.7038 0.799999
      vertex 165.492 3.3751 3
      vertex 165.492 3.3751 0.799999
    endloop
  endfacet
  facet normal 0.684283 0.729217 -0
    outer loop
      vertex 166.024 2.80864 0.799999
      vertex 165.74 3.07514 3
      vertex 166.024 2.80864 3
    endloop
  endfacet
  facet normal 0.684283 0.729217 0
    outer loop
      vertex 165.74 3.07514 3
      vertex 166.024 2.80864 0.799999
      vertex 165.74 3.07514 0.799999
    endloop
  endfacet
  facet normal 0.982262 0.187513 0
    outer loop
      vertex 164.997 4.4263 3
      vertex 164.924 4.8087 0.799999
      vertex 164.924 4.8087 3
    endloop
  endfacet
  facet normal 0.982262 0.187513 0
    outer loop
      vertex 164.924 4.8087 0.799999
      vertex 164.997 4.4263 3
      vertex 164.997 4.4263 0.799999
    endloop
  endfacet
  facet normal -0.587717 0.809067 0
    outer loop
      vertex 169.976 2.80864 0.799999
      vertex 169.661 2.57982 3
      vertex 169.976 2.80864 3
    endloop
  endfacet
  facet normal -0.587717 0.809067 0
    outer loop
      vertex 169.661 2.57982 3
      vertex 169.976 2.80864 0.799999
      vertex 169.661 2.57982 0.799999
    endloop
  endfacet
  facet normal -0.905575 0.424187 0
    outer loop
      vertex 170.717 3.7038 0.799999
      vertex 170.882 4.05605 3
      vertex 170.882 4.05605 0.799999
    endloop
  endfacet
  facet normal -0.905575 0.424187 0
    outer loop
      vertex 170.882 4.05605 3
      vertex 170.717 3.7038 0.799999
      vertex 170.717 3.7038 3
    endloop
  endfacet
  facet normal 0.587717 0.809067 -0
    outer loop
      vertex 166.339 2.57982 0.799999
      vertex 166.024 2.80864 3
      vertex 166.339 2.57982 3
    endloop
  endfacet
  facet normal 0.587717 0.809067 0
    outer loop
      vertex 166.024 2.80864 3
      vertex 166.339 2.57982 0.799999
      vertex 166.024 2.80864 0.799999
    endloop
  endfacet
  facet normal 0.481919 0.876216 -0
    outer loop
      vertex 166.68 2.39227 0.799999
      vertex 166.339 2.57982 3
      vertex 166.68 2.39227 3
    endloop
  endfacet
  facet normal 0.481919 0.876216 0
    outer loop
      vertex 166.339 2.57982 3
      vertex 166.68 2.39227 0.799999
      vertex 166.339 2.57982 0.799999
    endloop
  endfacet
  facet normal -0.950528 -0.310638 0
    outer loop
      vertex 171.003 -4.4263 0.799999
      vertex 170.882 -4.05605 3
      vertex 170.882 -4.05605 0.799999
    endloop
  endfacet
  facet normal -0.950528 -0.310638 0
    outer loop
      vertex 170.882 -4.05605 3
      vertex 171.003 -4.4263 0.799999
      vertex 171.003 -4.4263 3
    endloop
  endfacet
  facet normal -0.998098 -0.0616538 0
    outer loop
      vertex 171.1 -5.19723 0.799999
      vertex 171.076 -4.8087 3
      vertex 171.076 -4.8087 0.799999
    endloop
  endfacet
  facet normal -0.998098 -0.0616538 0
    outer loop
      vertex 171.076 -4.8087 3
      vertex 171.1 -5.19723 0.799999
      vertex 171.1 -5.19723 3
    endloop
  endfacet
  facet normal 0.125401 -0.992106 0
    outer loop
      vertex 167.419 -2.15214 0.799999
      vertex 167.805 -2.10335 3
      vertex 167.419 -2.15214 3
    endloop
  endfacet
  facet normal 0.125401 -0.992106 0
    outer loop
      vertex 167.805 -2.10335 3
      vertex 167.419 -2.15214 0.799999
      vertex 167.805 -2.10335 0.799999
    endloop
  endfacet
  facet normal -0.684283 -0.729217 0
    outer loop
      vertex 169.976 -2.80864 0.799999
      vertex 170.26 -3.07514 3
      vertex 169.976 -2.80864 3
    endloop
  endfacet
  facet normal -0.684283 -0.729217 -0
    outer loop
      vertex 170.26 -3.07514 3
      vertex 169.976 -2.80864 0.799999
      vertex 170.26 -3.07514 0.799999
    endloop
  endfacet
  facet normal 0.770701 -0.637197 0
    outer loop
      vertex 165.492 -3.3751 3
      vertex 165.74 -3.07514 0.799999
      vertex 165.74 -3.07514 3
    endloop
  endfacet
  facet normal 0.770701 -0.637197 0
    outer loop
      vertex 165.74 -3.07514 0.799999
      vertex 165.492 -3.3751 3
      vertex 165.492 -3.3751 0.799999
    endloop
  endfacet
  facet normal 0.481919 -0.876216 0
    outer loop
      vertex 166.339 -2.57982 0.799999
      vertex 166.68 -2.39227 3
      vertex 166.339 -2.57982 3
    endloop
  endfacet
  facet normal 0.481919 -0.876216 0
    outer loop
      vertex 166.68 -2.39227 3
      vertex 166.339 -2.57982 0.799999
      vertex 166.68 -2.39227 0.799999
    endloop
  endfacet
  facet normal 0.684269 0.72923 -0
    outer loop
      vertex 166.024 -7.58582 0.799999
      vertex 165.74 -7.31933 3
      vertex 166.024 -7.58582 3
    endloop
  endfacet
  facet normal 0.684269 0.72923 0
    outer loop
      vertex 165.74 -7.31933 3
      vertex 166.024 -7.58582 0.799999
      vertex 165.74 -7.31933 0.799999
    endloop
  endfacet
  facet normal -0.905575 -0.424187 0
    outer loop
      vertex 170.882 -4.05605 0.799999
      vertex 170.717 -3.7038 3
      vertex 170.717 -3.7038 0.799999
    endloop
  endfacet
  facet normal -0.905575 -0.424187 0
    outer loop
      vertex 170.717 -3.7038 3
      vertex 170.882 -4.05605 0.799999
      vertex 170.882 -4.05605 3
    endloop
  endfacet
  facet normal -0.248745 -0.968569 0
    outer loop
      vertex 168.581 -2.15214 0.799999
      vertex 168.958 -2.24896 3
      vertex 168.581 -2.15214 3
    endloop
  endfacet
  facet normal -0.248745 -0.968569 -0
    outer loop
      vertex 168.958 -2.24896 3
      vertex 168.581 -2.15214 0.799999
      vertex 168.958 -2.24896 0.799999
    endloop
  endfacet
  facet normal -0.125401 -0.992106 0
    outer loop
      vertex 168.195 -2.10335 0.799999
      vertex 168.581 -2.15214 3
      vertex 168.195 -2.10335 3
    endloop
  endfacet
  facet normal -0.125401 -0.992106 -0
    outer loop
      vertex 168.581 -2.15214 3
      vertex 168.195 -2.10335 0.799999
      vertex 168.581 -2.15214 0.799999
    endloop
  endfacet
  facet normal 0.950528 -0.310638 0
    outer loop
      vertex 164.997 -4.4263 3
      vertex 165.118 -4.05605 0.799999
      vertex 165.118 -4.05605 3
    endloop
  endfacet
  facet normal 0.950528 -0.310638 0
    outer loop
      vertex 165.118 -4.05605 0.799999
      vertex 164.997 -4.4263 3
      vertex 164.997 -4.4263 0.799999
    endloop
  endfacet
  facet normal 0 0 1
    outer loop
      vertex 171.076 -4.8087 0.799999
      vertex 171.076 -5.58577 0.799999
      vertex 171.1 -5.19723 0.799999
    endloop
  endfacet
  facet normal 0 0 1
    outer loop
      vertex 171.003 -4.4263 0.799999
      vertex 171.076 -5.58577 0.799999
      vertex 171.076 -4.8087 0.799999
    endloop
  endfacet
  facet normal 0 0 1
    outer loop
      vertex 171.003 -4.4263 0.799999
      vertex 171.003 -5.96817 0.799999
      vertex 171.076 -5.58577 0.799999
    endloop
  endfacet
  facet normal 0 0 1
    outer loop
      vertex 170.882 -4.05605 0.799999
      vertex 171.003 -5.96817 0.799999
      vertex 171.003 -4.4263 0.799999
    endloop
  endfacet
  facet normal 0 0 1
    outer loop
      vertex 170.882 -4.05605 0.799999
      vertex 170.882 -6.33842 0.799999
      vertex 171.003 -5.96817 0.799999
    endloop
  endfacet
  facet normal 0 0 1
    outer loop
      vertex 170.717 -3.7038 0.799999
      vertex 170.882 -6.33842 0.799999
      vertex 170.882 -4.05605 0.799999
    endloop
  endfacet
  facet normal 0 0 1
    outer loop
      vertex 170.717 -3.7038 0.799999
      vertex 170.717 -6.69067 0.799999
      vertex 170.882 -6.33842 0.799999
    endloop
  endfacet
  facet normal 0 0 1
    outer loop
      vertex 170.508 -3.3751 0.799999
      vertex 170.717 -6.69067 0.799999
      vertex 170.717 -3.7038 0.799999
    endloop
  endfacet
  facet normal 0 0 1
    outer loop
      vertex 170.508 -3.3751 0.799999
      vertex 170.508 -7.01937 0.799999
      vertex 170.717 -6.69067 0.799999
    endloop
  endfacet
  facet normal 0 0 1
    outer loop
      vertex 170.26 -3.07514 0.799999
      vertex 170.508 -7.01937 0.799999
      vertex 170.508 -3.3751 0.799999
    endloop
  endfacet
  facet normal 0 0 1
    outer loop
      vertex 170.26 -3.07514 0.799999
      vertex 170.26 -7.31933 0.799999
      vertex 170.508 -7.01937 0.799999
    endloop
  endfacet
  facet normal 0 0 1
    outer loop
      vertex 169.976 -2.80864 0.799999
      vertex 170.26 -7.31933 0.799999
      vertex 170.26 -3.07514 0.799999
    endloop
  endfacet
  facet normal 0 0 1
    outer loop
      vertex 169.976 -2.80864 0.799999
      vertex 169.976 -7.58582 0.799999
      vertex 170.26 -7.31933 0.799999
    endloop
  endfacet
  facet normal 0 0 1
    outer loop
      vertex 169.661 -2.57982 0.799999
      vertex 169.976 -7.58582 0.799999
      vertex 169.976 -2.80864 0.799999
    endloop
  endfacet
  facet normal 0 0 1
    outer loop
      vertex 169.661 -2.57982 0.799999
      vertex 169.661 -7.81465 0.799999
      vertex 169.976 -7.58582 0.799999
    endloop
  endfacet
  facet normal 0 0 1
    outer loop
      vertex 169.32 -2.39227 0.799999
      vertex 169.661 -7.81465 0.799999
      vertex 169.661 -2.57982 0.799999
    endloop
  endfacet
  facet normal 0 0 1
    outer loop
      vertex 169.32 -2.39227 0.799999
      vertex 169.32 -8.0022 0.799999
      vertex 169.661 -7.81465 0.799999
    endloop
  endfacet
  facet normal 0 0 1
    outer loop
      vertex 168.958 -2.24896 0.799999
      vertex 169.32 -8.0022 0.799999
      vertex 169.32 -2.39227 0.799999
    endloop
  endfacet
  facet normal 0 0 1
    outer loop
      vertex 168.958 -2.24896 0.799999
      vertex 168.958 -8.14551 0.799999
      vertex 169.32 -8.0022 0.799999
    endloop
  endfacet
  facet normal 0 0 1
    outer loop
      vertex 168.581 -2.15214 0.799999
      vertex 168.958 -8.14551 0.799999
      vertex 168.958 -2.24896 0.799999
    endloop
  endfacet
  facet normal 0 0 1
    outer loop
      vertex 168.581 -2.15214 0.799999
      vertex 168.581 -8.24232 0.799999
      vertex 168.958 -8.14551 0.799999
    endloop
  endfacet
  facet normal 0 0 1
    outer loop
      vertex 168.195 -2.10335 0.799999
      vertex 168.581 -8.24232 0.799999
      vertex 168.581 -2.15214 0.799999
    endloop
  endfacet
  facet normal 0 0 1
    outer loop
      vertex 168.195 -2.10335 0.799999
      vertex 168.195 -8.29112 0.799999
      vertex 168.581 -8.24232 0.799999
    endloop
  endfacet
  facet normal -0 0 1
    outer loop
      vertex 167.805 -2.10335 0.799999
      vertex 168.195 -8.29112 0.799999
      vertex 168.195 -2.10335 0.799999
    endloop
  endfacet
  facet normal 0 0 1
    outer loop
      vertex 167.805 -2.10335 0.799999
      vertex 167.805 -8.29112 0.799999
      vertex 168.195 -8.29112 0.799999
    endloop
  endfacet
  facet normal -0 0 1
    outer loop
      vertex 167.419 -2.15214 0.799999
      vertex 167.805 -8.29112 0.799999
      vertex 167.805 -2.10335 0.799999
    endloop
  endfacet
  facet normal 0 0 1
    outer loop
      vertex 167.419 -2.15214 0.799999
      vertex 167.419 -8.24232 0.799999
      vertex 167.805 -8.29112 0.799999
    endloop
  endfacet
  facet normal -0 0 1
    outer loop
      vertex 167.042 -2.24896 0.799999
      vertex 167.419 -8.24232 0.799999
      vertex 167.419 -2.15214 0.799999
    endloop
  endfacet
  facet normal 0 0 1
    outer loop
      vertex 167.042 -2.24896 0.799999
      vertex 167.042 -8.14551 0.799999
      vertex 167.419 -8.24232 0.799999
    endloop
  endfacet
  facet normal -0 0 1
    outer loop
      vertex 166.68 -2.39227 0.799999
      vertex 167.042 -8.14551 0.799999
      vertex 167.042 -2.24896 0.799999
    endloop
  endfacet
  facet normal 0 0 1
    outer loop
      vertex 166.68 -2.39227 0.799999
      vertex 166.68 -8.0022 0.799999
      vertex 167.042 -8.14551 0.799999
    endloop
  endfacet
  facet normal -0 0 1
    outer loop
      vertex 166.339 -2.57982 0.799999
      vertex 166.68 -8.0022 0.799999
      vertex 166.68 -2.39227 0.799999
    endloop
  endfacet
  facet normal 0 0 1
    outer loop
      vertex 166.339 -2.57982 0.799999
      vertex 166.339 -7.81465 0.799999
      vertex 166.68 -8.0022 0.799999
    endloop
  endfacet
  facet normal -0 0 1
    outer loop
      vertex 166.024 -2.80864 0.799999
      vertex 166.339 -7.81465 0.799999
      vertex 166.339 -2.57982 0.799999
    endloop
  endfacet
  facet normal 0 0 1
    outer loop
      vertex 166.024 -2.80864 0.799999
      vertex 166.024 -7.58582 0.799999
      vertex 166.339 -7.81465 0.799999
    endloop
  endfacet
  facet normal -0 0 1
    outer loop
      vertex 165.74 -3.07514 0.799999
      vertex 166.024 -7.58582 0.799999
      vertex 166.024 -2.80864 0.799999
    endloop
  endfacet
  facet normal 0 0 1
    outer loop
      vertex 165.74 -3.07514 0.799999
      vertex 165.74 -7.31933 0.799999
      vertex 166.024 -7.58582 0.799999
    endloop
  endfacet
  facet normal -0 0 1
    outer loop
      vertex 165.492 -3.3751 0.799999
      vertex 165.74 -7.31933 0.799999
      vertex 165.74 -3.07514 0.799999
    endloop
  endfacet
  facet normal 0 0 1
    outer loop
      vertex 165.492 -3.3751 0.799999
      vertex 165.492 -7.01937 0.799999
      vertex 165.74 -7.31933 0.799999
    endloop
  endfacet
  facet normal -0 0 1
    outer loop
      vertex 165.283 -3.7038 0.799999
      vertex 165.492 -7.01937 0.799999
      vertex 165.492 -3.3751 0.799999
    endloop
  endfacet
  facet normal 0 0 1
    outer loop
      vertex 165.283 -3.7038 0.799999
      vertex 165.283 -6.69067 0.799999
      vertex 165.492 -7.01937 0.799999
    endloop
  endfacet
  facet normal -0 0 1
    outer loop
      vertex 165.118 -4.05605 0.799999
      vertex 165.283 -6.69067 0.799999
      vertex 165.283 -3.7038 0.799999
    endloop
  endfacet
  facet normal 0 0 1
    outer loop
      vertex 165.118 -4.05605 0.799999
      vertex 165.118 -6.33842 0.799999
      vertex 165.283 -6.69067 0.799999
    endloop
  endfacet
  facet normal -0 0 1
    outer loop
      vertex 164.997 -4.4263 0.799999
      vertex 165.118 -6.33842 0.799999
      vertex 165.118 -4.05605 0.799999
    endloop
  endfacet
  facet normal 0 0 1
    outer loop
      vertex 164.997 -4.4263 0.799999
      vertex 164.997 -5.96817 0.799999
      vertex 165.118 -6.33842 0.799999
    endloop
  endfacet
  facet normal -0 0 1
    outer loop
      vertex 164.924 -4.8087 0.799999
      vertex 164.997 -5.96817 0.799999
      vertex 164.997 -4.4263 0.799999
    endloop
  endfacet
  facet normal 0 0 1
    outer loop
      vertex 164.924 -4.8087 0.799999
      vertex 164.924 -5.58577 0.799999
      vertex 164.997 -5.96817 0.799999
    endloop
  endfacet
  facet normal 0 -0 1
    outer loop
      vertex 164.924 -5.58577 0.799999
      vertex 164.924 -4.8087 0.799999
      vertex 164.9 -5.19723 0.799999
    endloop
  endfacet
  facet normal 0.905575 -0.424187 0
    outer loop
      vertex 165.118 -4.05605 3
      vertex 165.283 -3.7038 0.799999
      vertex 165.283 -3.7038 3
    endloop
  endfacet
  facet normal 0.905575 -0.424187 0
    outer loop
      vertex 165.283 -3.7038 0.799999
      vertex 165.118 -4.05605 3
      vertex 165.118 -4.05605 0.799999
    endloop
  endfacet
  facet normal 0.998098 -0.0616538 0
    outer loop
      vertex 164.9 -5.19723 3
      vertex 164.924 -4.8087 0.799999
      vertex 164.924 -4.8087 3
    endloop
  endfacet
  facet normal 0.998098 -0.0616538 0
    outer loop
      vertex 164.924 -4.8087 0.799999
      vertex 164.9 -5.19723 3
      vertex 164.9 -5.19723 0.799999
    endloop
  endfacet
  facet normal 0.587717 -0.809067 0
    outer loop
      vertex 166.024 -2.80864 0.799999
      vertex 166.339 -2.57982 3
      vertex 166.024 -2.80864 3
    endloop
  endfacet
  facet normal 0.587717 -0.809067 0
    outer loop
      vertex 166.339 -2.57982 3
      vertex 166.024 -2.80864 0.799999
      vertex 166.339 -2.57982 0.799999
    endloop
  endfacet
  facet normal 0.248745 -0.968569 0
    outer loop
      vertex 167.042 -2.24896 0.799999
      vertex 167.419 -2.15214 3
      vertex 167.042 -2.24896 3
    endloop
  endfacet
  facet normal 0.248745 -0.968569 0
    outer loop
      vertex 167.419 -2.15214 3
      vertex 167.042 -2.24896 0.799999
      vertex 167.419 -2.15214 0.799999
    endloop
  endfacet
  facet normal -0.950528 0.310638 0
    outer loop
      vertex 170.882 -6.33842 0.799999
      vertex 171.003 -5.96817 3
      vertex 171.003 -5.96817 0.799999
    endloop
  endfacet
  facet normal -0.950528 0.310638 0
    outer loop
      vertex 171.003 -5.96817 3
      vertex 170.882 -6.33842 0.799999
      vertex 170.882 -6.33842 3
    endloop
  endfacet
  facet normal 0.248721 0.968575 -0
    outer loop
      vertex 167.419 -8.24232 0.799999
      vertex 167.042 -8.14551 3
      vertex 167.419 -8.24232 3
    endloop
  endfacet
  facet normal 0.248721 0.968575 0
    outer loop
      vertex 167.042 -8.14551 3
      vertex 167.419 -8.24232 0.799999
      vertex 167.042 -8.14551 0.799999
    endloop
  endfacet
  facet normal 0.368089 0.92979 -0
    outer loop
      vertex 167.042 -8.14551 0.799999
      vertex 166.68 -8.0022 3
      vertex 167.042 -8.14551 3
    endloop
  endfacet
  facet normal 0.368089 0.92979 0
    outer loop
      vertex 166.68 -8.0022 3
      vertex 167.042 -8.14551 0.799999
      vertex 166.68 -8.0022 0.799999
    endloop
  endfacet
  facet normal -0.843862 -0.53656 0
    outer loop
      vertex 170.717 -3.7038 0.799999
      vertex 170.508 -3.3751 3
      vertex 170.508 -3.3751 0.799999
    endloop
  endfacet
  facet normal -0.843862 -0.53656 0
    outer loop
      vertex 170.508 -3.3751 3
      vertex 170.717 -3.7038 0.799999
      vertex 170.717 -3.7038 3
    endloop
  endfacet
  facet normal -0.770701 -0.637197 0
    outer loop
      vertex 170.508 -3.3751 0.799999
      vertex 170.26 -3.07514 3
      vertex 170.26 -3.07514 0.799999
    endloop
  endfacet
  facet normal -0.770701 -0.637197 0
    outer loop
      vertex 170.26 -3.07514 3
      vertex 170.508 -3.3751 0.799999
      vertex 170.508 -3.3751 3
    endloop
  endfacet
  facet normal 0 -1 0
    outer loop
      vertex 167.805 -2.10335 0.799999
      vertex 168.195 -2.10335 3
      vertex 167.805 -2.10335 3
    endloop
  endfacet
  facet normal 0 -1 -0
    outer loop
      vertex 168.195 -2.10335 3
      vertex 167.805 -2.10335 0.799999
      vertex 168.195 -2.10335 0.799999
    endloop
  endfacet
  facet normal -0.587717 -0.809067 0
    outer loop
      vertex 169.661 -2.57982 0.799999
      vertex 169.976 -2.80864 3
      vertex 169.661 -2.57982 3
    endloop
  endfacet
  facet normal -0.587717 -0.809067 -0
    outer loop
      vertex 169.976 -2.80864 3
      vertex 169.661 -2.57982 0.799999
      vertex 169.976 -2.80864 0.799999
    endloop
  endfacet
  facet normal -0.481919 -0.876216 0
    outer loop
      vertex 169.32 -2.39227 0.799999
      vertex 169.661 -2.57982 3
      vertex 169.32 -2.39227 3
    endloop
  endfacet
  facet normal -0.481919 -0.876216 -0
    outer loop
      vertex 169.661 -2.57982 3
      vertex 169.32 -2.39227 0.799999
      vertex 169.661 -2.57982 0.799999
    endloop
  endfacet
  facet normal 0.998098 0.0616522 0
    outer loop
      vertex 164.924 -5.58577 3
      vertex 164.9 -5.19723 0.799999
      vertex 164.9 -5.19723 3
    endloop
  endfacet
  facet normal 0.998098 0.0616522 0
    outer loop
      vertex 164.9 -5.19723 0.799999
      vertex 164.924 -5.58577 3
      vertex 164.924 -5.58577 0.799999
    endloop
  endfacet
  facet normal 0.368089 -0.92979 0
    outer loop
      vertex 166.68 -2.39227 0.799999
      vertex 167.042 -2.24896 3
      vertex 166.68 -2.39227 3
    endloop
  endfacet
  facet normal 0.368089 -0.92979 0
    outer loop
      vertex 167.042 -2.24896 3
      vertex 166.68 -2.39227 0.799999
      vertex 167.042 -2.24896 0.799999
    endloop
  endfacet
  facet normal -0.368089 0.92979 0
    outer loop
      vertex 169.32 -8.0022 0.799999
      vertex 168.958 -8.14551 3
      vertex 169.32 -8.0022 3
    endloop
  endfacet
  facet normal -0.368089 0.92979 0
    outer loop
      vertex 168.958 -8.14551 3
      vertex 169.32 -8.0022 0.799999
      vertex 168.958 -8.14551 0.799999
    endloop
  endfacet
  facet normal -0.125426 0.992103 0
    outer loop
      vertex 168.581 -8.24232 0.799999
      vertex 168.195 -8.29112 3
      vertex 168.581 -8.24232 3
    endloop
  endfacet
  facet normal -0.125426 0.992103 0
    outer loop
      vertex 168.195 -8.29112 3
      vertex 168.581 -8.24232 0.799999
      vertex 168.195 -8.29112 0.799999
    endloop
  endfacet
  facet normal -0.248721 0.968575 0
    outer loop
      vertex 168.958 -8.14551 0.799999
      vertex 168.581 -8.24232 3
      vertex 168.958 -8.14551 3
    endloop
  endfacet
  facet normal -0.248721 0.968575 0
    outer loop
      vertex 168.581 -8.24232 3
      vertex 168.958 -8.14551 0.799999
      vertex 168.581 -8.24232 0.799999
    endloop
  endfacet
  facet normal -0.481919 0.876216 0
    outer loop
      vertex 169.661 -7.81465 0.799999
      vertex 169.32 -8.0022 3
      vertex 169.661 -7.81465 3
    endloop
  endfacet
  facet normal -0.481919 0.876216 0
    outer loop
      vertex 169.32 -8.0022 3
      vertex 169.661 -7.81465 0.799999
      vertex 169.32 -8.0022 0.799999
    endloop
  endfacet
  facet normal -0.684269 0.72923 0
    outer loop
      vertex 170.26 -7.31933 0.799999
      vertex 169.976 -7.58582 3
      vertex 170.26 -7.31933 3
    endloop
  endfacet
  facet normal -0.684269 0.72923 0
    outer loop
      vertex 169.976 -7.58582 3
      vertex 170.26 -7.31933 0.799999
      vertex 169.976 -7.58582 0.799999
    endloop
  endfacet
  facet normal -0.587733 0.809055 0
    outer loop
      vertex 169.976 -7.58582 0.799999
      vertex 169.661 -7.81465 3
      vertex 169.976 -7.58582 3
    endloop
  endfacet
  facet normal -0.587733 0.809055 0
    outer loop
      vertex 169.661 -7.81465 3
      vertex 169.976 -7.58582 0.799999
      vertex 169.661 -7.81465 0.799999
    endloop
  endfacet
  facet normal -0.905575 0.424187 0
    outer loop
      vertex 170.717 -6.69067 0.799999
      vertex 170.882 -6.33842 3
      vertex 170.882 -6.33842 0.799999
    endloop
  endfacet
  facet normal -0.905575 0.424187 0
    outer loop
      vertex 170.882 -6.33842 3
      vertex 170.717 -6.69067 0.799999
      vertex 170.717 -6.69067 3
    endloop
  endfacet
  facet normal -0.770701 0.637197 0
    outer loop
      vertex 170.26 -7.31933 0.799999
      vertex 170.508 -7.01937 3
      vertex 170.508 -7.01937 0.799999
    endloop
  endfacet
  facet normal -0.770701 0.637197 0
    outer loop
      vertex 170.508 -7.01937 3
      vertex 170.26 -7.31933 0.799999
      vertex 170.26 -7.31933 3
    endloop
  endfacet
  facet normal -0.843862 0.53656 0
    outer loop
      vertex 170.508 -7.01937 0.799999
      vertex 170.717 -6.69067 3
      vertex 170.717 -6.69067 0.799999
    endloop
  endfacet
  facet normal -0.843862 0.53656 0
    outer loop
      vertex 170.717 -6.69067 3
      vertex 170.508 -7.01937 0.799999
      vertex 170.508 -7.01937 3
    endloop
  endfacet
  facet normal 0.587733 0.809055 -0
    outer loop
      vertex 166.339 -7.81465 0.799999
      vertex 166.024 -7.58582 3
      vertex 166.339 -7.81465 3
    endloop
  endfacet
  facet normal 0.587733 0.809055 0
    outer loop
      vertex 166.024 -7.58582 3
      vertex 166.339 -7.81465 0.799999
      vertex 166.024 -7.58582 0.799999
    endloop
  endfacet
  facet normal 0 1 -0
    outer loop
      vertex 168.195 -8.29112 0.799999
      vertex 167.805 -8.29112 3
      vertex 168.195 -8.29112 3
    endloop
  endfacet
  facet normal 0 1 0
    outer loop
      vertex 167.805 -8.29112 3
      vertex 168.195 -8.29112 0.799999
      vertex 167.805 -8.29112 0.799999
    endloop
  endfacet
  facet normal 0.481919 0.876216 -0
    outer loop
      vertex 166.68 -8.0022 0.799999
      vertex 166.339 -7.81465 3
      vertex 166.68 -8.0022 3
    endloop
  endfacet
  facet normal 0.481919 0.876216 0
    outer loop
      vertex 166.339 -7.81465 3
      vertex 166.68 -8.0022 0.799999
      vertex 166.339 -7.81465 0.799999
    endloop
  endfacet
  facet normal 0.843862 0.53656 0
    outer loop
      vertex 165.492 -7.01937 3
      vertex 165.283 -6.69067 0.799999
      vertex 165.283 -6.69067 3
    endloop
  endfacet
  facet normal 0.843862 0.53656 0
    outer loop
      vertex 165.283 -6.69067 0.799999
      vertex 165.492 -7.01937 3
      vertex 165.492 -7.01937 0.799999
    endloop
  endfacet
  facet normal 0.905575 0.424187 0
    outer loop
      vertex 165.283 -6.69067 3
      vertex 165.118 -6.33842 0.799999
      vertex 165.118 -6.33842 3
    endloop
  endfacet
  facet normal 0.905575 0.424187 0
    outer loop
      vertex 165.118 -6.33842 0.799999
      vertex 165.283 -6.69067 3
      vertex 165.283 -6.69067 0.799999
    endloop
  endfacet
  facet normal 0.982262 0.187513 0
    outer loop
      vertex 164.997 -5.96817 3
      vertex 164.924 -5.58577 0.799999
      vertex 164.924 -5.58577 3
    endloop
  endfacet
  facet normal 0.982262 0.187513 0
    outer loop
      vertex 164.924 -5.58577 0.799999
      vertex 164.997 -5.96817 3
      vertex 164.997 -5.96817 0.799999
    endloop
  endfacet
  facet normal -0.982262 -0.187513 0
    outer loop
      vertex 171.076 -4.8087 0.799999
      vertex 171.003 -4.4263 3
      vertex 171.003 -4.4263 0.799999
    endloop
  endfacet
  facet normal -0.982262 -0.187513 0
    outer loop
      vertex 171.003 -4.4263 3
      vertex 171.076 -4.8087 0.799999
      vertex 171.076 -4.8087 3
    endloop
  endfacet
  facet normal -0.368089 -0.92979 0
    outer loop
      vertex 168.958 -2.24896 0.799999
      vertex 169.32 -2.39227 3
      vertex 168.958 -2.24896 3
    endloop
  endfacet
  facet normal -0.368089 -0.92979 -0
    outer loop
      vertex 169.32 -2.39227 3
      vertex 168.958 -2.24896 0.799999
      vertex 169.32 -2.39227 0.799999
    endloop
  endfacet
  facet normal 0.843862 -0.53656 0
    outer loop
      vertex 165.283 -3.7038 3
      vertex 165.492 -3.3751 0.799999
      vertex 165.492 -3.3751 3
    endloop
  endfacet
  facet normal 0.843862 -0.53656 0
    outer loop
      vertex 165.492 -3.3751 0.799999
      vertex 165.283 -3.7038 3
      vertex 165.283 -3.7038 0.799999
    endloop
  endfacet
  facet normal 0 0 -1
    outer loop
      vertex 171.076 -5.58577 3
      vertex 171.076 -4.8087 3
      vertex 171.1 -5.19723 3
    endloop
  endfacet
  facet normal 0 0 -1
    outer loop
      vertex 171.003 -5.96817 3
      vertex 171.076 -4.8087 3
      vertex 171.076 -5.58577 3
    endloop
  endfacet
  facet normal 0 0 -1
    outer loop
      vertex 171.003 -5.96817 3
      vertex 171.003 -4.4263 3
      vertex 171.076 -4.8087 3
    endloop
  endfacet
  facet normal 0 0 -1
    outer loop
      vertex 170.882 -6.33842 3
      vertex 171.003 -4.4263 3
      vertex 171.003 -5.96817 3
    endloop
  endfacet
  facet normal 0 0 -1
    outer loop
      vertex 170.882 -6.33842 3
      vertex 170.882 -4.05605 3
      vertex 171.003 -4.4263 3
    endloop
  endfacet
  facet normal 0 0 -1
    outer loop
      vertex 170.717 -6.69067 3
      vertex 170.882 -4.05605 3
      vertex 170.882 -6.33842 3
    endloop
  endfacet
  facet normal 0 0 -1
    outer loop
      vertex 170.717 -6.69067 3
      vertex 170.717 -3.7038 3
      vertex 170.882 -4.05605 3
    endloop
  endfacet
  facet normal 0 0 -1
    outer loop
      vertex 170.508 -7.01937 3
      vertex 170.717 -3.7038 3
      vertex 170.717 -6.69067 3
    endloop
  endfacet
  facet normal 0 0 -1
    outer loop
      vertex 170.508 -7.01937 3
      vertex 170.508 -3.3751 3
      vertex 170.717 -3.7038 3
    endloop
  endfacet
  facet normal 0 0 -1
    outer loop
      vertex 170.26 -7.31933 3
      vertex 170.508 -3.3751 3
      vertex 170.508 -7.01937 3
    endloop
  endfacet
  facet normal 0 0 -1
    outer loop
      vertex 170.26 -7.31933 3
      vertex 170.26 -3.07514 3
      vertex 170.508 -3.3751 3
    endloop
  endfacet
  facet normal 0 0 -1
    outer loop
      vertex 169.976 -7.58582 3
      vertex 170.26 -3.07514 3
      vertex 170.26 -7.31933 3
    endloop
  endfacet
  facet normal 0 0 -1
    outer loop
      vertex 169.976 -7.58582 3
      vertex 169.976 -2.80864 3
      vertex 170.26 -3.07514 3
    endloop
  endfacet
  facet normal 0 0 -1
    outer loop
      vertex 169.661 -7.81465 3
      vertex 169.976 -2.80864 3
      vertex 169.976 -7.58582 3
    endloop
  endfacet
  facet normal 0 0 -1
    outer loop
      vertex 169.661 -7.81465 3
      vertex 169.661 -2.57982 3
      vertex 169.976 -2.80864 3
    endloop
  endfacet
  facet normal 0 0 -1
    outer loop
      vertex 169.32 -8.0022 3
      vertex 169.661 -2.57982 3
      vertex 169.661 -7.81465 3
    endloop
  endfacet
  facet normal 0 0 -1
    outer loop
      vertex 169.32 -8.0022 3
      vertex 169.32 -2.39227 3
      vertex 169.661 -2.57982 3
    endloop
  endfacet
  facet normal 0 0 -1
    outer loop
      vertex 168.958 -8.14551 3
      vertex 169.32 -2.39227 3
      vertex 169.32 -8.0022 3
    endloop
  endfacet
  facet normal 0 0 -1
    outer loop
      vertex 168.958 -8.14551 3
      vertex 168.958 -2.24896 3
      vertex 169.32 -2.39227 3
    endloop
  endfacet
  facet normal 0 0 -1
    outer loop
      vertex 168.581 -8.24232 3
      vertex 168.958 -2.24896 3
      vertex 168.958 -8.14551 3
    endloop
  endfacet
  facet normal 0 0 -1
    outer loop
      vertex 168.581 -8.24232 3
      vertex 168.581 -2.15214 3
      vertex 168.958 -2.24896 3
    endloop
  endfacet
  facet normal 0 0 -1
    outer loop
      vertex 168.195 -8.29112 3
      vertex 168.581 -2.15214 3
      vertex 168.581 -8.24232 3
    endloop
  endfacet
  facet normal 0 0 -1
    outer loop
      vertex 168.195 -8.29112 3
      vertex 168.195 -2.10335 3
      vertex 168.581 -2.15214 3
    endloop
  endfacet
  facet normal 0 0 -1
    outer loop
      vertex 167.805 -8.29112 3
      vertex 168.195 -2.10335 3
      vertex 168.195 -8.29112 3
    endloop
  endfacet
  facet normal 0 0 -1
    outer loop
      vertex 167.805 -8.29112 3
      vertex 167.805 -2.10335 3
      vertex 168.195 -2.10335 3
    endloop
  endfacet
  facet normal 0 0 -1
    outer loop
      vertex 167.419 -8.24232 3
      vertex 167.805 -2.10335 3
      vertex 167.805 -8.29112 3
    endloop
  endfacet
  facet normal 0 0 -1
    outer loop
      vertex 167.419 -8.24232 3
      vertex 167.419 -2.15214 3
      vertex 167.805 -2.10335 3
    endloop
  endfacet
  facet normal 0 0 -1
    outer loop
      vertex 167.042 -8.14551 3
      vertex 167.419 -2.15214 3
      vertex 167.419 -8.24232 3
    endloop
  endfacet
  facet normal 0 0 -1
    outer loop
      vertex 167.042 -8.14551 3
      vertex 167.042 -2.24896 3
      vertex 167.419 -2.15214 3
    endloop
  endfacet
  facet normal 0 0 -1
    outer loop
      vertex 166.68 -8.0022 3
      vertex 167.042 -2.24896 3
      vertex 167.042 -8.14551 3
    endloop
  endfacet
  facet normal 0 0 -1
    outer loop
      vertex 166.68 -8.0022 3
      vertex 166.68 -2.39227 3
      vertex 167.042 -2.24896 3
    endloop
  endfacet
  facet normal 0 0 -1
    outer loop
      vertex 166.339 -7.81465 3
      vertex 166.68 -2.39227 3
      vertex 166.68 -8.0022 3
    endloop
  endfacet
  facet normal 0 0 -1
    outer loop
      vertex 166.339 -7.81465 3
      vertex 166.339 -2.57982 3
      vertex 166.68 -2.39227 3
    endloop
  endfacet
  facet normal 0 0 -1
    outer loop
      vertex 166.024 -7.58582 3
      vertex 166.339 -2.57982 3
      vertex 166.339 -7.81465 3
    endloop
  endfacet
  facet normal 0 0 -1
    outer loop
      vertex 166.024 -7.58582 3
      vertex 166.024 -2.80864 3
      vertex 166.339 -2.57982 3
    endloop
  endfacet
  facet normal 0 0 -1
    outer loop
      vertex 165.74 -7.31933 3
      vertex 166.024 -2.80864 3
      vertex 166.024 -7.58582 3
    endloop
  endfacet
  facet normal 0 0 -1
    outer loop
      vertex 165.74 -7.31933 3
      vertex 165.74 -3.07514 3
      vertex 166.024 -2.80864 3
    endloop
  endfacet
  facet normal 0 0 -1
    outer loop
      vertex 165.492 -7.01937 3
      vertex 165.74 -3.07514 3
      vertex 165.74 -7.31933 3
    endloop
  endfacet
  facet normal 0 0 -1
    outer loop
      vertex 165.492 -7.01937 3
      vertex 165.492 -3.3751 3
      vertex 165.74 -3.07514 3
    endloop
  endfacet
  facet normal 0 0 -1
    outer loop
      vertex 165.283 -6.69067 3
      vertex 165.492 -3.3751 3
      vertex 165.492 -7.01937 3
    endloop
  endfacet
  facet normal 0 0 -1
    outer loop
      vertex 165.283 -6.69067 3
      vertex 165.283 -3.7038 3
      vertex 165.492 -3.3751 3
    endloop
  endfacet
  facet normal 0 0 -1
    outer loop
      vertex 165.118 -6.33842 3
      vertex 165.283 -3.7038 3
      vertex 165.283 -6.69067 3
    endloop
  endfacet
  facet normal 0 0 -1
    outer loop
      vertex 165.118 -6.33842 3
      vertex 165.118 -4.05605 3
      vertex 165.283 -3.7038 3
    endloop
  endfacet
  facet normal 0 0 -1
    outer loop
      vertex 164.997 -5.96817 3
      vertex 165.118 -4.05605 3
      vertex 165.118 -6.33842 3
    endloop
  endfacet
  facet normal 0 0 -1
    outer loop
      vertex 164.997 -5.96817 3
      vertex 164.997 -4.4263 3
      vertex 165.118 -4.05605 3
    endloop
  endfacet
  facet normal 0 0 -1
    outer loop
      vertex 164.924 -5.58577 3
      vertex 164.997 -4.4263 3
      vertex 164.997 -5.96817 3
    endloop
  endfacet
  facet normal 0 0 -1
    outer loop
      vertex 164.924 -5.58577 3
      vertex 164.924 -4.8087 3
      vertex 164.997 -4.4263 3
    endloop
  endfacet
  facet normal 0 -0 -1
    outer loop
      vertex 164.924 -4.8087 3
      vertex 164.924 -5.58577 3
      vertex 164.9 -5.19723 3
    endloop
  endfacet
  facet normal 0.982262 -0.187513 0
    outer loop
      vertex 164.924 -4.8087 3
      vertex 164.997 -4.4263 0.799999
      vertex 164.997 -4.4263 3
    endloop
  endfacet
  facet normal 0.982262 -0.187513 0
    outer loop
      vertex 164.997 -4.4263 0.799999
      vertex 164.924 -4.8087 3
      vertex 164.924 -4.8087 0.799999
    endloop
  endfacet
  facet normal 0.684283 -0.729217 0
    outer loop
      vertex 165.74 -3.07514 0.799999
      vertex 166.024 -2.80864 3
      vertex 165.74 -3.07514 3
    endloop
  endfacet
  facet normal 0.684283 -0.729217 0
    outer loop
      vertex 166.024 -2.80864 3
      vertex 165.74 -3.07514 0.799999
      vertex 166.024 -2.80864 0.799999
    endloop
  endfacet
  facet normal -0.982262 0.187513 0
    outer loop
      vertex 171.003 -5.96817 0.799999
      vertex 171.076 -5.58577 3
      vertex 171.076 -5.58577 0.799999
    endloop
  endfacet
  facet normal -0.982262 0.187513 0
    outer loop
      vertex 171.076 -5.58577 3
      vertex 171.003 -5.96817 0.799999
      vertex 171.003 -5.96817 3
    endloop
  endfacet
  facet normal -0.998098 0.0616522 0
    outer loop
      vertex 171.076 -5.58577 0.799999
      vertex 171.1 -5.19723 3
      vertex 171.1 -5.19723 0.799999
    endloop
  endfacet
  facet normal -0.998098 0.0616522 0
    outer loop
      vertex 171.1 -5.19723 3
      vertex 171.076 -5.58577 0.799999
      vertex 171.076 -5.58577 3
    endloop
  endfacet
  facet normal 0.125426 0.992103 -0
    outer loop
      vertex 167.805 -8.29112 0.799999
      vertex 167.419 -8.24232 3
      vertex 167.805 -8.29112 3
    endloop
  endfacet
  facet normal 0.125426 0.992103 0
    outer loop
      vertex 167.419 -8.24232 3
      vertex 167.805 -8.29112 0.799999
      vertex 167.419 -8.24232 0.799999
    endloop
  endfacet
  facet normal 0.770701 0.637197 0
    outer loop
      vertex 165.74 -7.31933 3
      vertex 165.492 -7.01937 0.799999
      vertex 165.492 -7.01937 3
    endloop
  endfacet
  facet normal 0.770701 0.637197 0
    outer loop
      vertex 165.492 -7.01937 0.799999
      vertex 165.74 -7.31933 3
      vertex 165.74 -7.31933 0.799999
    endloop
  endfacet
  facet normal 0.950528 0.310638 0
    outer loop
      vertex 165.118 -6.33842 3
      vertex 164.997 -5.96817 0.799999
      vertex 164.997 -5.96817 3
    endloop
  endfacet
  facet normal 0.950528 0.310638 0
    outer loop
      vertex 164.997 -5.96817 0.799999
      vertex 165.118 -6.33842 3
      vertex 165.118 -6.33842 0.799999
    endloop
  endfacet
  facet normal 0 1 -0
    outer loop
      vertex 216.506 15.706 0
      vertex 203.494 15.706 3.84
      vertex 216.506 15.706 3.84
    endloop
  endfacet
  facet normal 0 1 0
    outer loop
      vertex 203.494 15.706 3.84
      vertex 216.506 15.706 0
      vertex 203.494 15.706 0
    endloop
  endfacet
  facet normal 0.707121 0.707092 0
    outer loop
      vertex 225.706 6.50562 3.84
      vertex 216.506 15.706 0
      vertex 216.506 15.706 3.84
    endloop
  endfacet
  facet normal 0.707121 0.707092 0
    outer loop
      vertex 216.506 15.706 0
      vertex 225.706 6.50562 3.84
      vertex 225.706 6.50562 0
    endloop
  endfacet
  facet normal 1 -0 0
    outer loop
      vertex 225.706 -6.50562 3.84
      vertex 225.706 6.50562 0
      vertex 225.706 6.50562 3.84
    endloop
  endfacet
  facet normal 1 0 0
    outer loop
      vertex 225.706 6.50562 0
      vertex 225.706 -6.50562 3.84
      vertex 225.706 -6.50562 0
    endloop
  endfacet
  facet normal -0.707121 -0.707092 0
    outer loop
      vertex 203.494 -15.706 0
      vertex 194.294 -6.50562 3.84
      vertex 194.294 -6.50562 0
    endloop
  endfacet
  facet normal -0.707121 -0.707092 0
    outer loop
      vertex 194.294 -6.50562 3.84
      vertex 203.494 -15.706 0
      vertex 203.494 -15.706 3.84
    endloop
  endfacet
  facet normal 0.707121 -0.707092 0
    outer loop
      vertex 216.506 -15.706 3.84
      vertex 225.706 -6.50562 0
      vertex 225.706 -6.50562 3.84
    endloop
  endfacet
  facet normal 0.707121 -0.707092 0
    outer loop
      vertex 225.706 -6.50562 0
      vertex 216.506 -15.706 3.84
      vertex 216.506 -15.706 0
    endloop
  endfacet
  facet normal 0 -1 0
    outer loop
      vertex 203.494 -15.706 0
      vertex 216.506 -15.706 3.84
      vertex 203.494 -15.706 3.84
    endloop
  endfacet
  facet normal 0 -1 -0
    outer loop
      vertex 216.506 -15.706 3.84
      vertex 203.494 -15.706 0
      vertex 216.506 -15.706 0
    endloop
  endfacet
  facet normal -1 0 0
    outer loop
      vertex 194.294 -6.50562 0
      vertex 194.294 6.50562 3.84
      vertex 194.294 6.50562 0
    endloop
  endfacet
  facet normal -1 -0 0
    outer loop
      vertex 194.294 6.50562 3.84
      vertex 194.294 -6.50562 0
      vertex 194.294 -6.50562 3.84
    endloop
  endfacet
  facet normal -0.707121 0.707092 0
    outer loop
      vertex 194.294 6.50562 0
      vertex 203.494 15.706 3.84
      vertex 203.494 15.706 0
    endloop
  endfacet
  facet normal -0.707121 0.707092 0
    outer loop
      vertex 203.494 15.706 3.84
      vertex 194.294 6.50562 0
      vertex 194.294 6.50562 3.84
    endloop
  endfacet
  facet normal 0.42005 0.420033 0.804444
    outer loop
      vertex 216.506 15.706 3.84
      vertex 224.135 5.85506 5
      vertex 225.706 6.50562 3.84
    endloop
  endfacet
  facet normal 0.42005 0.420033 0.804444
    outer loop
      vertex 224.135 5.85506 5
      vertex 216.506 15.706 3.84
      vertex 215.855 14.1354 5
    endloop
  endfacet
  facet normal -0.42005 0.420033 0.804444
    outer loop
      vertex 203.494 15.706 3.84
      vertex 195.865 5.85506 5
      vertex 204.145 14.1354 5
    endloop
  endfacet
  facet normal -0.42005 0.420033 0.804444
    outer loop
      vertex 195.865 5.85506 5
      vertex 203.494 15.706 3.84
      vertex 194.294 6.50562 3.84
    endloop
  endfacet
  facet normal -0.42005 -0.420033 0.804444
    outer loop
      vertex 195.865 -5.85506 5
      vertex 203.494 -15.706 3.84
      vertex 204.145 -14.1354 5
    endloop
  endfacet
  facet normal -0.42005 -0.420033 0.804444
    outer loop
      vertex 203.494 -15.706 3.84
      vertex 195.865 -5.85506 5
      vertex 194.294 -6.50562 3.84
    endloop
  endfacet
  facet normal 0.594002 0 0.804463
    outer loop
      vertex 224.135 5.85506 5
      vertex 225.706 -6.50562 3.84
      vertex 225.706 6.50562 3.84
    endloop
  endfacet
  facet normal 0.594002 0 0.804463
    outer loop
      vertex 225.706 -6.50562 3.84
      vertex 224.135 5.85506 5
      vertex 224.135 -5.85506 5
    endloop
  endfacet
  facet normal 0.42005 -0.420033 0.804444
    outer loop
      vertex 224.135 -5.85506 5
      vertex 216.506 -15.706 3.84
      vertex 225.706 -6.50562 3.84
    endloop
  endfacet
  facet normal 0.42005 -0.420033 0.804444
    outer loop
      vertex 216.506 -15.706 3.84
      vertex 224.135 -5.85506 5
      vertex 215.855 -14.1354 5
    endloop
  endfacet
  facet normal 0 0.5941 0.804391
    outer loop
      vertex 216.506 15.706 3.84
      vertex 204.145 14.1354 5
      vertex 215.855 14.1354 5
    endloop
  endfacet
  facet normal 0 0.5941 0.804391
    outer loop
      vertex 204.145 14.1354 5
      vertex 216.506 15.706 3.84
      vertex 203.494 15.706 3.84
    endloop
  endfacet
  facet normal 0 -0.5941 0.804391
    outer loop
      vertex 204.145 -14.1354 5
      vertex 216.506 -15.706 3.84
      vertex 215.855 -14.1354 5
    endloop
  endfacet
  facet normal 0 -0.5941 0.804391
    outer loop
      vertex 216.506 -15.706 3.84
      vertex 204.145 -14.1354 5
      vertex 203.494 -15.706 3.84
    endloop
  endfacet
  facet normal -0.594002 0 0.804463
    outer loop
      vertex 194.294 6.50562 3.84
      vertex 195.865 -5.85506 5
      vertex 195.865 5.85506 5
    endloop
  endfacet
  facet normal -0.594002 0 0.804463
    outer loop
      vertex 195.865 -5.85506 5
      vertex 194.294 6.50562 3.84
      vertex 194.294 -6.50562 3.84
    endloop
  endfacet
  facet normal -0.998098 -0.0616533 0
    outer loop
      vertex 218.297 0 0.799999
      vertex 218.273 0.388533 3
      vertex 218.273 0.388533 0.799999
    endloop
  endfacet
  facet normal -0.998098 -0.0616533 0
    outer loop
      vertex 218.273 0.388533 3
      vertex 218.297 0 0.799999
      vertex 218.297 0 3
    endloop
  endfacet
  facet normal 0 -1 0
    outer loop
      vertex 215.003 3.09388 0.799999
      vertex 215.392 3.09388 3
      vertex 215.003 3.09388 3
    endloop
  endfacet
  facet normal 0 -1 -0
    outer loop
      vertex 215.392 3.09388 3
      vertex 215.003 3.09388 0.799999
      vertex 215.392 3.09388 0.799999
    endloop
  endfacet
  facet normal -0.684269 -0.72923 0
    outer loop
      vertex 217.173 2.38859 0.799999
      vertex 217.457 2.1221 3
      vertex 217.173 2.38859 3
    endloop
  endfacet
  facet normal -0.684269 -0.72923 -0
    outer loop
      vertex 217.457 2.1221 3
      vertex 217.173 2.38859 0.799999
      vertex 217.457 2.1221 0.799999
    endloop
  endfacet
  facet normal 0.770711 -0.637185 0
    outer loop
      vertex 212.689 1.82213 3
      vertex 212.937 2.1221 0.799999
      vertex 212.937 2.1221 3
    endloop
  endfacet
  facet normal 0.770711 -0.637185 0
    outer loop
      vertex 212.937 2.1221 0.799999
      vertex 212.689 1.82213 3
      vertex 212.689 1.82213 0.799999
    endloop
  endfacet
  facet normal 0.481899 -0.876227 0
    outer loop
      vertex 213.536 2.61742 0.799999
      vertex 213.877 2.80496 3
      vertex 213.536 2.61742 3
    endloop
  endfacet
  facet normal 0.481899 -0.876227 0
    outer loop
      vertex 213.877 2.80496 3
      vertex 213.536 2.61742 0.799999
      vertex 213.877 2.80496 0.799999
    endloop
  endfacet
  facet normal 0.770711 0.637185 0
    outer loop
      vertex 212.937 -2.1221 3
      vertex 212.689 -1.82213 0.799999
      vertex 212.689 -1.82213 3
    endloop
  endfacet
  facet normal 0.770711 0.637185 0
    outer loop
      vertex 212.689 -1.82213 0.799999
      vertex 212.937 -2.1221 3
      vertex 212.937 -2.1221 0.799999
    endloop
  endfacet
  facet normal -0.951284 -0.308315 0
    outer loop
      vertex 218.2 0.770938 0.799999
      vertex 218.08 1.14119 3
      vertex 218.08 1.14119 0.799999
    endloop
  endfacet
  facet normal -0.951284 -0.308315 0
    outer loop
      vertex 218.08 1.14119 3
      vertex 218.2 0.770938 0.799999
      vertex 218.2 0.770938 3
    endloop
  endfacet
  facet normal -0.982262 -0.187511 0
    outer loop
      vertex 218.273 0.388533 0.799999
      vertex 218.2 0.770938 3
      vertex 218.2 0.770938 0.799999
    endloop
  endfacet
  facet normal -0.982262 -0.187511 0
    outer loop
      vertex 218.2 0.770938 3
      vertex 218.273 0.388533 0.799999
      vertex 218.273 0.388533 3
    endloop
  endfacet
  facet normal -0.843855 -0.536571 0
    outer loop
      vertex 217.914 1.49344 0.799999
      vertex 217.705 1.82213 3
      vertex 217.705 1.82213 0.799999
    endloop
  endfacet
  facet normal -0.843855 -0.536571 0
    outer loop
      vertex 217.705 1.82213 3
      vertex 217.914 1.49344 0.799999
      vertex 217.914 1.49344 3
    endloop
  endfacet
  facet normal -0.368089 -0.92979 0
    outer loop
      vertex 216.155 2.94827 0.799999
      vertex 216.517 2.80496 3
      vertex 216.155 2.94827 3
    endloop
  endfacet
  facet normal -0.368089 -0.92979 -0
    outer loop
      vertex 216.517 2.80496 3
      vertex 216.155 2.94827 0.799999
      vertex 216.517 2.80496 0.799999
    endloop
  endfacet
  facet normal -0.125401 -0.992106 0
    outer loop
      vertex 215.392 3.09388 0.799999
      vertex 215.778 3.04509 3
      vertex 215.392 3.09388 3
    endloop
  endfacet
  facet normal -0.125401 -0.992106 -0
    outer loop
      vertex 215.778 3.04509 3
      vertex 215.392 3.09388 0.799999
      vertex 215.778 3.04509 0.799999
    endloop
  endfacet
  facet normal -0.587733 -0.809055 0
    outer loop
      vertex 216.858 2.61742 0.799999
      vertex 217.173 2.38859 3
      vertex 216.858 2.61742 3
    endloop
  endfacet
  facet normal -0.587733 -0.809055 -0
    outer loop
      vertex 217.173 2.38859 3
      vertex 216.858 2.61742 0.799999
      vertex 217.173 2.38859 0.799999
    endloop
  endfacet
  facet normal 0.951284 -0.308315 0
    outer loop
      vertex 212.195 0.770938 3
      vertex 212.315 1.14119 0.799999
      vertex 212.315 1.14119 3
    endloop
  endfacet
  facet normal 0.951284 -0.308315 0
    outer loop
      vertex 212.315 1.14119 0.799999
      vertex 212.195 0.770938 3
      vertex 212.195 0.770938 0.799999
    endloop
  endfacet
  facet normal 0.904586 -0.426292 0
    outer loop
      vertex 212.315 1.14119 3
      vertex 212.481 1.49344 0.799999
      vertex 212.481 1.49344 3
    endloop
  endfacet
  facet normal 0.904586 -0.426292 0
    outer loop
      vertex 212.481 1.49344 0.799999
      vertex 212.315 1.14119 3
      vertex 212.315 1.14119 0.799999
    endloop
  endfacet
  facet normal 0.982262 -0.187511 0
    outer loop
      vertex 212.122 0.388533 3
      vertex 212.195 0.770938 0.799999
      vertex 212.195 0.770938 3
    endloop
  endfacet
  facet normal 0.982262 -0.187511 0
    outer loop
      vertex 212.195 0.770938 0.799999
      vertex 212.122 0.388533 3
      vertex 212.122 0.388533 0.799999
    endloop
  endfacet
  facet normal 0.997936 0.0642118 0
    outer loop
      vertex 212.122 -0.388533 3
      vertex 212.097 0 0.799999
      vertex 212.097 0 3
    endloop
  endfacet
  facet normal 0.997936 0.0642118 0
    outer loop
      vertex 212.097 0 0.799999
      vertex 212.122 -0.388533 3
      vertex 212.122 -0.388533 0.799999
    endloop
  endfacet
  facet normal 0.587733 -0.809055 0
    outer loop
      vertex 213.221 2.38859 0.799999
      vertex 213.536 2.61742 3
      vertex 213.221 2.38859 3
    endloop
  endfacet
  facet normal 0.587733 -0.809055 0
    outer loop
      vertex 213.536 2.61742 3
      vertex 213.221 2.38859 0.799999
      vertex 213.536 2.61742 0.799999
    endloop
  endfacet
  facet normal -0.368089 0.92979 0
    outer loop
      vertex 216.517 -2.80496 0.799999
      vertex 216.155 -2.94827 3
      vertex 216.517 -2.80496 3
    endloop
  endfacet
  facet normal -0.368089 0.92979 0
    outer loop
      vertex 216.155 -2.94827 3
      vertex 216.517 -2.80496 0.799999
      vertex 216.155 -2.94827 0.799999
    endloop
  endfacet
  facet normal -0.770711 0.637185 0
    outer loop
      vertex 217.457 -2.1221 0.799999
      vertex 217.705 -1.82213 3
      vertex 217.705 -1.82213 0.799999
    endloop
  endfacet
  facet normal -0.770711 0.637185 0
    outer loop
      vertex 217.705 -1.82213 3
      vertex 217.457 -2.1221 0.799999
      vertex 217.457 -2.1221 3
    endloop
  endfacet
  facet normal -0.587733 0.809055 0
    outer loop
      vertex 217.173 -2.38859 0.799999
      vertex 216.858 -2.61742 3
      vertex 217.173 -2.38859 3
    endloop
  endfacet
  facet normal -0.587733 0.809055 0
    outer loop
      vertex 216.858 -2.61742 3
      vertex 217.173 -2.38859 0.799999
      vertex 216.858 -2.61742 0.799999
    endloop
  endfacet
  facet normal -0.998098 0.0616533 0
    outer loop
      vertex 218.273 -0.388533 0.799999
      vertex 218.297 0 3
      vertex 218.297 0 0.799999
    endloop
  endfacet
  facet normal -0.998098 0.0616533 0
    outer loop
      vertex 218.297 0 3
      vertex 218.273 -0.388533 0.799999
      vertex 218.273 -0.388533 3
    endloop
  endfacet
  facet normal 0.587733 0.809055 -0
    outer loop
      vertex 213.536 -2.61742 0.799999
      vertex 213.221 -2.38859 3
      vertex 213.536 -2.61742 3
    endloop
  endfacet
  facet normal 0.587733 0.809055 0
    outer loop
      vertex 213.221 -2.38859 3
      vertex 213.536 -2.61742 0.799999
      vertex 213.221 -2.38859 0.799999
    endloop
  endfacet
  facet normal 0.248745 0.968569 -0
    outer loop
      vertex 214.616 -3.04509 0.799999
      vertex 214.239 -2.94827 3
      vertex 214.616 -3.04509 3
    endloop
  endfacet
  facet normal 0.248745 0.968569 0
    outer loop
      vertex 214.239 -2.94827 3
      vertex 214.616 -3.04509 0.799999
      vertex 214.239 -2.94827 0.799999
    endloop
  endfacet
  facet normal 0.951284 0.308315 0
    outer loop
      vertex 212.315 -1.14119 3
      vertex 212.195 -0.770938 0.799999
      vertex 212.195 -0.770938 3
    endloop
  endfacet
  facet normal 0.951284 0.308315 0
    outer loop
      vertex 212.195 -0.770938 0.799999
      vertex 212.315 -1.14119 3
      vertex 212.315 -1.14119 0.799999
    endloop
  endfacet
  facet normal 0.845017 0.53474 0
    outer loop
      vertex 212.689 -1.82213 3
      vertex 212.481 -1.49344 0.799999
      vertex 212.481 -1.49344 3
    endloop
  endfacet
  facet normal 0.845017 0.53474 0
    outer loop
      vertex 212.481 -1.49344 0.799999
      vertex 212.689 -1.82213 3
      vertex 212.689 -1.82213 0.799999
    endloop
  endfacet
  facet normal 0.904586 0.426292 0
    outer loop
      vertex 212.481 -1.49344 3
      vertex 212.315 -1.14119 0.799999
      vertex 212.315 -1.14119 3
    endloop
  endfacet
  facet normal 0.904586 0.426292 0
    outer loop
      vertex 212.315 -1.14119 0.799999
      vertex 212.481 -1.49344 3
      vertex 212.481 -1.49344 0.799999
    endloop
  endfacet
  facet normal -0.904586 -0.426292 0
    outer loop
      vertex 218.08 1.14119 0.799999
      vertex 217.914 1.49344 3
      vertex 217.914 1.49344 0.799999
    endloop
  endfacet
  facet normal -0.904586 -0.426292 0
    outer loop
      vertex 217.914 1.49344 3
      vertex 218.08 1.14119 0.799999
      vertex 218.08 1.14119 3
    endloop
  endfacet
  facet normal 0 0 1
    outer loop
      vertex 218.273 0.388533 0.799999
      vertex 218.273 -0.388533 0.799999
      vertex 218.297 0 0.799999
    endloop
  endfacet
  facet normal 0 0 1
    outer loop
      vertex 218.2 0.770938 0.799999
      vertex 218.273 -0.388533 0.799999
      vertex 218.273 0.388533 0.799999
    endloop
  endfacet
  facet normal 0 0 1
    outer loop
      vertex 218.2 0.770938 0.799999
      vertex 218.2 -0.770938 0.799999
      vertex 218.273 -0.388533 0.799999
    endloop
  endfacet
  facet normal 0 0 1
    outer loop
      vertex 218.08 1.14119 0.799999
      vertex 218.2 -0.770938 0.799999
      vertex 218.2 0.770938 0.799999
    endloop
  endfacet
  facet normal 0 0 1
    outer loop
      vertex 218.08 1.14119 0.799999
      vertex 218.08 -1.14119 0.799999
      vertex 218.2 -0.770938 0.799999
    endloop
  endfacet
  facet normal 0 0 1
    outer loop
      vertex 217.914 1.49344 0.799999
      vertex 218.08 -1.14119 0.799999
      vertex 218.08 1.14119 0.799999
    endloop
  endfacet
  facet normal 0 0 1
    outer loop
      vertex 217.914 1.49344 0.799999
      vertex 217.914 -1.49344 0.799999
      vertex 218.08 -1.14119 0.799999
    endloop
  endfacet
  facet normal 0 0 1
    outer loop
      vertex 217.705 1.82213 0.799999
      vertex 217.914 -1.49344 0.799999
      vertex 217.914 1.49344 0.799999
    endloop
  endfacet
  facet normal 0 0 1
    outer loop
      vertex 217.705 1.82213 0.799999
      vertex 217.705 -1.82213 0.799999
      vertex 217.914 -1.49344 0.799999
    endloop
  endfacet
  facet normal 0 0 1
    outer loop
      vertex 217.457 2.1221 0.799999
      vertex 217.705 -1.82213 0.799999
      vertex 217.705 1.82213 0.799999
    endloop
  endfacet
  facet normal 0 0 1
    outer loop
      vertex 217.457 2.1221 0.799999
      vertex 217.457 -2.1221 0.799999
      vertex 217.705 -1.82213 0.799999
    endloop
  endfacet
  facet normal 0 0 1
    outer loop
      vertex 217.173 2.38859 0.799999
      vertex 217.457 -2.1221 0.799999
      vertex 217.457 2.1221 0.799999
    endloop
  endfacet
  facet normal 0 0 1
    outer loop
      vertex 217.173 2.38859 0.799999
      vertex 217.173 -2.38859 0.799999
      vertex 217.457 -2.1221 0.799999
    endloop
  endfacet
  facet normal 0 0 1
    outer loop
      vertex 216.858 2.61742 0.799999
      vertex 217.173 -2.38859 0.799999
      vertex 217.173 2.38859 0.799999
    endloop
  endfacet
  facet normal 0 0 1
    outer loop
      vertex 216.858 2.61742 0.799999
      vertex 216.858 -2.61742 0.799999
      vertex 217.173 -2.38859 0.799999
    endloop
  endfacet
  facet normal 0 0 1
    outer loop
      vertex 216.517 2.80496 0.799999
      vertex 216.858 -2.61742 0.799999
      vertex 216.858 2.61742 0.799999
    endloop
  endfacet
  facet normal 0 0 1
    outer loop
      vertex 216.517 2.80496 0.799999
      vertex 216.517 -2.80496 0.799999
      vertex 216.858 -2.61742 0.799999
    endloop
  endfacet
  facet normal 0 0 1
    outer loop
      vertex 216.155 2.94827 0.799999
      vertex 216.517 -2.80496 0.799999
      vertex 216.517 2.80496 0.799999
    endloop
  endfacet
  facet normal 0 0 1
    outer loop
      vertex 216.155 2.94827 0.799999
      vertex 216.155 -2.94827 0.799999
      vertex 216.517 -2.80496 0.799999
    endloop
  endfacet
  facet normal 0 0 1
    outer loop
      vertex 215.778 3.04509 0.799999
      vertex 216.155 -2.94827 0.799999
      vertex 216.155 2.94827 0.799999
    endloop
  endfacet
  facet normal 0 0 1
    outer loop
      vertex 215.778 3.04509 0.799999
      vertex 215.778 -3.04509 0.799999
      vertex 216.155 -2.94827 0.799999
    endloop
  endfacet
  facet normal 0 0 1
    outer loop
      vertex 215.392 3.09388 0.799999
      vertex 215.778 -3.04509 0.799999
      vertex 215.778 3.04509 0.799999
    endloop
  endfacet
  facet normal 0 0 1
    outer loop
      vertex 215.392 3.09388 0.799999
      vertex 215.392 -3.09388 0.799999
      vertex 215.778 -3.04509 0.799999
    endloop
  endfacet
  facet normal -0 0 1
    outer loop
      vertex 215.003 3.09388 0.799999
      vertex 215.392 -3.09388 0.799999
      vertex 215.392 3.09388 0.799999
    endloop
  endfacet
  facet normal 0 0 1
    outer loop
      vertex 215.003 3.09388 0.799999
      vertex 215.003 -3.09388 0.799999
      vertex 215.392 -3.09388 0.799999
    endloop
  endfacet
  facet normal -0 0 1
    outer loop
      vertex 214.616 3.04509 0.799999
      vertex 215.003 -3.09388 0.799999
      vertex 215.003 3.09388 0.799999
    endloop
  endfacet
  facet normal 0 0 1
    outer loop
      vertex 214.616 3.04509 0.799999
      vertex 214.616 -3.04509 0.799999
      vertex 215.003 -3.09388 0.799999
    endloop
  endfacet
  facet normal -0 0 1
    outer loop
      vertex 214.239 2.94827 0.799999
      vertex 214.616 -3.04509 0.799999
      vertex 214.616 3.04509 0.799999
    endloop
  endfacet
  facet normal 0 0 1
    outer loop
      vertex 214.239 2.94827 0.799999
      vertex 214.239 -2.94827 0.799999
      vertex 214.616 -3.04509 0.799999
    endloop
  endfacet
  facet normal -0 0 1
    outer loop
      vertex 213.877 2.80496 0.799999
      vertex 214.239 -2.94827 0.799999
      vertex 214.239 2.94827 0.799999
    endloop
  endfacet
  facet normal 0 0 1
    outer loop
      vertex 213.877 2.80496 0.799999
      vertex 213.877 -2.80496 0.799999
      vertex 214.239 -2.94827 0.799999
    endloop
  endfacet
  facet normal -0 0 1
    outer loop
      vertex 213.536 2.61742 0.799999
      vertex 213.877 -2.80496 0.799999
      vertex 213.877 2.80496 0.799999
    endloop
  endfacet
  facet normal 0 0 1
    outer loop
      vertex 213.536 2.61742 0.799999
      vertex 213.536 -2.61742 0.799999
      vertex 213.877 -2.80496 0.799999
    endloop
  endfacet
  facet normal -0 0 1
    outer loop
      vertex 213.221 2.38859 0.799999
      vertex 213.536 -2.61742 0.799999
      vertex 213.536 2.61742 0.799999
    endloop
  endfacet
  facet normal 0 0 1
    outer loop
      vertex 213.221 2.38859 0.799999
      vertex 213.221 -2.38859 0.799999
      vertex 213.536 -2.61742 0.799999
    endloop
  endfacet
  facet normal -0 0 1
    outer loop
      vertex 212.937 2.1221 0.799999
      vertex 213.221 -2.38859 0.799999
      vertex 213.221 2.38859 0.799999
    endloop
  endfacet
  facet normal 0 0 1
    outer loop
      vertex 212.937 2.1221 0.799999
      vertex 212.937 -2.1221 0.799999
      vertex 213.221 -2.38859 0.799999
    endloop
  endfacet
  facet normal -0 0 1
    outer loop
      vertex 212.689 1.82213 0.799999
      vertex 212.937 -2.1221 0.799999
      vertex 212.937 2.1221 0.799999
    endloop
  endfacet
  facet normal 0 0 1
    outer loop
      vertex 212.689 1.82213 0.799999
      vertex 212.689 -1.82213 0.799999
      vertex 212.937 -2.1221 0.799999
    endloop
  endfacet
  facet normal -0 0 1
    outer loop
      vertex 212.481 1.49344 0.799999
      vertex 212.689 -1.82213 0.799999
      vertex 212.689 1.82213 0.799999
    endloop
  endfacet
  facet normal 0 0 1
    outer loop
      vertex 212.481 1.49344 0.799999
      vertex 212.481 -1.49344 0.799999
      vertex 212.689 -1.82213 0.799999
    endloop
  endfacet
  facet normal -0 0 1
    outer loop
      vertex 212.315 1.14119 0.799999
      vertex 212.481 -1.49344 0.799999
      vertex 212.481 1.49344 0.799999
    endloop
  endfacet
  facet normal 0 0 1
    outer loop
      vertex 212.315 1.14119 0.799999
      vertex 212.315 -1.14119 0.799999
      vertex 212.481 -1.49344 0.799999
    endloop
  endfacet
  facet normal -0 0 1
    outer loop
      vertex 212.195 0.770938 0.799999
      vertex 212.315 -1.14119 0.799999
      vertex 212.315 1.14119 0.799999
    endloop
  endfacet
  facet normal 0 0 1
    outer loop
      vertex 212.195 0.770938 0.799999
      vertex 212.195 -0.770938 0.799999
      vertex 212.315 -1.14119 0.799999
    endloop
  endfacet
  facet normal -0 0 1
    outer loop
      vertex 212.122 0.388533 0.799999
      vertex 212.195 -0.770938 0.799999
      vertex 212.195 0.770938 0.799999
    endloop
  endfacet
  facet normal 0 0 1
    outer loop
      vertex 212.122 0.388533 0.799999
      vertex 212.122 -0.388533 0.799999
      vertex 212.195 -0.770938 0.799999
    endloop
  endfacet
  facet normal 0 -0 1
    outer loop
      vertex 212.122 -0.388533 0.799999
      vertex 212.122 0.388533 0.799999
      vertex 212.097 0 0.799999
    endloop
  endfacet
  facet normal 0.125082 -0.992146 0
    outer loop
      vertex 214.616 3.04509 0.799999
      vertex 215.003 3.09388 3
      vertex 214.616 3.04509 3
    endloop
  endfacet
  facet normal 0.125082 -0.992146 0
    outer loop
      vertex 215.003 3.09388 3
      vertex 214.616 3.04509 0.799999
      vertex 215.003 3.09388 0.799999
    endloop
  endfacet
  facet normal 0.248745 -0.968569 0
    outer loop
      vertex 214.239 2.94827 0.799999
      vertex 214.616 3.04509 3
      vertex 214.239 2.94827 3
    endloop
  endfacet
  facet normal 0.248745 -0.968569 0
    outer loop
      vertex 214.616 3.04509 3
      vertex 214.239 2.94827 0.799999
      vertex 214.616 3.04509 0.799999
    endloop
  endfacet
  facet normal -0.125401 0.992106 0
    outer loop
      vertex 215.778 -3.04509 0.799999
      vertex 215.392 -3.09388 3
      vertex 215.778 -3.04509 3
    endloop
  endfacet
  facet normal -0.125401 0.992106 0
    outer loop
      vertex 215.392 -3.09388 3
      vertex 215.778 -3.04509 0.799999
      vertex 215.392 -3.09388 0.799999
    endloop
  endfacet
  facet normal -0.248745 0.968569 0
    outer loop
      vertex 216.155 -2.94827 0.799999
      vertex 215.778 -3.04509 3
      vertex 216.155 -2.94827 3
    endloop
  endfacet
  facet normal -0.248745 0.968569 0
    outer loop
      vertex 215.778 -3.04509 3
      vertex 216.155 -2.94827 0.799999
      vertex 215.778 -3.04509 0.799999
    endloop
  endfacet
  facet normal -0.684269 0.72923 0
    outer loop
      vertex 217.457 -2.1221 0.799999
      vertex 217.173 -2.38859 3
      vertex 217.457 -2.1221 3
    endloop
  endfacet
  facet normal -0.684269 0.72923 0
    outer loop
      vertex 217.173 -2.38859 3
      vertex 217.457 -2.1221 0.799999
      vertex 217.173 -2.38859 0.799999
    endloop
  endfacet
  facet normal -0.843855 0.536571 0
    outer loop
      vertex 217.705 -1.82213 0.799999
      vertex 217.914 -1.49344 3
      vertex 217.914 -1.49344 0.799999
    endloop
  endfacet
  facet normal -0.843855 0.536571 0
    outer loop
      vertex 217.914 -1.49344 3
      vertex 217.705 -1.82213 0.799999
      vertex 217.705 -1.82213 3
    endloop
  endfacet
  facet normal -0.951284 0.308315 0
    outer loop
      vertex 218.08 -1.14119 0.799999
      vertex 218.2 -0.770938 3
      vertex 218.2 -0.770938 0.799999
    endloop
  endfacet
  facet normal -0.951284 0.308315 0
    outer loop
      vertex 218.2 -0.770938 3
      vertex 218.08 -1.14119 0.799999
      vertex 218.08 -1.14119 3
    endloop
  endfacet
  facet normal -0.982262 0.187511 0
    outer loop
      vertex 218.2 -0.770938 0.799999
      vertex 218.273 -0.388533 3
      vertex 218.273 -0.388533 0.799999
    endloop
  endfacet
  facet normal -0.982262 0.187511 0
    outer loop
      vertex 218.273 -0.388533 3
      vertex 218.2 -0.770938 0.799999
      vertex 218.2 -0.770938 3
    endloop
  endfacet
  facet normal 0.481899 0.876227 -0
    outer loop
      vertex 213.877 -2.80496 0.799999
      vertex 213.536 -2.61742 3
      vertex 213.877 -2.80496 3
    endloop
  endfacet
  facet normal 0.481899 0.876227 0
    outer loop
      vertex 213.536 -2.61742 3
      vertex 213.877 -2.80496 0.799999
      vertex 213.536 -2.61742 0.799999
    endloop
  endfacet
  facet normal 0 1 -0
    outer loop
      vertex 215.392 -3.09388 0.799999
      vertex 215.003 -3.09388 3
      vertex 215.392 -3.09388 3
    endloop
  endfacet
  facet normal 0 1 0
    outer loop
      vertex 215.003 -3.09388 3
      vertex 215.392 -3.09388 0.799999
      vertex 215.003 -3.09388 0.799999
    endloop
  endfacet
  facet normal 0.684269 0.72923 -0
    outer loop
      vertex 213.221 -2.38859 0.799999
      vertex 212.937 -2.1221 3
      vertex 213.221 -2.38859 3
    endloop
  endfacet
  facet normal 0.684269 0.72923 0
    outer loop
      vertex 212.937 -2.1221 3
      vertex 213.221 -2.38859 0.799999
      vertex 212.937 -2.1221 0.799999
    endloop
  endfacet
  facet normal 0.982262 0.187511 0
    outer loop
      vertex 212.195 -0.770938 3
      vertex 212.122 -0.388533 0.799999
      vertex 212.122 -0.388533 3
    endloop
  endfacet
  facet normal 0.982262 0.187511 0
    outer loop
      vertex 212.122 -0.388533 0.799999
      vertex 212.195 -0.770938 3
      vertex 212.195 -0.770938 0.799999
    endloop
  endfacet
  facet normal -0.770711 -0.637185 0
    outer loop
      vertex 217.705 1.82213 0.799999
      vertex 217.457 2.1221 3
      vertex 217.457 2.1221 0.799999
    endloop
  endfacet
  facet normal -0.770711 -0.637185 0
    outer loop
      vertex 217.457 2.1221 3
      vertex 217.705 1.82213 0.799999
      vertex 217.705 1.82213 3
    endloop
  endfacet
  facet normal -0.248745 -0.968569 0
    outer loop
      vertex 215.778 3.04509 0.799999
      vertex 216.155 2.94827 3
      vertex 215.778 3.04509 3
    endloop
  endfacet
  facet normal -0.248745 -0.968569 -0
    outer loop
      vertex 216.155 2.94827 3
      vertex 215.778 3.04509 0.799999
      vertex 216.155 2.94827 0.799999
    endloop
  endfacet
  facet normal -0.481899 -0.876227 0
    outer loop
      vertex 216.517 2.80496 0.799999
      vertex 216.858 2.61742 3
      vertex 216.517 2.80496 3
    endloop
  endfacet
  facet normal -0.481899 -0.876227 -0
    outer loop
      vertex 216.858 2.61742 3
      vertex 216.517 2.80496 0.799999
      vertex 216.858 2.61742 0.799999
    endloop
  endfacet
  facet normal 0.845017 -0.53474 0
    outer loop
      vertex 212.481 1.49344 3
      vertex 212.689 1.82213 0.799999
      vertex 212.689 1.82213 3
    endloop
  endfacet
  facet normal 0.845017 -0.53474 0
    outer loop
      vertex 212.689 1.82213 0.799999
      vertex 212.481 1.49344 3
      vertex 212.481 1.49344 0.799999
    endloop
  endfacet
  facet normal 0 0 -1
    outer loop
      vertex 218.273 -0.388533 3
      vertex 218.273 0.388533 3
      vertex 218.297 0 3
    endloop
  endfacet
  facet normal 0 0 -1
    outer loop
      vertex 218.2 -0.770938 3
      vertex 218.273 0.388533 3
      vertex 218.273 -0.388533 3
    endloop
  endfacet
  facet normal 0 0 -1
    outer loop
      vertex 218.2 -0.770938 3
      vertex 218.2 0.770938 3
      vertex 218.273 0.388533 3
    endloop
  endfacet
  facet normal 0 0 -1
    outer loop
      vertex 218.08 -1.14119 3
      vertex 218.2 0.770938 3
      vertex 218.2 -0.770938 3
    endloop
  endfacet
  facet normal 0 0 -1
    outer loop
      vertex 218.08 -1.14119 3
      vertex 218.08 1.14119 3
      vertex 218.2 0.770938 3
    endloop
  endfacet
  facet normal 0 0 -1
    outer loop
      vertex 217.914 -1.49344 3
      vertex 218.08 1.14119 3
      vertex 218.08 -1.14119 3
    endloop
  endfacet
  facet normal 0 0 -1
    outer loop
      vertex 217.914 -1.49344 3
      vertex 217.914 1.49344 3
      vertex 218.08 1.14119 3
    endloop
  endfacet
  facet normal 0 0 -1
    outer loop
      vertex 217.705 -1.82213 3
      vertex 217.914 1.49344 3
      vertex 217.914 -1.49344 3
    endloop
  endfacet
  facet normal 0 0 -1
    outer loop
      vertex 217.705 -1.82213 3
      vertex 217.705 1.82213 3
      vertex 217.914 1.49344 3
    endloop
  endfacet
  facet normal 0 0 -1
    outer loop
      vertex 217.457 -2.1221 3
      vertex 217.705 1.82213 3
      vertex 217.705 -1.82213 3
    endloop
  endfacet
  facet normal 0 0 -1
    outer loop
      vertex 217.457 -2.1221 3
      vertex 217.457 2.1221 3
      vertex 217.705 1.82213 3
    endloop
  endfacet
  facet normal 0 0 -1
    outer loop
      vertex 217.173 -2.38859 3
      vertex 217.457 2.1221 3
      vertex 217.457 -2.1221 3
    endloop
  endfacet
  facet normal 0 0 -1
    outer loop
      vertex 217.173 -2.38859 3
      vertex 217.173 2.38859 3
      vertex 217.457 2.1221 3
    endloop
  endfacet
  facet normal 0 0 -1
    outer loop
      vertex 216.858 -2.61742 3
      vertex 217.173 2.38859 3
      vertex 217.173 -2.38859 3
    endloop
  endfacet
  facet normal 0 0 -1
    outer loop
      vertex 216.858 -2.61742 3
      vertex 216.858 2.61742 3
      vertex 217.173 2.38859 3
    endloop
  endfacet
  facet normal 0 0 -1
    outer loop
      vertex 216.517 -2.80496 3
      vertex 216.858 2.61742 3
      vertex 216.858 -2.61742 3
    endloop
  endfacet
  facet normal 0 0 -1
    outer loop
      vertex 216.517 -2.80496 3
      vertex 216.517 2.80496 3
      vertex 216.858 2.61742 3
    endloop
  endfacet
  facet normal 0 0 -1
    outer loop
      vertex 216.155 -2.94827 3
      vertex 216.517 2.80496 3
      vertex 216.517 -2.80496 3
    endloop
  endfacet
  facet normal 0 0 -1
    outer loop
      vertex 216.155 -2.94827 3
      vertex 216.155 2.94827 3
      vertex 216.517 2.80496 3
    endloop
  endfacet
  facet normal 0 0 -1
    outer loop
      vertex 215.778 -3.04509 3
      vertex 216.155 2.94827 3
      vertex 216.155 -2.94827 3
    endloop
  endfacet
  facet normal 0 0 -1
    outer loop
      vertex 215.778 -3.04509 3
      vertex 215.778 3.04509 3
      vertex 216.155 2.94827 3
    endloop
  endfacet
  facet normal 0 0 -1
    outer loop
      vertex 215.392 -3.09388 3
      vertex 215.778 3.04509 3
      vertex 215.778 -3.04509 3
    endloop
  endfacet
  facet normal 0 0 -1
    outer loop
      vertex 215.392 -3.09388 3
      vertex 215.392 3.09388 3
      vertex 215.778 3.04509 3
    endloop
  endfacet
  facet normal 0 0 -1
    outer loop
      vertex 215.003 -3.09388 3
      vertex 215.392 3.09388 3
      vertex 215.392 -3.09388 3
    endloop
  endfacet
  facet normal 0 0 -1
    outer loop
      vertex 215.003 -3.09388 3
      vertex 215.003 3.09388 3
      vertex 215.392 3.09388 3
    endloop
  endfacet
  facet normal 0 0 -1
    outer loop
      vertex 214.616 -3.04509 3
      vertex 215.003 3.09388 3
      vertex 215.003 -3.09388 3
    endloop
  endfacet
  facet normal 0 0 -1
    outer loop
      vertex 214.616 -3.04509 3
      vertex 214.616 3.04509 3
      vertex 215.003 3.09388 3
    endloop
  endfacet
  facet normal 0 0 -1
    outer loop
      vertex 214.239 -2.94827 3
      vertex 214.616 3.04509 3
      vertex 214.616 -3.04509 3
    endloop
  endfacet
  facet normal 0 0 -1
    outer loop
      vertex 214.239 -2.94827 3
      vertex 214.239 2.94827 3
      vertex 214.616 3.04509 3
    endloop
  endfacet
  facet normal 0 0 -1
    outer loop
      vertex 213.877 -2.80496 3
      vertex 214.239 2.94827 3
      vertex 214.239 -2.94827 3
    endloop
  endfacet
  facet normal 0 0 -1
    outer loop
      vertex 213.877 -2.80496 3
      vertex 213.877 2.80496 3
      vertex 214.239 2.94827 3
    endloop
  endfacet
  facet normal 0 0 -1
    outer loop
      vertex 213.536 -2.61742 3
      vertex 213.877 2.80496 3
      vertex 213.877 -2.80496 3
    endloop
  endfacet
  facet normal 0 0 -1
    outer loop
      vertex 213.536 -2.61742 3
      vertex 213.536 2.61742 3
      vertex 213.877 2.80496 3
    endloop
  endfacet
  facet normal 0 0 -1
    outer loop
      vertex 213.221 -2.38859 3
      vertex 213.536 2.61742 3
      vertex 213.536 -2.61742 3
    endloop
  endfacet
  facet normal 0 0 -1
    outer loop
      vertex 213.221 -2.38859 3
      vertex 213.221 2.38859 3
      vertex 213.536 2.61742 3
    endloop
  endfacet
  facet normal 0 0 -1
    outer loop
      vertex 212.937 -2.1221 3
      vertex 213.221 2.38859 3
      vertex 213.221 -2.38859 3
    endloop
  endfacet
  facet normal 0 0 -1
    outer loop
      vertex 212.937 -2.1221 3
      vertex 212.937 2.1221 3
      vertex 213.221 2.38859 3
    endloop
  endfacet
  facet normal 0 0 -1
    outer loop
      vertex 212.689 -1.82213 3
      vertex 212.937 2.1221 3
      vertex 212.937 -2.1221 3
    endloop
  endfacet
  facet normal 0 0 -1
    outer loop
      vertex 212.689 -1.82213 3
      vertex 212.689 1.82213 3
      vertex 212.937 2.1221 3
    endloop
  endfacet
  facet normal 0 0 -1
    outer loop
      vertex 212.481 -1.49344 3
      vertex 212.689 1.82213 3
      vertex 212.689 -1.82213 3
    endloop
  endfacet
  facet normal 0 0 -1
    outer loop
      vertex 212.481 -1.49344 3
      vertex 212.481 1.49344 3
      vertex 212.689 1.82213 3
    endloop
  endfacet
  facet normal 0 0 -1
    outer loop
      vertex 212.315 -1.14119 3
      vertex 212.481 1.49344 3
      vertex 212.481 -1.49344 3
    endloop
  endfacet
  facet normal 0 0 -1
    outer loop
      vertex 212.315 -1.14119 3
      vertex 212.315 1.14119 3
      vertex 212.481 1.49344 3
    endloop
  endfacet
  facet normal 0 0 -1
    outer loop
      vertex 212.195 -0.770938 3
      vertex 212.315 1.14119 3
      vertex 212.315 -1.14119 3
    endloop
  endfacet
  facet normal 0 0 -1
    outer loop
      vertex 212.195 -0.770938 3
      vertex 212.195 0.770938 3
      vertex 212.315 1.14119 3
    endloop
  endfacet
  facet normal 0 0 -1
    outer loop
      vertex 212.122 -0.388533 3
      vertex 212.195 0.770938 3
      vertex 212.195 -0.770938 3
    endloop
  endfacet
  facet normal 0 0 -1
    outer loop
      vertex 212.122 -0.388533 3
      vertex 212.122 0.388533 3
      vertex 212.195 0.770938 3
    endloop
  endfacet
  facet normal 0 -0 -1
    outer loop
      vertex 212.122 0.388533 3
      vertex 212.122 -0.388533 3
      vertex 212.097 0 3
    endloop
  endfacet
  facet normal 0.997936 -0.0642118 0
    outer loop
      vertex 212.097 0 3
      vertex 212.122 0.388533 0.799999
      vertex 212.122 0.388533 3
    endloop
  endfacet
  facet normal 0.997936 -0.0642118 0
    outer loop
      vertex 212.122 0.388533 0.799999
      vertex 212.097 0 3
      vertex 212.097 0 0.799999
    endloop
  endfacet
  facet normal 0.684269 -0.72923 0
    outer loop
      vertex 212.937 2.1221 0.799999
      vertex 213.221 2.38859 3
      vertex 212.937 2.1221 3
    endloop
  endfacet
  facet normal 0.684269 -0.72923 0
    outer loop
      vertex 213.221 2.38859 3
      vertex 212.937 2.1221 0.799999
      vertex 213.221 2.38859 0.799999
    endloop
  endfacet
  facet normal 0.368089 -0.92979 0
    outer loop
      vertex 213.877 2.80496 0.799999
      vertex 214.239 2.94827 3
      vertex 213.877 2.80496 3
    endloop
  endfacet
  facet normal 0.368089 -0.92979 0
    outer loop
      vertex 214.239 2.94827 3
      vertex 213.877 2.80496 0.799999
      vertex 214.239 2.94827 0.799999
    endloop
  endfacet
  facet normal -0.481899 0.876227 0
    outer loop
      vertex 216.858 -2.61742 0.799999
      vertex 216.517 -2.80496 3
      vertex 216.858 -2.61742 3
    endloop
  endfacet
  facet normal -0.481899 0.876227 0
    outer loop
      vertex 216.517 -2.80496 3
      vertex 216.858 -2.61742 0.799999
      vertex 216.517 -2.80496 0.799999
    endloop
  endfacet
  facet normal -0.904586 0.426292 0
    outer loop
      vertex 217.914 -1.49344 0.799999
      vertex 218.08 -1.14119 3
      vertex 218.08 -1.14119 0.799999
    endloop
  endfacet
  facet normal -0.904586 0.426292 0
    outer loop
      vertex 218.08 -1.14119 3
      vertex 217.914 -1.49344 0.799999
      vertex 217.914 -1.49344 3
    endloop
  endfacet
  facet normal 0.368089 0.92979 -0
    outer loop
      vertex 214.239 -2.94827 0.799999
      vertex 213.877 -2.80496 3
      vertex 214.239 -2.94827 3
    endloop
  endfacet
  facet normal 0.368089 0.92979 0
    outer loop
      vertex 213.877 -2.80496 3
      vertex 214.239 -2.94827 0.799999
      vertex 213.877 -2.80496 0.799999
    endloop
  endfacet
  facet normal 0.125082 0.992146 -0
    outer loop
      vertex 215.003 -3.09388 0.799999
      vertex 214.616 -3.04509 3
      vertex 215.003 -3.09388 3
    endloop
  endfacet
  facet normal 0.125082 0.992146 0
    outer loop
      vertex 214.616 -3.04509 3
      vertex 215.003 -3.09388 0.799999
      vertex 214.616 -3.04509 0.799999
    endloop
  endfacet
  facet normal -0.904586 -0.426292 0
    outer loop
      vertex 207.685 1.14119 0.799999
      vertex 207.519 1.49344 3
      vertex 207.519 1.49344 0.799999
    endloop
  endfacet
  facet normal -0.904586 -0.426292 0
    outer loop
      vertex 207.519 1.49344 3
      vertex 207.685 1.14119 0.799999
      vertex 207.685 1.14119 3
    endloop
  endfacet
  facet normal -0.845017 -0.53474 0
    outer loop
      vertex 207.519 1.49344 0.799999
      vertex 207.311 1.82213 3
      vertex 207.311 1.82213 0.799999
    endloop
  endfacet
  facet normal -0.845017 -0.53474 0
    outer loop
      vertex 207.311 1.82213 3
      vertex 207.519 1.49344 0.799999
      vertex 207.519 1.49344 3
    endloop
  endfacet
  facet normal -0.368089 -0.92979 0
    outer loop
      vertex 205.761 2.94827 0.799999
      vertex 206.123 2.80496 3
      vertex 205.761 2.94827 3
    endloop
  endfacet
  facet normal -0.368089 -0.92979 -0
    outer loop
      vertex 206.123 2.80496 3
      vertex 205.761 2.94827 0.799999
      vertex 206.123 2.80496 0.799999
    endloop
  endfacet
  facet normal 0.368089 -0.92979 0
    outer loop
      vertex 203.483 2.80496 0.799999
      vertex 203.845 2.94827 3
      vertex 203.483 2.80496 3
    endloop
  endfacet
  facet normal 0.368089 -0.92979 0
    outer loop
      vertex 203.845 2.94827 3
      vertex 203.483 2.80496 0.799999
      vertex 203.845 2.94827 0.799999
    endloop
  endfacet
  facet normal 0.904586 -0.426292 0
    outer loop
      vertex 201.92 1.14119 3
      vertex 202.086 1.49344 0.799999
      vertex 202.086 1.49344 3
    endloop
  endfacet
  facet normal 0.904586 -0.426292 0
    outer loop
      vertex 202.086 1.49344 0.799999
      vertex 201.92 1.14119 3
      vertex 201.92 1.14119 0.799999
    endloop
  endfacet
  facet normal -0.982262 0.187511 0
    outer loop
      vertex 207.805 -0.770938 0.799999
      vertex 207.878 -0.388533 3
      vertex 207.878 -0.388533 0.799999
    endloop
  endfacet
  facet normal -0.982262 0.187511 0
    outer loop
      vertex 207.878 -0.388533 3
      vertex 207.805 -0.770938 0.799999
      vertex 207.805 -0.770938 3
    endloop
  endfacet
  facet normal 0 -1 0
    outer loop
      vertex 204.608 3.09388 0.799999
      vertex 204.997 3.09388 3
      vertex 204.608 3.09388 3
    endloop
  endfacet
  facet normal 0 -1 -0
    outer loop
      vertex 204.997 3.09388 3
      vertex 204.608 3.09388 0.799999
      vertex 204.997 3.09388 0.799999
    endloop
  endfacet
  facet normal -0.587733 -0.809055 0
    outer loop
      vertex 206.464 2.61742 0.799999
      vertex 206.779 2.38859 3
      vertex 206.464 2.61742 3
    endloop
  endfacet
  facet normal -0.587733 -0.809055 -0
    outer loop
      vertex 206.779 2.38859 3
      vertex 206.464 2.61742 0.799999
      vertex 206.779 2.38859 0.799999
    endloop
  endfacet
  facet normal 0.982262 -0.187511 0
    outer loop
      vertex 201.727 0.388533 3
      vertex 201.8 0.770938 0.799999
      vertex 201.8 0.770938 3
    endloop
  endfacet
  facet normal 0.982262 -0.187511 0
    outer loop
      vertex 201.8 0.770938 0.799999
      vertex 201.727 0.388533 3
      vertex 201.727 0.388533 0.799999
    endloop
  endfacet
  facet normal 0.770711 -0.637185 0
    outer loop
      vertex 202.295 1.82213 3
      vertex 202.543 2.1221 0.799999
      vertex 202.543 2.1221 3
    endloop
  endfacet
  facet normal 0.770711 -0.637185 0
    outer loop
      vertex 202.543 2.1221 0.799999
      vertex 202.295 1.82213 3
      vertex 202.295 1.82213 0.799999
    endloop
  endfacet
  facet normal 0.481899 -0.876227 0
    outer loop
      vertex 203.142 2.61742 0.799999
      vertex 203.483 2.80496 3
      vertex 203.142 2.61742 3
    endloop
  endfacet
  facet normal 0.481899 -0.876227 0
    outer loop
      vertex 203.483 2.80496 3
      vertex 203.142 2.61742 0.799999
      vertex 203.483 2.80496 0.799999
    endloop
  endfacet
  facet normal 0.248745 -0.968569 0
    outer loop
      vertex 203.845 2.94827 0.799999
      vertex 204.222 3.04509 3
      vertex 203.845 2.94827 3
    endloop
  endfacet
  facet normal 0.248745 -0.968569 0
    outer loop
      vertex 204.222 3.04509 3
      vertex 203.845 2.94827 0.799999
      vertex 204.222 3.04509 0.799999
    endloop
  endfacet
  facet normal -0.997936 0.0642118 0
    outer loop
      vertex 207.878 -0.388533 0.799999
      vertex 207.903 0 3
      vertex 207.903 0 0.799999
    endloop
  endfacet
  facet normal -0.997936 0.0642118 0
    outer loop
      vertex 207.903 0 3
      vertex 207.878 -0.388533 0.799999
      vertex 207.878 -0.388533 3
    endloop
  endfacet
  facet normal -0.951284 0.308315 0
    outer loop
      vertex 207.685 -1.14119 0.799999
      vertex 207.805 -0.770938 3
      vertex 207.805 -0.770938 0.799999
    endloop
  endfacet
  facet normal -0.951284 0.308315 0
    outer loop
      vertex 207.805 -0.770938 3
      vertex 207.685 -1.14119 0.799999
      vertex 207.685 -1.14119 3
    endloop
  endfacet
  facet normal -0.587733 0.809055 0
    outer loop
      vertex 206.779 -2.38859 0.799999
      vertex 206.464 -2.61742 3
      vertex 206.779 -2.38859 3
    endloop
  endfacet
  facet normal -0.587733 0.809055 0
    outer loop
      vertex 206.464 -2.61742 3
      vertex 206.779 -2.38859 0.799999
      vertex 206.464 -2.61742 0.799999
    endloop
  endfacet
  facet normal -0.982262 -0.187511 0
    outer loop
      vertex 207.878 0.388533 0.799999
      vertex 207.805 0.770938 3
      vertex 207.805 0.770938 0.799999
    endloop
  endfacet
  facet normal -0.982262 -0.187511 0
    outer loop
      vertex 207.805 0.770938 3
      vertex 207.878 0.388533 0.799999
      vertex 207.878 0.388533 3
    endloop
  endfacet
  facet normal -0.951284 -0.308315 0
    outer loop
      vertex 207.805 0.770938 0.799999
      vertex 207.685 1.14119 3
      vertex 207.685 1.14119 0.799999
    endloop
  endfacet
  facet normal -0.951284 -0.308315 0
    outer loop
      vertex 207.685 1.14119 3
      vertex 207.805 0.770938 0.799999
      vertex 207.805 0.770938 3
    endloop
  endfacet
  facet normal -0.684269 -0.72923 0
    outer loop
      vertex 206.779 2.38859 0.799999
      vertex 207.063 2.1221 3
      vertex 206.779 2.38859 3
    endloop
  endfacet
  facet normal -0.684269 -0.72923 -0
    outer loop
      vertex 207.063 2.1221 3
      vertex 206.779 2.38859 0.799999
      vertex 207.063 2.1221 0.799999
    endloop
  endfacet
  facet normal -0.248745 -0.968569 0
    outer loop
      vertex 205.384 3.04509 0.799999
      vertex 205.761 2.94827 3
      vertex 205.384 3.04509 3
    endloop
  endfacet
  facet normal -0.248745 -0.968569 -0
    outer loop
      vertex 205.761 2.94827 3
      vertex 205.384 3.04509 0.799999
      vertex 205.761 2.94827 0.799999
    endloop
  endfacet
  facet normal -0.125082 -0.992146 0
    outer loop
      vertex 204.997 3.09388 0.799999
      vertex 205.384 3.04509 3
      vertex 204.997 3.09388 3
    endloop
  endfacet
  facet normal -0.125082 -0.992146 -0
    outer loop
      vertex 205.384 3.04509 3
      vertex 204.997 3.09388 0.799999
      vertex 205.384 3.04509 0.799999
    endloop
  endfacet
  facet normal -0.481899 -0.876227 0
    outer loop
      vertex 206.123 2.80496 0.799999
      vertex 206.464 2.61742 3
      vertex 206.123 2.80496 3
    endloop
  endfacet
  facet normal -0.481899 -0.876227 -0
    outer loop
      vertex 206.464 2.61742 3
      vertex 206.123 2.80496 0.799999
      vertex 206.464 2.61742 0.799999
    endloop
  endfacet
  facet normal 0.998098 -0.0616533 0
    outer loop
      vertex 201.703 0 3
      vertex 201.727 0.388533 0.799999
      vertex 201.727 0.388533 3
    endloop
  endfacet
  facet normal 0.998098 -0.0616533 0
    outer loop
      vertex 201.727 0.388533 0.799999
      vertex 201.703 0 3
      vertex 201.703 0 0.799999
    endloop
  endfacet
  facet normal 0.951284 -0.308315 0
    outer loop
      vertex 201.8 0.770938 3
      vertex 201.92 1.14119 0.799999
      vertex 201.92 1.14119 3
    endloop
  endfacet
  facet normal 0.951284 -0.308315 0
    outer loop
      vertex 201.92 1.14119 0.799999
      vertex 201.8 0.770938 3
      vertex 201.8 0.770938 0.799999
    endloop
  endfacet
  facet normal 0.843855 -0.536571 0
    outer loop
      vertex 202.086 1.49344 3
      vertex 202.295 1.82213 0.799999
      vertex 202.295 1.82213 3
    endloop
  endfacet
  facet normal 0.843855 -0.536571 0
    outer loop
      vertex 202.295 1.82213 0.799999
      vertex 202.086 1.49344 3
      vertex 202.086 1.49344 0.799999
    endloop
  endfacet
  facet normal 0.125401 -0.992106 0
    outer loop
      vertex 204.222 3.04509 0.799999
      vertex 204.608 3.09388 3
      vertex 204.222 3.04509 3
    endloop
  endfacet
  facet normal 0.125401 -0.992106 0
    outer loop
      vertex 204.608 3.09388 3
      vertex 204.222 3.04509 0.799999
      vertex 204.608 3.09388 0.799999
    endloop
  endfacet
  facet normal 0.587733 -0.809055 0
    outer loop
      vertex 202.827 2.38859 0.799999
      vertex 203.142 2.61742 3
      vertex 202.827 2.38859 3
    endloop
  endfacet
  facet normal 0.587733 -0.809055 0
    outer loop
      vertex 203.142 2.61742 3
      vertex 202.827 2.38859 0.799999
      vertex 203.142 2.61742 0.799999
    endloop
  endfacet
  facet normal 0.684269 -0.72923 0
    outer loop
      vertex 202.543 2.1221 0.799999
      vertex 202.827 2.38859 3
      vertex 202.543 2.1221 3
    endloop
  endfacet
  facet normal 0.684269 -0.72923 0
    outer loop
      vertex 202.827 2.38859 3
      vertex 202.543 2.1221 0.799999
      vertex 202.827 2.38859 0.799999
    endloop
  endfacet
  facet normal -0.997936 -0.0642118 0
    outer loop
      vertex 207.903 0 0.799999
      vertex 207.878 0.388533 3
      vertex 207.878 0.388533 0.799999
    endloop
  endfacet
  facet normal -0.997936 -0.0642118 0
    outer loop
      vertex 207.878 0.388533 3
      vertex 207.903 0 0.799999
      vertex 207.903 0 3
    endloop
  endfacet
  facet normal -0.845017 0.53474 0
    outer loop
      vertex 207.311 -1.82213 0.799999
      vertex 207.519 -1.49344 3
      vertex 207.519 -1.49344 0.799999
    endloop
  endfacet
  facet normal -0.845017 0.53474 0
    outer loop
      vertex 207.519 -1.49344 3
      vertex 207.311 -1.82213 0.799999
      vertex 207.311 -1.82213 3
    endloop
  endfacet
  facet normal -0.684269 0.72923 0
    outer loop
      vertex 207.063 -2.1221 0.799999
      vertex 206.779 -2.38859 3
      vertex 207.063 -2.1221 3
    endloop
  endfacet
  facet normal -0.684269 0.72923 0
    outer loop
      vertex 206.779 -2.38859 3
      vertex 207.063 -2.1221 0.799999
      vertex 206.779 -2.38859 0.799999
    endloop
  endfacet
  facet normal -0.770711 -0.637185 0
    outer loop
      vertex 207.311 1.82213 0.799999
      vertex 207.063 2.1221 3
      vertex 207.063 2.1221 0.799999
    endloop
  endfacet
  facet normal -0.770711 -0.637185 0
    outer loop
      vertex 207.063 2.1221 3
      vertex 207.311 1.82213 0.799999
      vertex 207.311 1.82213 3
    endloop
  endfacet
  facet normal 0 0 -1
    outer loop
      vertex 207.878 -0.388533 3
      vertex 207.878 0.388533 3
      vertex 207.903 0 3
    endloop
  endfacet
  facet normal 0 0 -1
    outer loop
      vertex 207.805 -0.770938 3
      vertex 207.878 0.388533 3
      vertex 207.878 -0.388533 3
    endloop
  endfacet
  facet normal 0 0 -1
    outer loop
      vertex 207.805 -0.770938 3
      vertex 207.805 0.770938 3
      vertex 207.878 0.388533 3
    endloop
  endfacet
  facet normal 0 0 -1
    outer loop
      vertex 207.685 -1.14119 3
      vertex 207.805 0.770938 3
      vertex 207.805 -0.770938 3
    endloop
  endfacet
  facet normal 0 0 -1
    outer loop
      vertex 207.685 -1.14119 3
      vertex 207.685 1.14119 3
      vertex 207.805 0.770938 3
    endloop
  endfacet
  facet normal 0 0 -1
    outer loop
      vertex 207.519 -1.49344 3
      vertex 207.685 1.14119 3
      vertex 207.685 -1.14119 3
    endloop
  endfacet
  facet normal 0 0 -1
    outer loop
      vertex 207.519 -1.49344 3
      vertex 207.519 1.49344 3
      vertex 207.685 1.14119 3
    endloop
  endfacet
  facet normal 0 0 -1
    outer loop
      vertex 207.311 -1.82213 3
      vertex 207.519 1.49344 3
      vertex 207.519 -1.49344 3
    endloop
  endfacet
  facet normal 0 0 -1
    outer loop
      vertex 207.311 -1.82213 3
      vertex 207.311 1.82213 3
      vertex 207.519 1.49344 3
    endloop
  endfacet
  facet normal 0 0 -1
    outer loop
      vertex 207.063 -2.1221 3
      vertex 207.311 1.82213 3
      vertex 207.311 -1.82213 3
    endloop
  endfacet
  facet normal 0 0 -1
    outer loop
      vertex 207.063 -2.1221 3
      vertex 207.063 2.1221 3
      vertex 207.311 1.82213 3
    endloop
  endfacet
  facet normal 0 0 -1
    outer loop
      vertex 206.779 -2.38859 3
      vertex 207.063 2.1221 3
      vertex 207.063 -2.1221 3
    endloop
  endfacet
  facet normal 0 0 -1
    outer loop
      vertex 206.779 -2.38859 3
      vertex 206.779 2.38859 3
      vertex 207.063 2.1221 3
    endloop
  endfacet
  facet normal 0 0 -1
    outer loop
      vertex 206.464 -2.61742 3
      vertex 206.779 2.38859 3
      vertex 206.779 -2.38859 3
    endloop
  endfacet
  facet normal 0 0 -1
    outer loop
      vertex 206.464 -2.61742 3
      vertex 206.464 2.61742 3
      vertex 206.779 2.38859 3
    endloop
  endfacet
  facet normal 0 0 -1
    outer loop
      vertex 206.123 -2.80496 3
      vertex 206.464 2.61742 3
      vertex 206.464 -2.61742 3
    endloop
  endfacet
  facet normal 0 0 -1
    outer loop
      vertex 206.123 -2.80496 3
      vertex 206.123 2.80496 3
      vertex 206.464 2.61742 3
    endloop
  endfacet
  facet normal 0 0 -1
    outer loop
      vertex 205.761 -2.94827 3
      vertex 206.123 2.80496 3
      vertex 206.123 -2.80496 3
    endloop
  endfacet
  facet normal 0 0 -1
    outer loop
      vertex 205.761 -2.94827 3
      vertex 205.761 2.94827 3
      vertex 206.123 2.80496 3
    endloop
  endfacet
  facet normal 0 0 -1
    outer loop
      vertex 205.384 -3.04509 3
      vertex 205.761 2.94827 3
      vertex 205.761 -2.94827 3
    endloop
  endfacet
  facet normal 0 0 -1
    outer loop
      vertex 205.384 -3.04509 3
      vertex 205.384 3.04509 3
      vertex 205.761 2.94827 3
    endloop
  endfacet
  facet normal 0 0 -1
    outer loop
      vertex 204.997 -3.09388 3
      vertex 205.384 3.04509 3
      vertex 205.384 -3.04509 3
    endloop
  endfacet
  facet normal 0 0 -1
    outer loop
      vertex 204.997 -3.09388 3
      vertex 204.997 3.09388 3
      vertex 205.384 3.04509 3
    endloop
  endfacet
  facet normal 0 0 -1
    outer loop
      vertex 204.608 -3.09388 3
      vertex 204.997 3.09388 3
      vertex 204.997 -3.09388 3
    endloop
  endfacet
  facet normal 0 0 -1
    outer loop
      vertex 204.608 -3.09388 3
      vertex 204.608 3.09388 3
      vertex 204.997 3.09388 3
    endloop
  endfacet
  facet normal 0 0 -1
    outer loop
      vertex 204.222 -3.04509 3
      vertex 204.608 3.09388 3
      vertex 204.608 -3.09388 3
    endloop
  endfacet
  facet normal 0 0 -1
    outer loop
      vertex 204.222 -3.04509 3
      vertex 204.222 3.04509 3
      vertex 204.608 3.09388 3
    endloop
  endfacet
  facet normal 0 0 -1
    outer loop
      vertex 203.845 -2.94827 3
      vertex 204.222 3.04509 3
      vertex 204.222 -3.04509 3
    endloop
  endfacet
  facet normal 0 0 -1
    outer loop
      vertex 203.845 -2.94827 3
      vertex 203.845 2.94827 3
      vertex 204.222 3.04509 3
    endloop
  endfacet
  facet normal 0 0 -1
    outer loop
      vertex 203.483 -2.80496 3
      vertex 203.845 2.94827 3
      vertex 203.845 -2.94827 3
    endloop
  endfacet
  facet normal 0 0 -1
    outer loop
      vertex 203.483 -2.80496 3
      vertex 203.483 2.80496 3
      vertex 203.845 2.94827 3
    endloop
  endfacet
  facet normal 0 0 -1
    outer loop
      vertex 203.142 -2.61742 3
      vertex 203.483 2.80496 3
      vertex 203.483 -2.80496 3
    endloop
  endfacet
  facet normal 0 0 -1
    outer loop
      vertex 203.142 -2.61742 3
      vertex 203.142 2.61742 3
      vertex 203.483 2.80496 3
    endloop
  endfacet
  facet normal 0 0 -1
    outer loop
      vertex 202.827 -2.38859 3
      vertex 203.142 2.61742 3
      vertex 203.142 -2.61742 3
    endloop
  endfacet
  facet normal 0 0 -1
    outer loop
      vertex 202.827 -2.38859 3
      vertex 202.827 2.38859 3
      vertex 203.142 2.61742 3
    endloop
  endfacet
  facet normal 0 0 -1
    outer loop
      vertex 202.543 -2.1221 3
      vertex 202.827 2.38859 3
      vertex 202.827 -2.38859 3
    endloop
  endfacet
  facet normal 0 0 -1
    outer loop
      vertex 202.543 -2.1221 3
      vertex 202.543 2.1221 3
      vertex 202.827 2.38859 3
    endloop
  endfacet
  facet normal 0 0 -1
    outer loop
      vertex 202.295 -1.82213 3
      vertex 202.543 2.1221 3
      vertex 202.543 -2.1221 3
    endloop
  endfacet
  facet normal 0 0 -1
    outer loop
      vertex 202.295 -1.82213 3
      vertex 202.295 1.82213 3
      vertex 202.543 2.1221 3
    endloop
  endfacet
  facet normal 0 0 -1
    outer loop
      vertex 202.086 -1.49344 3
      vertex 202.295 1.82213 3
      vertex 202.295 -1.82213 3
    endloop
  endfacet
  facet normal 0 0 -1
    outer loop
      vertex 202.086 -1.49344 3
      vertex 202.086 1.49344 3
      vertex 202.295 1.82213 3
    endloop
  endfacet
  facet normal 0 0 -1
    outer loop
      vertex 201.92 -1.14119 3
      vertex 202.086 1.49344 3
      vertex 202.086 -1.49344 3
    endloop
  endfacet
  facet normal 0 0 -1
    outer loop
      vertex 201.92 -1.14119 3
      vertex 201.92 1.14119 3
      vertex 202.086 1.49344 3
    endloop
  endfacet
  facet normal 0 0 -1
    outer loop
      vertex 201.8 -0.770938 3
      vertex 201.92 1.14119 3
      vertex 201.92 -1.14119 3
    endloop
  endfacet
  facet normal 0 0 -1
    outer loop
      vertex 201.8 -0.770938 3
      vertex 201.8 0.770938 3
      vertex 201.92 1.14119 3
    endloop
  endfacet
  facet normal 0 0 -1
    outer loop
      vertex 201.727 -0.388533 3
      vertex 201.8 0.770938 3
      vertex 201.8 -0.770938 3
    endloop
  endfacet
  facet normal 0 0 -1
    outer loop
      vertex 201.727 -0.388533 3
      vertex 201.727 0.388533 3
      vertex 201.8 0.770938 3
    endloop
  endfacet
  facet normal 0 -0 -1
    outer loop
      vertex 201.727 0.388533 3
      vertex 201.727 -0.388533 3
      vertex 201.703 0 3
    endloop
  endfacet
  facet normal -0.904586 0.426292 0
    outer loop
      vertex 207.519 -1.49344 0.799999
      vertex 207.685 -1.14119 3
      vertex 207.685 -1.14119 0.799999
    endloop
  endfacet
  facet normal -0.904586 0.426292 0
    outer loop
      vertex 207.685 -1.14119 3
      vertex 207.519 -1.49344 0.799999
      vertex 207.519 -1.49344 3
    endloop
  endfacet
  facet normal 0 1 -0
    outer loop
      vertex 204.997 -3.09388 0.799999
      vertex 204.608 -3.09388 3
      vertex 204.997 -3.09388 3
    endloop
  endfacet
  facet normal 0 1 0
    outer loop
      vertex 204.608 -3.09388 3
      vertex 204.997 -3.09388 0.799999
      vertex 204.608 -3.09388 0.799999
    endloop
  endfacet
  facet normal 0.998098 0.0616533 0
    outer loop
      vertex 201.727 -0.388533 3
      vertex 201.703 0 0.799999
      vertex 201.703 0 3
    endloop
  endfacet
  facet normal 0.998098 0.0616533 0
    outer loop
      vertex 201.703 0 0.799999
      vertex 201.727 -0.388533 3
      vertex 201.727 -0.388533 0.799999
    endloop
  endfacet
  facet normal 0.982262 0.187511 0
    outer loop
      vertex 201.8 -0.770938 3
      vertex 201.727 -0.388533 0.799999
      vertex 201.727 -0.388533 3
    endloop
  endfacet
  facet normal 0.982262 0.187511 0
    outer loop
      vertex 201.727 -0.388533 0.799999
      vertex 201.8 -0.770938 3
      vertex 201.8 -0.770938 0.799999
    endloop
  endfacet
  facet normal 0.770711 0.637185 0
    outer loop
      vertex 202.543 -2.1221 3
      vertex 202.295 -1.82213 0.799999
      vertex 202.295 -1.82213 3
    endloop
  endfacet
  facet normal 0.770711 0.637185 0
    outer loop
      vertex 202.295 -1.82213 0.799999
      vertex 202.543 -2.1221 3
      vertex 202.543 -2.1221 0.799999
    endloop
  endfacet
  facet normal 0.904586 0.426292 0
    outer loop
      vertex 202.086 -1.49344 3
      vertex 201.92 -1.14119 0.799999
      vertex 201.92 -1.14119 3
    endloop
  endfacet
  facet normal 0.904586 0.426292 0
    outer loop
      vertex 201.92 -1.14119 0.799999
      vertex 202.086 -1.49344 3
      vertex 202.086 -1.49344 0.799999
    endloop
  endfacet
  facet normal -0.125082 0.992146 0
    outer loop
      vertex 205.384 -3.04509 0.799999
      vertex 204.997 -3.09388 3
      vertex 205.384 -3.04509 3
    endloop
  endfacet
  facet normal -0.125082 0.992146 0
    outer loop
      vertex 204.997 -3.09388 3
      vertex 205.384 -3.04509 0.799999
      vertex 204.997 -3.09388 0.799999
    endloop
  endfacet
  facet normal -0.481899 0.876227 0
    outer loop
      vertex 206.464 -2.61742 0.799999
      vertex 206.123 -2.80496 3
      vertex 206.464 -2.61742 3
    endloop
  endfacet
  facet normal -0.481899 0.876227 0
    outer loop
      vertex 206.123 -2.80496 3
      vertex 206.464 -2.61742 0.799999
      vertex 206.123 -2.80496 0.799999
    endloop
  endfacet
  facet normal -0.368089 0.92979 0
    outer loop
      vertex 206.123 -2.80496 0.799999
      vertex 205.761 -2.94827 3
      vertex 206.123 -2.80496 3
    endloop
  endfacet
  facet normal -0.368089 0.92979 0
    outer loop
      vertex 205.761 -2.94827 3
      vertex 206.123 -2.80496 0.799999
      vertex 205.761 -2.94827 0.799999
    endloop
  endfacet
  facet normal 0.587733 0.809055 -0
    outer loop
      vertex 203.142 -2.61742 0.799999
      vertex 202.827 -2.38859 3
      vertex 203.142 -2.61742 3
    endloop
  endfacet
  facet normal 0.587733 0.809055 0
    outer loop
      vertex 202.827 -2.38859 3
      vertex 203.142 -2.61742 0.799999
      vertex 202.827 -2.38859 0.799999
    endloop
  endfacet
  facet normal 0.248745 0.968569 -0
    outer loop
      vertex 204.222 -3.04509 0.799999
      vertex 203.845 -2.94827 3
      vertex 204.222 -3.04509 3
    endloop
  endfacet
  facet normal 0.248745 0.968569 0
    outer loop
      vertex 203.845 -2.94827 3
      vertex 204.222 -3.04509 0.799999
      vertex 203.845 -2.94827 0.799999
    endloop
  endfacet
  facet normal 0 0 1
    outer loop
      vertex 207.878 0.388533 0.799999
      vertex 207.878 -0.388533 0.799999
      vertex 207.903 0 0.799999
    endloop
  endfacet
  facet normal 0 0 1
    outer loop
      vertex 207.805 0.770938 0.799999
      vertex 207.878 -0.388533 0.799999
      vertex 207.878 0.388533 0.799999
    endloop
  endfacet
  facet normal 0 0 1
    outer loop
      vertex 207.805 0.770938 0.799999
      vertex 207.805 -0.770938 0.799999
      vertex 207.878 -0.388533 0.799999
    endloop
  endfacet
  facet normal 0 0 1
    outer loop
      vertex 207.685 1.14119 0.799999
      vertex 207.805 -0.770938 0.799999
      vertex 207.805 0.770938 0.799999
    endloop
  endfacet
  facet normal 0 0 1
    outer loop
      vertex 207.685 1.14119 0.799999
      vertex 207.685 -1.14119 0.799999
      vertex 207.805 -0.770938 0.799999
    endloop
  endfacet
  facet normal 0 0 1
    outer loop
      vertex 207.519 1.49344 0.799999
      vertex 207.685 -1.14119 0.799999
      vertex 207.685 1.14119 0.799999
    endloop
  endfacet
  facet normal 0 0 1
    outer loop
      vertex 207.519 1.49344 0.799999
      vertex 207.519 -1.49344 0.799999
      vertex 207.685 -1.14119 0.799999
    endloop
  endfacet
  facet normal 0 0 1
    outer loop
      vertex 207.311 1.82213 0.799999
      vertex 207.519 -1.49344 0.799999
      vertex 207.519 1.49344 0.799999
    endloop
  endfacet
  facet normal 0 0 1
    outer loop
      vertex 207.311 1.82213 0.799999
      vertex 207.311 -1.82213 0.799999
      vertex 207.519 -1.49344 0.799999
    endloop
  endfacet
  facet normal 0 0 1
    outer loop
      vertex 207.063 2.1221 0.799999
      vertex 207.311 -1.82213 0.799999
      vertex 207.311 1.82213 0.799999
    endloop
  endfacet
  facet normal 0 0 1
    outer loop
      vertex 207.063 2.1221 0.799999
      vertex 207.063 -2.1221 0.799999
      vertex 207.311 -1.82213 0.799999
    endloop
  endfacet
  facet normal 0 0 1
    outer loop
      vertex 206.779 2.38859 0.799999
      vertex 207.063 -2.1221 0.799999
      vertex 207.063 2.1221 0.799999
    endloop
  endfacet
  facet normal 0 0 1
    outer loop
      vertex 206.779 2.38859 0.799999
      vertex 206.779 -2.38859 0.799999
      vertex 207.063 -2.1221 0.799999
    endloop
  endfacet
  facet normal 0 0 1
    outer loop
      vertex 206.464 2.61742 0.799999
      vertex 206.779 -2.38859 0.799999
      vertex 206.779 2.38859 0.799999
    endloop
  endfacet
  facet normal 0 0 1
    outer loop
      vertex 206.464 2.61742 0.799999
      vertex 206.464 -2.61742 0.799999
      vertex 206.779 -2.38859 0.799999
    endloop
  endfacet
  facet normal 0 0 1
    outer loop
      vertex 206.123 2.80496 0.799999
      vertex 206.464 -2.61742 0.799999
      vertex 206.464 2.61742 0.799999
    endloop
  endfacet
  facet normal 0 0 1
    outer loop
      vertex 206.123 2.80496 0.799999
      vertex 206.123 -2.80496 0.799999
      vertex 206.464 -2.61742 0.799999
    endloop
  endfacet
  facet normal 0 0 1
    outer loop
      vertex 205.761 2.94827 0.799999
      vertex 206.123 -2.80496 0.799999
      vertex 206.123 2.80496 0.799999
    endloop
  endfacet
  facet normal 0 0 1
    outer loop
      vertex 205.761 2.94827 0.799999
      vertex 205.761 -2.94827 0.799999
      vertex 206.123 -2.80496 0.799999
    endloop
  endfacet
  facet normal 0 0 1
    outer loop
      vertex 205.384 3.04509 0.799999
      vertex 205.761 -2.94827 0.799999
      vertex 205.761 2.94827 0.799999
    endloop
  endfacet
  facet normal 0 0 1
    outer loop
      vertex 205.384 3.04509 0.799999
      vertex 205.384 -3.04509 0.799999
      vertex 205.761 -2.94827 0.799999
    endloop
  endfacet
  facet normal 0 0 1
    outer loop
      vertex 204.997 3.09388 0.799999
      vertex 205.384 -3.04509 0.799999
      vertex 205.384 3.04509 0.799999
    endloop
  endfacet
  facet normal 0 0 1
    outer loop
      vertex 204.997 3.09388 0.799999
      vertex 204.997 -3.09388 0.799999
      vertex 205.384 -3.04509 0.799999
    endloop
  endfacet
  facet normal -0 0 1
    outer loop
      vertex 204.608 3.09388 0.799999
      vertex 204.997 -3.09388 0.799999
      vertex 204.997 3.09388 0.799999
    endloop
  endfacet
  facet normal 0 0 1
    outer loop
      vertex 204.608 3.09388 0.799999
      vertex 204.608 -3.09388 0.799999
      vertex 204.997 -3.09388 0.799999
    endloop
  endfacet
  facet normal -0 0 1
    outer loop
      vertex 204.222 3.04509 0.799999
      vertex 204.608 -3.09388 0.799999
      vertex 204.608 3.09388 0.799999
    endloop
  endfacet
  facet normal 0 0 1
    outer loop
      vertex 204.222 3.04509 0.799999
      vertex 204.222 -3.04509 0.799999
      vertex 204.608 -3.09388 0.799999
    endloop
  endfacet
  facet normal -0 0 1
    outer loop
      vertex 203.845 2.94827 0.799999
      vertex 204.222 -3.04509 0.799999
      vertex 204.222 3.04509 0.799999
    endloop
  endfacet
  facet normal 0 0 1
    outer loop
      vertex 203.845 2.94827 0.799999
      vertex 203.845 -2.94827 0.799999
      vertex 204.222 -3.04509 0.799999
    endloop
  endfacet
  facet normal -0 0 1
    outer loop
      vertex 203.483 2.80496 0.799999
      vertex 203.845 -2.94827 0.799999
      vertex 203.845 2.94827 0.799999
    endloop
  endfacet
  facet normal 0 0 1
    outer loop
      vertex 203.483 2.80496 0.799999
      vertex 203.483 -2.80496 0.799999
      vertex 203.845 -2.94827 0.799999
    endloop
  endfacet
  facet normal -0 0 1
    outer loop
      vertex 203.142 2.61742 0.799999
      vertex 203.483 -2.80496 0.799999
      vertex 203.483 2.80496 0.799999
    endloop
  endfacet
  facet normal 0 0 1
    outer loop
      vertex 203.142 2.61742 0.799999
      vertex 203.142 -2.61742 0.799999
      vertex 203.483 -2.80496 0.799999
    endloop
  endfacet
  facet normal -0 0 1
    outer loop
      vertex 202.827 2.38859 0.799999
      vertex 203.142 -2.61742 0.799999
      vertex 203.142 2.61742 0.799999
    endloop
  endfacet
  facet normal 0 0 1
    outer loop
      vertex 202.827 2.38859 0.799999
      vertex 202.827 -2.38859 0.799999
      vertex 203.142 -2.61742 0.799999
    endloop
  endfacet
  facet normal -0 0 1
    outer loop
      vertex 202.543 2.1221 0.799999
      vertex 202.827 -2.38859 0.799999
      vertex 202.827 2.38859 0.799999
    endloop
  endfacet
  facet normal 0 0 1
    outer loop
      vertex 202.543 2.1221 0.799999
      vertex 202.543 -2.1221 0.799999
      vertex 202.827 -2.38859 0.799999
    endloop
  endfacet
  facet normal -0 0 1
    outer loop
      vertex 202.295 1.82213 0.799999
      vertex 202.543 -2.1221 0.799999
      vertex 202.543 2.1221 0.799999
    endloop
  endfacet
  facet normal 0 0 1
    outer loop
      vertex 202.295 1.82213 0.799999
      vertex 202.295 -1.82213 0.799999
      vertex 202.543 -2.1221 0.799999
    endloop
  endfacet
  facet normal -0 0 1
    outer loop
      vertex 202.086 1.49344 0.799999
      vertex 202.295 -1.82213 0.799999
      vertex 202.295 1.82213 0.799999
    endloop
  endfacet
  facet normal 0 0 1
    outer loop
      vertex 202.086 1.49344 0.799999
      vertex 202.086 -1.49344 0.799999
      vertex 202.295 -1.82213 0.799999
    endloop
  endfacet
  facet normal -0 0 1
    outer loop
      vertex 201.92 1.14119 0.799999
      vertex 202.086 -1.49344 0.799999
      vertex 202.086 1.49344 0.799999
    endloop
  endfacet
  facet normal 0 0 1
    outer loop
      vertex 201.92 1.14119 0.799999
      vertex 201.92 -1.14119 0.799999
      vertex 202.086 -1.49344 0.799999
    endloop
  endfacet
  facet normal -0 0 1
    outer loop
      vertex 201.8 0.770938 0.799999
      vertex 201.92 -1.14119 0.799999
      vertex 201.92 1.14119 0.799999
    endloop
  endfacet
  facet normal 0 0 1
    outer loop
      vertex 201.8 0.770938 0.799999
      vertex 201.8 -0.770938 0.799999
      vertex 201.92 -1.14119 0.799999
    endloop
  endfacet
  facet normal -0 0 1
    outer loop
      vertex 201.727 0.388533 0.799999
      vertex 201.8 -0.770938 0.799999
      vertex 201.8 0.770938 0.799999
    endloop
  endfacet
  facet normal 0 0 1
    outer loop
      vertex 201.727 0.388533 0.799999
      vertex 201.727 -0.388533 0.799999
      vertex 201.8 -0.770938 0.799999
    endloop
  endfacet
  facet normal 0 -0 1
    outer loop
      vertex 201.727 -0.388533 0.799999
      vertex 201.727 0.388533 0.799999
      vertex 201.703 0 0.799999
    endloop
  endfacet
  facet normal 0.843855 0.536571 0
    outer loop
      vertex 202.295 -1.82213 3
      vertex 202.086 -1.49344 0.799999
      vertex 202.086 -1.49344 3
    endloop
  endfacet
  facet normal 0.843855 0.536571 0
    outer loop
      vertex 202.086 -1.49344 0.799999
      vertex 202.295 -1.82213 3
      vertex 202.295 -1.82213 0.799999
    endloop
  endfacet
  facet normal -0.248745 0.968569 0
    outer loop
      vertex 205.761 -2.94827 0.799999
      vertex 205.384 -3.04509 3
      vertex 205.761 -2.94827 3
    endloop
  endfacet
  facet normal -0.248745 0.968569 0
    outer loop
      vertex 205.384 -3.04509 3
      vertex 205.761 -2.94827 0.799999
      vertex 205.384 -3.04509 0.799999
    endloop
  endfacet
  facet normal -0.770711 0.637185 0
    outer loop
      vertex 207.063 -2.1221 0.799999
      vertex 207.311 -1.82213 3
      vertex 207.311 -1.82213 0.799999
    endloop
  endfacet
  facet normal -0.770711 0.637185 0
    outer loop
      vertex 207.311 -1.82213 3
      vertex 207.063 -2.1221 0.799999
      vertex 207.063 -2.1221 3
    endloop
  endfacet
  facet normal 0.481899 0.876227 -0
    outer loop
      vertex 203.483 -2.80496 0.799999
      vertex 203.142 -2.61742 3
      vertex 203.483 -2.80496 3
    endloop
  endfacet
  facet normal 0.481899 0.876227 0
    outer loop
      vertex 203.142 -2.61742 3
      vertex 203.483 -2.80496 0.799999
      vertex 203.142 -2.61742 0.799999
    endloop
  endfacet
  facet normal 0.125401 0.992106 -0
    outer loop
      vertex 204.608 -3.09388 0.799999
      vertex 204.222 -3.04509 3
      vertex 204.608 -3.09388 3
    endloop
  endfacet
  facet normal 0.125401 0.992106 0
    outer loop
      vertex 204.222 -3.04509 3
      vertex 204.608 -3.09388 0.799999
      vertex 204.222 -3.04509 0.799999
    endloop
  endfacet
  facet normal 0.951284 0.308315 0
    outer loop
      vertex 201.92 -1.14119 3
      vertex 201.8 -0.770938 0.799999
      vertex 201.8 -0.770938 3
    endloop
  endfacet
  facet normal 0.951284 0.308315 0
    outer loop
      vertex 201.8 -0.770938 0.799999
      vertex 201.92 -1.14119 3
      vertex 201.92 -1.14119 0.799999
    endloop
  endfacet
  facet normal 0.684269 0.72923 -0
    outer loop
      vertex 202.827 -2.38859 0.799999
      vertex 202.543 -2.1221 3
      vertex 202.827 -2.38859 3
    endloop
  endfacet
  facet normal 0.684269 0.72923 0
    outer loop
      vertex 202.543 -2.1221 3
      vertex 202.827 -2.38859 0.799999
      vertex 202.543 -2.1221 0.799999
    endloop
  endfacet
  facet normal 0.368089 0.92979 -0
    outer loop
      vertex 203.845 -2.94827 0.799999
      vertex 203.483 -2.80496 3
      vertex 203.845 -2.94827 3
    endloop
  endfacet
  facet normal 0.368089 0.92979 0
    outer loop
      vertex 203.483 -2.80496 3
      vertex 203.845 -2.94827 0.799999
      vertex 203.483 -2.80496 0.799999
    endloop
  endfacet
  facet normal -0.998098 -0.0616522 0
    outer loop
      vertex 213.1 5.19723 0.799999
      vertex 213.076 5.58577 3
      vertex 213.076 5.58577 0.799999
    endloop
  endfacet
  facet normal -0.998098 -0.0616522 0
    outer loop
      vertex 213.076 5.58577 3
      vertex 213.1 5.19723 0.799999
      vertex 213.1 5.19723 3
    endloop
  endfacet
  facet normal 0.998098 -0.0616522 0
    outer loop
      vertex 206.9 5.19723 3
      vertex 206.924 5.58577 0.799999
      vertex 206.924 5.58577 3
    endloop
  endfacet
  facet normal 0.998098 -0.0616522 0
    outer loop
      vertex 206.924 5.58577 0.799999
      vertex 206.9 5.19723 3
      vertex 206.9 5.19723 0.799999
    endloop
  endfacet
  facet normal 0 -1 0
    outer loop
      vertex 209.805 8.29112 0.799999
      vertex 210.195 8.29112 3
      vertex 209.805 8.29112 3
    endloop
  endfacet
  facet normal 0 -1 -0
    outer loop
      vertex 210.195 8.29112 3
      vertex 209.805 8.29112 0.799999
      vertex 210.195 8.29112 0.799999
    endloop
  endfacet
  facet normal 0 1 -0
    outer loop
      vertex 210.195 2.10335 0.799999
      vertex 209.805 2.10335 3
      vertex 210.195 2.10335 3
    endloop
  endfacet
  facet normal 0 1 0
    outer loop
      vertex 209.805 2.10335 3
      vertex 210.195 2.10335 0.799999
      vertex 209.805 2.10335 0.799999
    endloop
  endfacet
  facet normal -0.770701 0.637197 0
    outer loop
      vertex 212.26 3.07514 0.799999
      vertex 212.508 3.3751 3
      vertex 212.508 3.3751 0.799999
    endloop
  endfacet
  facet normal -0.770701 0.637197 0
    outer loop
      vertex 212.508 3.3751 3
      vertex 212.26 3.07514 0.799999
      vertex 212.26 3.07514 3
    endloop
  endfacet
  facet normal -0.684269 -0.72923 0
    outer loop
      vertex 211.976 7.58582 0.799999
      vertex 212.26 7.31933 3
      vertex 211.976 7.58582 3
    endloop
  endfacet
  facet normal -0.684269 -0.72923 -0
    outer loop
      vertex 212.26 7.31933 3
      vertex 211.976 7.58582 0.799999
      vertex 212.26 7.31933 0.799999
    endloop
  endfacet
  facet normal 0.684269 -0.72923 0
    outer loop
      vertex 207.74 7.31933 0.799999
      vertex 208.024 7.58582 3
      vertex 207.74 7.31933 3
    endloop
  endfacet
  facet normal 0.684269 -0.72923 0
    outer loop
      vertex 208.024 7.58582 3
      vertex 207.74 7.31933 0.799999
      vertex 208.024 7.58582 0.799999
    endloop
  endfacet
  facet normal 0.368089 -0.92979 0
    outer loop
      vertex 208.68 8.0022 0.799999
      vertex 209.042 8.14551 3
      vertex 208.68 8.0022 3
    endloop
  endfacet
  facet normal 0.368089 -0.92979 0
    outer loop
      vertex 209.042 8.14551 3
      vertex 208.68 8.0022 0.799999
      vertex 209.042 8.14551 0.799999
    endloop
  endfacet
  facet normal -0.905575 -0.424187 0
    outer loop
      vertex 212.882 6.33842 0.799999
      vertex 212.717 6.69067 3
      vertex 212.717 6.69067 0.799999
    endloop
  endfacet
  facet normal -0.905575 -0.424187 0
    outer loop
      vertex 212.717 6.69067 3
      vertex 212.882 6.33842 0.799999
      vertex 212.882 6.33842 3
    endloop
  endfacet
  facet normal -0.368089 -0.92979 0
    outer loop
      vertex 210.958 8.14551 0.799999
      vertex 211.32 8.0022 3
      vertex 210.958 8.14551 3
    endloop
  endfacet
  facet normal -0.368089 -0.92979 -0
    outer loop
      vertex 211.32 8.0022 3
      vertex 210.958 8.14551 0.799999
      vertex 211.32 8.0022 0.799999
    endloop
  endfacet
  facet normal -0.481919 -0.876216 0
    outer loop
      vertex 211.32 8.0022 0.799999
      vertex 211.661 7.81465 3
      vertex 211.32 8.0022 3
    endloop
  endfacet
  facet normal -0.481919 -0.876216 -0
    outer loop
      vertex 211.661 7.81465 3
      vertex 211.32 8.0022 0.799999
      vertex 211.661 7.81465 0.799999
    endloop
  endfacet
  facet normal 0.905575 -0.424187 0
    outer loop
      vertex 207.118 6.33842 3
      vertex 207.283 6.69067 0.799999
      vertex 207.283 6.69067 3
    endloop
  endfacet
  facet normal 0.905575 -0.424187 0
    outer loop
      vertex 207.283 6.69067 0.799999
      vertex 207.118 6.33842 3
      vertex 207.118 6.33842 0.799999
    endloop
  endfacet
  facet normal 0 0 -1
    outer loop
      vertex 213.076 4.8087 3
      vertex 213.076 5.58577 3
      vertex 213.1 5.19723 3
    endloop
  endfacet
  facet normal 0 0 -1
    outer loop
      vertex 213.003 4.4263 3
      vertex 213.076 5.58577 3
      vertex 213.076 4.8087 3
    endloop
  endfacet
  facet normal 0 0 -1
    outer loop
      vertex 213.003 4.4263 3
      vertex 213.003 5.96817 3
      vertex 213.076 5.58577 3
    endloop
  endfacet
  facet normal 0 0 -1
    outer loop
      vertex 212.882 4.05605 3
      vertex 213.003 5.96817 3
      vertex 213.003 4.4263 3
    endloop
  endfacet
  facet normal 0 0 -1
    outer loop
      vertex 212.882 4.05605 3
      vertex 212.882 6.33842 3
      vertex 213.003 5.96817 3
    endloop
  endfacet
  facet normal 0 0 -1
    outer loop
      vertex 212.717 3.7038 3
      vertex 212.882 6.33842 3
      vertex 212.882 4.05605 3
    endloop
  endfacet
  facet normal 0 0 -1
    outer loop
      vertex 212.717 3.7038 3
      vertex 212.717 6.69067 3
      vertex 212.882 6.33842 3
    endloop
  endfacet
  facet normal 0 0 -1
    outer loop
      vertex 212.508 3.3751 3
      vertex 212.717 6.69067 3
      vertex 212.717 3.7038 3
    endloop
  endfacet
  facet normal 0 0 -1
    outer loop
      vertex 212.508 3.3751 3
      vertex 212.508 7.01937 3
      vertex 212.717 6.69067 3
    endloop
  endfacet
  facet normal 0 0 -1
    outer loop
      vertex 212.26 3.07514 3
      vertex 212.508 7.01937 3
      vertex 212.508 3.3751 3
    endloop
  endfacet
  facet normal 0 0 -1
    outer loop
      vertex 212.26 3.07514 3
      vertex 212.26 7.31933 3
      vertex 212.508 7.01937 3
    endloop
  endfacet
  facet normal 0 0 -1
    outer loop
      vertex 211.976 2.80864 3
      vertex 212.26 7.31933 3
      vertex 212.26 3.07514 3
    endloop
  endfacet
  facet normal 0 0 -1
    outer loop
      vertex 211.976 2.80864 3
      vertex 211.976 7.58582 3
      vertex 212.26 7.31933 3
    endloop
  endfacet
  facet normal 0 0 -1
    outer loop
      vertex 211.661 2.57982 3
      vertex 211.976 7.58582 3
      vertex 211.976 2.80864 3
    endloop
  endfacet
  facet normal 0 0 -1
    outer loop
      vertex 211.661 2.57982 3
      vertex 211.661 7.81465 3
      vertex 211.976 7.58582 3
    endloop
  endfacet
  facet normal 0 0 -1
    outer loop
      vertex 211.32 2.39227 3
      vertex 211.661 7.81465 3
      vertex 211.661 2.57982 3
    endloop
  endfacet
  facet normal 0 0 -1
    outer loop
      vertex 211.32 2.39227 3
      vertex 211.32 8.0022 3
      vertex 211.661 7.81465 3
    endloop
  endfacet
  facet normal 0 0 -1
    outer loop
      vertex 210.958 2.24896 3
      vertex 211.32 8.0022 3
      vertex 211.32 2.39227 3
    endloop
  endfacet
  facet normal 0 0 -1
    outer loop
      vertex 210.958 2.24896 3
      vertex 210.958 8.14551 3
      vertex 211.32 8.0022 3
    endloop
  endfacet
  facet normal 0 0 -1
    outer loop
      vertex 210.581 2.15214 3
      vertex 210.958 8.14551 3
      vertex 210.958 2.24896 3
    endloop
  endfacet
  facet normal 0 0 -1
    outer loop
      vertex 210.581 2.15214 3
      vertex 210.581 8.24232 3
      vertex 210.958 8.14551 3
    endloop
  endfacet
  facet normal 0 0 -1
    outer loop
      vertex 210.195 2.10335 3
      vertex 210.581 8.24232 3
      vertex 210.581 2.15214 3
    endloop
  endfacet
  facet normal 0 0 -1
    outer loop
      vertex 210.195 2.10335 3
      vertex 210.195 8.29112 3
      vertex 210.581 8.24232 3
    endloop
  endfacet
  facet normal 0 0 -1
    outer loop
      vertex 209.805 2.10335 3
      vertex 210.195 8.29112 3
      vertex 210.195 2.10335 3
    endloop
  endfacet
  facet normal 0 0 -1
    outer loop
      vertex 209.805 2.10335 3
      vertex 209.805 8.29112 3
      vertex 210.195 8.29112 3
    endloop
  endfacet
  facet normal 0 0 -1
    outer loop
      vertex 209.419 2.15214 3
      vertex 209.805 8.29112 3
      vertex 209.805 2.10335 3
    endloop
  endfacet
  facet normal 0 0 -1
    outer loop
      vertex 209.419 2.15214 3
      vertex 209.419 8.24232 3
      vertex 209.805 8.29112 3
    endloop
  endfacet
  facet normal 0 0 -1
    outer loop
      vertex 209.042 2.24896 3
      vertex 209.419 8.24232 3
      vertex 209.419 2.15214 3
    endloop
  endfacet
  facet normal 0 0 -1
    outer loop
      vertex 209.042 2.24896 3
      vertex 209.042 8.14551 3
      vertex 209.419 8.24232 3
    endloop
  endfacet
  facet normal 0 0 -1
    outer loop
      vertex 208.68 2.39227 3
      vertex 209.042 8.14551 3
      vertex 209.042 2.24896 3
    endloop
  endfacet
  facet normal 0 0 -1
    outer loop
      vertex 208.68 2.39227 3
      vertex 208.68 8.0022 3
      vertex 209.042 8.14551 3
    endloop
  endfacet
  facet normal 0 0 -1
    outer loop
      vertex 208.339 2.57982 3
      vertex 208.68 8.0022 3
      vertex 208.68 2.39227 3
    endloop
  endfacet
  facet normal 0 0 -1
    outer loop
      vertex 208.339 2.57982 3
      vertex 208.339 7.81465 3
      vertex 208.68 8.0022 3
    endloop
  endfacet
  facet normal 0 0 -1
    outer loop
      vertex 208.024 2.80864 3
      vertex 208.339 7.81465 3
      vertex 208.339 2.57982 3
    endloop
  endfacet
  facet normal 0 0 -1
    outer loop
      vertex 208.024 2.80864 3
      vertex 208.024 7.58582 3
      vertex 208.339 7.81465 3
    endloop
  endfacet
  facet normal 0 0 -1
    outer loop
      vertex 207.74 3.07514 3
      vertex 208.024 7.58582 3
      vertex 208.024 2.80864 3
    endloop
  endfacet
  facet normal 0 0 -1
    outer loop
      vertex 207.74 3.07514 3
      vertex 207.74 7.31933 3
      vertex 208.024 7.58582 3
    endloop
  endfacet
  facet normal 0 0 -1
    outer loop
      vertex 207.492 3.3751 3
      vertex 207.74 7.31933 3
      vertex 207.74 3.07514 3
    endloop
  endfacet
  facet normal 0 0 -1
    outer loop
      vertex 207.492 3.3751 3
      vertex 207.492 7.01937 3
      vertex 207.74 7.31933 3
    endloop
  endfacet
  facet normal 0 0 -1
    outer loop
      vertex 207.283 3.7038 3
      vertex 207.492 7.01937 3
      vertex 207.492 3.3751 3
    endloop
  endfacet
  facet normal 0 0 -1
    outer loop
      vertex 207.283 3.7038 3
      vertex 207.283 6.69067 3
      vertex 207.492 7.01937 3
    endloop
  endfacet
  facet normal 0 0 -1
    outer loop
      vertex 207.118 4.05605 3
      vertex 207.283 6.69067 3
      vertex 207.283 3.7038 3
    endloop
  endfacet
  facet normal 0 0 -1
    outer loop
      vertex 207.118 4.05605 3
      vertex 207.118 6.33842 3
      vertex 207.283 6.69067 3
    endloop
  endfacet
  facet normal 0 0 -1
    outer loop
      vertex 206.997 4.4263 3
      vertex 207.118 6.33842 3
      vertex 207.118 4.05605 3
    endloop
  endfacet
  facet normal 0 0 -1
    outer loop
      vertex 206.997 4.4263 3
      vertex 206.997 5.96817 3
      vertex 207.118 6.33842 3
    endloop
  endfacet
  facet normal 0 0 -1
    outer loop
      vertex 206.924 4.8087 3
      vertex 206.997 5.96817 3
      vertex 206.997 4.4263 3
    endloop
  endfacet
  facet normal 0 0 -1
    outer loop
      vertex 206.924 4.8087 3
      vertex 206.924 5.58577 3
      vertex 206.997 5.96817 3
    endloop
  endfacet
  facet normal 0 -0 -1
    outer loop
      vertex 206.924 5.58577 3
      vertex 206.924 4.8087 3
      vertex 206.9 5.19723 3
    endloop
  endfacet
  facet normal 0.248721 -0.968575 0
    outer loop
      vertex 209.042 8.14551 0.799999
      vertex 209.419 8.24232 3
      vertex 209.042 8.14551 3
    endloop
  endfacet
  facet normal 0.248721 -0.968575 0
    outer loop
      vertex 209.419 8.24232 3
      vertex 209.042 8.14551 0.799999
      vertex 209.419 8.24232 0.799999
    endloop
  endfacet
  facet normal -0.125401 0.992106 0
    outer loop
      vertex 210.581 2.15214 0.799999
      vertex 210.195 2.10335 3
      vertex 210.581 2.15214 3
    endloop
  endfacet
  facet normal -0.125401 0.992106 0
    outer loop
      vertex 210.195 2.10335 3
      vertex 210.581 2.15214 0.799999
      vertex 210.195 2.10335 0.799999
    endloop
  endfacet
  facet normal -0.950528 -0.310638 0
    outer loop
      vertex 213.003 5.96817 0.799999
      vertex 212.882 6.33842 3
      vertex 212.882 6.33842 0.799999
    endloop
  endfacet
  facet normal -0.950528 -0.310638 0
    outer loop
      vertex 212.882 6.33842 3
      vertex 213.003 5.96817 0.799999
      vertex 213.003 5.96817 3
    endloop
  endfacet
  facet normal -0.982262 -0.187513 0
    outer loop
      vertex 213.076 5.58577 0.799999
      vertex 213.003 5.96817 3
      vertex 213.003 5.96817 0.799999
    endloop
  endfacet
  facet normal -0.982262 -0.187513 0
    outer loop
      vertex 213.003 5.96817 3
      vertex 213.076 5.58577 0.799999
      vertex 213.076 5.58577 3
    endloop
  endfacet
  facet normal -0.770701 -0.637197 0
    outer loop
      vertex 212.508 7.01937 0.799999
      vertex 212.26 7.31933 3
      vertex 212.26 7.31933 0.799999
    endloop
  endfacet
  facet normal -0.770701 -0.637197 0
    outer loop
      vertex 212.26 7.31933 3
      vertex 212.508 7.01937 0.799999
      vertex 212.508 7.01937 3
    endloop
  endfacet
  facet normal -0.843862 -0.53656 0
    outer loop
      vertex 212.717 6.69067 0.799999
      vertex 212.508 7.01937 3
      vertex 212.508 7.01937 0.799999
    endloop
  endfacet
  facet normal -0.843862 -0.53656 0
    outer loop
      vertex 212.508 7.01937 3
      vertex 212.717 6.69067 0.799999
      vertex 212.717 6.69067 3
    endloop
  endfacet
  facet normal -0.248721 -0.968575 0
    outer loop
      vertex 210.581 8.24232 0.799999
      vertex 210.958 8.14551 3
      vertex 210.581 8.24232 3
    endloop
  endfacet
  facet normal -0.248721 -0.968575 -0
    outer loop
      vertex 210.958 8.14551 3
      vertex 210.581 8.24232 0.799999
      vertex 210.958 8.14551 0.799999
    endloop
  endfacet
  facet normal -0.125426 -0.992103 0
    outer loop
      vertex 210.195 8.29112 0.799999
      vertex 210.581 8.24232 3
      vertex 210.195 8.29112 3
    endloop
  endfacet
  facet normal -0.125426 -0.992103 -0
    outer loop
      vertex 210.581 8.24232 3
      vertex 210.195 8.29112 0.799999
      vertex 210.581 8.24232 0.799999
    endloop
  endfacet
  facet normal -0.587733 -0.809055 0
    outer loop
      vertex 211.661 7.81465 0.799999
      vertex 211.976 7.58582 3
      vertex 211.661 7.81465 3
    endloop
  endfacet
  facet normal -0.587733 -0.809055 -0
    outer loop
      vertex 211.976 7.58582 3
      vertex 211.661 7.81465 0.799999
      vertex 211.976 7.58582 0.799999
    endloop
  endfacet
  facet normal 0.843862 -0.53656 0
    outer loop
      vertex 207.283 6.69067 3
      vertex 207.492 7.01937 0.799999
      vertex 207.492 7.01937 3
    endloop
  endfacet
  facet normal 0.843862 -0.53656 0
    outer loop
      vertex 207.492 7.01937 0.799999
      vertex 207.283 6.69067 3
      vertex 207.283 6.69067 0.799999
    endloop
  endfacet
  facet normal 0.770701 -0.637197 0
    outer loop
      vertex 207.492 7.01937 3
      vertex 207.74 7.31933 0.799999
      vertex 207.74 7.31933 3
    endloop
  endfacet
  facet normal 0.770701 -0.637197 0
    outer loop
      vertex 207.74 7.31933 0.799999
      vertex 207.492 7.01937 3
      vertex 207.492 7.01937 0.799999
    endloop
  endfacet
  facet normal 0.950528 -0.310638 0
    outer loop
      vertex 206.997 5.96817 3
      vertex 207.118 6.33842 0.799999
      vertex 207.118 6.33842 3
    endloop
  endfacet
  facet normal 0.950528 -0.310638 0
    outer loop
      vertex 207.118 6.33842 0.799999
      vertex 206.997 5.96817 3
      vertex 206.997 5.96817 0.799999
    endloop
  endfacet
  facet normal 0.982262 -0.187513 0
    outer loop
      vertex 206.924 5.58577 3
      vertex 206.997 5.96817 0.799999
      vertex 206.997 5.96817 3
    endloop
  endfacet
  facet normal 0.982262 -0.187513 0
    outer loop
      vertex 206.997 5.96817 0.799999
      vertex 206.924 5.58577 3
      vertex 206.924 5.58577 0.799999
    endloop
  endfacet
  facet normal 0.481919 -0.876216 0
    outer loop
      vertex 208.339 7.81465 0.799999
      vertex 208.68 8.0022 3
      vertex 208.339 7.81465 3
    endloop
  endfacet
  facet normal 0.481919 -0.876216 0
    outer loop
      vertex 208.68 8.0022 3
      vertex 208.339 7.81465 0.799999
      vertex 208.68 8.0022 0.799999
    endloop
  endfacet
  facet normal 0.587733 -0.809055 0
    outer loop
      vertex 208.024 7.58582 0.799999
      vertex 208.339 7.81465 3
      vertex 208.024 7.58582 3
    endloop
  endfacet
  facet normal 0.587733 -0.809055 0
    outer loop
      vertex 208.339 7.81465 3
      vertex 208.024 7.58582 0.799999
      vertex 208.339 7.81465 0.799999
    endloop
  endfacet
  facet normal 0.125426 -0.992103 0
    outer loop
      vertex 209.419 8.24232 0.799999
      vertex 209.805 8.29112 3
      vertex 209.419 8.24232 3
    endloop
  endfacet
  facet normal 0.125426 -0.992103 0
    outer loop
      vertex 209.805 8.29112 3
      vertex 209.419 8.24232 0.799999
      vertex 209.805 8.29112 0.799999
    endloop
  endfacet
  facet normal -0.998098 0.0616538 0
    outer loop
      vertex 213.076 4.8087 0.799999
      vertex 213.1 5.19723 3
      vertex 213.1 5.19723 0.799999
    endloop
  endfacet
  facet normal -0.998098 0.0616538 0
    outer loop
      vertex 213.1 5.19723 3
      vertex 213.076 4.8087 0.799999
      vertex 213.076 4.8087 3
    endloop
  endfacet
  facet normal 0.905575 0.424187 0
    outer loop
      vertex 207.283 3.7038 3
      vertex 207.118 4.05605 0.799999
      vertex 207.118 4.05605 3
    endloop
  endfacet
  facet normal 0.905575 0.424187 0
    outer loop
      vertex 207.118 4.05605 0.799999
      vertex 207.283 3.7038 3
      vertex 207.283 3.7038 0.799999
    endloop
  endfacet
  facet normal 0 0 1
    outer loop
      vertex 213.076 5.58577 0.799999
      vertex 213.076 4.8087 0.799999
      vertex 213.1 5.19723 0.799999
    endloop
  endfacet
  facet normal 0 0 1
    outer loop
      vertex 213.003 5.96817 0.799999
      vertex 213.076 4.8087 0.799999
      vertex 213.076 5.58577 0.799999
    endloop
  endfacet
  facet normal 0 0 1
    outer loop
      vertex 213.003 5.96817 0.799999
      vertex 213.003 4.4263 0.799999
      vertex 213.076 4.8087 0.799999
    endloop
  endfacet
  facet normal 0 0 1
    outer loop
      vertex 212.882 6.33842 0.799999
      vertex 213.003 4.4263 0.799999
      vertex 213.003 5.96817 0.799999
    endloop
  endfacet
  facet normal 0 0 1
    outer loop
      vertex 212.882 6.33842 0.799999
      vertex 212.882 4.05605 0.799999
      vertex 213.003 4.4263 0.799999
    endloop
  endfacet
  facet normal 0 0 1
    outer loop
      vertex 212.717 6.69067 0.799999
      vertex 212.882 4.05605 0.799999
      vertex 212.882 6.33842 0.799999
    endloop
  endfacet
  facet normal 0 0 1
    outer loop
      vertex 212.717 6.69067 0.799999
      vertex 212.717 3.7038 0.799999
      vertex 212.882 4.05605 0.799999
    endloop
  endfacet
  facet normal 0 0 1
    outer loop
      vertex 212.508 7.01937 0.799999
      vertex 212.717 3.7038 0.799999
      vertex 212.717 6.69067 0.799999
    endloop
  endfacet
  facet normal 0 0 1
    outer loop
      vertex 212.508 7.01937 0.799999
      vertex 212.508 3.3751 0.799999
      vertex 212.717 3.7038 0.799999
    endloop
  endfacet
  facet normal 0 0 1
    outer loop
      vertex 212.26 7.31933 0.799999
      vertex 212.508 3.3751 0.799999
      vertex 212.508 7.01937 0.799999
    endloop
  endfacet
  facet normal 0 0 1
    outer loop
      vertex 212.26 7.31933 0.799999
      vertex 212.26 3.07514 0.799999
      vertex 212.508 3.3751 0.799999
    endloop
  endfacet
  facet normal 0 0 1
    outer loop
      vertex 211.976 7.58582 0.799999
      vertex 212.26 3.07514 0.799999
      vertex 212.26 7.31933 0.799999
    endloop
  endfacet
  facet normal 0 0 1
    outer loop
      vertex 211.976 7.58582 0.799999
      vertex 211.976 2.80864 0.799999
      vertex 212.26 3.07514 0.799999
    endloop
  endfacet
  facet normal 0 0 1
    outer loop
      vertex 211.661 7.81465 0.799999
      vertex 211.976 2.80864 0.799999
      vertex 211.976 7.58582 0.799999
    endloop
  endfacet
  facet normal 0 0 1
    outer loop
      vertex 211.661 7.81465 0.799999
      vertex 211.661 2.57982 0.799999
      vertex 211.976 2.80864 0.799999
    endloop
  endfacet
  facet normal 0 0 1
    outer loop
      vertex 211.32 8.0022 0.799999
      vertex 211.661 2.57982 0.799999
      vertex 211.661 7.81465 0.799999
    endloop
  endfacet
  facet normal 0 0 1
    outer loop
      vertex 211.32 8.0022 0.799999
      vertex 211.32 2.39227 0.799999
      vertex 211.661 2.57982 0.799999
    endloop
  endfacet
  facet normal 0 0 1
    outer loop
      vertex 210.958 8.14551 0.799999
      vertex 211.32 2.39227 0.799999
      vertex 211.32 8.0022 0.799999
    endloop
  endfacet
  facet normal 0 0 1
    outer loop
      vertex 210.958 8.14551 0.799999
      vertex 210.958 2.24896 0.799999
      vertex 211.32 2.39227 0.799999
    endloop
  endfacet
  facet normal 0 0 1
    outer loop
      vertex 210.581 8.24232 0.799999
      vertex 210.958 2.24896 0.799999
      vertex 210.958 8.14551 0.799999
    endloop
  endfacet
  facet normal 0 0 1
    outer loop
      vertex 210.581 8.24232 0.799999
      vertex 210.581 2.15214 0.799999
      vertex 210.958 2.24896 0.799999
    endloop
  endfacet
  facet normal 0 0 1
    outer loop
      vertex 210.195 8.29112 0.799999
      vertex 210.581 2.15214 0.799999
      vertex 210.581 8.24232 0.799999
    endloop
  endfacet
  facet normal 0 0 1
    outer loop
      vertex 210.195 8.29112 0.799999
      vertex 210.195 2.10335 0.799999
      vertex 210.581 2.15214 0.799999
    endloop
  endfacet
  facet normal -0 0 1
    outer loop
      vertex 209.805 8.29112 0.799999
      vertex 210.195 2.10335 0.799999
      vertex 210.195 8.29112 0.799999
    endloop
  endfacet
  facet normal 0 0 1
    outer loop
      vertex 209.805 8.29112 0.799999
      vertex 209.805 2.10335 0.799999
      vertex 210.195 2.10335 0.799999
    endloop
  endfacet
  facet normal -0 0 1
    outer loop
      vertex 209.419 8.24232 0.799999
      vertex 209.805 2.10335 0.799999
      vertex 209.805 8.29112 0.799999
    endloop
  endfacet
  facet normal 0 0 1
    outer loop
      vertex 209.419 8.24232 0.799999
      vertex 209.419 2.15214 0.799999
      vertex 209.805 2.10335 0.799999
    endloop
  endfacet
  facet normal -0 0 1
    outer loop
      vertex 209.042 8.14551 0.799999
      vertex 209.419 2.15214 0.799999
      vertex 209.419 8.24232 0.799999
    endloop
  endfacet
  facet normal 0 0 1
    outer loop
      vertex 209.042 8.14551 0.799999
      vertex 209.042 2.24896 0.799999
      vertex 209.419 2.15214 0.799999
    endloop
  endfacet
  facet normal -0 0 1
    outer loop
      vertex 208.68 8.0022 0.799999
      vertex 209.042 2.24896 0.799999
      vertex 209.042 8.14551 0.799999
    endloop
  endfacet
  facet normal 0 0 1
    outer loop
      vertex 208.68 8.0022 0.799999
      vertex 208.68 2.39227 0.799999
      vertex 209.042 2.24896 0.799999
    endloop
  endfacet
  facet normal -0 0 1
    outer loop
      vertex 208.339 7.81465 0.799999
      vertex 208.68 2.39227 0.799999
      vertex 208.68 8.0022 0.799999
    endloop
  endfacet
  facet normal 0 0 1
    outer loop
      vertex 208.339 7.81465 0.799999
      vertex 208.339 2.57982 0.799999
      vertex 208.68 2.39227 0.799999
    endloop
  endfacet
  facet normal -0 0 1
    outer loop
      vertex 208.024 7.58582 0.799999
      vertex 208.339 2.57982 0.799999
      vertex 208.339 7.81465 0.799999
    endloop
  endfacet
  facet normal 0 0 1
    outer loop
      vertex 208.024 7.58582 0.799999
      vertex 208.024 2.80864 0.799999
      vertex 208.339 2.57982 0.799999
    endloop
  endfacet
  facet normal -0 0 1
    outer loop
      vertex 207.74 7.31933 0.799999
      vertex 208.024 2.80864 0.799999
      vertex 208.024 7.58582 0.799999
    endloop
  endfacet
  facet normal 0 0 1
    outer loop
      vertex 207.74 7.31933 0.799999
      vertex 207.74 3.07514 0.799999
      vertex 208.024 2.80864 0.799999
    endloop
  endfacet
  facet normal -0 0 1
    outer loop
      vertex 207.492 7.01937 0.799999
      vertex 207.74 3.07514 0.799999
      vertex 207.74 7.31933 0.799999
    endloop
  endfacet
  facet normal 0 0 1
    outer loop
      vertex 207.492 7.01937 0.799999
      vertex 207.492 3.3751 0.799999
      vertex 207.74 3.07514 0.799999
    endloop
  endfacet
  facet normal -0 0 1
    outer loop
      vertex 207.283 6.69067 0.799999
      vertex 207.492 3.3751 0.799999
      vertex 207.492 7.01937 0.799999
    endloop
  endfacet
  facet normal 0 0 1
    outer loop
      vertex 207.283 6.69067 0.799999
      vertex 207.283 3.7038 0.799999
      vertex 207.492 3.3751 0.799999
    endloop
  endfacet
  facet normal -0 0 1
    outer loop
      vertex 207.118 6.33842 0.799999
      vertex 207.283 3.7038 0.799999
      vertex 207.283 6.69067 0.799999
    endloop
  endfacet
  facet normal 0 0 1
    outer loop
      vertex 207.118 6.33842 0.799999
      vertex 207.118 4.05605 0.799999
      vertex 207.283 3.7038 0.799999
    endloop
  endfacet
  facet normal -0 0 1
    outer loop
      vertex 206.997 5.96817 0.799999
      vertex 207.118 4.05605 0.799999
      vertex 207.118 6.33842 0.799999
    endloop
  endfacet
  facet normal 0 0 1
    outer loop
      vertex 206.997 5.96817 0.799999
      vertex 206.997 4.4263 0.799999
      vertex 207.118 4.05605 0.799999
    endloop
  endfacet
  facet normal -0 0 1
    outer loop
      vertex 206.924 5.58577 0.799999
      vertex 206.997 4.4263 0.799999
      vertex 206.997 5.96817 0.799999
    endloop
  endfacet
  facet normal 0 0 1
    outer loop
      vertex 206.924 5.58577 0.799999
      vertex 206.924 4.8087 0.799999
      vertex 206.997 4.4263 0.799999
    endloop
  endfacet
  facet normal 0 -0 1
    outer loop
      vertex 206.924 4.8087 0.799999
      vertex 206.924 5.58577 0.799999
      vertex 206.9 5.19723 0.799999
    endloop
  endfacet
  facet normal -0.481919 0.876216 0
    outer loop
      vertex 211.661 2.57982 0.799999
      vertex 211.32 2.39227 3
      vertex 211.661 2.57982 3
    endloop
  endfacet
  facet normal -0.481919 0.876216 0
    outer loop
      vertex 211.32 2.39227 3
      vertex 211.661 2.57982 0.799999
      vertex 211.32 2.39227 0.799999
    endloop
  endfacet
  facet normal -0.950528 0.310638 0
    outer loop
      vertex 212.882 4.05605 0.799999
      vertex 213.003 4.4263 3
      vertex 213.003 4.4263 0.799999
    endloop
  endfacet
  facet normal -0.950528 0.310638 0
    outer loop
      vertex 213.003 4.4263 3
      vertex 212.882 4.05605 0.799999
      vertex 212.882 4.05605 3
    endloop
  endfacet
  facet normal 0.950528 0.310638 0
    outer loop
      vertex 207.118 4.05605 3
      vertex 206.997 4.4263 0.799999
      vertex 206.997 4.4263 3
    endloop
  endfacet
  facet normal 0.950528 0.310638 0
    outer loop
      vertex 206.997 4.4263 0.799999
      vertex 207.118 4.05605 3
      vertex 207.118 4.05605 0.799999
    endloop
  endfacet
  facet normal 0.998098 0.0616538 0
    outer loop
      vertex 206.924 4.8087 3
      vertex 206.9 5.19723 0.799999
      vertex 206.9 5.19723 3
    endloop
  endfacet
  facet normal 0.998098 0.0616538 0
    outer loop
      vertex 206.9 5.19723 0.799999
      vertex 206.924 4.8087 3
      vertex 206.924 4.8087 0.799999
    endloop
  endfacet
  facet normal -0.684283 0.729217 0
    outer loop
      vertex 212.26 3.07514 0.799999
      vertex 211.976 2.80864 3
      vertex 212.26 3.07514 3
    endloop
  endfacet
  facet normal -0.684283 0.729217 0
    outer loop
      vertex 211.976 2.80864 3
      vertex 212.26 3.07514 0.799999
      vertex 211.976 2.80864 0.799999
    endloop
  endfacet
  facet normal -0.368089 0.92979 0
    outer loop
      vertex 211.32 2.39227 0.799999
      vertex 210.958 2.24896 3
      vertex 211.32 2.39227 3
    endloop
  endfacet
  facet normal -0.368089 0.92979 0
    outer loop
      vertex 210.958 2.24896 3
      vertex 211.32 2.39227 0.799999
      vertex 210.958 2.24896 0.799999
    endloop
  endfacet
  facet normal -0.248745 0.968569 0
    outer loop
      vertex 210.958 2.24896 0.799999
      vertex 210.581 2.15214 3
      vertex 210.958 2.24896 3
    endloop
  endfacet
  facet normal -0.248745 0.968569 0
    outer loop
      vertex 210.581 2.15214 3
      vertex 210.958 2.24896 0.799999
      vertex 210.581 2.15214 0.799999
    endloop
  endfacet
  facet normal -0.843862 0.53656 0
    outer loop
      vertex 212.508 3.3751 0.799999
      vertex 212.717 3.7038 3
      vertex 212.717 3.7038 0.799999
    endloop
  endfacet
  facet normal -0.843862 0.53656 0
    outer loop
      vertex 212.717 3.7038 3
      vertex 212.508 3.3751 0.799999
      vertex 212.508 3.3751 3
    endloop
  endfacet
  facet normal -0.982262 0.187513 0
    outer loop
      vertex 213.003 4.4263 0.799999
      vertex 213.076 4.8087 3
      vertex 213.076 4.8087 0.799999
    endloop
  endfacet
  facet normal -0.982262 0.187513 0
    outer loop
      vertex 213.076 4.8087 3
      vertex 213.003 4.4263 0.799999
      vertex 213.003 4.4263 3
    endloop
  endfacet
  facet normal 0.125401 0.992106 -0
    outer loop
      vertex 209.805 2.10335 0.799999
      vertex 209.419 2.15214 3
      vertex 209.805 2.10335 3
    endloop
  endfacet
  facet normal 0.125401 0.992106 0
    outer loop
      vertex 209.419 2.15214 3
      vertex 209.805 2.10335 0.799999
      vertex 209.419 2.15214 0.799999
    endloop
  endfacet
  facet normal 0.368089 0.92979 -0
    outer loop
      vertex 209.042 2.24896 0.799999
      vertex 208.68 2.39227 3
      vertex 209.042 2.24896 3
    endloop
  endfacet
  facet normal 0.368089 0.92979 0
    outer loop
      vertex 208.68 2.39227 3
      vertex 209.042 2.24896 0.799999
      vertex 208.68 2.39227 0.799999
    endloop
  endfacet
  facet normal 0.248745 0.968569 -0
    outer loop
      vertex 209.419 2.15214 0.799999
      vertex 209.042 2.24896 3
      vertex 209.419 2.15214 3
    endloop
  endfacet
  facet normal 0.248745 0.968569 0
    outer loop
      vertex 209.042 2.24896 3
      vertex 209.419 2.15214 0.799999
      vertex 209.042 2.24896 0.799999
    endloop
  endfacet
  facet normal 0.770701 0.637197 0
    outer loop
      vertex 207.74 3.07514 3
      vertex 207.492 3.3751 0.799999
      vertex 207.492 3.3751 3
    endloop
  endfacet
  facet normal 0.770701 0.637197 0
    outer loop
      vertex 207.492 3.3751 0.799999
      vertex 207.74 3.07514 3
      vertex 207.74 3.07514 0.799999
    endloop
  endfacet
  facet normal 0.843862 0.53656 0
    outer loop
      vertex 207.492 3.3751 3
      vertex 207.283 3.7038 0.799999
      vertex 207.283 3.7038 3
    endloop
  endfacet
  facet normal 0.843862 0.53656 0
    outer loop
      vertex 207.283 3.7038 0.799999
      vertex 207.492 3.3751 3
      vertex 207.492 3.3751 0.799999
    endloop
  endfacet
  facet normal 0.684283 0.729217 -0
    outer loop
      vertex 208.024 2.80864 0.799999
      vertex 207.74 3.07514 3
      vertex 208.024 2.80864 3
    endloop
  endfacet
  facet normal 0.684283 0.729217 0
    outer loop
      vertex 207.74 3.07514 3
      vertex 208.024 2.80864 0.799999
      vertex 207.74 3.07514 0.799999
    endloop
  endfacet
  facet normal 0.982262 0.187513 0
    outer loop
      vertex 206.997 4.4263 3
      vertex 206.924 4.8087 0.799999
      vertex 206.924 4.8087 3
    endloop
  endfacet
  facet normal 0.982262 0.187513 0
    outer loop
      vertex 206.924 4.8087 0.799999
      vertex 206.997 4.4263 3
      vertex 206.997 4.4263 0.799999
    endloop
  endfacet
  facet normal -0.587717 0.809067 0
    outer loop
      vertex 211.976 2.80864 0.799999
      vertex 211.661 2.57982 3
      vertex 211.976 2.80864 3
    endloop
  endfacet
  facet normal -0.587717 0.809067 0
    outer loop
      vertex 211.661 2.57982 3
      vertex 211.976 2.80864 0.799999
      vertex 211.661 2.57982 0.799999
    endloop
  endfacet
  facet normal -0.905575 0.424187 0
    outer loop
      vertex 212.717 3.7038 0.799999
      vertex 212.882 4.05605 3
      vertex 212.882 4.05605 0.799999
    endloop
  endfacet
  facet normal -0.905575 0.424187 0
    outer loop
      vertex 212.882 4.05605 3
      vertex 212.717 3.7038 0.799999
      vertex 212.717 3.7038 3
    endloop
  endfacet
  facet normal 0.587717 0.809067 -0
    outer loop
      vertex 208.339 2.57982 0.799999
      vertex 208.024 2.80864 3
      vertex 208.339 2.57982 3
    endloop
  endfacet
  facet normal 0.587717 0.809067 0
    outer loop
      vertex 208.024 2.80864 3
      vertex 208.339 2.57982 0.799999
      vertex 208.024 2.80864 0.799999
    endloop
  endfacet
  facet normal 0.481919 0.876216 -0
    outer loop
      vertex 208.68 2.39227 0.799999
      vertex 208.339 2.57982 3
      vertex 208.68 2.39227 3
    endloop
  endfacet
  facet normal 0.481919 0.876216 0
    outer loop
      vertex 208.339 2.57982 3
      vertex 208.68 2.39227 0.799999
      vertex 208.339 2.57982 0.799999
    endloop
  endfacet
  facet normal -0.950528 -0.310638 0
    outer loop
      vertex 213.003 -4.4263 0.799999
      vertex 212.882 -4.05605 3
      vertex 212.882 -4.05605 0.799999
    endloop
  endfacet
  facet normal -0.950528 -0.310638 0
    outer loop
      vertex 212.882 -4.05605 3
      vertex 213.003 -4.4263 0.799999
      vertex 213.003 -4.4263 3
    endloop
  endfacet
  facet normal -0.998098 -0.0616538 0
    outer loop
      vertex 213.1 -5.19723 0.799999
      vertex 213.076 -4.8087 3
      vertex 213.076 -4.8087 0.799999
    endloop
  endfacet
  facet normal -0.998098 -0.0616538 0
    outer loop
      vertex 213.076 -4.8087 3
      vertex 213.1 -5.19723 0.799999
      vertex 213.1 -5.19723 3
    endloop
  endfacet
  facet normal 0.125401 -0.992106 0
    outer loop
      vertex 209.419 -2.15214 0.799999
      vertex 209.805 -2.10335 3
      vertex 209.419 -2.15214 3
    endloop
  endfacet
  facet normal 0.125401 -0.992106 0
    outer loop
      vertex 209.805 -2.10335 3
      vertex 209.419 -2.15214 0.799999
      vertex 209.805 -2.10335 0.799999
    endloop
  endfacet
  facet normal -0.684283 -0.729217 0
    outer loop
      vertex 211.976 -2.80864 0.799999
      vertex 212.26 -3.07514 3
      vertex 211.976 -2.80864 3
    endloop
  endfacet
  facet normal -0.684283 -0.729217 -0
    outer loop
      vertex 212.26 -3.07514 3
      vertex 211.976 -2.80864 0.799999
      vertex 212.26 -3.07514 0.799999
    endloop
  endfacet
  facet normal 0.770701 -0.637197 0
    outer loop
      vertex 207.492 -3.3751 3
      vertex 207.74 -3.07514 0.799999
      vertex 207.74 -3.07514 3
    endloop
  endfacet
  facet normal 0.770701 -0.637197 0
    outer loop
      vertex 207.74 -3.07514 0.799999
      vertex 207.492 -3.3751 3
      vertex 207.492 -3.3751 0.799999
    endloop
  endfacet
  facet normal 0.481919 -0.876216 0
    outer loop
      vertex 208.339 -2.57982 0.799999
      vertex 208.68 -2.39227 3
      vertex 208.339 -2.57982 3
    endloop
  endfacet
  facet normal 0.481919 -0.876216 0
    outer loop
      vertex 208.68 -2.39227 3
      vertex 208.339 -2.57982 0.799999
      vertex 208.68 -2.39227 0.799999
    endloop
  endfacet
  facet normal 0.684269 0.72923 -0
    outer loop
      vertex 208.024 -7.58582 0.799999
      vertex 207.74 -7.31933 3
      vertex 208.024 -7.58582 3
    endloop
  endfacet
  facet normal 0.684269 0.72923 0
    outer loop
      vertex 207.74 -7.31933 3
      vertex 208.024 -7.58582 0.799999
      vertex 207.74 -7.31933 0.799999
    endloop
  endfacet
  facet normal -0.905575 -0.424187 0
    outer loop
      vertex 212.882 -4.05605 0.799999
      vertex 212.717 -3.7038 3
      vertex 212.717 -3.7038 0.799999
    endloop
  endfacet
  facet normal -0.905575 -0.424187 0
    outer loop
      vertex 212.717 -3.7038 3
      vertex 212.882 -4.05605 0.799999
      vertex 212.882 -4.05605 3
    endloop
  endfacet
  facet normal -0.248745 -0.968569 0
    outer loop
      vertex 210.581 -2.15214 0.799999
      vertex 210.958 -2.24896 3
      vertex 210.581 -2.15214 3
    endloop
  endfacet
  facet normal -0.248745 -0.968569 -0
    outer loop
      vertex 210.958 -2.24896 3
      vertex 210.581 -2.15214 0.799999
      vertex 210.958 -2.24896 0.799999
    endloop
  endfacet
  facet normal -0.125401 -0.992106 0
    outer loop
      vertex 210.195 -2.10335 0.799999
      vertex 210.581 -2.15214 3
      vertex 210.195 -2.10335 3
    endloop
  endfacet
  facet normal -0.125401 -0.992106 -0
    outer loop
      vertex 210.581 -2.15214 3
      vertex 210.195 -2.10335 0.799999
      vertex 210.581 -2.15214 0.799999
    endloop
  endfacet
  facet normal 0.950528 -0.310638 0
    outer loop
      vertex 206.997 -4.4263 3
      vertex 207.118 -4.05605 0.799999
      vertex 207.118 -4.05605 3
    endloop
  endfacet
  facet normal 0.950528 -0.310638 0
    outer loop
      vertex 207.118 -4.05605 0.799999
      vertex 206.997 -4.4263 3
      vertex 206.997 -4.4263 0.799999
    endloop
  endfacet
  facet normal 0 0 1
    outer loop
      vertex 213.076 -4.8087 0.799999
      vertex 213.076 -5.58577 0.799999
      vertex 213.1 -5.19723 0.799999
    endloop
  endfacet
  facet normal 0 0 1
    outer loop
      vertex 213.003 -4.4263 0.799999
      vertex 213.076 -5.58577 0.799999
      vertex 213.076 -4.8087 0.799999
    endloop
  endfacet
  facet normal 0 0 1
    outer loop
      vertex 213.003 -4.4263 0.799999
      vertex 213.003 -5.96817 0.799999
      vertex 213.076 -5.58577 0.799999
    endloop
  endfacet
  facet normal 0 0 1
    outer loop
      vertex 212.882 -4.05605 0.799999
      vertex 213.003 -5.96817 0.799999
      vertex 213.003 -4.4263 0.799999
    endloop
  endfacet
  facet normal 0 0 1
    outer loop
      vertex 212.882 -4.05605 0.799999
      vertex 212.882 -6.33842 0.799999
      vertex 213.003 -5.96817 0.799999
    endloop
  endfacet
  facet normal 0 0 1
    outer loop
      vertex 212.717 -3.7038 0.799999
      vertex 212.882 -6.33842 0.799999
      vertex 212.882 -4.05605 0.799999
    endloop
  endfacet
  facet normal 0 0 1
    outer loop
      vertex 212.717 -3.7038 0.799999
      vertex 212.717 -6.69067 0.799999
      vertex 212.882 -6.33842 0.799999
    endloop
  endfacet
  facet normal 0 0 1
    outer loop
      vertex 212.508 -3.3751 0.799999
      vertex 212.717 -6.69067 0.799999
      vertex 212.717 -3.7038 0.799999
    endloop
  endfacet
  facet normal 0 0 1
    outer loop
      vertex 212.508 -3.3751 0.799999
      vertex 212.508 -7.01937 0.799999
      vertex 212.717 -6.69067 0.799999
    endloop
  endfacet
  facet normal 0 0 1
    outer loop
      vertex 212.26 -3.07514 0.799999
      vertex 212.508 -7.01937 0.799999
      vertex 212.508 -3.3751 0.799999
    endloop
  endfacet
  facet normal 0 0 1
    outer loop
      vertex 212.26 -3.07514 0.799999
      vertex 212.26 -7.31933 0.799999
      vertex 212.508 -7.01937 0.799999
    endloop
  endfacet
  facet normal 0 0 1
    outer loop
      vertex 211.976 -2.80864 0.799999
      vertex 212.26 -7.31933 0.799999
      vertex 212.26 -3.07514 0.799999
    endloop
  endfacet
  facet normal 0 0 1
    outer loop
      vertex 211.976 -2.80864 0.799999
      vertex 211.976 -7.58582 0.799999
      vertex 212.26 -7.31933 0.799999
    endloop
  endfacet
  facet normal 0 0 1
    outer loop
      vertex 211.661 -2.57982 0.799999
      vertex 211.976 -7.58582 0.799999
      vertex 211.976 -2.80864 0.799999
    endloop
  endfacet
  facet normal 0 0 1
    outer loop
      vertex 211.661 -2.57982 0.799999
      vertex 211.661 -7.81465 0.799999
      vertex 211.976 -7.58582 0.799999
    endloop
  endfacet
  facet normal 0 0 1
    outer loop
      vertex 211.32 -2.39227 0.799999
      vertex 211.661 -7.81465 0.799999
      vertex 211.661 -2.57982 0.799999
    endloop
  endfacet
  facet normal 0 0 1
    outer loop
      vertex 211.32 -2.39227 0.799999
      vertex 211.32 -8.0022 0.799999
      vertex 211.661 -7.81465 0.799999
    endloop
  endfacet
  facet normal 0 0 1
    outer loop
      vertex 210.958 -2.24896 0.799999
      vertex 211.32 -8.0022 0.799999
      vertex 211.32 -2.39227 0.799999
    endloop
  endfacet
  facet normal 0 0 1
    outer loop
      vertex 210.958 -2.24896 0.799999
      vertex 210.958 -8.14551 0.799999
      vertex 211.32 -8.0022 0.799999
    endloop
  endfacet
  facet normal 0 0 1
    outer loop
      vertex 210.581 -2.15214 0.799999
      vertex 210.958 -8.14551 0.799999
      vertex 210.958 -2.24896 0.799999
    endloop
  endfacet
  facet normal 0 0 1
    outer loop
      vertex 210.581 -2.15214 0.799999
      vertex 210.581 -8.24232 0.799999
      vertex 210.958 -8.14551 0.799999
    endloop
  endfacet
  facet normal 0 0 1
    outer loop
      vertex 210.195 -2.10335 0.799999
      vertex 210.581 -8.24232 0.799999
      vertex 210.581 -2.15214 0.799999
    endloop
  endfacet
  facet normal 0 0 1
    outer loop
      vertex 210.195 -2.10335 0.799999
      vertex 210.195 -8.29112 0.799999
      vertex 210.581 -8.24232 0.799999
    endloop
  endfacet
  facet normal -0 0 1
    outer loop
      vertex 209.805 -2.10335 0.799999
      vertex 210.195 -8.29112 0.799999
      vertex 210.195 -2.10335 0.799999
    endloop
  endfacet
  facet normal 0 0 1
    outer loop
      vertex 209.805 -2.10335 0.799999
      vertex 209.805 -8.29112 0.799999
      vertex 210.195 -8.29112 0.799999
    endloop
  endfacet
  facet normal -0 0 1
    outer loop
      vertex 209.419 -2.15214 0.799999
      vertex 209.805 -8.29112 0.799999
      vertex 209.805 -2.10335 0.799999
    endloop
  endfacet
  facet normal 0 0 1
    outer loop
      vertex 209.419 -2.15214 0.799999
      vertex 209.419 -8.24232 0.799999
      vertex 209.805 -8.29112 0.799999
    endloop
  endfacet
  facet normal -0 0 1
    outer loop
      vertex 209.042 -2.24896 0.799999
      vertex 209.419 -8.24232 0.799999
      vertex 209.419 -2.15214 0.799999
    endloop
  endfacet
  facet normal 0 0 1
    outer loop
      vertex 209.042 -2.24896 0.799999
      vertex 209.042 -8.14551 0.799999
      vertex 209.419 -8.24232 0.799999
    endloop
  endfacet
  facet normal -0 0 1
    outer loop
      vertex 208.68 -2.39227 0.799999
      vertex 209.042 -8.14551 0.799999
      vertex 209.042 -2.24896 0.799999
    endloop
  endfacet
  facet normal 0 0 1
    outer loop
      vertex 208.68 -2.39227 0.799999
      vertex 208.68 -8.0022 0.799999
      vertex 209.042 -8.14551 0.799999
    endloop
  endfacet
  facet normal -0 0 1
    outer loop
      vertex 208.339 -2.57982 0.799999
      vertex 208.68 -8.0022 0.799999
      vertex 208.68 -2.39227 0.799999
    endloop
  endfacet
  facet normal 0 0 1
    outer loop
      vertex 208.339 -2.57982 0.799999
      vertex 208.339 -7.81465 0.799999
      vertex 208.68 -8.0022 0.799999
    endloop
  endfacet
  facet normal -0 0 1
    outer loop
      vertex 208.024 -2.80864 0.799999
      vertex 208.339 -7.81465 0.799999
      vertex 208.339 -2.57982 0.799999
    endloop
  endfacet
  facet normal 0 0 1
    outer loop
      vertex 208.024 -2.80864 0.799999
      vertex 208.024 -7.58582 0.799999
      vertex 208.339 -7.81465 0.799999
    endloop
  endfacet
  facet normal -0 0 1
    outer loop
      vertex 207.74 -3.07514 0.799999
      vertex 208.024 -7.58582 0.799999
      vertex 208.024 -2.80864 0.799999
    endloop
  endfacet
  facet normal 0 0 1
    outer loop
      vertex 207.74 -3.07514 0.799999
      vertex 207.74 -7.31933 0.799999
      vertex 208.024 -7.58582 0.799999
    endloop
  endfacet
  facet normal -0 0 1
    outer loop
      vertex 207.492 -3.3751 0.799999
      vertex 207.74 -7.31933 0.799999
      vertex 207.74 -3.07514 0.799999
    endloop
  endfacet
  facet normal 0 0 1
    outer loop
      vertex 207.492 -3.3751 0.799999
      vertex 207.492 -7.01937 0.799999
      vertex 207.74 -7.31933 0.799999
    endloop
  endfacet
  facet normal -0 0 1
    outer loop
      vertex 207.283 -3.7038 0.799999
      vertex 207.492 -7.01937 0.799999
      vertex 207.492 -3.3751 0.799999
    endloop
  endfacet
  facet normal 0 0 1
    outer loop
      vertex 207.283 -3.7038 0.799999
      vertex 207.283 -6.69067 0.799999
      vertex 207.492 -7.01937 0.799999
    endloop
  endfacet
  facet normal -0 0 1
    outer loop
      vertex 207.118 -4.05605 0.799999
      vertex 207.283 -6.69067 0.799999
      vertex 207.283 -3.7038 0.799999
    endloop
  endfacet
  facet normal 0 0 1
    outer loop
      vertex 207.118 -4.05605 0.799999
      vertex 207.118 -6.33842 0.799999
      vertex 207.283 -6.69067 0.799999
    endloop
  endfacet
  facet normal -0 0 1
    outer loop
      vertex 206.997 -4.4263 0.799999
      vertex 207.118 -6.33842 0.799999
      vertex 207.118 -4.05605 0.799999
    endloop
  endfacet
  facet normal 0 0 1
    outer loop
      vertex 206.997 -4.4263 0.799999
      vertex 206.997 -5.96817 0.799999
      vertex 207.118 -6.33842 0.799999
    endloop
  endfacet
  facet normal -0 0 1
    outer loop
      vertex 206.924 -4.8087 0.799999
      vertex 206.997 -5.96817 0.799999
      vertex 206.997 -4.4263 0.799999
    endloop
  endfacet
  facet normal 0 0 1
    outer loop
      vertex 206.924 -4.8087 0.799999
      vertex 206.924 -5.58577 0.799999
      vertex 206.997 -5.96817 0.799999
    endloop
  endfacet
  facet normal 0 -0 1
    outer loop
      vertex 206.924 -5.58577 0.799999
      vertex 206.924 -4.8087 0.799999
      vertex 206.9 -5.19723 0.799999
    endloop
  endfacet
  facet normal 0.905575 -0.424187 0
    outer loop
      vertex 207.118 -4.05605 3
      vertex 207.283 -3.7038 0.799999
      vertex 207.283 -3.7038 3
    endloop
  endfacet
  facet normal 0.905575 -0.424187 0
    outer loop
      vertex 207.283 -3.7038 0.799999
      vertex 207.118 -4.05605 3
      vertex 207.118 -4.05605 0.799999
    endloop
  endfacet
  facet normal 0.998098 -0.0616538 0
    outer loop
      vertex 206.9 -5.19723 3
      vertex 206.924 -4.8087 0.799999
      vertex 206.924 -4.8087 3
    endloop
  endfacet
  facet normal 0.998098 -0.0616538 0
    outer loop
      vertex 206.924 -4.8087 0.799999
      vertex 206.9 -5.19723 3
      vertex 206.9 -5.19723 0.799999
    endloop
  endfacet
  facet normal 0.587717 -0.809067 0
    outer loop
      vertex 208.024 -2.80864 0.799999
      vertex 208.339 -2.57982 3
      vertex 208.024 -2.80864 3
    endloop
  endfacet
  facet normal 0.587717 -0.809067 0
    outer loop
      vertex 208.339 -2.57982 3
      vertex 208.024 -2.80864 0.799999
      vertex 208.339 -2.57982 0.799999
    endloop
  endfacet
  facet normal 0.248745 -0.968569 0
    outer loop
      vertex 209.042 -2.24896 0.799999
      vertex 209.419 -2.15214 3
      vertex 209.042 -2.24896 3
    endloop
  endfacet
  facet normal 0.248745 -0.968569 0
    outer loop
      vertex 209.419 -2.15214 3
      vertex 209.042 -2.24896 0.799999
      vertex 209.419 -2.15214 0.799999
    endloop
  endfacet
  facet normal -0.950528 0.310638 0
    outer loop
      vertex 212.882 -6.33842 0.799999
      vertex 213.003 -5.96817 3
      vertex 213.003 -5.96817 0.799999
    endloop
  endfacet
  facet normal -0.950528 0.310638 0
    outer loop
      vertex 213.003 -5.96817 3
      vertex 212.882 -6.33842 0.799999
      vertex 212.882 -6.33842 3
    endloop
  endfacet
  facet normal 0.248721 0.968575 -0
    outer loop
      vertex 209.419 -8.24232 0.799999
      vertex 209.042 -8.14551 3
      vertex 209.419 -8.24232 3
    endloop
  endfacet
  facet normal 0.248721 0.968575 0
    outer loop
      vertex 209.042 -8.14551 3
      vertex 209.419 -8.24232 0.799999
      vertex 209.042 -8.14551 0.799999
    endloop
  endfacet
  facet normal 0.368089 0.92979 -0
    outer loop
      vertex 209.042 -8.14551 0.799999
      vertex 208.68 -8.0022 3
      vertex 209.042 -8.14551 3
    endloop
  endfacet
  facet normal 0.368089 0.92979 0
    outer loop
      vertex 208.68 -8.0022 3
      vertex 209.042 -8.14551 0.799999
      vertex 208.68 -8.0022 0.799999
    endloop
  endfacet
  facet normal -0.843862 -0.53656 0
    outer loop
      vertex 212.717 -3.7038 0.799999
      vertex 212.508 -3.3751 3
      vertex 212.508 -3.3751 0.799999
    endloop
  endfacet
  facet normal -0.843862 -0.53656 0
    outer loop
      vertex 212.508 -3.3751 3
      vertex 212.717 -3.7038 0.799999
      vertex 212.717 -3.7038 3
    endloop
  endfacet
  facet normal -0.770701 -0.637197 0
    outer loop
      vertex 212.508 -3.3751 0.799999
      vertex 212.26 -3.07514 3
      vertex 212.26 -3.07514 0.799999
    endloop
  endfacet
  facet normal -0.770701 -0.637197 0
    outer loop
      vertex 212.26 -3.07514 3
      vertex 212.508 -3.3751 0.799999
      vertex 212.508 -3.3751 3
    endloop
  endfacet
  facet normal 0 -1 0
    outer loop
      vertex 209.805 -2.10335 0.799999
      vertex 210.195 -2.10335 3
      vertex 209.805 -2.10335 3
    endloop
  endfacet
  facet normal 0 -1 -0
    outer loop
      vertex 210.195 -2.10335 3
      vertex 209.805 -2.10335 0.799999
      vertex 210.195 -2.10335 0.799999
    endloop
  endfacet
  facet normal -0.587717 -0.809067 0
    outer loop
      vertex 211.661 -2.57982 0.799999
      vertex 211.976 -2.80864 3
      vertex 211.661 -2.57982 3
    endloop
  endfacet
  facet normal -0.587717 -0.809067 -0
    outer loop
      vertex 211.976 -2.80864 3
      vertex 211.661 -2.57982 0.799999
      vertex 211.976 -2.80864 0.799999
    endloop
  endfacet
  facet normal -0.481919 -0.876216 0
    outer loop
      vertex 211.32 -2.39227 0.799999
      vertex 211.661 -2.57982 3
      vertex 211.32 -2.39227 3
    endloop
  endfacet
  facet normal -0.481919 -0.876216 -0
    outer loop
      vertex 211.661 -2.57982 3
      vertex 211.32 -2.39227 0.799999
      vertex 211.661 -2.57982 0.799999
    endloop
  endfacet
  facet normal 0.998098 0.0616522 0
    outer loop
      vertex 206.924 -5.58577 3
      vertex 206.9 -5.19723 0.799999
      vertex 206.9 -5.19723 3
    endloop
  endfacet
  facet normal 0.998098 0.0616522 0
    outer loop
      vertex 206.9 -5.19723 0.799999
      vertex 206.924 -5.58577 3
      vertex 206.924 -5.58577 0.799999
    endloop
  endfacet
  facet normal 0.368089 -0.92979 0
    outer loop
      vertex 208.68 -2.39227 0.799999
      vertex 209.042 -2.24896 3
      vertex 208.68 -2.39227 3
    endloop
  endfacet
  facet normal 0.368089 -0.92979 0
    outer loop
      vertex 209.042 -2.24896 3
      vertex 208.68 -2.39227 0.799999
      vertex 209.042 -2.24896 0.799999
    endloop
  endfacet
  facet normal -0.368089 0.92979 0
    outer loop
      vertex 211.32 -8.0022 0.799999
      vertex 210.958 -8.14551 3
      vertex 211.32 -8.0022 3
    endloop
  endfacet
  facet normal -0.368089 0.92979 0
    outer loop
      vertex 210.958 -8.14551 3
      vertex 211.32 -8.0022 0.799999
      vertex 210.958 -8.14551 0.799999
    endloop
  endfacet
  facet normal -0.125426 0.992103 0
    outer loop
      vertex 210.581 -8.24232 0.799999
      vertex 210.195 -8.29112 3
      vertex 210.581 -8.24232 3
    endloop
  endfacet
  facet normal -0.125426 0.992103 0
    outer loop
      vertex 210.195 -8.29112 3
      vertex 210.581 -8.24232 0.799999
      vertex 210.195 -8.29112 0.799999
    endloop
  endfacet
  facet normal -0.248721 0.968575 0
    outer loop
      vertex 210.958 -8.14551 0.799999
      vertex 210.581 -8.24232 3
      vertex 210.958 -8.14551 3
    endloop
  endfacet
  facet normal -0.248721 0.968575 0
    outer loop
      vertex 210.581 -8.24232 3
      vertex 210.958 -8.14551 0.799999
      vertex 210.581 -8.24232 0.799999
    endloop
  endfacet
  facet normal -0.481919 0.876216 0
    outer loop
      vertex 211.661 -7.81465 0.799999
      vertex 211.32 -8.0022 3
      vertex 211.661 -7.81465 3
    endloop
  endfacet
  facet normal -0.481919 0.876216 0
    outer loop
      vertex 211.32 -8.0022 3
      vertex 211.661 -7.81465 0.799999
      vertex 211.32 -8.0022 0.799999
    endloop
  endfacet
  facet normal -0.684269 0.72923 0
    outer loop
      vertex 212.26 -7.31933 0.799999
      vertex 211.976 -7.58582 3
      vertex 212.26 -7.31933 3
    endloop
  endfacet
  facet normal -0.684269 0.72923 0
    outer loop
      vertex 211.976 -7.58582 3
      vertex 212.26 -7.31933 0.799999
      vertex 211.976 -7.58582 0.799999
    endloop
  endfacet
  facet normal -0.587733 0.809055 0
    outer loop
      vertex 211.976 -7.58582 0.799999
      vertex 211.661 -7.81465 3
      vertex 211.976 -7.58582 3
    endloop
  endfacet
  facet normal -0.587733 0.809055 0
    outer loop
      vertex 211.661 -7.81465 3
      vertex 211.976 -7.58582 0.799999
      vertex 211.661 -7.81465 0.799999
    endloop
  endfacet
  facet normal -0.905575 0.424187 0
    outer loop
      vertex 212.717 -6.69067 0.799999
      vertex 212.882 -6.33842 3
      vertex 212.882 -6.33842 0.799999
    endloop
  endfacet
  facet normal -0.905575 0.424187 0
    outer loop
      vertex 212.882 -6.33842 3
      vertex 212.717 -6.69067 0.799999
      vertex 212.717 -6.69067 3
    endloop
  endfacet
  facet normal -0.770701 0.637197 0
    outer loop
      vertex 212.26 -7.31933 0.799999
      vertex 212.508 -7.01937 3
      vertex 212.508 -7.01937 0.799999
    endloop
  endfacet
  facet normal -0.770701 0.637197 0
    outer loop
      vertex 212.508 -7.01937 3
      vertex 212.26 -7.31933 0.799999
      vertex 212.26 -7.31933 3
    endloop
  endfacet
  facet normal -0.843862 0.53656 0
    outer loop
      vertex 212.508 -7.01937 0.799999
      vertex 212.717 -6.69067 3
      vertex 212.717 -6.69067 0.799999
    endloop
  endfacet
  facet normal -0.843862 0.53656 0
    outer loop
      vertex 212.717 -6.69067 3
      vertex 212.508 -7.01937 0.799999
      vertex 212.508 -7.01937 3
    endloop
  endfacet
  facet normal 0.587733 0.809055 -0
    outer loop
      vertex 208.339 -7.81465 0.799999
      vertex 208.024 -7.58582 3
      vertex 208.339 -7.81465 3
    endloop
  endfacet
  facet normal 0.587733 0.809055 0
    outer loop
      vertex 208.024 -7.58582 3
      vertex 208.339 -7.81465 0.799999
      vertex 208.024 -7.58582 0.799999
    endloop
  endfacet
  facet normal 0 1 -0
    outer loop
      vertex 210.195 -8.29112 0.799999
      vertex 209.805 -8.29112 3
      vertex 210.195 -8.29112 3
    endloop
  endfacet
  facet normal 0 1 0
    outer loop
      vertex 209.805 -8.29112 3
      vertex 210.195 -8.29112 0.799999
      vertex 209.805 -8.29112 0.799999
    endloop
  endfacet
  facet normal 0.481919 0.876216 -0
    outer loop
      vertex 208.68 -8.0022 0.799999
      vertex 208.339 -7.81465 3
      vertex 208.68 -8.0022 3
    endloop
  endfacet
  facet normal 0.481919 0.876216 0
    outer loop
      vertex 208.339 -7.81465 3
      vertex 208.68 -8.0022 0.799999
      vertex 208.339 -7.81465 0.799999
    endloop
  endfacet
  facet normal 0.843862 0.53656 0
    outer loop
      vertex 207.492 -7.01937 3
      vertex 207.283 -6.69067 0.799999
      vertex 207.283 -6.69067 3
    endloop
  endfacet
  facet normal 0.843862 0.53656 0
    outer loop
      vertex 207.283 -6.69067 0.799999
      vertex 207.492 -7.01937 3
      vertex 207.492 -7.01937 0.799999
    endloop
  endfacet
  facet normal 0.905575 0.424187 0
    outer loop
      vertex 207.283 -6.69067 3
      vertex 207.118 -6.33842 0.799999
      vertex 207.118 -6.33842 3
    endloop
  endfacet
  facet normal 0.905575 0.424187 0
    outer loop
      vertex 207.118 -6.33842 0.799999
      vertex 207.283 -6.69067 3
      vertex 207.283 -6.69067 0.799999
    endloop
  endfacet
  facet normal 0.982262 0.187513 0
    outer loop
      vertex 206.997 -5.96817 3
      vertex 206.924 -5.58577 0.799999
      vertex 206.924 -5.58577 3
    endloop
  endfacet
  facet normal 0.982262 0.187513 0
    outer loop
      vertex 206.924 -5.58577 0.799999
      vertex 206.997 -5.96817 3
      vertex 206.997 -5.96817 0.799999
    endloop
  endfacet
  facet normal -0.982262 -0.187513 0
    outer loop
      vertex 213.076 -4.8087 0.799999
      vertex 213.003 -4.4263 3
      vertex 213.003 -4.4263 0.799999
    endloop
  endfacet
  facet normal -0.982262 -0.187513 0
    outer loop
      vertex 213.003 -4.4263 3
      vertex 213.076 -4.8087 0.799999
      vertex 213.076 -4.8087 3
    endloop
  endfacet
  facet normal -0.368089 -0.92979 0
    outer loop
      vertex 210.958 -2.24896 0.799999
      vertex 211.32 -2.39227 3
      vertex 210.958 -2.24896 3
    endloop
  endfacet
  facet normal -0.368089 -0.92979 -0
    outer loop
      vertex 211.32 -2.39227 3
      vertex 210.958 -2.24896 0.799999
      vertex 211.32 -2.39227 0.799999
    endloop
  endfacet
  facet normal 0.843862 -0.53656 0
    outer loop
      vertex 207.283 -3.7038 3
      vertex 207.492 -3.3751 0.799999
      vertex 207.492 -3.3751 3
    endloop
  endfacet
  facet normal 0.843862 -0.53656 0
    outer loop
      vertex 207.492 -3.3751 0.799999
      vertex 207.283 -3.7038 3
      vertex 207.283 -3.7038 0.799999
    endloop
  endfacet
  facet normal 0 0 -1
    outer loop
      vertex 213.076 -5.58577 3
      vertex 213.076 -4.8087 3
      vertex 213.1 -5.19723 3
    endloop
  endfacet
  facet normal 0 0 -1
    outer loop
      vertex 213.003 -5.96817 3
      vertex 213.076 -4.8087 3
      vertex 213.076 -5.58577 3
    endloop
  endfacet
  facet normal 0 0 -1
    outer loop
      vertex 213.003 -5.96817 3
      vertex 213.003 -4.4263 3
      vertex 213.076 -4.8087 3
    endloop
  endfacet
  facet normal 0 0 -1
    outer loop
      vertex 212.882 -6.33842 3
      vertex 213.003 -4.4263 3
      vertex 213.003 -5.96817 3
    endloop
  endfacet
  facet normal 0 0 -1
    outer loop
      vertex 212.882 -6.33842 3
      vertex 212.882 -4.05605 3
      vertex 213.003 -4.4263 3
    endloop
  endfacet
  facet normal 0 0 -1
    outer loop
      vertex 212.717 -6.69067 3
      vertex 212.882 -4.05605 3
      vertex 212.882 -6.33842 3
    endloop
  endfacet
  facet normal 0 0 -1
    outer loop
      vertex 212.717 -6.69067 3
      vertex 212.717 -3.7038 3
      vertex 212.882 -4.05605 3
    endloop
  endfacet
  facet normal 0 0 -1
    outer loop
      vertex 212.508 -7.01937 3
      vertex 212.717 -3.7038 3
      vertex 212.717 -6.69067 3
    endloop
  endfacet
  facet normal 0 0 -1
    outer loop
      vertex 212.508 -7.01937 3
      vertex 212.508 -3.3751 3
      vertex 212.717 -3.7038 3
    endloop
  endfacet
  facet normal 0 0 -1
    outer loop
      vertex 212.26 -7.31933 3
      vertex 212.508 -3.3751 3
      vertex 212.508 -7.01937 3
    endloop
  endfacet
  facet normal 0 0 -1
    outer loop
      vertex 212.26 -7.31933 3
      vertex 212.26 -3.07514 3
      vertex 212.508 -3.3751 3
    endloop
  endfacet
  facet normal 0 0 -1
    outer loop
      vertex 211.976 -7.58582 3
      vertex 212.26 -3.07514 3
      vertex 212.26 -7.31933 3
    endloop
  endfacet
  facet normal 0 0 -1
    outer loop
      vertex 211.976 -7.58582 3
      vertex 211.976 -2.80864 3
      vertex 212.26 -3.07514 3
    endloop
  endfacet
  facet normal 0 0 -1
    outer loop
      vertex 211.661 -7.81465 3
      vertex 211.976 -2.80864 3
      vertex 211.976 -7.58582 3
    endloop
  endfacet
  facet normal 0 0 -1
    outer loop
      vertex 211.661 -7.81465 3
      vertex 211.661 -2.57982 3
      vertex 211.976 -2.80864 3
    endloop
  endfacet
  facet normal 0 0 -1
    outer loop
      vertex 211.32 -8.0022 3
      vertex 211.661 -2.57982 3
      vertex 211.661 -7.81465 3
    endloop
  endfacet
  facet normal 0 0 -1
    outer loop
      vertex 211.32 -8.0022 3
      vertex 211.32 -2.39227 3
      vertex 211.661 -2.57982 3
    endloop
  endfacet
  facet normal 0 0 -1
    outer loop
      vertex 210.958 -8.14551 3
      vertex 211.32 -2.39227 3
      vertex 211.32 -8.0022 3
    endloop
  endfacet
  facet normal 0 0 -1
    outer loop
      vertex 210.958 -8.14551 3
      vertex 210.958 -2.24896 3
      vertex 211.32 -2.39227 3
    endloop
  endfacet
  facet normal 0 0 -1
    outer loop
      vertex 210.581 -8.24232 3
      vertex 210.958 -2.24896 3
      vertex 210.958 -8.14551 3
    endloop
  endfacet
  facet normal 0 0 -1
    outer loop
      vertex 210.581 -8.24232 3
      vertex 210.581 -2.15214 3
      vertex 210.958 -2.24896 3
    endloop
  endfacet
  facet normal 0 0 -1
    outer loop
      vertex 210.195 -8.29112 3
      vertex 210.581 -2.15214 3
      vertex 210.581 -8.24232 3
    endloop
  endfacet
  facet normal 0 0 -1
    outer loop
      vertex 210.195 -8.29112 3
      vertex 210.195 -2.10335 3
      vertex 210.581 -2.15214 3
    endloop
  endfacet
  facet normal 0 0 -1
    outer loop
      vertex 209.805 -8.29112 3
      vertex 210.195 -2.10335 3
      vertex 210.195 -8.29112 3
    endloop
  endfacet
  facet normal 0 0 -1
    outer loop
      vertex 209.805 -8.29112 3
      vertex 209.805 -2.10335 3
      vertex 210.195 -2.10335 3
    endloop
  endfacet
  facet normal 0 0 -1
    outer loop
      vertex 209.419 -8.24232 3
      vertex 209.805 -2.10335 3
      vertex 209.805 -8.29112 3
    endloop
  endfacet
  facet normal 0 0 -1
    outer loop
      vertex 209.419 -8.24232 3
      vertex 209.419 -2.15214 3
      vertex 209.805 -2.10335 3
    endloop
  endfacet
  facet normal 0 0 -1
    outer loop
      vertex 209.042 -8.14551 3
      vertex 209.419 -2.15214 3
      vertex 209.419 -8.24232 3
    endloop
  endfacet
  facet normal 0 0 -1
    outer loop
      vertex 209.042 -8.14551 3
      vertex 209.042 -2.24896 3
      vertex 209.419 -2.15214 3
    endloop
  endfacet
  facet normal 0 0 -1
    outer loop
      vertex 208.68 -8.0022 3
      vertex 209.042 -2.24896 3
      vertex 209.042 -8.14551 3
    endloop
  endfacet
  facet normal 0 0 -1
    outer loop
      vertex 208.68 -8.0022 3
      vertex 208.68 -2.39227 3
      vertex 209.042 -2.24896 3
    endloop
  endfacet
  facet normal 0 0 -1
    outer loop
      vertex 208.339 -7.81465 3
      vertex 208.68 -2.39227 3
      vertex 208.68 -8.0022 3
    endloop
  endfacet
  facet normal 0 0 -1
    outer loop
      vertex 208.339 -7.81465 3
      vertex 208.339 -2.57982 3
      vertex 208.68 -2.39227 3
    endloop
  endfacet
  facet normal 0 0 -1
    outer loop
      vertex 208.024 -7.58582 3
      vertex 208.339 -2.57982 3
      vertex 208.339 -7.81465 3
    endloop
  endfacet
  facet normal 0 0 -1
    outer loop
      vertex 208.024 -7.58582 3
      vertex 208.024 -2.80864 3
      vertex 208.339 -2.57982 3
    endloop
  endfacet
  facet normal 0 0 -1
    outer loop
      vertex 207.74 -7.31933 3
      vertex 208.024 -2.80864 3
      vertex 208.024 -7.58582 3
    endloop
  endfacet
  facet normal 0 0 -1
    outer loop
      vertex 207.74 -7.31933 3
      vertex 207.74 -3.07514 3
      vertex 208.024 -2.80864 3
    endloop
  endfacet
  facet normal 0 0 -1
    outer loop
      vertex 207.492 -7.01937 3
      vertex 207.74 -3.07514 3
      vertex 207.74 -7.31933 3
    endloop
  endfacet
  facet normal 0 0 -1
    outer loop
      vertex 207.492 -7.01937 3
      vertex 207.492 -3.3751 3
      vertex 207.74 -3.07514 3
    endloop
  endfacet
  facet normal 0 0 -1
    outer loop
      vertex 207.283 -6.69067 3
      vertex 207.492 -3.3751 3
      vertex 207.492 -7.01937 3
    endloop
  endfacet
  facet normal 0 0 -1
    outer loop
      vertex 207.283 -6.69067 3
      vertex 207.283 -3.7038 3
      vertex 207.492 -3.3751 3
    endloop
  endfacet
  facet normal 0 0 -1
    outer loop
      vertex 207.118 -6.33842 3
      vertex 207.283 -3.7038 3
      vertex 207.283 -6.69067 3
    endloop
  endfacet
  facet normal 0 0 -1
    outer loop
      vertex 207.118 -6.33842 3
      vertex 207.118 -4.05605 3
      vertex 207.283 -3.7038 3
    endloop
  endfacet
  facet normal 0 0 -1
    outer loop
      vertex 206.997 -5.96817 3
      vertex 207.118 -4.05605 3
      vertex 207.118 -6.33842 3
    endloop
  endfacet
  facet normal 0 0 -1
    outer loop
      vertex 206.997 -5.96817 3
      vertex 206.997 -4.4263 3
      vertex 207.118 -4.05605 3
    endloop
  endfacet
  facet normal 0 0 -1
    outer loop
      vertex 206.924 -5.58577 3
      vertex 206.997 -4.4263 3
      vertex 206.997 -5.96817 3
    endloop
  endfacet
  facet normal 0 0 -1
    outer loop
      vertex 206.924 -5.58577 3
      vertex 206.924 -4.8087 3
      vertex 206.997 -4.4263 3
    endloop
  endfacet
  facet normal 0 -0 -1
    outer loop
      vertex 206.924 -4.8087 3
      vertex 206.924 -5.58577 3
      vertex 206.9 -5.19723 3
    endloop
  endfacet
  facet normal 0.982262 -0.187513 0
    outer loop
      vertex 206.924 -4.8087 3
      vertex 206.997 -4.4263 0.799999
      vertex 206.997 -4.4263 3
    endloop
  endfacet
  facet normal 0.982262 -0.187513 0
    outer loop
      vertex 206.997 -4.4263 0.799999
      vertex 206.924 -4.8087 3
      vertex 206.924 -4.8087 0.799999
    endloop
  endfacet
  facet normal 0.684283 -0.729217 0
    outer loop
      vertex 207.74 -3.07514 0.799999
      vertex 208.024 -2.80864 3
      vertex 207.74 -3.07514 3
    endloop
  endfacet
  facet normal 0.684283 -0.729217 0
    outer loop
      vertex 208.024 -2.80864 3
      vertex 207.74 -3.07514 0.799999
      vertex 208.024 -2.80864 0.799999
    endloop
  endfacet
  facet normal -0.982262 0.187513 0
    outer loop
      vertex 213.003 -5.96817 0.799999
      vertex 213.076 -5.58577 3
      vertex 213.076 -5.58577 0.799999
    endloop
  endfacet
  facet normal -0.982262 0.187513 0
    outer loop
      vertex 213.076 -5.58577 3
      vertex 213.003 -5.96817 0.799999
      vertex 213.003 -5.96817 3
    endloop
  endfacet
  facet normal -0.998098 0.0616522 0
    outer loop
      vertex 213.076 -5.58577 0.799999
      vertex 213.1 -5.19723 3
      vertex 213.1 -5.19723 0.799999
    endloop
  endfacet
  facet normal -0.998098 0.0616522 0
    outer loop
      vertex 213.1 -5.19723 3
      vertex 213.076 -5.58577 0.799999
      vertex 213.076 -5.58577 3
    endloop
  endfacet
  facet normal 0.125426 0.992103 -0
    outer loop
      vertex 209.805 -8.29112 0.799999
      vertex 209.419 -8.24232 3
      vertex 209.805 -8.29112 3
    endloop
  endfacet
  facet normal 0.125426 0.992103 0
    outer loop
      vertex 209.419 -8.24232 3
      vertex 209.805 -8.29112 0.799999
      vertex 209.419 -8.24232 0.799999
    endloop
  endfacet
  facet normal 0.770701 0.637197 0
    outer loop
      vertex 207.74 -7.31933 3
      vertex 207.492 -7.01937 0.799999
      vertex 207.492 -7.01937 3
    endloop
  endfacet
  facet normal 0.770701 0.637197 0
    outer loop
      vertex 207.492 -7.01937 0.799999
      vertex 207.74 -7.31933 3
      vertex 207.74 -7.31933 0.799999
    endloop
  endfacet
  facet normal 0.950528 0.310638 0
    outer loop
      vertex 207.118 -6.33842 3
      vertex 206.997 -5.96817 0.799999
      vertex 206.997 -5.96817 3
    endloop
  endfacet
  facet normal 0.950528 0.310638 0
    outer loop
      vertex 206.997 -5.96817 0.799999
      vertex 207.118 -6.33842 3
      vertex 207.118 -6.33842 0.799999
    endloop
  endfacet
  facet normal 0 0.929692 0.368338
    outer loop
      vertex 215.855 14.1354 5.04
      vertex 205.944 9.79312 16
      vertex 214.056 9.79312 16
    endloop
  endfacet
  facet normal 0 0.929692 0.368338
    outer loop
      vertex 205.944 9.79312 16
      vertex 215.855 14.1354 5.04
      vertex 204.145 14.1354 5.04
    endloop
  endfacet
  facet normal 0 1 -0
    outer loop
      vertex 215.855 14.1354 5
      vertex 204.145 14.1354 5.04
      vertex 215.855 14.1354 5.04
    endloop
  endfacet
  facet normal 0 1 0
    outer loop
      vertex 204.145 14.1354 5.04
      vertex 215.855 14.1354 5
      vertex 204.145 14.1354 5
    endloop
  endfacet
  facet normal 1 -0 0
    outer loop
      vertex 224.135 -5.85506 5.04
      vertex 224.135 5.85506 5
      vertex 224.135 5.85506 5.04
    endloop
  endfacet
  facet normal 1 0 0
    outer loop
      vertex 224.135 5.85506 5
      vertex 224.135 -5.85506 5.04
      vertex 224.135 -5.85506 5
    endloop
  endfacet
  facet normal 0.657408 0.657381 0.368325
    outer loop
      vertex 215.855 14.1354 5.04
      vertex 219.793 4.05644 16
      vertex 224.135 5.85506 5.04
    endloop
  endfacet
  facet normal 0.657367 0.657403 0.368361
    outer loop
      vertex 219.793 4.05644 16
      vertex 215.855 14.1354 5.04
      vertex 214.056 9.79312 16
    endloop
  endfacet
  facet normal 0.707121 0.707092 -0
    outer loop
      vertex 224.135 5.85506 5
      vertex 215.855 14.1354 5.04
      vertex 224.135 5.85506 5.04
    endloop
  endfacet
  facet normal 0.707121 0.707092 0
    outer loop
      vertex 215.855 14.1354 5.04
      vertex 224.135 5.85506 5
      vertex 215.855 14.1354 5
    endloop
  endfacet
  facet normal 0.9297 -0 0.368317
    outer loop
      vertex 219.793 -4.05644 16
      vertex 224.135 5.85506 5.04
      vertex 219.793 4.05644 16
    endloop
  endfacet
  facet normal 0.9297 0 0.368317
    outer loop
      vertex 224.135 5.85506 5.04
      vertex 219.793 -4.05644 16
      vertex 224.135 -5.85506 5.04
    endloop
  endfacet
  facet normal -0.707121 -0.707092 0
    outer loop
      vertex 195.865 -5.85506 5
      vertex 204.145 -14.1354 5.04
      vertex 195.865 -5.85506 5.04
    endloop
  endfacet
  facet normal -0.707121 -0.707092 -0
    outer loop
      vertex 204.145 -14.1354 5.04
      vertex 195.865 -5.85506 5
      vertex 204.145 -14.1354 5
    endloop
  endfacet
  facet normal -0.657367 0.657403 0.368361
    outer loop
      vertex 204.145 14.1354 5.04
      vertex 200.207 4.05644 16
      vertex 205.944 9.79312 16
    endloop
  endfacet
  facet normal -0.657408 0.657381 0.368325
    outer loop
      vertex 200.207 4.05644 16
      vertex 204.145 14.1354 5.04
      vertex 195.865 5.85506 5.04
    endloop
  endfacet
  facet normal -0.9297 0 0.368317
    outer loop
      vertex 195.865 5.85506 5.04
      vertex 200.207 -4.05644 16
      vertex 200.207 4.05644 16
    endloop
  endfacet
  facet normal -0.9297 0 0.368317
    outer loop
      vertex 200.207 -4.05644 16
      vertex 195.865 5.85506 5.04
      vertex 195.865 -5.85506 5.04
    endloop
  endfacet
  facet normal 0 -0.929692 0.368338
    outer loop
      vertex 204.145 -14.1354 5.04
      vertex 214.056 -9.79312 16
      vertex 205.944 -9.79312 16
    endloop
  endfacet
  facet normal 0 -0.929692 0.368338
    outer loop
      vertex 214.056 -9.79312 16
      vertex 204.145 -14.1354 5.04
      vertex 215.855 -14.1354 5.04
    endloop
  endfacet
  facet normal -1 0 0
    outer loop
      vertex 195.865 -5.85506 5
      vertex 195.865 5.85506 5.04
      vertex 195.865 5.85506 5
    endloop
  endfacet
  facet normal -1 -0 0
    outer loop
      vertex 195.865 5.85506 5.04
      vertex 195.865 -5.85506 5
      vertex 195.865 -5.85506 5.04
    endloop
  endfacet
  facet normal -0.707121 0.707092 0
    outer loop
      vertex 204.145 14.1354 5
      vertex 195.865 5.85506 5.04
      vertex 204.145 14.1354 5.04
    endloop
  endfacet
  facet normal -0.707121 0.707092 0
    outer loop
      vertex 195.865 5.85506 5.04
      vertex 204.145 14.1354 5
      vertex 195.865 5.85506 5
    endloop
  endfacet
  facet normal 0.657367 -0.657403 0.368361
    outer loop
      vertex 215.855 -14.1354 5.04
      vertex 219.793 -4.05644 16
      vertex 214.056 -9.79312 16
    endloop
  endfacet
  facet normal 0.657408 -0.657381 0.368325
    outer loop
      vertex 219.793 -4.05644 16
      vertex 215.855 -14.1354 5.04
      vertex 224.135 -5.85506 5.04
    endloop
  endfacet
  facet normal -0.657408 -0.657381 0.368325
    outer loop
      vertex 204.145 -14.1354 5.04
      vertex 200.207 -4.05644 16
      vertex 195.865 -5.85506 5.04
    endloop
  endfacet
  facet normal -0.657367 -0.657403 0.368361
    outer loop
      vertex 200.207 -4.05644 16
      vertex 204.145 -14.1354 5.04
      vertex 205.944 -9.79312 16
    endloop
  endfacet
  facet normal 0.707121 -0.707092 0
    outer loop
      vertex 215.855 -14.1354 5
      vertex 224.135 -5.85506 5.04
      vertex 215.855 -14.1354 5.04
    endloop
  endfacet
  facet normal 0.707121 -0.707092 0
    outer loop
      vertex 224.135 -5.85506 5.04
      vertex 215.855 -14.1354 5
      vertex 224.135 -5.85506 5
    endloop
  endfacet
  facet normal 0 -1 0
    outer loop
      vertex 204.145 -14.1354 5
      vertex 215.855 -14.1354 5.04
      vertex 204.145 -14.1354 5.04
    endloop
  endfacet
  facet normal 0 -1 -0
    outer loop
      vertex 215.855 -14.1354 5.04
      vertex 204.145 -14.1354 5
      vertex 215.855 -14.1354 5
    endloop
  endfacet
  facet normal 0.379128 -0.915853 0.132196
    outer loop
      vertex 215.215 0.915367 53.2439
      vertex 215.162 0.598406 51.2
      vertex 216.329 1.0815 51.2
    endloop
  endfacet
  facet normal -0.920576 -0.381623 0.0830854
    outer loop
      vertex 214.383 3.00622 53.62
      vertex 214.073 3.22715 51.2
      vertex 214.66 1.81115 51.2
    endloop
  endfacet
  facet normal 0 0 1
    outer loop
      vertex 216.416 3.84812 53.62
      vertex 215.411 2.45125 53.62
      vertex 217.073 2.26043 53.62
    endloop
  endfacet
  facet normal -0 0 1
    outer loop
      vertex 214.383 3.00622 53.62
      vertex 215.411 2.45125 53.62
      vertex 216.416 3.84812 53.62
    endloop
  endfacet
  facet normal 0 0 1
    outer loop
      vertex 215.011 2.45125 53.62
      vertex 214.383 3.00622 53.62
      vertex 215.011 1.49175 53.62
    endloop
  endfacet
  facet normal 0 0 1
    outer loop
      vertex 215.411 2.45125 53.62
      vertex 214.383 3.00622 53.62
      vertex 215.011 2.45125 53.62
    endloop
  endfacet
  facet normal -0.37925 0.915803 0.132194
    outer loop
      vertex 215.286 3.72949 51.2
      vertex 214.383 3.00622 53.62
      vertex 216.416 3.84812 53.62
    endloop
  endfacet
  facet normal -0.37926 0.915799 0.132189
    outer loop
      vertex 214.383 3.00622 53.62
      vertex 215.286 3.72949 51.2
      vertex 214.073 3.22715 51.2
    endloop
  endfacet
  facet normal -0.37932 0.915769 0.132229
    outer loop
      vertex 216.702 4.31601 51.2
      vertex 215.286 3.72949 51.2
      vertex 216.416 3.84812 53.62
    endloop
  endfacet
  facet normal -0.920534 -0.381715 0.0831354
    outer loop
      vertex 214.66 1.81115 51.2
      vertex 215.011 1.49175 53.62
      vertex 214.383 3.00622 53.62
    endloop
  endfacet
  facet normal -0.921055 -0.3804 0.0833845
    outer loop
      vertex 214.66 1.81115 51.2
      vertex 215.215 0.915367 53.2439
      vertex 215.011 1.49175 53.62
    endloop
  endfacet
  facet normal -0.920783 -0.381146 0.0829835
    outer loop
      vertex 215.215 0.915367 53.2439
      vertex 214.66 1.81115 51.2
      vertex 215.162 0.598406 51.2
    endloop
  endfacet
  facet normal 0.379389 -0.915751 0.132154
    outer loop
      vertex 217.6 1.73323 52.0668
      vertex 217.6 1.60814 51.2
      vertex 217.791 1.68727 51.2
    endloop
  endfacet
  facet normal 0.908573 0.376843 0.180237
    outer loop
      vertex 216.416 3.84812 53.62
      vertex 217.205 3.10327 51.2
      vertex 216.702 4.31601 51.2
    endloop
  endfacet
  facet normal 0.908801 0.37607 0.180697
    outer loop
      vertex 217.24 2.2413 52.8199
      vertex 216.416 3.84812 53.62
      vertex 217.073 2.26043 53.62
    endloop
  endfacet
  facet normal 0.9088 0.376157 0.180522
    outer loop
      vertex 216.416 3.84812 53.62
      vertex 217.24 2.2413 52.8199
      vertex 217.205 3.10327 51.2
    endloop
  endfacet
  facet normal 0.908715 0.376319 0.18061
    outer loop
      vertex 217.578 2.20257 51.2
      vertex 217.205 3.10327 51.2
      vertex 217.24 2.2413 52.8199
    endloop
  endfacet
  facet normal 0.908765 0.376353 0.180292
    outer loop
      vertex 217.6 2.14847 51.2
      vertex 217.6 1.73323 52.0668
      vertex 217.791 1.68727 51.2
    endloop
  endfacet
  facet normal -0.381293 -0.920707 0.0831501
    outer loop
      vertex 211.811 4.65995 51.2
      vertex 210.974 5.22513 53.62
      vertex 210.598 5.16229 51.2
    endloop
  endfacet
  facet normal -0.381449 -0.920649 0.0830826
    outer loop
      vertex 210.974 5.22513 53.62
      vertex 211.811 4.65995 51.2
      vertex 213.006 4.38322 53.62
    endloop
  endfacet
  facet normal 0.915774 -0.379369 0.132047
    outer loop
      vertex 213.006 4.38322 53.62
      vertex 213.729 5.28617 51.2
      vertex 213.848 6.41576 53.62
    endloop
  endfacet
  facet normal 0.915863 -0.379111 0.13217
    outer loop
      vertex 213.729 5.28617 51.2
      vertex 213.006 4.38322 53.62
      vertex 213.227 4.07343 51.2
    endloop
  endfacet
  facet normal 0.915668 -0.379588 0.132155
    outer loop
      vertex 213.848 6.41576 53.62
      vertex 213.729 5.28617 51.2
      vertex 214.316 6.70217 51.2
    endloop
  endfacet
  facet normal 0.376414 0.908753 0.180225
    outer loop
      vertex 213.103 7.20451 51.2
      vertex 211.687 7.79103 51.2
      vertex 211.816 7.25766 53.62
    endloop
  endfacet
  facet normal -0.915838 0.379101 0.132374
    outer loop
      vertex 211.185 6.57829 51.2
      vertex 211.816 7.25766 53.62
      vertex 211.687 7.79103 51.2
    endloop
  endfacet
  facet normal -0.915746 0.379359 0.132277
    outer loop
      vertex 211.816 7.25766 53.62
      vertex 211.185 6.57829 51.2
      vertex 210.974 5.22513 53.62
    endloop
  endfacet
  facet normal -0.915637 0.379575 0.132408
    outer loop
      vertex 211.185 6.57829 51.2
      vertex 210.598 5.16229 51.2
      vertex 210.974 5.22513 53.62
    endloop
  endfacet
  facet normal 0 0 1
    outer loop
      vertex 211.816 7.25766 53.62
      vertex 213.006 4.38322 53.62
      vertex 213.848 6.41576 53.62
    endloop
  endfacet
  facet normal 0 0 1
    outer loop
      vertex 213.006 4.38322 53.62
      vertex 211.816 7.25766 53.62
      vertex 210.974 5.22513 53.62
    endloop
  endfacet
  facet normal 0.376345 0.90876 0.180334
    outer loop
      vertex 213.103 7.20451 51.2
      vertex 213.848 6.41576 53.62
      vertex 214.316 6.70217 51.2
    endloop
  endfacet
  facet normal 0.376497 0.908709 0.18027
    outer loop
      vertex 213.848 6.41576 53.62
      vertex 213.103 7.20451 51.2
      vertex 211.816 7.25766 53.62
    endloop
  endfacet
  facet normal -0.381358 -0.920691 0.0830333
    outer loop
      vertex 213.006 4.38322 53.62
      vertex 211.811 4.65995 51.2
      vertex 213.227 4.07343 51.2
    endloop
  endfacet
  facet normal 0.915637 0.379575 0.132408
    outer loop
      vertex 209.402 5.16229 51.2
      vertex 208.815 6.57829 51.2
      vertex 209.026 5.22513 53.62
    endloop
  endfacet
  facet normal 0.381358 -0.920691 0.0830333
    outer loop
      vertex 206.994 4.38322 53.62
      vertex 206.773 4.07343 51.2
      vertex 208.189 4.65995 51.2
    endloop
  endfacet
  facet normal -0.915774 -0.379369 0.132047
    outer loop
      vertex 206.271 5.28617 51.2
      vertex 206.994 4.38322 53.62
      vertex 206.152 6.41576 53.62
    endloop
  endfacet
  facet normal -0.915863 -0.379111 0.13217
    outer loop
      vertex 206.994 4.38322 53.62
      vertex 206.271 5.28617 51.2
      vertex 206.773 4.07343 51.2
    endloop
  endfacet
  facet normal -0.915668 -0.379588 0.132155
    outer loop
      vertex 206.152 6.41576 53.62
      vertex 205.684 6.70217 51.2
      vertex 206.271 5.28617 51.2
    endloop
  endfacet
  facet normal 0.381449 -0.920649 0.0830826
    outer loop
      vertex 208.189 4.65995 51.2
      vertex 209.026 5.22513 53.62
      vertex 206.994 4.38322 53.62
    endloop
  endfacet
  facet normal 0.381293 -0.920707 0.0831501
    outer loop
      vertex 209.026 5.22513 53.62
      vertex 208.189 4.65995 51.2
      vertex 209.402 5.16229 51.2
    endloop
  endfacet
  facet normal 0 0 1
    outer loop
      vertex 208.184 7.25766 53.62
      vertex 206.994 4.38322 53.62
      vertex 209.026 5.22513 53.62
    endloop
  endfacet
  facet normal 0 -0 1
    outer loop
      vertex 206.994 4.38322 53.62
      vertex 208.184 7.25766 53.62
      vertex 206.152 6.41576 53.62
    endloop
  endfacet
  facet normal 0.915838 0.379101 0.132374
    outer loop
      vertex 208.184 7.25766 53.62
      vertex 208.815 6.57829 51.2
      vertex 208.313 7.79103 51.2
    endloop
  endfacet
  facet normal 0.915746 0.379359 0.132277
    outer loop
      vertex 208.815 6.57829 51.2
      vertex 208.184 7.25766 53.62
      vertex 209.026 5.22513 53.62
    endloop
  endfacet
  facet normal -0.376497 0.908709 0.18027
    outer loop
      vertex 206.897 7.20451 51.2
      vertex 206.152 6.41576 53.62
      vertex 208.184 7.25766 53.62
    endloop
  endfacet
  facet normal -0.376345 0.90876 0.180334
    outer loop
      vertex 206.152 6.41576 53.62
      vertex 206.897 7.20451 51.2
      vertex 205.684 6.70217 51.2
    endloop
  endfacet
  facet normal -0.376414 0.908753 0.180225
    outer loop
      vertex 208.313 7.79103 51.2
      vertex 206.897 7.20451 51.2
      vertex 208.184 7.25766 53.62
    endloop
  endfacet
  facet normal 0.920534 -0.381715 0.0831354
    outer loop
      vertex 204.989 1.49175 53.62
      vertex 205.34 1.81115 51.2
      vertex 205.617 3.00622 53.62
    endloop
  endfacet
  facet normal 0.921055 -0.3804 0.0833845
    outer loop
      vertex 204.785 0.915367 53.2439
      vertex 205.34 1.81115 51.2
      vertex 204.989 1.49175 53.62
    endloop
  endfacet
  facet normal 0.920783 -0.381146 0.0829835
    outer loop
      vertex 205.34 1.81115 51.2
      vertex 204.785 0.915367 53.2439
      vertex 204.838 0.598406 51.2
    endloop
  endfacet
  facet normal 0.37926 0.915799 0.132189
    outer loop
      vertex 204.714 3.72949 51.2
      vertex 205.617 3.00622 53.62
      vertex 205.927 3.22715 51.2
    endloop
  endfacet
  facet normal 0.37925 0.915803 0.132194
    outer loop
      vertex 205.617 3.00622 53.62
      vertex 204.714 3.72949 51.2
      vertex 203.584 3.84812 53.62
    endloop
  endfacet
  facet normal 0.37932 0.915769 0.132229
    outer loop
      vertex 204.714 3.72949 51.2
      vertex 203.298 4.31601 51.2
      vertex 203.584 3.84812 53.62
    endloop
  endfacet
  facet normal -0.908765 0.376353 0.180292
    outer loop
      vertex 202.4 2.14847 51.2
      vertex 202.209 1.68727 51.2
      vertex 202.4 1.73323 52.0668
    endloop
  endfacet
  facet normal -0.908715 0.376319 0.18061
    outer loop
      vertex 202.795 3.10327 51.2
      vertex 202.422 2.20257 51.2
      vertex 202.76 2.2413 52.8199
    endloop
  endfacet
  facet normal -0.379389 -0.915751 0.132154
    outer loop
      vertex 202.4 1.73323 52.0668
      vertex 202.209 1.68727 51.2
      vertex 202.4 1.60814 51.2
    endloop
  endfacet
  facet normal -0.379128 -0.915853 0.132196
    outer loop
      vertex 204.785 0.915367 53.2439
      vertex 203.671 1.0815 51.2
      vertex 204.838 0.598406 51.2
    endloop
  endfacet
  facet normal 0 0 1
    outer loop
      vertex 205.617 3.00622 53.62
      vertex 204.589 2.45125 53.62
      vertex 204.989 2.45125 53.62
    endloop
  endfacet
  facet normal 0 0 1
    outer loop
      vertex 203.584 3.84812 53.62
      vertex 204.589 2.45125 53.62
      vertex 205.617 3.00622 53.62
    endloop
  endfacet
  facet normal 0 0 1
    outer loop
      vertex 204.589 2.45125 53.62
      vertex 203.584 3.84812 53.62
      vertex 202.927 2.26043 53.62
    endloop
  endfacet
  facet normal 0 0 1
    outer loop
      vertex 205.617 3.00622 53.62
      vertex 204.989 2.45125 53.62
      vertex 204.989 1.49175 53.62
    endloop
  endfacet
  facet normal -0.908573 0.376843 0.180237
    outer loop
      vertex 202.795 3.10327 51.2
      vertex 203.584 3.84812 53.62
      vertex 203.298 4.31601 51.2
    endloop
  endfacet
  facet normal -0.9088 0.376157 0.180522
    outer loop
      vertex 202.76 2.2413 52.8199
      vertex 203.584 3.84812 53.62
      vertex 202.795 3.10327 51.2
    endloop
  endfacet
  facet normal -0.908801 0.37607 0.180697
    outer loop
      vertex 203.584 3.84812 53.62
      vertex 202.76 2.2413 52.8199
      vertex 202.927 2.26043 53.62
    endloop
  endfacet
  facet normal 0.920576 -0.381623 0.0830854
    outer loop
      vertex 205.617 3.00622 53.62
      vertex 205.34 1.81115 51.2
      vertex 205.927 3.22715 51.2
    endloop
  endfacet
  facet normal -0.379128 0.915853 0.132196
    outer loop
      vertex 204.838 -0.598406 51.2
      vertex 203.671 -1.0815 51.2
      vertex 204.785 -0.915367 53.2439
    endloop
  endfacet
  facet normal 0.920576 0.381623 0.0830854
    outer loop
      vertex 205.927 -3.22715 51.2
      vertex 205.34 -1.81115 51.2
      vertex 205.617 -3.00622 53.62
    endloop
  endfacet
  facet normal 0.37925 -0.915803 0.132194
    outer loop
      vertex 204.714 -3.72949 51.2
      vertex 205.617 -3.00622 53.62
      vertex 203.584 -3.84812 53.62
    endloop
  endfacet
  facet normal 0.37926 -0.915799 0.132189
    outer loop
      vertex 205.617 -3.00622 53.62
      vertex 204.714 -3.72949 51.2
      vertex 205.927 -3.22715 51.2
    endloop
  endfacet
  facet normal 0.37932 -0.915769 0.132229
    outer loop
      vertex 203.584 -3.84812 53.62
      vertex 203.298 -4.31601 51.2
      vertex 204.714 -3.72949 51.2
    endloop
  endfacet
  facet normal 0.921055 0.3804 0.0833845
    outer loop
      vertex 205.34 -1.81115 51.2
      vertex 204.785 -0.915367 53.2439
      vertex 204.989 -1.49175 53.62
    endloop
  endfacet
  facet normal 0.920783 0.381146 0.0829835
    outer loop
      vertex 204.785 -0.915367 53.2439
      vertex 205.34 -1.81115 51.2
      vertex 204.838 -0.598406 51.2
    endloop
  endfacet
  facet normal 0.920534 0.381715 0.0831354
    outer loop
      vertex 205.34 -1.81115 51.2
      vertex 204.989 -1.49175 53.62
      vertex 205.617 -3.00622 53.62
    endloop
  endfacet
  facet normal -0 0 1
    outer loop
      vertex 204.989 -2.45125 53.62
      vertex 205.617 -3.00622 53.62
      vertex 204.989 -1.49175 53.62
    endloop
  endfacet
  facet normal -0 0 1
    outer loop
      vertex 204.589 -2.45125 53.62
      vertex 205.617 -3.00622 53.62
      vertex 204.989 -2.45125 53.62
    endloop
  endfacet
  facet normal 0 0 1
    outer loop
      vertex 204.589 -2.45125 53.62
      vertex 203.584 -3.84812 53.62
      vertex 205.617 -3.00622 53.62
    endloop
  endfacet
  facet normal 0 -0 1
    outer loop
      vertex 203.584 -3.84812 53.62
      vertex 204.589 -2.45125 53.62
      vertex 202.927 -2.26043 53.62
    endloop
  endfacet
  facet normal -0.379389 0.915751 0.132154
    outer loop
      vertex 202.4 -1.60814 51.2
      vertex 202.209 -1.68727 51.2
      vertex 202.4 -1.73323 52.0668
    endloop
  endfacet
  facet normal -0.9088 -0.376157 0.180522
    outer loop
      vertex 203.584 -3.84812 53.62
      vertex 202.76 -2.2413 52.8199
      vertex 202.795 -3.10327 51.2
    endloop
  endfacet
  facet normal -0.908801 -0.37607 0.180697
    outer loop
      vertex 202.76 -2.2413 52.8199
      vertex 203.584 -3.84812 53.62
      vertex 202.927 -2.26043 53.62
    endloop
  endfacet
  facet normal -0.908573 -0.376843 0.180237
    outer loop
      vertex 203.584 -3.84812 53.62
      vertex 202.795 -3.10327 51.2
      vertex 203.298 -4.31601 51.2
    endloop
  endfacet
  facet normal -0.908765 -0.376353 0.180292
    outer loop
      vertex 202.4 -1.73323 52.0668
      vertex 202.209 -1.68727 51.2
      vertex 202.4 -2.14847 51.2
    endloop
  endfacet
  facet normal -0.908715 -0.376319 0.18061
    outer loop
      vertex 202.76 -2.2413 52.8199
      vertex 202.422 -2.20257 51.2
      vertex 202.795 -3.10327 51.2
    endloop
  endfacet
  facet normal 0 0 1
    outer loop
      vertex 206.994 -4.38322 53.62
      vertex 208.184 -7.25766 53.62
      vertex 209.026 -5.22513 53.62
    endloop
  endfacet
  facet normal 0 0 1
    outer loop
      vertex 208.184 -7.25766 53.62
      vertex 206.994 -4.38322 53.62
      vertex 206.152 -6.41576 53.62
    endloop
  endfacet
  facet normal 0.381293 0.920707 0.0831501
    outer loop
      vertex 208.189 -4.65995 51.2
      vertex 209.026 -5.22513 53.62
      vertex 209.402 -5.16229 51.2
    endloop
  endfacet
  facet normal 0.381449 0.920649 0.0830826
    outer loop
      vertex 209.026 -5.22513 53.62
      vertex 208.189 -4.65995 51.2
      vertex 206.994 -4.38322 53.62
    endloop
  endfacet
  facet normal -0.915863 0.379111 0.13217
    outer loop
      vertex 206.271 -5.28617 51.2
      vertex 206.994 -4.38322 53.62
      vertex 206.773 -4.07343 51.2
    endloop
  endfacet
  facet normal -0.915774 0.379369 0.132047
    outer loop
      vertex 206.994 -4.38322 53.62
      vertex 206.271 -5.28617 51.2
      vertex 206.152 -6.41576 53.62
    endloop
  endfacet
  facet normal -0.915668 0.379588 0.132155
    outer loop
      vertex 206.271 -5.28617 51.2
      vertex 205.684 -6.70217 51.2
      vertex 206.152 -6.41576 53.62
    endloop
  endfacet
  facet normal -0.376414 -0.908753 0.180225
    outer loop
      vertex 208.184 -7.25766 53.62
      vertex 206.897 -7.20451 51.2
      vertex 208.313 -7.79103 51.2
    endloop
  endfacet
  facet normal 0.915746 -0.379359 0.132277
    outer loop
      vertex 208.184 -7.25766 53.62
      vertex 208.815 -6.57829 51.2
      vertex 209.026 -5.22513 53.62
    endloop
  endfacet
  facet normal 0.915838 -0.379101 0.132374
    outer loop
      vertex 208.815 -6.57829 51.2
      vertex 208.184 -7.25766 53.62
      vertex 208.313 -7.79103 51.2
    endloop
  endfacet
  facet normal 0.915637 -0.379575 0.132408
    outer loop
      vertex 209.026 -5.22513 53.62
      vertex 208.815 -6.57829 51.2
      vertex 209.402 -5.16229 51.2
    endloop
  endfacet
  facet normal -0.376345 -0.90876 0.180334
    outer loop
      vertex 206.897 -7.20451 51.2
      vertex 206.152 -6.41576 53.62
      vertex 205.684 -6.70217 51.2
    endloop
  endfacet
  facet normal -0.376497 -0.908709 0.18027
    outer loop
      vertex 206.152 -6.41576 53.62
      vertex 206.897 -7.20451 51.2
      vertex 208.184 -7.25766 53.62
    endloop
  endfacet
  facet normal 0.381358 0.920691 0.0830333
    outer loop
      vertex 208.189 -4.65995 51.2
      vertex 206.773 -4.07343 51.2
      vertex 206.994 -4.38322 53.62
    endloop
  endfacet
  facet normal -0.915637 -0.379575 0.132408
    outer loop
      vertex 210.974 -5.22513 53.62
      vertex 210.598 -5.16229 51.2
      vertex 211.185 -6.57829 51.2
    endloop
  endfacet
  facet normal -0.381358 0.920691 0.0830333
    outer loop
      vertex 213.227 -4.07343 51.2
      vertex 211.811 -4.65995 51.2
      vertex 213.006 -4.38322 53.62
    endloop
  endfacet
  facet normal 0 0 1
    outer loop
      vertex 213.006 -4.38322 53.62
      vertex 211.816 -7.25766 53.62
      vertex 213.848 -6.41576 53.62
    endloop
  endfacet
  facet normal 0 -0 1
    outer loop
      vertex 211.816 -7.25766 53.62
      vertex 213.006 -4.38322 53.62
      vertex 210.974 -5.22513 53.62
    endloop
  endfacet
  facet normal 0.915863 0.379111 0.13217
    outer loop
      vertex 213.006 -4.38322 53.62
      vertex 213.729 -5.28617 51.2
      vertex 213.227 -4.07343 51.2
    endloop
  endfacet
  facet normal 0.915774 0.379369 0.132047
    outer loop
      vertex 213.729 -5.28617 51.2
      vertex 213.006 -4.38322 53.62
      vertex 213.848 -6.41576 53.62
    endloop
  endfacet
  facet normal 0.915668 0.379588 0.132155
    outer loop
      vertex 214.316 -6.70217 51.2
      vertex 213.729 -5.28617 51.2
      vertex 213.848 -6.41576 53.62
    endloop
  endfacet
  facet normal -0.381449 0.920649 0.0830826
    outer loop
      vertex 211.811 -4.65995 51.2
      vertex 210.974 -5.22513 53.62
      vertex 213.006 -4.38322 53.62
    endloop
  endfacet
  facet normal -0.381293 0.920707 0.0831501
    outer loop
      vertex 210.974 -5.22513 53.62
      vertex 211.811 -4.65995 51.2
      vertex 210.598 -5.16229 51.2
    endloop
  endfacet
  facet normal -0.915746 -0.379359 0.132277
    outer loop
      vertex 211.185 -6.57829 51.2
      vertex 211.816 -7.25766 53.62
      vertex 210.974 -5.22513 53.62
    endloop
  endfacet
  facet normal -0.915838 -0.379101 0.132374
    outer loop
      vertex 211.816 -7.25766 53.62
      vertex 211.185 -6.57829 51.2
      vertex 211.687 -7.79103 51.2
    endloop
  endfacet
  facet normal 0.376497 -0.908709 0.18027
    outer loop
      vertex 213.103 -7.20451 51.2
      vertex 213.848 -6.41576 53.62
      vertex 211.816 -7.25766 53.62
    endloop
  endfacet
  facet normal 0.376345 -0.90876 0.180334
    outer loop
      vertex 213.848 -6.41576 53.62
      vertex 213.103 -7.20451 51.2
      vertex 214.316 -6.70217 51.2
    endloop
  endfacet
  facet normal 0.376414 -0.908753 0.180225
    outer loop
      vertex 211.816 -7.25766 53.62
      vertex 211.687 -7.79103 51.2
      vertex 213.103 -7.20451 51.2
    endloop
  endfacet
  facet normal 0 0 1
    outer loop
      vertex 215.011 -1.49175 53.62
      vertex 214.383 -3.00622 53.62
      vertex 215.011 -2.45125 53.62
    endloop
  endfacet
  facet normal -0 0 1
    outer loop
      vertex 215.411 -2.45125 53.62
      vertex 216.416 -3.84812 53.62
      vertex 217.073 -2.26043 53.62
    endloop
  endfacet
  facet normal 0 0 1
    outer loop
      vertex 214.383 -3.00622 53.62
      vertex 215.411 -2.45125 53.62
      vertex 215.011 -2.45125 53.62
    endloop
  endfacet
  facet normal 0 0 1
    outer loop
      vertex 215.411 -2.45125 53.62
      vertex 214.383 -3.00622 53.62
      vertex 216.416 -3.84812 53.62
    endloop
  endfacet
  facet normal -0.920783 0.381146 0.0829835
    outer loop
      vertex 214.66 -1.81115 51.2
      vertex 215.215 -0.915367 53.2439
      vertex 215.162 -0.598406 51.2
    endloop
  endfacet
  facet normal -0.921055 0.3804 0.0833845
    outer loop
      vertex 215.215 -0.915367 53.2439
      vertex 214.66 -1.81115 51.2
      vertex 215.011 -1.49175 53.62
    endloop
  endfacet
  facet normal -0.920534 0.381715 0.0831354
    outer loop
      vertex 215.011 -1.49175 53.62
      vertex 214.66 -1.81115 51.2
      vertex 214.383 -3.00622 53.62
    endloop
  endfacet
  facet normal -0.37926 -0.915799 0.132189
    outer loop
      vertex 215.286 -3.72949 51.2
      vertex 214.383 -3.00622 53.62
      vertex 214.073 -3.22715 51.2
    endloop
  endfacet
  facet normal -0.37925 -0.915803 0.132194
    outer loop
      vertex 214.383 -3.00622 53.62
      vertex 215.286 -3.72949 51.2
      vertex 216.416 -3.84812 53.62
    endloop
  endfacet
  facet normal -0.37932 -0.915769 0.132229
    outer loop
      vertex 216.416 -3.84812 53.62
      vertex 215.286 -3.72949 51.2
      vertex 216.702 -4.31601 51.2
    endloop
  endfacet
  facet normal 0.908715 -0.376319 0.18061
    outer loop
      vertex 217.24 -2.2413 52.8199
      vertex 217.205 -3.10327 51.2
      vertex 217.578 -2.20257 51.2
    endloop
  endfacet
  facet normal 0.908765 -0.376353 0.180292
    outer loop
      vertex 217.6 -1.73323 52.0668
      vertex 217.6 -2.14847 51.2
      vertex 217.791 -1.68727 51.2
    endloop
  endfacet
  facet normal 0.379389 0.915751 0.132154
    outer loop
      vertex 217.6 -1.60814 51.2
      vertex 217.6 -1.73323 52.0668
      vertex 217.791 -1.68727 51.2
    endloop
  endfacet
  facet normal 0.379128 0.915853 0.132196
    outer loop
      vertex 216.329 -1.0815 51.2
      vertex 215.162 -0.598406 51.2
      vertex 215.215 -0.915367 53.2439
    endloop
  endfacet
  facet normal 0.908801 -0.37607 0.180697
    outer loop
      vertex 216.416 -3.84812 53.62
      vertex 217.24 -2.2413 52.8199
      vertex 217.073 -2.26043 53.62
    endloop
  endfacet
  facet normal 0.9088 -0.376157 0.180522
    outer loop
      vertex 217.24 -2.2413 52.8199
      vertex 216.416 -3.84812 53.62
      vertex 217.205 -3.10327 51.2
    endloop
  endfacet
  facet normal 0.908573 -0.376843 0.180237
    outer loop
      vertex 217.205 -3.10327 51.2
      vertex 216.416 -3.84812 53.62
      vertex 216.702 -4.31601 51.2
    endloop
  endfacet
  facet normal -0.920576 0.381623 0.0830854
    outer loop
      vertex 214.66 -1.81115 51.2
      vertex 214.073 -3.22715 51.2
      vertex 214.383 -3.00622 53.62
    endloop
  endfacet
  facet normal 0.707087 0.707127 -0
    outer loop
      vertex 219.793 4.05644 16
      vertex 214.056 9.79312 16.04
      vertex 219.793 4.05644 16.04
    endloop
  endfacet
  facet normal 0.707087 0.707127 0
    outer loop
      vertex 214.056 9.79312 16.04
      vertex 219.793 4.05644 16
      vertex 214.056 9.79312 16
    endloop
  endfacet
  facet normal 0 1 -0
    outer loop
      vertex 214.056 9.79312 16
      vertex 205.944 9.79312 16.04
      vertex 214.056 9.79312 16.04
    endloop
  endfacet
  facet normal 0 1 0
    outer loop
      vertex 205.944 9.79312 16.04
      vertex 214.056 9.79312 16
      vertex 205.944 9.79312 16
    endloop
  endfacet
  facet normal 0.989785 -0 0.142571
    outer loop
      vertex 217.206 -2.98493 34
      vertex 219.793 4.05644 16.04
      vertex 217.206 2.98493 34
    endloop
  endfacet
  facet normal 0.989785 0 0.142571
    outer loop
      vertex 219.793 4.05644 16.04
      vertex 217.206 -2.98493 34
      vertex 219.793 -4.05644 16.04
    endloop
  endfacet
  facet normal -0.699914 0.699859 0.142541
    outer loop
      vertex 205.944 9.79312 16.04
      vertex 202.794 2.98493 34
      vertex 207.015 7.20626 34
    endloop
  endfacet
  facet normal -0.699864 0.699903 0.142567
    outer loop
      vertex 202.794 2.98493 34
      vertex 205.944 9.79312 16.04
      vertex 200.207 4.05644 16.04
    endloop
  endfacet
  facet normal 0 0.989786 0.142563
    outer loop
      vertex 214.056 9.79312 16.04
      vertex 207.015 7.20626 34
      vertex 212.985 7.20626 34
    endloop
  endfacet
  facet normal 0 0.989786 0.142563
    outer loop
      vertex 207.015 7.20626 34
      vertex 214.056 9.79312 16.04
      vertex 205.944 9.79312 16.04
    endloop
  endfacet
  facet normal -0.707087 -0.707127 0
    outer loop
      vertex 200.207 -4.05644 16
      vertex 205.944 -9.79312 16.04
      vertex 200.207 -4.05644 16.04
    endloop
  endfacet
  facet normal -0.707087 -0.707127 -0
    outer loop
      vertex 205.944 -9.79312 16.04
      vertex 200.207 -4.05644 16
      vertex 205.944 -9.79312 16
    endloop
  endfacet
  facet normal 0.699864 0.699903 0.142567
    outer loop
      vertex 214.056 9.79312 16.04
      vertex 217.206 2.98493 34
      vertex 219.793 4.05644 16.04
    endloop
  endfacet
  facet normal 0.699914 0.699859 0.142541
    outer loop
      vertex 217.206 2.98493 34
      vertex 214.056 9.79312 16.04
      vertex 212.985 7.20626 34
    endloop
  endfacet
  facet normal 0 -0.989786 0.142563
    outer loop
      vertex 205.944 -9.79312 16.04
      vertex 212.985 -7.20626 34
      vertex 207.015 -7.20626 34
    endloop
  endfacet
  facet normal 0 -0.989786 0.142563
    outer loop
      vertex 212.985 -7.20626 34
      vertex 205.944 -9.79312 16.04
      vertex 214.056 -9.79312 16.04
    endloop
  endfacet
  facet normal -1 0 0
    outer loop
      vertex 200.207 -4.05644 16
      vertex 200.207 4.05644 16.04
      vertex 200.207 4.05644 16
    endloop
  endfacet
  facet normal -1 -0 0
    outer loop
      vertex 200.207 4.05644 16.04
      vertex 200.207 -4.05644 16
      vertex 200.207 -4.05644 16.04
    endloop
  endfacet
  facet normal -0.707087 0.707127 0
    outer loop
      vertex 205.944 9.79312 16
      vertex 200.207 4.05644 16.04
      vertex 205.944 9.79312 16.04
    endloop
  endfacet
  facet normal -0.707087 0.707127 0
    outer loop
      vertex 200.207 4.05644 16.04
      vertex 205.944 9.79312 16
      vertex 200.207 4.05644 16
    endloop
  endfacet
  facet normal 1 -0 0
    outer loop
      vertex 219.793 -4.05644 16.04
      vertex 219.793 4.05644 16
      vertex 219.793 4.05644 16.04
    endloop
  endfacet
  facet normal 1 0 0
    outer loop
      vertex 219.793 4.05644 16
      vertex 219.793 -4.05644 16.04
      vertex 219.793 -4.05644 16
    endloop
  endfacet
  facet normal 0.707087 -0.707127 0
    outer loop
      vertex 214.056 -9.79312 16
      vertex 219.793 -4.05644 16.04
      vertex 214.056 -9.79312 16.04
    endloop
  endfacet
  facet normal 0.707087 -0.707127 0
    outer loop
      vertex 219.793 -4.05644 16.04
      vertex 214.056 -9.79312 16
      vertex 219.793 -4.05644 16
    endloop
  endfacet
  facet normal 0 -1 0
    outer loop
      vertex 205.944 -9.79312 16
      vertex 214.056 -9.79312 16.04
      vertex 205.944 -9.79312 16.04
    endloop
  endfacet
  facet normal 0 -1 -0
    outer loop
      vertex 214.056 -9.79312 16.04
      vertex 205.944 -9.79312 16
      vertex 214.056 -9.79312 16
    endloop
  endfacet
  facet normal 0.699914 -0.699859 0.142541
    outer loop
      vertex 214.056 -9.79312 16.04
      vertex 217.206 -2.98493 34
      vertex 212.985 -7.20626 34
    endloop
  endfacet
  facet normal 0.699864 -0.699903 0.142567
    outer loop
      vertex 217.206 -2.98493 34
      vertex 214.056 -9.79312 16.04
      vertex 219.793 -4.05644 16.04
    endloop
  endfacet
  facet normal -0.699864 -0.699903 0.142567
    outer loop
      vertex 205.944 -9.79312 16.04
      vertex 202.794 -2.98493 34
      vertex 200.207 -4.05644 16.04
    endloop
  endfacet
  facet normal -0.699914 -0.699859 0.142541
    outer loop
      vertex 202.794 -2.98493 34
      vertex 205.944 -9.79312 16.04
      vertex 207.015 -7.20626 34
    endloop
  endfacet
  facet normal -0.989785 0 0.142571
    outer loop
      vertex 200.207 4.05644 16.04
      vertex 202.794 -2.98493 34
      vertex 202.794 2.98493 34
    endloop
  endfacet
  facet normal -0.989785 0 0.142571
    outer loop
      vertex 202.794 -2.98493 34
      vertex 200.207 4.05644 16.04
      vertex 200.207 -4.05644 16.04
    endloop
  endfacet
  facet normal 0 0.957359 -0.288902
    outer loop
      vertex 212.985 7.20626 34
      vertex 206.02 9.60835 41.96
      vertex 213.98 9.60835 41.96
    endloop
  endfacet
  facet normal 0 0.957359 -0.288902
    outer loop
      vertex 206.02 9.60835 41.96
      vertex 212.985 7.20626 34
      vertex 207.015 7.20626 34
    endloop
  endfacet
  facet normal 0 1 -0
    outer loop
      vertex 213.98 9.60835 41.96
      vertex 206.02 9.60835 49.44
      vertex 213.98 9.60835 49.44
    endloop
  endfacet
  facet normal 0 1 0
    outer loop
      vertex 206.02 9.60835 49.44
      vertex 213.98 9.60835 41.96
      vertex 206.02 9.60835 41.96
    endloop
  endfacet
  facet normal 0.676982 0.676929 -0.2889
    outer loop
      vertex 217.206 2.98493 34
      vertex 213.98 9.60835 41.96
      vertex 219.608 3.97991 41.96
    endloop
  endfacet
  facet normal 0.676982 0.676929 -0.2889
    outer loop
      vertex 213.98 9.60835 41.96
      vertex 217.206 2.98493 34
      vertex 212.985 7.20626 34
    endloop
  endfacet
  facet normal 0.707134 0.707079 -0
    outer loop
      vertex 219.608 3.97991 41.96
      vertex 213.98 9.60835 49.44
      vertex 219.608 3.97991 49.44
    endloop
  endfacet
  facet normal 0.707134 0.707079 0
    outer loop
      vertex 213.98 9.60835 49.44
      vertex 219.608 3.97991 41.96
      vertex 213.98 9.60835 41.96
    endloop
  endfacet
  facet normal -0.676982 -0.676929 -0.2889
    outer loop
      vertex 202.794 -2.98493 34
      vertex 206.02 -9.60835 41.96
      vertex 200.392 -3.97991 41.96
    endloop
  endfacet
  facet normal -0.676982 -0.676929 -0.2889
    outer loop
      vertex 206.02 -9.60835 41.96
      vertex 202.794 -2.98493 34
      vertex 207.015 -7.20626 34
    endloop
  endfacet
  facet normal -0.707134 -0.707079 0
    outer loop
      vertex 200.392 -3.97991 41.96
      vertex 206.02 -9.60835 49.44
      vertex 200.392 -3.97991 49.44
    endloop
  endfacet
  facet normal -0.707134 -0.707079 -0
    outer loop
      vertex 206.02 -9.60835 49.44
      vertex 200.392 -3.97991 41.96
      vertex 206.02 -9.60835 41.96
    endloop
  endfacet
  facet normal 0.957362 0 -0.288892
    outer loop
      vertex 219.608 3.97991 41.96
      vertex 217.206 -2.98493 34
      vertex 217.206 2.98493 34
    endloop
  endfacet
  facet normal 0.957362 0 -0.288892
    outer loop
      vertex 217.206 -2.98493 34
      vertex 219.608 3.97991 41.96
      vertex 219.608 -3.97991 41.96
    endloop
  endfacet
  facet normal -0.957362 0 -0.288892
    outer loop
      vertex 202.794 -2.98493 34
      vertex 200.392 3.97991 41.96
      vertex 202.794 2.98493 34
    endloop
  endfacet
  facet normal -0.957362 -0 -0.288892
    outer loop
      vertex 200.392 3.97991 41.96
      vertex 202.794 -2.98493 34
      vertex 200.392 -3.97991 41.96
    endloop
  endfacet
  facet normal 1 -0 0
    outer loop
      vertex 219.608 -3.97991 49.44
      vertex 219.608 3.97991 41.96
      vertex 219.608 3.97991 49.44
    endloop
  endfacet
  facet normal 1 0 0
    outer loop
      vertex 219.608 3.97991 41.96
      vertex 219.608 -3.97991 49.44
      vertex 219.608 -3.97991 41.96
    endloop
  endfacet
  facet normal -0.676982 0.676929 -0.2889
    outer loop
      vertex 202.794 2.98493 34
      vertex 206.02 9.60835 41.96
      vertex 207.015 7.20626 34
    endloop
  endfacet
  facet normal -0.676982 0.676929 -0.2889
    outer loop
      vertex 206.02 9.60835 41.96
      vertex 202.794 2.98493 34
      vertex 200.392 3.97991 41.96
    endloop
  endfacet
  facet normal 0 -0.957359 -0.288902
    outer loop
      vertex 207.015 -7.20626 34
      vertex 213.98 -9.60835 41.96
      vertex 206.02 -9.60835 41.96
    endloop
  endfacet
  facet normal 0 -0.957359 -0.288902
    outer loop
      vertex 213.98 -9.60835 41.96
      vertex 207.015 -7.20626 34
      vertex 212.985 -7.20626 34
    endloop
  endfacet
  facet normal 0 -1 0
    outer loop
      vertex 206.02 -9.60835 41.96
      vertex 213.98 -9.60835 49.44
      vertex 206.02 -9.60835 49.44
    endloop
  endfacet
  facet normal 0 -1 -0
    outer loop
      vertex 213.98 -9.60835 49.44
      vertex 206.02 -9.60835 41.96
      vertex 213.98 -9.60835 41.96
    endloop
  endfacet
  facet normal 0.707134 -0.707079 0
    outer loop
      vertex 213.98 -9.60835 41.96
      vertex 219.608 -3.97991 49.44
      vertex 213.98 -9.60835 49.44
    endloop
  endfacet
  facet normal 0.707134 -0.707079 0
    outer loop
      vertex 219.608 -3.97991 49.44
      vertex 213.98 -9.60835 41.96
      vertex 219.608 -3.97991 41.96
    endloop
  endfacet
  facet normal 0.676982 -0.676929 -0.2889
    outer loop
      vertex 217.206 -2.98493 34
      vertex 213.98 -9.60835 41.96
      vertex 212.985 -7.20626 34
    endloop
  endfacet
  facet normal 0.676982 -0.676929 -0.2889
    outer loop
      vertex 213.98 -9.60835 41.96
      vertex 217.206 -2.98493 34
      vertex 219.608 -3.97991 41.96
    endloop
  endfacet
  facet normal -1 0 0
    outer loop
      vertex 200.392 -3.97991 41.96
      vertex 200.392 3.97991 49.44
      vertex 200.392 3.97991 41.96
    endloop
  endfacet
  facet normal -1 -0 0
    outer loop
      vertex 200.392 3.97991 49.44
      vertex 200.392 -3.97991 41.96
      vertex 200.392 -3.97991 49.44
    endloop
  endfacet
  facet normal -0.707134 0.707079 0
    outer loop
      vertex 206.02 9.60835 41.96
      vertex 200.392 3.97991 49.44
      vertex 206.02 9.60835 49.44
    endloop
  endfacet
  facet normal -0.707134 0.707079 0
    outer loop
      vertex 200.392 3.97991 49.44
      vertex 206.02 9.60835 41.96
      vertex 200.392 3.97991 41.96
    endloop
  endfacet
  facet normal 0.765791 -0 0.64309
    outer loop
      vertex 218.13 -3.36761 51.2
      vertex 219.608 3.97991 49.44
      vertex 218.13 3.36761 51.2
    endloop
  endfacet
  facet normal 0.765791 0 0.64309
    outer loop
      vertex 219.608 3.97991 49.44
      vertex 218.13 -3.36761 51.2
      vertex 219.608 -3.97991 49.44
    endloop
  endfacet
  facet normal -0.541531 0.54147 0.643082
    outer loop
      vertex 206.02 9.60835 49.44
      vertex 201.87 3.36761 51.2
      vertex 206.632 8.13014 51.2
    endloop
  endfacet
  facet normal -0.541503 0.541461 0.643113
    outer loop
      vertex 201.87 3.36761 51.2
      vertex 206.02 9.60835 49.44
      vertex 200.392 3.97991 49.44
    endloop
  endfacet
  facet normal 0 0.765746 0.643144
    outer loop
      vertex 213.98 9.60835 49.44
      vertex 206.632 8.13014 51.2
      vertex 213.368 8.13014 51.2
    endloop
  endfacet
  facet normal 0 0.765746 0.643144
    outer loop
      vertex 206.632 8.13014 51.2
      vertex 213.98 9.60835 49.44
      vertex 206.02 9.60835 49.44
    endloop
  endfacet
  facet normal 0.541503 0.541461 0.643113
    outer loop
      vertex 213.98 9.60835 49.44
      vertex 218.13 3.36761 51.2
      vertex 219.608 3.97991 49.44
    endloop
  endfacet
  facet normal 0.541531 0.54147 0.643082
    outer loop
      vertex 218.13 3.36761 51.2
      vertex 213.98 9.60835 49.44
      vertex 213.368 8.13014 51.2
    endloop
  endfacet
  facet normal 0 -0.765746 0.643144
    outer loop
      vertex 206.02 -9.60835 49.44
      vertex 213.368 -8.13014 51.2
      vertex 206.632 -8.13014 51.2
    endloop
  endfacet
  facet normal 0 -0.765746 0.643144
    outer loop
      vertex 213.368 -8.13014 51.2
      vertex 206.02 -9.60835 49.44
      vertex 213.98 -9.60835 49.44
    endloop
  endfacet
  facet normal 0 0 1
    outer loop
      vertex 202.209 1.68727 51.2
      vertex 202.4 -1.60814 51.2
      vertex 202.4 1.60814 51.2
    endloop
  endfacet
  facet normal 0 0 1
    outer loop
      vertex 202.4 -1.60814 51.2
      vertex 202.209 1.68727 51.2
      vertex 202.209 -1.68727 51.2
    endloop
  endfacet
  facet normal 0 0 1
    outer loop
      vertex 202.4 -2.14847 51.2
      vertex 202.209 -1.68727 51.2
      vertex 202.4 -2.2 51.2
    endloop
  endfacet
  facet normal -0 0 1
    outer loop
      vertex 205.34 1.81115 51.2
      vertex 205.927 -3.22715 51.2
      vertex 205.927 3.22715 51.2
    endloop
  endfacet
  facet normal 0 0 1
    outer loop
      vertex 205.34 1.81115 51.2
      vertex 205.34 -1.81115 51.2
      vertex 205.927 -3.22715 51.2
    endloop
  endfacet
  facet normal -0 0 1
    outer loop
      vertex 204.838 0.598406 51.2
      vertex 205.34 -1.81115 51.2
      vertex 205.34 1.81115 51.2
    endloop
  endfacet
  facet normal 0 0 1
    outer loop
      vertex 204.838 0.598406 51.2
      vertex 204.838 -0.598406 51.2
      vertex 205.34 -1.81115 51.2
    endloop
  endfacet
  facet normal 0 0 1
    outer loop
      vertex 203.671 1.0815 51.2
      vertex 204.838 -0.598406 51.2
      vertex 204.838 0.598406 51.2
    endloop
  endfacet
  facet normal 0 0 1
    outer loop
      vertex 204.838 -0.598406 51.2
      vertex 203.671 1.0815 51.2
      vertex 203.671 -1.0815 51.2
    endloop
  endfacet
  facet normal 0 0 1
    outer loop
      vertex 213.78 -3.78 51.2
      vertex 215.286 -3.72949 51.2
      vertex 214.073 -3.22715 51.2
    endloop
  endfacet
  facet normal 0 0 1
    outer loop
      vertex 213.78 -3.78 51.2
      vertex 214.073 -3.22715 51.2
      vertex 213.78 3.78 51.2
    endloop
  endfacet
  facet normal 0 0 1
    outer loop
      vertex 215.286 -3.72949 51.2
      vertex 213.78 -3.78 51.2
      vertex 213.729 -5.28617 51.2
    endloop
  endfacet
  facet normal 0 0 1
    outer loop
      vertex 215.286 -3.72949 51.2
      vertex 213.729 -5.28617 51.2
      vertex 214.316 -6.70217 51.2
    endloop
  endfacet
  facet normal 0 0 1
    outer loop
      vertex 213.78 -3.78 51.2
      vertex 213.227 -4.07343 51.2
      vertex 213.729 -5.28617 51.2
    endloop
  endfacet
  facet normal 0 0 1
    outer loop
      vertex 206.773 -4.07343 51.2
      vertex 213.227 -4.07343 51.2
      vertex 213.78 -3.78 51.2
    endloop
  endfacet
  facet normal 0 0 1
    outer loop
      vertex 213.227 -4.07343 51.2
      vertex 206.773 -4.07343 51.2
      vertex 211.811 -4.65995 51.2
    endloop
  endfacet
  facet normal 0 0 1
    outer loop
      vertex 211.811 -4.65995 51.2
      vertex 208.189 -4.65995 51.2
      vertex 210.598 -5.16229 51.2
    endloop
  endfacet
  facet normal 0 0 1
    outer loop
      vertex 210.598 -5.16229 51.2
      vertex 208.189 -4.65995 51.2
      vertex 209.402 -5.16229 51.2
    endloop
  endfacet
  facet normal 0 0 1
    outer loop
      vertex 211.811 -4.65995 51.2
      vertex 206.773 -4.07343 51.2
      vertex 208.189 -4.65995 51.2
    endloop
  endfacet
  facet normal -0 0 1
    outer loop
      vertex 206.22 -3.78 51.2
      vertex 206.773 -4.07343 51.2
      vertex 213.78 -3.78 51.2
    endloop
  endfacet
  facet normal 0 0 1
    outer loop
      vertex 206.22 -3.78 51.2
      vertex 206.271 -5.28617 51.2
      vertex 206.773 -4.07343 51.2
    endloop
  endfacet
  facet normal -0 0 1
    outer loop
      vertex 205.927 -3.22715 51.2
      vertex 206.22 -3.78 51.2
      vertex 205.927 3.22715 51.2
    endloop
  endfacet
  facet normal -0 0 1
    outer loop
      vertex 204.714 -3.72949 51.2
      vertex 206.22 -3.78 51.2
      vertex 205.927 -3.22715 51.2
    endloop
  endfacet
  facet normal 0 0 1
    outer loop
      vertex 206.22 -3.78 51.2
      vertex 204.714 -3.72949 51.2
      vertex 206.271 -5.28617 51.2
    endloop
  endfacet
  facet normal 0 0 1
    outer loop
      vertex 206.271 -5.28617 51.2
      vertex 204.714 -3.72949 51.2
      vertex 205.684 -6.70217 51.2
    endloop
  endfacet
  facet normal -0 0 1
    outer loop
      vertex 217.6 1.60814 51.2
      vertex 217.791 -1.68727 51.2
      vertex 217.791 1.68727 51.2
    endloop
  endfacet
  facet normal 0 0 1
    outer loop
      vertex 217.791 -1.68727 51.2
      vertex 217.6 1.60814 51.2
      vertex 217.6 -1.60814 51.2
    endloop
  endfacet
  facet normal 0 0 1
    outer loop
      vertex 218.13 3.36761 51.2
      vertex 217.791 1.68727 51.2
      vertex 218.13 -3.36761 51.2
    endloop
  endfacet
  facet normal 0 0 1
    outer loop
      vertex 218.13 3.36761 51.2
      vertex 217.6 2.2 51.2
      vertex 217.791 1.68727 51.2
    endloop
  endfacet
  facet normal -0 0 1
    outer loop
      vertex 217.205 3.10327 51.2
      vertex 217.6 2.2 51.2
      vertex 218.13 3.36761 51.2
    endloop
  endfacet
  facet normal 0 0 1
    outer loop
      vertex 217.6 2.2 51.2
      vertex 217.205 3.10327 51.2
      vertex 217.578 2.20257 51.2
    endloop
  endfacet
  facet normal 0 0 1
    outer loop
      vertex 218.13 3.36761 51.2
      vertex 216.702 4.31601 51.2
      vertex 217.205 3.10327 51.2
    endloop
  endfacet
  facet normal 0 0 1
    outer loop
      vertex 216.702 4.31601 51.2
      vertex 214.316 6.70217 51.2
      vertex 215.286 3.72949 51.2
    endloop
  endfacet
  facet normal 0 0 1
    outer loop
      vertex 218.13 3.36761 51.2
      vertex 214.316 6.70217 51.2
      vertex 216.702 4.31601 51.2
    endloop
  endfacet
  facet normal 0 0 1
    outer loop
      vertex 213.368 8.13014 51.2
      vertex 214.316 6.70217 51.2
      vertex 218.13 3.36761 51.2
    endloop
  endfacet
  facet normal 0 0 1
    outer loop
      vertex 213.368 8.13014 51.2
      vertex 213.103 7.20451 51.2
      vertex 214.316 6.70217 51.2
    endloop
  endfacet
  facet normal 0 0 1
    outer loop
      vertex 213.368 8.13014 51.2
      vertex 211.687 7.79103 51.2
      vertex 213.103 7.20451 51.2
    endloop
  endfacet
  facet normal 0 0 1
    outer loop
      vertex 208.815 6.57829 51.2
      vertex 211.185 6.57829 51.2
      vertex 211.687 7.79103 51.2
    endloop
  endfacet
  facet normal 0 0 1
    outer loop
      vertex 211.185 6.57829 51.2
      vertex 208.815 6.57829 51.2
      vertex 210.598 5.16229 51.2
    endloop
  endfacet
  facet normal 0 0 1
    outer loop
      vertex 210.598 5.16229 51.2
      vertex 208.815 6.57829 51.2
      vertex 209.402 5.16229 51.2
    endloop
  endfacet
  facet normal 0 0 1
    outer loop
      vertex 211.687 7.79103 51.2
      vertex 208.313 7.79103 51.2
      vertex 208.815 6.57829 51.2
    endloop
  endfacet
  facet normal 0 0 1
    outer loop
      vertex 213.368 8.13014 51.2
      vertex 208.313 7.79103 51.2
      vertex 211.687 7.79103 51.2
    endloop
  endfacet
  facet normal -0 0 1
    outer loop
      vertex 206.632 8.13014 51.2
      vertex 208.313 7.79103 51.2
      vertex 213.368 8.13014 51.2
    endloop
  endfacet
  facet normal 0 0 1
    outer loop
      vertex 206.632 8.13014 51.2
      vertex 206.897 7.20451 51.2
      vertex 208.313 7.79103 51.2
    endloop
  endfacet
  facet normal 0 0 1
    outer loop
      vertex 206.632 8.13014 51.2
      vertex 205.684 6.70217 51.2
      vertex 206.897 7.20451 51.2
    endloop
  endfacet
  facet normal 0 0 1
    outer loop
      vertex 205.684 6.70217 51.2
      vertex 203.298 4.31601 51.2
      vertex 204.714 3.72949 51.2
    endloop
  endfacet
  facet normal 0 0 1
    outer loop
      vertex 206.632 8.13014 51.2
      vertex 203.298 4.31601 51.2
      vertex 205.684 6.70217 51.2
    endloop
  endfacet
  facet normal 0 0 1
    outer loop
      vertex 202.795 3.10327 51.2
      vertex 202.4 2.2 51.2
      vertex 202.422 2.20257 51.2
    endloop
  endfacet
  facet normal -0 0 1
    outer loop
      vertex 201.87 3.36761 51.2
      vertex 202.795 3.10327 51.2
      vertex 203.298 4.31601 51.2
    endloop
  endfacet
  facet normal 0 0 1
    outer loop
      vertex 202.4 2.2 51.2
      vertex 202.209 1.68727 51.2
      vertex 202.4 2.14847 51.2
    endloop
  endfacet
  facet normal 0 0 1
    outer loop
      vertex 202.209 1.68727 51.2
      vertex 201.87 3.36761 51.2
      vertex 202.209 -1.68727 51.2
    endloop
  endfacet
  facet normal 0 0 1
    outer loop
      vertex 202.4 2.2 51.2
      vertex 201.87 3.36761 51.2
      vertex 202.209 1.68727 51.2
    endloop
  endfacet
  facet normal 0 0 1
    outer loop
      vertex 202.795 3.10327 51.2
      vertex 201.87 3.36761 51.2
      vertex 202.4 2.2 51.2
    endloop
  endfacet
  facet normal 0 0 1
    outer loop
      vertex 201.87 3.36761 51.2
      vertex 203.298 4.31601 51.2
      vertex 206.632 8.13014 51.2
    endloop
  endfacet
  facet normal -0 0 1
    outer loop
      vertex 217.791 -1.68727 51.2
      vertex 218.13 -3.36761 51.2
      vertex 217.791 1.68727 51.2
    endloop
  endfacet
  facet normal 0 0 1
    outer loop
      vertex 217.6 -2.2 51.2
      vertex 217.791 -1.68727 51.2
      vertex 217.6 -2.14847 51.2
    endloop
  endfacet
  facet normal 0 0 1
    outer loop
      vertex 217.791 -1.68727 51.2
      vertex 217.6 -2.2 51.2
      vertex 218.13 -3.36761 51.2
    endloop
  endfacet
  facet normal 0 0 1
    outer loop
      vertex 217.205 -3.10327 51.2
      vertex 217.6 -2.2 51.2
      vertex 217.578 -2.20257 51.2
    endloop
  endfacet
  facet normal 0 0 1
    outer loop
      vertex 217.6 -2.2 51.2
      vertex 217.205 -3.10327 51.2
      vertex 218.13 -3.36761 51.2
    endloop
  endfacet
  facet normal 0 0 1
    outer loop
      vertex 216.702 -4.31601 51.2
      vertex 218.13 -3.36761 51.2
      vertex 217.205 -3.10327 51.2
    endloop
  endfacet
  facet normal 0 0 1
    outer loop
      vertex 214.316 -6.70217 51.2
      vertex 216.702 -4.31601 51.2
      vertex 215.286 -3.72949 51.2
    endloop
  endfacet
  facet normal 0 0 1
    outer loop
      vertex 214.316 -6.70217 51.2
      vertex 218.13 -3.36761 51.2
      vertex 216.702 -4.31601 51.2
    endloop
  endfacet
  facet normal -0 0 1
    outer loop
      vertex 214.316 -6.70217 51.2
      vertex 213.368 -8.13014 51.2
      vertex 218.13 -3.36761 51.2
    endloop
  endfacet
  facet normal -0 0 1
    outer loop
      vertex 213.103 -7.20451 51.2
      vertex 213.368 -8.13014 51.2
      vertex 214.316 -6.70217 51.2
    endloop
  endfacet
  facet normal -0 0 1
    outer loop
      vertex 211.687 -7.79103 51.2
      vertex 213.368 -8.13014 51.2
      vertex 213.103 -7.20451 51.2
    endloop
  endfacet
  facet normal 0 0 1
    outer loop
      vertex 208.815 -6.57829 51.2
      vertex 211.185 -6.57829 51.2
      vertex 210.598 -5.16229 51.2
    endloop
  endfacet
  facet normal 0 0 1
    outer loop
      vertex 208.815 -6.57829 51.2
      vertex 210.598 -5.16229 51.2
      vertex 209.402 -5.16229 51.2
    endloop
  endfacet
  facet normal 0 0 1
    outer loop
      vertex 211.185 -6.57829 51.2
      vertex 208.815 -6.57829 51.2
      vertex 211.687 -7.79103 51.2
    endloop
  endfacet
  facet normal 0 0 1
    outer loop
      vertex 208.313 -7.79103 51.2
      vertex 211.687 -7.79103 51.2
      vertex 208.815 -6.57829 51.2
    endloop
  endfacet
  facet normal -0 0 1
    outer loop
      vertex 208.313 -7.79103 51.2
      vertex 213.368 -8.13014 51.2
      vertex 211.687 -7.79103 51.2
    endloop
  endfacet
  facet normal 0 0 1
    outer loop
      vertex 208.313 -7.79103 51.2
      vertex 206.632 -8.13014 51.2
      vertex 213.368 -8.13014 51.2
    endloop
  endfacet
  facet normal 0 0 1
    outer loop
      vertex 206.897 -7.20451 51.2
      vertex 206.632 -8.13014 51.2
      vertex 208.313 -7.79103 51.2
    endloop
  endfacet
  facet normal 0 0 1
    outer loop
      vertex 205.684 -6.70217 51.2
      vertex 206.632 -8.13014 51.2
      vertex 206.897 -7.20451 51.2
    endloop
  endfacet
  facet normal -0 0 1
    outer loop
      vertex 203.298 -4.31601 51.2
      vertex 205.684 -6.70217 51.2
      vertex 204.714 -3.72949 51.2
    endloop
  endfacet
  facet normal 0 0 1
    outer loop
      vertex 203.298 -4.31601 51.2
      vertex 206.632 -8.13014 51.2
      vertex 205.684 -6.70217 51.2
    endloop
  endfacet
  facet normal 0 0 1
    outer loop
      vertex 202.4 -2.2 51.2
      vertex 202.795 -3.10327 51.2
      vertex 202.422 -2.20257 51.2
    endloop
  endfacet
  facet normal 0 0 1
    outer loop
      vertex 201.87 -3.36761 51.2
      vertex 202.795 -3.10327 51.2
      vertex 202.4 -2.2 51.2
    endloop
  endfacet
  facet normal 0 0 1
    outer loop
      vertex 203.298 -4.31601 51.2
      vertex 201.87 -3.36761 51.2
      vertex 206.632 -8.13014 51.2
    endloop
  endfacet
  facet normal 0 0 1
    outer loop
      vertex 202.795 -3.10327 51.2
      vertex 201.87 -3.36761 51.2
      vertex 203.298 -4.31601 51.2
    endloop
  endfacet
  facet normal 0 0 1
    outer loop
      vertex 202.209 -1.68727 51.2
      vertex 201.87 -3.36761 51.2
      vertex 202.4 -2.2 51.2
    endloop
  endfacet
  facet normal 0 0 1
    outer loop
      vertex 201.87 -3.36761 51.2
      vertex 202.209 -1.68727 51.2
      vertex 201.87 3.36761 51.2
    endloop
  endfacet
  facet normal 0 0 1
    outer loop
      vertex 217.791 1.68727 51.2
      vertex 217.6 2.2 51.2
      vertex 217.6 2.14847 51.2
    endloop
  endfacet
  facet normal -0 0 1
    outer loop
      vertex 213.729 5.28617 51.2
      vertex 215.286 3.72949 51.2
      vertex 214.316 6.70217 51.2
    endloop
  endfacet
  facet normal 0 0 1
    outer loop
      vertex 214.073 3.22715 51.2
      vertex 213.78 3.78 51.2
      vertex 214.073 -3.22715 51.2
    endloop
  endfacet
  facet normal -0 -0 1
    outer loop
      vertex 213.78 3.78 51.2
      vertex 215.286 3.72949 51.2
      vertex 213.729 5.28617 51.2
    endloop
  endfacet
  facet normal 0 0 1
    outer loop
      vertex 215.286 3.72949 51.2
      vertex 213.78 3.78 51.2
      vertex 214.073 3.22715 51.2
    endloop
  endfacet
  facet normal -0 0 1
    outer loop
      vertex 213.227 4.07343 51.2
      vertex 213.78 3.78 51.2
      vertex 213.729 5.28617 51.2
    endloop
  endfacet
  facet normal 0 0 1
    outer loop
      vertex 206.773 4.07343 51.2
      vertex 213.227 4.07343 51.2
      vertex 211.811 4.65995 51.2
    endloop
  endfacet
  facet normal 0 0 1
    outer loop
      vertex 208.189 4.65995 51.2
      vertex 211.811 4.65995 51.2
      vertex 210.598 5.16229 51.2
    endloop
  endfacet
  facet normal 0 0 1
    outer loop
      vertex 208.189 4.65995 51.2
      vertex 210.598 5.16229 51.2
      vertex 209.402 5.16229 51.2
    endloop
  endfacet
  facet normal 0 0 1
    outer loop
      vertex 206.773 4.07343 51.2
      vertex 211.811 4.65995 51.2
      vertex 208.189 4.65995 51.2
    endloop
  endfacet
  facet normal 0 0 1
    outer loop
      vertex 213.227 4.07343 51.2
      vertex 206.773 4.07343 51.2
      vertex 213.78 3.78 51.2
    endloop
  endfacet
  facet normal 0 0 1
    outer loop
      vertex 206.773 4.07343 51.2
      vertex 206.22 3.78 51.2
      vertex 213.78 3.78 51.2
    endloop
  endfacet
  facet normal 0 0 1
    outer loop
      vertex 206.271 5.28617 51.2
      vertex 206.22 3.78 51.2
      vertex 206.773 4.07343 51.2
    endloop
  endfacet
  facet normal 0 0 1
    outer loop
      vertex 206.22 3.78 51.2
      vertex 205.927 3.22715 51.2
      vertex 206.22 -3.78 51.2
    endloop
  endfacet
  facet normal 0 0 1
    outer loop
      vertex 204.714 3.72949 51.2
      vertex 206.22 3.78 51.2
      vertex 206.271 5.28617 51.2
    endloop
  endfacet
  facet normal 0 0 1
    outer loop
      vertex 204.714 3.72949 51.2
      vertex 206.271 5.28617 51.2
      vertex 205.684 6.70217 51.2
    endloop
  endfacet
  facet normal 0 0 1
    outer loop
      vertex 206.22 3.78 51.2
      vertex 204.714 3.72949 51.2
      vertex 205.927 3.22715 51.2
    endloop
  endfacet
  facet normal -0 0 1
    outer loop
      vertex 215.162 0.598406 51.2
      vertex 216.329 -1.0815 51.2
      vertex 216.329 1.0815 51.2
    endloop
  endfacet
  facet normal 0 0 1
    outer loop
      vertex 215.162 0.598406 51.2
      vertex 215.162 -0.598406 51.2
      vertex 216.329 -1.0815 51.2
    endloop
  endfacet
  facet normal 0 0 1
    outer loop
      vertex 214.66 1.81115 51.2
      vertex 215.162 -0.598406 51.2
      vertex 215.162 0.598406 51.2
    endloop
  endfacet
  facet normal 0 0 1
    outer loop
      vertex 214.66 1.81115 51.2
      vertex 214.66 -1.81115 51.2
      vertex 215.162 -0.598406 51.2
    endloop
  endfacet
  facet normal 0 0 1
    outer loop
      vertex 214.073 3.22715 51.2
      vertex 214.66 -1.81115 51.2
      vertex 214.66 1.81115 51.2
    endloop
  endfacet
  facet normal 0 0 1
    outer loop
      vertex 214.66 -1.81115 51.2
      vertex 214.073 3.22715 51.2
      vertex 214.073 -3.22715 51.2
    endloop
  endfacet
  facet normal -0.541531 -0.54147 0.643082
    outer loop
      vertex 201.87 -3.36761 51.2
      vertex 206.02 -9.60835 49.44
      vertex 206.632 -8.13014 51.2
    endloop
  endfacet
  facet normal -0.541503 -0.541461 0.643113
    outer loop
      vertex 206.02 -9.60835 49.44
      vertex 201.87 -3.36761 51.2
      vertex 200.392 -3.97991 49.44
    endloop
  endfacet
  facet normal -0.765791 0 0.64309
    outer loop
      vertex 200.392 3.97991 49.44
      vertex 201.87 -3.36761 51.2
      vertex 201.87 3.36761 51.2
    endloop
  endfacet
  facet normal -0.765791 0 0.64309
    outer loop
      vertex 201.87 -3.36761 51.2
      vertex 200.392 3.97991 49.44
      vertex 200.392 -3.97991 49.44
    endloop
  endfacet
  facet normal 0.541503 -0.541461 0.643113
    outer loop
      vertex 218.13 -3.36761 51.2
      vertex 213.98 -9.60835 49.44
      vertex 219.608 -3.97991 49.44
    endloop
  endfacet
  facet normal 0.541531 -0.54147 0.643082
    outer loop
      vertex 213.98 -9.60835 49.44
      vertex 218.13 -3.36761 51.2
      vertex 213.368 -8.13014 51.2
    endloop
  endfacet
  facet normal 0 -0.928477 0.371391
    outer loop
      vertex 206.22 -3.78 51.2
      vertex 212.7 -2.7 53.9
      vertex 207.3 -2.7 53.9
    endloop
  endfacet
  facet normal 0 -0.928477 0.371391
    outer loop
      vertex 212.7 -2.7 53.9
      vertex 206.22 -3.78 51.2
      vertex 213.78 -3.78 51.2
    endloop
  endfacet
  facet normal -0.928477 0 0.371391
    outer loop
      vertex 206.22 3.78 51.2
      vertex 207.3 -2.7 53.9
      vertex 207.3 2.7 53.9
    endloop
  endfacet
  facet normal -0.928477 0 0.371391
    outer loop
      vertex 207.3 -2.7 53.9
      vertex 206.22 3.78 51.2
      vertex 206.22 -3.78 51.2
    endloop
  endfacet
  facet normal 0.928477 -0 0.371391
    outer loop
      vertex 212.7 -2.7 53.9
      vertex 213.78 3.78 51.2
      vertex 212.7 2.7 53.9
    endloop
  endfacet
  facet normal 0.928477 0 0.371391
    outer loop
      vertex 213.78 3.78 51.2
      vertex 212.7 -2.7 53.9
      vertex 213.78 -3.78 51.2
    endloop
  endfacet
  facet normal 0 0.928477 0.371391
    outer loop
      vertex 213.78 3.78 51.2
      vertex 207.3 2.7 53.9
      vertex 212.7 2.7 53.9
    endloop
  endfacet
  facet normal 0 0.928477 0.371391
    outer loop
      vertex 207.3 2.7 53.9
      vertex 213.78 3.78 51.2
      vertex 206.22 3.78 51.2
    endloop
  endfacet
  facet normal -0 0 1
    outer loop
      vertex 208 2 80
      vertex 212 -2 80
      vertex 212 2 80
    endloop
  endfacet
  facet normal 0 0 1
    outer loop
      vertex 212 -2 80
      vertex 208 2 80
      vertex 208 -2 80
    endloop
  endfacet
  facet normal 0.707107 -0 0.707107
    outer loop
      vertex 212 -2 80
      vertex 212.7 2.7 79.3
      vertex 212 2 80
    endloop
  endfacet
  facet normal 0.707107 0 0.707107
    outer loop
      vertex 212.7 2.7 79.3
      vertex 212 -2 80
      vertex 212.7 -2.7 79.3
    endloop
  endfacet
  facet normal 1 -0 0
    outer loop
      vertex 212.7 -2.7 79.3
      vertex 212.7 2.7 70.6131
      vertex 212.7 2.7 79.3
    endloop
  endfacet
  facet normal 1 0 0
    outer loop
      vertex 212.7 2.7 70.6131
      vertex 212.7 -2.7 79.3
      vertex 212.7 -2.7 70.6131
    endloop
  endfacet
  facet normal 1 -0 0
    outer loop
      vertex 212.7 -2.7 57.8623
      vertex 212.7 2.7 53.9
      vertex 212.7 2.7 57.8623
    endloop
  endfacet
  facet normal 1 0 0
    outer loop
      vertex 212.7 2.7 53.9
      vertex 212.7 -2.7 57.8623
      vertex 212.7 -2.7 53.9
    endloop
  endfacet
  facet normal 0 1 -0
    outer loop
      vertex 211.1 2.7 60.8
      vertex 208.9 2.7 71.4
      vertex 211.1 2.7 71.4
    endloop
  endfacet
  facet normal 0 1 0
    outer loop
      vertex 211.1 2.7 60.8
      vertex 208.9 2.7 60.8
      vertex 208.9 2.7 71.4
    endloop
  endfacet
  facet normal 0 1 0
    outer loop
      vertex 212.7 2.7 57.8623
      vertex 208.9 2.7 60.8
      vertex 211.1 2.7 60.8
    endloop
  endfacet
  facet normal 0 1 0
    outer loop
      vertex 212.7 2.7 57.8623
      vertex 207.3 2.7 57.8623
      vertex 208.9 2.7 60.8
    endloop
  endfacet
  facet normal 0 1 -0
    outer loop
      vertex 212.7 2.7 53.9
      vertex 207.3 2.7 57.8623
      vertex 212.7 2.7 57.8623
    endloop
  endfacet
  facet normal 0 1 0
    outer loop
      vertex 207.3 2.7 57.8623
      vertex 212.7 2.7 53.9
      vertex 207.3 2.7 53.9
    endloop
  endfacet
  facet normal 0 1 0
    outer loop
      vertex 211.1 2.7 71.4
      vertex 212.7 2.7 79.3
      vertex 211.5 2.7 71.4
    endloop
  endfacet
  facet normal -0 1 0
    outer loop
      vertex 211.5 2.7 71.4
      vertex 212.7 2.7 79.3
      vertex 212.7 2.7 70.6131
    endloop
  endfacet
  facet normal 0 1 0
    outer loop
      vertex 212.7 2.7 79.3
      vertex 211.1 2.7 71.4
      vertex 207.3 2.7 79.3
    endloop
  endfacet
  facet normal 0 1 -0
    outer loop
      vertex 208.9 2.7 71.4
      vertex 207.3 2.7 79.3
      vertex 211.1 2.7 71.4
    endloop
  endfacet
  facet normal 0 1 -0
    outer loop
      vertex 208.5 2.7 71.4
      vertex 207.3 2.7 79.3
      vertex 208.9 2.7 71.4
    endloop
  endfacet
  facet normal 0 1 0
    outer loop
      vertex 207.3 2.7 79.3
      vertex 208.5 2.7 71.4
      vertex 207.3 2.7 70.6131
    endloop
  endfacet
  facet normal -0.707107 0 0.707107
    outer loop
      vertex 207.3 2.7 79.3
      vertex 208 -2 80
      vertex 208 2 80
    endloop
  endfacet
  facet normal -0.707107 0 0.707107
    outer loop
      vertex 208 -2 80
      vertex 207.3 2.7 79.3
      vertex 207.3 -2.7 79.3
    endloop
  endfacet
  facet normal -1 0 0
    outer loop
      vertex 207.3 -2.7 70.6131
      vertex 207.3 2.7 79.3
      vertex 207.3 2.7 70.6131
    endloop
  endfacet
  facet normal -1 -0 0
    outer loop
      vertex 207.3 2.7 79.3
      vertex 207.3 -2.7 70.6131
      vertex 207.3 -2.7 79.3
    endloop
  endfacet
  facet normal -1 0 0
    outer loop
      vertex 207.3 -2.7 53.9
      vertex 207.3 2.7 57.8623
      vertex 207.3 2.7 53.9
    endloop
  endfacet
  facet normal -1 -0 0
    outer loop
      vertex 207.3 2.7 57.8623
      vertex 207.3 -2.7 53.9
      vertex 207.3 -2.7 57.8623
    endloop
  endfacet
  facet normal 0 -1 0
    outer loop
      vertex 208.9 -2.7 60.8
      vertex 211.1 -2.7 71.4
      vertex 208.9 -2.7 71.4
    endloop
  endfacet
  facet normal 0 -1 0
    outer loop
      vertex 208.9 -2.7 60.8
      vertex 211.1 -2.7 60.8
      vertex 211.1 -2.7 71.4
    endloop
  endfacet
  facet normal 0 -1 0
    outer loop
      vertex 207.3 -2.7 57.8623
      vertex 211.1 -2.7 60.8
      vertex 208.9 -2.7 60.8
    endloop
  endfacet
  facet normal 0 -1 0
    outer loop
      vertex 207.3 -2.7 57.8623
      vertex 212.7 -2.7 57.8623
      vertex 211.1 -2.7 60.8
    endloop
  endfacet
  facet normal 0 -1 0
    outer loop
      vertex 207.3 -2.7 53.9
      vertex 212.7 -2.7 57.8623
      vertex 207.3 -2.7 57.8623
    endloop
  endfacet
  facet normal 0 -1 -0
    outer loop
      vertex 212.7 -2.7 57.8623
      vertex 207.3 -2.7 53.9
      vertex 212.7 -2.7 53.9
    endloop
  endfacet
  facet normal 0 -1 0
    outer loop
      vertex 208.9 -2.7 71.4
      vertex 207.3 -2.7 79.3
      vertex 208.5 -2.7 71.4
    endloop
  endfacet
  facet normal -0 -1 0
    outer loop
      vertex 208.5 -2.7 71.4
      vertex 207.3 -2.7 79.3
      vertex 207.3 -2.7 70.6131
    endloop
  endfacet
  facet normal 0 -1 0
    outer loop
      vertex 207.3 -2.7 79.3
      vertex 208.9 -2.7 71.4
      vertex 212.7 -2.7 79.3
    endloop
  endfacet
  facet normal 0 -1 0
    outer loop
      vertex 211.1 -2.7 71.4
      vertex 212.7 -2.7 79.3
      vertex 208.9 -2.7 71.4
    endloop
  endfacet
  facet normal 0 -1 0
    outer loop
      vertex 211.5 -2.7 71.4
      vertex 212.7 -2.7 79.3
      vertex 211.1 -2.7 71.4
    endloop
  endfacet
  facet normal 0 -1 -0
    outer loop
      vertex 212.7 -2.7 79.3
      vertex 211.5 -2.7 71.4
      vertex 212.7 -2.7 70.6131
    endloop
  endfacet
  facet normal 0 -0.707107 0.707107
    outer loop
      vertex 208 -2 80
      vertex 212.7 -2.7 79.3
      vertex 212 -2 80
    endloop
  endfacet
  facet normal 0 -0.707107 0.707107
    outer loop
      vertex 212.7 -2.7 79.3
      vertex 208 -2 80
      vertex 207.3 -2.7 79.3
    endloop
  endfacet
  facet normal 0 0.707107 0.707107
    outer loop
      vertex 212.7 2.7 79.3
      vertex 208 2 80
      vertex 212 2 80
    endloop
  endfacet
  facet normal 0 0.707107 0.707107
    outer loop
      vertex 208 2 80
      vertex 212.7 2.7 79.3
      vertex 207.3 2.7 79.3
    endloop
  endfacet
  facet normal -1 0 0
    outer loop
      vertex 211.1 2.7 60.8
      vertex 211.1 2.9 71.4
      vertex 211.1 2.9 60.8
    endloop
  endfacet
  facet normal -1 -0 0
    outer loop
      vertex 211.1 2.9 71.4
      vertex 211.1 2.7 60.8
      vertex 211.1 2.7 71.4
    endloop
  endfacet
  facet normal -1 0 0
    outer loop
      vertex 211.1 -2.9 60.8
      vertex 211.1 -2.7 71.4
      vertex 211.1 -2.7 60.8
    endloop
  endfacet
  facet normal -1 -0 0
    outer loop
      vertex 211.1 -2.7 71.4
      vertex 211.1 -2.9 60.8
      vertex 211.1 -2.9 71.4
    endloop
  endfacet
  facet normal 1 -0 0
    outer loop
      vertex 217.6 1.73323 52.0668
      vertex 217.6 2.2 51.2
      vertex 217.6 2.2 67.4
    endloop
  endfacet
  facet normal 1 0 0
    outer loop
      vertex 217.6 2.2 51.2
      vertex 217.6 1.73323 52.0668
      vertex 217.6 2.14847 51.2
    endloop
  endfacet
  facet normal 1 0 0
    outer loop
      vertex 217.6 -1.73323 52.0668
      vertex 217.6 1.73323 52.0668
      vertex 217.6 2.2 67.4
    endloop
  endfacet
  facet normal 1 0 0
    outer loop
      vertex 217.6 1.73323 52.0668
      vertex 217.6 -1.73323 52.0668
      vertex 217.6 1.60814 51.2
    endloop
  endfacet
  facet normal 1 0 0
    outer loop
      vertex 217.6 1.60814 51.2
      vertex 217.6 -1.73323 52.0668
      vertex 217.6 -1.60814 51.2
    endloop
  endfacet
  facet normal 1 -0 0
    outer loop
      vertex 217.6 -2.2 67.4
      vertex 217.6 -1.73323 52.0668
      vertex 217.6 2.2 67.4
    endloop
  endfacet
  facet normal 1 0 0
    outer loop
      vertex 217.6 -2.2 51.2
      vertex 217.6 -1.73323 52.0668
      vertex 217.6 -2.2 67.4
    endloop
  endfacet
  facet normal 1 0 0
    outer loop
      vertex 217.6 -1.73323 52.0668
      vertex 217.6 -2.2 51.2
      vertex 217.6 -2.14847 51.2
    endloop
  endfacet
  facet normal 0.114006 0.99348 0
    outer loop
      vertex 217.6 2.2 67.4
      vertex 211.5 2.9 60.8
      vertex 211.5 2.9 71.4
    endloop
  endfacet
  facet normal 0.11401 0.99348 -3.41517e-06
    outer loop
      vertex 217.6 2.2 67.4
      vertex 217.073 2.26043 53.62
      vertex 211.5 2.9 60.8
    endloop
  endfacet
  facet normal 0.113824 0.993501 3.75813e-06
    outer loop
      vertex 217.6 2.2 67.4
      vertex 217.24 2.2413 52.8199
      vertex 217.073 2.26043 53.62
    endloop
  endfacet
  facet normal 0.113975 0.993484 -0
    outer loop
      vertex 217.6 2.2 51.2
      vertex 217.24 2.2413 52.8199
      vertex 217.6 2.2 67.4
    endloop
  endfacet
  facet normal 0.116029 0.993246 0.000462651
    outer loop
      vertex 217.24 2.2413 52.8199
      vertex 217.6 2.2 51.2
      vertex 217.578 2.20257 51.2
    endloop
  endfacet
  facet normal 0.114064 0.993473 3.95053e-05
    outer loop
      vertex 211.5 2.9 60.8
      vertex 217.073 2.26043 53.62
      vertex 215.411 2.45125 53.62
    endloop
  endfacet
  facet normal 0 0.998053 -0.0623783
    outer loop
      vertex 215.011 2.45125 53.62
      vertex 211.5 2.9 60.8
      vertex 215.411 2.45125 53.62
    endloop
  endfacet
  facet normal 0 0.998053 -0.0623783
    outer loop
      vertex 211.5 2.9 60.8
      vertex 215.011 2.45125 53.62
      vertex 211.1 2.9 60.8
    endloop
  endfacet
  facet normal 0.114006 -0.99348 0
    outer loop
      vertex 211.5 -2.9 60.8
      vertex 217.6 -2.2 67.4
      vertex 211.5 -2.9 71.4
    endloop
  endfacet
  facet normal 0.114064 -0.993473 3.95053e-05
    outer loop
      vertex 217.073 -2.26043 53.62
      vertex 211.5 -2.9 60.8
      vertex 215.411 -2.45125 53.62
    endloop
  endfacet
  facet normal 0.11401 -0.99348 -3.41517e-06
    outer loop
      vertex 211.5 -2.9 60.8
      vertex 217.073 -2.26043 53.62
      vertex 217.6 -2.2 67.4
    endloop
  endfacet
  facet normal 0.113824 -0.993501 3.75813e-06
    outer loop
      vertex 217.24 -2.2413 52.8199
      vertex 217.6 -2.2 67.4
      vertex 217.073 -2.26043 53.62
    endloop
  endfacet
  facet normal 0.116029 -0.993246 0.000462651
    outer loop
      vertex 217.6 -2.2 51.2
      vertex 217.24 -2.2413 52.8199
      vertex 217.578 -2.20257 51.2
    endloop
  endfacet
  facet normal 0.113975 -0.993484 0
    outer loop
      vertex 217.24 -2.2413 52.8199
      vertex 217.6 -2.2 51.2
      vertex 217.6 -2.2 67.4
    endloop
  endfacet
  facet normal 0.548355 0 0.836246
    outer loop
      vertex 217.6 2.2 67.4
      vertex 212.7 2.7 70.6131
      vertex 217.6 -2.2 67.4
    endloop
  endfacet
  facet normal 0.548341 -0.00019806 0.836255
    outer loop
      vertex 211.5 2.9 71.4
      vertex 212.7 2.7 70.6131
      vertex 217.6 2.2 67.4
    endloop
  endfacet
  facet normal 0.548364 0 0.83624
    outer loop
      vertex 212.7 2.7 70.6131
      vertex 211.5 2.9 71.4
      vertex 211.5 2.7 71.4
    endloop
  endfacet
  facet normal 0.548355 -0 0.836246
    outer loop
      vertex 212.7 -2.7 70.6131
      vertex 217.6 -2.2 67.4
      vertex 212.7 2.7 70.6131
    endloop
  endfacet
  facet normal 0.548341 0.00019806 0.836255
    outer loop
      vertex 212.7 -2.7 70.6131
      vertex 211.5 -2.9 71.4
      vertex 217.6 -2.2 67.4
    endloop
  endfacet
  facet normal 0.548364 -0 0.83624
    outer loop
      vertex 211.5 -2.9 71.4
      vertex 212.7 -2.7 70.6131
      vertex 211.5 -2.7 71.4
    endloop
  endfacet
  facet normal -0.87805 0 -0.478569
    outer loop
      vertex 216.329 1.0815 51.2
      vertex 215.215 -0.915367 53.2439
      vertex 215.215 0.915367 53.2439
    endloop
  endfacet
  facet normal -0.87805 0 -0.478569
    outer loop
      vertex 215.215 -0.915367 53.2439
      vertex 216.329 1.0815 51.2
      vertex 216.329 -1.0815 51.2
    endloop
  endfacet
  facet normal -0.877864 0.0100288 -0.478806
    outer loop
      vertex 215.011 2.45125 53.62
      vertex 212.7 2.7 57.8623
      vertex 211.1 2.9 60.8
    endloop
  endfacet
  facet normal -0.878155 0 -0.478376
    outer loop
      vertex 215.011 1.49175 53.62
      vertex 212.7 2.7 57.8623
      vertex 215.011 2.45125 53.62
    endloop
  endfacet
  facet normal -0.879019 0 -0.476788
    outer loop
      vertex 215.011 -1.49175 53.62
      vertex 215.011 1.49175 53.62
      vertex 215.215 0.915367 53.2439
    endloop
  endfacet
  facet normal -0.879019 0 -0.476788
    outer loop
      vertex 215.011 -1.49175 53.62
      vertex 215.215 0.915367 53.2439
      vertex 215.215 -0.915367 53.2439
    endloop
  endfacet
  facet normal -0.878155 -0 -0.478376
    outer loop
      vertex 215.011 1.49175 53.62
      vertex 215.011 -1.49175 53.62
      vertex 212.7 2.7 57.8623
    endloop
  endfacet
  facet normal -0.878155 0 -0.478376
    outer loop
      vertex 212.7 -2.7 57.8623
      vertex 215.011 -1.49175 53.62
      vertex 215.011 -2.45125 53.62
    endloop
  endfacet
  facet normal -0.878155 0 -0.478376
    outer loop
      vertex 215.011 -1.49175 53.62
      vertex 212.7 -2.7 57.8623
      vertex 212.7 2.7 57.8623
    endloop
  endfacet
  facet normal -0.878195 0 -0.478303
    outer loop
      vertex 212.7 -2.7 57.8623
      vertex 211.1 -2.9 60.8
      vertex 211.1 -2.7 60.8
    endloop
  endfacet
  facet normal -0.877864 -0.0100288 -0.478806
    outer loop
      vertex 211.1 -2.9 60.8
      vertex 212.7 -2.7 57.8623
      vertex 215.011 -2.45125 53.62
    endloop
  endfacet
  facet normal -0.878195 -0 -0.478303
    outer loop
      vertex 211.1 2.9 60.8
      vertex 212.7 2.7 57.8623
      vertex 211.1 2.7 60.8
    endloop
  endfacet
  facet normal 0 -0.998053 -0.0623783
    outer loop
      vertex 215.011 -2.45125 53.62
      vertex 211.5 -2.9 60.8
      vertex 211.1 -2.9 60.8
    endloop
  endfacet
  facet normal 0 -0.998053 -0.0623783
    outer loop
      vertex 211.5 -2.9 60.8
      vertex 215.011 -2.45125 53.62
      vertex 215.411 -2.45125 53.62
    endloop
  endfacet
  facet normal -0 0 1
    outer loop
      vertex 211.1 2.9 71.4
      vertex 211.5 2.7 71.4
      vertex 211.5 2.9 71.4
    endloop
  endfacet
  facet normal 0 0 1
    outer loop
      vertex 211.5 2.7 71.4
      vertex 211.1 2.9 71.4
      vertex 211.1 2.7 71.4
    endloop
  endfacet
  facet normal -0 0 1
    outer loop
      vertex 211.1 -2.7 71.4
      vertex 211.5 -2.9 71.4
      vertex 211.5 -2.7 71.4
    endloop
  endfacet
  facet normal 0 0 1
    outer loop
      vertex 211.5 -2.9 71.4
      vertex 211.1 -2.7 71.4
      vertex 211.1 -2.9 71.4
    endloop
  endfacet
  facet normal 0 1 -0
    outer loop
      vertex 211.5 2.9 60.8
      vertex 211.1 2.9 71.4
      vertex 211.5 2.9 71.4
    endloop
  endfacet
  facet normal 0 1 0
    outer loop
      vertex 211.1 2.9 71.4
      vertex 211.5 2.9 60.8
      vertex 211.1 2.9 60.8
    endloop
  endfacet
  facet normal 0 -1 0
    outer loop
      vertex 211.1 -2.9 60.8
      vertex 211.5 -2.9 71.4
      vertex 211.1 -2.9 71.4
    endloop
  endfacet
  facet normal 0 -1 -0
    outer loop
      vertex 211.5 -2.9 71.4
      vertex 211.1 -2.9 60.8
      vertex 211.5 -2.9 60.8
    endloop
  endfacet
  facet normal -1 0 0
    outer loop
      vertex 202.4 1.73323 52.0668
      vertex 202.4 2.2 51.2
      vertex 202.4 2.14847 51.2
    endloop
  endfacet
  facet normal -1 0 0
    outer loop
      vertex 202.4 2.2 51.2
      vertex 202.4 1.73323 52.0668
      vertex 202.4 2.2 67.4
    endloop
  endfacet
  facet normal -1 0 0
    outer loop
      vertex 202.4 -1.73323 52.0668
      vertex 202.4 1.73323 52.0668
      vertex 202.4 1.60814 51.2
    endloop
  endfacet
  facet normal -1 0 0
    outer loop
      vertex 202.4 -1.73323 52.0668
      vertex 202.4 1.60814 51.2
      vertex 202.4 -1.60814 51.2
    endloop
  endfacet
  facet normal -1 0 0
    outer loop
      vertex 202.4 1.73323 52.0668
      vertex 202.4 -1.73323 52.0668
      vertex 202.4 2.2 67.4
    endloop
  endfacet
  facet normal -1 0 0
    outer loop
      vertex 202.4 -2.2 51.2
      vertex 202.4 -1.73323 52.0668
      vertex 202.4 -2.14847 51.2
    endloop
  endfacet
  facet normal -1 -0 0
    outer loop
      vertex 202.4 -1.73323 52.0668
      vertex 202.4 -2.2 51.2
      vertex 202.4 -2.2 67.4
    endloop
  endfacet
  facet normal -1 0 0
    outer loop
      vertex 202.4 -1.73323 52.0668
      vertex 202.4 -2.2 67.4
      vertex 202.4 2.2 67.4
    endloop
  endfacet
  facet normal 0 0.998053 -0.0623783
    outer loop
      vertex 204.989 2.45125 53.62
      vertex 208.5 2.9 60.8
      vertex 208.9 2.9 60.8
    endloop
  endfacet
  facet normal 0 0.998053 -0.0623783
    outer loop
      vertex 208.5 2.9 60.8
      vertex 204.989 2.45125 53.62
      vertex 204.589 2.45125 53.62
    endloop
  endfacet
  facet normal -0.114006 0.99348 0
    outer loop
      vertex 208.5 2.9 60.8
      vertex 202.4 2.2 67.4
      vertex 208.5 2.9 71.4
    endloop
  endfacet
  facet normal -0.114064 0.993473 3.95053e-05
    outer loop
      vertex 202.927 2.26043 53.62
      vertex 208.5 2.9 60.8
      vertex 204.589 2.45125 53.62
    endloop
  endfacet
  facet normal -0.11401 0.99348 -3.41517e-06
    outer loop
      vertex 208.5 2.9 60.8
      vertex 202.927 2.26043 53.62
      vertex 202.4 2.2 67.4
    endloop
  endfacet
  facet normal -0.113824 0.993501 3.75813e-06
    outer loop
      vertex 202.76 2.2413 52.8199
      vertex 202.4 2.2 67.4
      vertex 202.927 2.26043 53.62
    endloop
  endfacet
  facet normal -0.116029 0.993246 0.000462651
    outer loop
      vertex 202.4 2.2 51.2
      vertex 202.76 2.2413 52.8199
      vertex 202.422 2.20257 51.2
    endloop
  endfacet
  facet normal -0.113975 0.993484 0
    outer loop
      vertex 202.76 2.2413 52.8199
      vertex 202.4 2.2 51.2
      vertex 202.4 2.2 67.4
    endloop
  endfacet
  facet normal -0 -0.998053 -0.0623783
    outer loop
      vertex 204.989 -2.45125 53.62
      vertex 208.5 -2.9 60.8
      vertex 204.589 -2.45125 53.62
    endloop
  endfacet
  facet normal 0 -0.998053 -0.0623783
    outer loop
      vertex 208.5 -2.9 60.8
      vertex 204.989 -2.45125 53.62
      vertex 208.9 -2.9 60.8
    endloop
  endfacet
  facet normal 1 -0 0
    outer loop
      vertex 208.9 2.7 71.4
      vertex 208.9 2.9 60.8
      vertex 208.9 2.9 71.4
    endloop
  endfacet
  facet normal 1 0 0
    outer loop
      vertex 208.9 2.9 60.8
      vertex 208.9 2.7 71.4
      vertex 208.9 2.7 60.8
    endloop
  endfacet
  facet normal 1 -0 0
    outer loop
      vertex 208.9 -2.9 71.4
      vertex 208.9 -2.7 60.8
      vertex 208.9 -2.7 71.4
    endloop
  endfacet
  facet normal 1 0 0
    outer loop
      vertex 208.9 -2.7 60.8
      vertex 208.9 -2.9 71.4
      vertex 208.9 -2.9 60.8
    endloop
  endfacet
  facet normal 0 1 -0
    outer loop
      vertex 208.9 2.9 60.8
      vertex 208.5 2.9 71.4
      vertex 208.9 2.9 71.4
    endloop
  endfacet
  facet normal 0 1 0
    outer loop
      vertex 208.5 2.9 71.4
      vertex 208.9 2.9 60.8
      vertex 208.5 2.9 60.8
    endloop
  endfacet
  facet normal -0.548364 0 0.83624
    outer loop
      vertex 208.5 2.9 71.4
      vertex 207.3 2.7 70.6131
      vertex 208.5 2.7 71.4
    endloop
  endfacet
  facet normal -0.548355 0 0.836246
    outer loop
      vertex 207.3 2.7 70.6131
      vertex 202.4 2.2 67.4
      vertex 207.3 -2.7 70.6131
    endloop
  endfacet
  facet normal -0.548341 -0.00019806 0.836255
    outer loop
      vertex 202.4 2.2 67.4
      vertex 207.3 2.7 70.6131
      vertex 208.5 2.9 71.4
    endloop
  endfacet
  facet normal -0.548364 0 0.83624
    outer loop
      vertex 207.3 -2.7 70.6131
      vertex 208.5 -2.9 71.4
      vertex 208.5 -2.7 71.4
    endloop
  endfacet
  facet normal -0.548341 0.00019806 0.836255
    outer loop
      vertex 207.3 -2.7 70.6131
      vertex 202.4 -2.2 67.4
      vertex 208.5 -2.9 71.4
    endloop
  endfacet
  facet normal -0.548355 0 0.836246
    outer loop
      vertex 202.4 -2.2 67.4
      vertex 207.3 -2.7 70.6131
      vertex 202.4 2.2 67.4
    endloop
  endfacet
  facet normal 0 -1 0
    outer loop
      vertex 208.5 -2.9 60.8
      vertex 208.9 -2.9 71.4
      vertex 208.5 -2.9 71.4
    endloop
  endfacet
  facet normal 0 -1 -0
    outer loop
      vertex 208.9 -2.9 71.4
      vertex 208.5 -2.9 60.8
      vertex 208.9 -2.9 60.8
    endloop
  endfacet
  facet normal -0.114006 -0.99348 0
    outer loop
      vertex 202.4 -2.2 67.4
      vertex 208.5 -2.9 60.8
      vertex 208.5 -2.9 71.4
    endloop
  endfacet
  facet normal -0.11401 -0.99348 -3.41517e-06
    outer loop
      vertex 202.4 -2.2 67.4
      vertex 202.927 -2.26043 53.62
      vertex 208.5 -2.9 60.8
    endloop
  endfacet
  facet normal -0.113824 -0.993501 3.75813e-06
    outer loop
      vertex 202.4 -2.2 67.4
      vertex 202.76 -2.2413 52.8199
      vertex 202.927 -2.26043 53.62
    endloop
  endfacet
  facet normal -0.113975 -0.993484 0
    outer loop
      vertex 202.4 -2.2 51.2
      vertex 202.76 -2.2413 52.8199
      vertex 202.4 -2.2 67.4
    endloop
  endfacet
  facet normal -0.116029 -0.993246 0.000462651
    outer loop
      vertex 202.76 -2.2413 52.8199
      vertex 202.4 -2.2 51.2
      vertex 202.422 -2.20257 51.2
    endloop
  endfacet
  facet normal -0.114064 -0.993473 3.95053e-05
    outer loop
      vertex 208.5 -2.9 60.8
      vertex 202.927 -2.26043 53.62
      vertex 204.589 -2.45125 53.62
    endloop
  endfacet
  facet normal -0 0 1
    outer loop
      vertex 208.5 2.9 71.4
      vertex 208.9 2.7 71.4
      vertex 208.9 2.9 71.4
    endloop
  endfacet
  facet normal 0 0 1
    outer loop
      vertex 208.9 2.7 71.4
      vertex 208.5 2.9 71.4
      vertex 208.5 2.7 71.4
    endloop
  endfacet
  facet normal -0 0 1
    outer loop
      vertex 208.5 -2.7 71.4
      vertex 208.9 -2.9 71.4
      vertex 208.9 -2.7 71.4
    endloop
  endfacet
  facet normal 0 0 1
    outer loop
      vertex 208.9 -2.9 71.4
      vertex 208.5 -2.7 71.4
      vertex 208.5 -2.9 71.4
    endloop
  endfacet
  facet normal 0.878195 0 -0.478303
    outer loop
      vertex 208.9 -2.7 60.8
      vertex 208.9 -2.9 60.8
      vertex 207.3 -2.7 57.8623
    endloop
  endfacet
  facet normal 0.878195 0 -0.478303
    outer loop
      vertex 207.3 2.7 57.8623
      vertex 208.9 2.9 60.8
      vertex 208.9 2.7 60.8
    endloop
  endfacet
  facet normal 0.877864 0.0100288 -0.478806
    outer loop
      vertex 207.3 2.7 57.8623
      vertex 204.989 2.45125 53.62
      vertex 208.9 2.9 60.8
    endloop
  endfacet
  facet normal 0.878155 0 -0.478376
    outer loop
      vertex 207.3 2.7 57.8623
      vertex 204.989 1.49175 53.62
      vertex 204.989 2.45125 53.62
    endloop
  endfacet
  facet normal 0.878155 0 -0.478376
    outer loop
      vertex 204.989 -1.49175 53.62
      vertex 204.989 1.49175 53.62
      vertex 207.3 2.7 57.8623
    endloop
  endfacet
  facet normal 0.879019 0 -0.476788
    outer loop
      vertex 204.989 1.49175 53.62
      vertex 204.989 -1.49175 53.62
      vertex 204.785 0.915367 53.2439
    endloop
  endfacet
  facet normal 0.879019 0 -0.476788
    outer loop
      vertex 204.785 0.915367 53.2439
      vertex 204.989 -1.49175 53.62
      vertex 204.785 -0.915367 53.2439
    endloop
  endfacet
  facet normal 0.878155 0 -0.478376
    outer loop
      vertex 207.3 -2.7 57.8623
      vertex 204.989 -1.49175 53.62
      vertex 207.3 2.7 57.8623
    endloop
  endfacet
  facet normal 0.878155 0 -0.478376
    outer loop
      vertex 204.989 -1.49175 53.62
      vertex 207.3 -2.7 57.8623
      vertex 204.989 -2.45125 53.62
    endloop
  endfacet
  facet normal 0.877864 -0.0100288 -0.478806
    outer loop
      vertex 204.989 -2.45125 53.62
      vertex 207.3 -2.7 57.8623
      vertex 208.9 -2.9 60.8
    endloop
  endfacet
  facet normal 0.87805 0 -0.478569
    outer loop
      vertex 204.785 -0.915367 53.2439
      vertex 203.671 1.0815 51.2
      vertex 204.785 0.915367 53.2439
    endloop
  endfacet
  facet normal 0.87805 0 -0.478569
    outer loop
      vertex 203.671 1.0815 51.2
      vertex 204.785 -0.915367 53.2439
      vertex 203.671 -1.0815 51.2
    endloop
  endfacet
  facet normal -1 0 0
    outer loop
      vertex -26 -28 -0.7
      vertex -26 28 0
      vertex -26 28 -0.7
    endloop
  endfacet
  facet normal -1 -0 0
    outer loop
      vertex -26 28 0
      vertex -26 -28 -0.7
      vertex -26 -28 0
    endloop
  endfacet
  facet normal 1 -0 0
    outer loop
      vertex 236 -28 0
      vertex 236 28 -0.7
      vertex 236 28 0
    endloop
  endfacet
  facet normal 1 0 0
    outer loop
      vertex 236 28 -0.7
      vertex 236 -28 0
      vertex 236 -28 -0.7
    endloop
  endfacet
  facet normal 0 1 -0
    outer loop
      vertex 236 28 -0.7
      vertex -26 28 0
      vertex 236 28 0
    endloop
  endfacet
  facet normal 0 1 0
    outer loop
      vertex -26 28 0
      vertex 236 28 -0.7
      vertex -26 28 -0.7
    endloop
  endfacet
  facet normal 0 0 -1
    outer loop
      vertex -26 -28 -0.7
      vertex 236 28 -0.7
      vertex 236 -28 -0.7
    endloop
  endfacet
  facet normal -0 0 -1
    outer loop
      vertex 236 28 -0.7
      vertex -26 -28 -0.7
      vertex -26 28 -0.7
    endloop
  endfacet
  facet normal 0 -1 0
    outer loop
      vertex -26 -28 -0.7
      vertex 236 -28 0
      vertex -26 -28 0
    endloop
  endfacet
  facet normal 0 -1 -0
    outer loop
      vertex 236 -28 0
      vertex -26 -28 -0.7
      vertex 236 -28 -0.7
    endloop
  endfacet
endsolid OpenSCAD_Model
